experimentId,scenarioSet,scenarioId,manifestSha256,layout,envFactor,metric,interference,relayCap,run,seedBase,ns3Run,targetId,seq,status,routeFingerprint,routeHopCount
LEO_V1_1_REQUALIFICATION_20260920,ofat_comparative,interferenceDb__25p0__lqi,f36d0510e3dbb0d3c9adffa565c74ad2c5026b77fa1cf04b411ba46f49f4c520,triangle,2.5,lqi,1,3,0,42,1,1,0,success,18131346623612353939,2
LEO_V1_1_REQUALIFICATION_20260920,ofat_comparative,interferenceDb__25p0__lqi,f36d0510e3dbb0d3c9adffa565c74ad2c5026b77fa1cf04b411ba46f49f4c520,triangle,2.5,lqi,1,3,0,42,1,1,1,success,18131346623612353939,2
LEO_V1_1_REQUALIFICATION_20260920,ofat_comparative,interferenceDb__25p0__lqi,f36d0510e3dbb0d3c9adffa565c74ad2c5026b77fa1cf04b411ba46f49f4c520,triangle,2.5,lqi,1,3,0,42,1,1,2,success,18131346623612353939,2
LEO_V1_1_REQUALIFICATION_20260920,ofat_comparative,interferenceDb__25p0__lqi,f36d0510e3dbb0d3c9adffa565c74ad2c5026b77fa1cf04b411ba46f49f4c520,triangle,2.5,lqi,1,3,0,42,1,1,3,success,18131346623612353939,2
LEO_V1_1_REQUALIFICATION_20260920,ofat_comparative,interferenceDb__25p0__lqi,f36d0510e3dbb0d3c9adffa565c74ad2c5026b77fa1cf04b411ba46f49f4c520,triangle,2.5,lqi,1,3,0,42,1,1,4,success,18131346623612353939,2
LEO_V1_1_REQUALIFICATION_20260920,ofat_comparative,interferenceDb__25p0__lqi,f36d0510e3dbb0d3c9adffa565c74ad2c5026b77fa1cf04b411ba46f49f4c520,triangle,2.5,lqi,1,3,0,42,1,1,5,success,18131346623612353939,2
LEO_V1_1_REQUALIFICATION_20260920,ofat_comparative,interferenceDb__25p0__lqi,f36d0510e3dbb0d3c9adffa565c74ad2c5026b77fa1cf04b411ba46f49f4c520,triangle,2.5,lqi,1,3,0,42,1,1,6,success,18131346623612353939,2
LEO_V1_1_REQUALIFICATION_20260920,ofat_comparative,interferenceDb__25p0__lqi,f36d0510e3dbb0d3c9adffa565c74ad2c5026b77fa1cf04b411ba46f49f4c520,triangle,2.5,lqi,1,3,0,42,1,1,7,success,18131346623612353939,2
LEO_V1_1_REQUALIFICATION_20260920,ofat_comparative,interferenceDb__25p0__lqi,f36d0510e3dbb0d3c9adffa565c74ad2c5026b77fa1cf04b411ba46f49f4c520,triangle,2.5,lqi,1,3,0,42,1,1,8,success,18131346623612353939,2
LEO_V1_1_REQUALIFICATION_20260920,ofat_comparative,interferenceDb__25p0__lqi,f36d0510e3dbb0d3c9adffa565c74ad2c5026b77fa1cf04b411ba46f49f4c520,triangle,2.5,lqi,1,3,0,42,1,1,9,success,18131346623612353939,2
LEO_V1_1_REQUALIFICATION_20260920,ofat_comparative,interferenceDb__25p0__lqi,f36d0510e3dbb0d3c9adffa565c74ad2c5026b77fa1cf04b411ba46f49f4c520,triangle,2.5,lqi,1,3,0,42,1,2,10,success,12161960014018917983,1
LEO_V1_1_REQUALIFICATION_20260920,ofat_comparative,interferenceDb__25p0__lqi,f36d0510e3dbb0d3c9adffa565c74ad2c5026b77fa1cf04b411ba46f49f4c520,triangle,2.5,lqi,1,3,0,42,1,2,11,success,12161960014018917983,1
LEO_V1_1_REQUALIFICATION_20260920,ofat_comparative,interferenceDb__25p0__lqi,f36d0510e3dbb0d3c9adffa565c74ad2c5026b77fa1cf04b411ba46f49f4c520,triangle,2.5,lqi,1,3,0,42,1,2,12,success,12161960014018917983,1
LEO_V1_1_REQUALIFICATION_20260920,ofat_comparative,interferenceDb__25p0__lqi,f36d0510e3dbb0d3c9adffa565c74ad2c5026b77fa1cf04b411ba46f49f4c520,triangle,2.5,lqi,1,3,0,42,1,2,13,success,12161960014018917983,1
LEO_V1_1_REQUALIFICATION_20260920,ofat_comparative,interferenceDb__25p0__lqi,f36d0510e3dbb0d3c9adffa565c74ad2c5026b77fa1cf04b411ba46f49f4c520,triangle,2.5,lqi,1,3,0,42,1,2,14,success,12161960014018917983,1
LEO_V1_1_REQUALIFICATION_20260920,ofat_comparative,interferenceDb__25p0__lqi,f36d0510e3dbb0d3c9adffa565c74ad2c5026b77fa1cf04b411ba46f49f4c520,triangle,2.5,lqi,1,3,0,42,1,2,15,success,12161960014018917983,1
LEO_V1_1_REQUALIFICATION_20260920,ofat_comparative,interferenceDb__25p0__lqi,f36d0510e3dbb0d3c9adffa565c74ad2c5026b77fa1cf04b411ba46f49f4c520,triangle,2.5,lqi,1,3,0,42,1,2,16,success,12161960014018917983,1
LEO_V1_1_REQUALIFICATION_20260920,ofat_comparative,interferenceDb__25p0__lqi,f36d0510e3dbb0d3c9adffa565c74ad2c5026b77fa1cf04b411ba46f49f4c520,triangle,2.5,lqi,1,3,0,42,1,2,17,success,12161960014018917983,1
LEO_V1_1_REQUALIFICATION_20260920,ofat_comparative,interferenceDb__25p0__lqi,f36d0510e3dbb0d3c9adffa565c74ad2c5026b77fa1cf04b411ba46f49f4c520,triangle,2.5,lqi,1,3,0,42,1,2,18,success,12161960014018917983,1
LEO_V1_1_REQUALIFICATION_20260920,ofat_comparative,interferenceDb__25p0__lqi,f36d0510e3dbb0d3c9adffa565c74ad2c5026b77fa1cf04b411ba46f49f4c520,triangle,2.5,lqi,1,3,0,42,1,2,19,success,12161960014018917983,1
LEO_V1_1_REQUALIFICATION_20260920,ofat_comparative,interferenceDb__25p0__lqi,f36d0510e3dbb0d3c9adffa565c74ad2c5026b77fa1cf04b411ba46f49f4c520,triangle,2.5,lqi,1,3,0,42,1,3,20,success,5168105627079211135,2
LEO_V1_1_REQUALIFICATION_20260920,ofat_comparative,interferenceDb__25p0__lqi,f36d0510e3dbb0d3c9adffa565c74ad2c5026b77fa1cf04b411ba46f49f4c520,triangle,2.5,lqi,1,3,0,42,1,3,21,success,5168105627079211135,2
LEO_V1_1_REQUALIFICATION_20260920,ofat_comparative,interferenceDb__25p0__lqi,f36d0510e3dbb0d3c9adffa565c74ad2c5026b77fa1cf04b411ba46f49f4c520,triangle,2.5,lqi,1,3,0,42,1,3,22,success,5168105627079211135,2
LEO_V1_1_REQUALIFICATION_20260920,ofat_comparative,interferenceDb__25p0__lqi,f36d0510e3dbb0d3c9adffa565c74ad2c5026b77fa1cf04b411ba46f49f4c520,triangle,2.5,lqi,1,3,0,42,1,3,23,success,5168105627079211135,2
LEO_V1_1_REQUALIFICATION_20260920,ofat_comparative,interferenceDb__25p0__lqi,f36d0510e3dbb0d3c9adffa565c74ad2c5026b77fa1cf04b411ba46f49f4c520,triangle,2.5,lqi,1,3,0,42,1,3,24,success,5168105627079211135,2
LEO_V1_1_REQUALIFICATION_20260920,ofat_comparative,interferenceDb__25p0__lqi,f36d0510e3dbb0d3c9adffa565c74ad2c5026b77fa1cf04b411ba46f49f4c520,triangle,2.5,lqi,1,3,0,42,1,3,25,success,5168105627079211135,2
LEO_V1_1_REQUALIFICATION_20260920,ofat_comparative,interferenceDb__25p0__lqi,f36d0510e3dbb0d3c9adffa565c74ad2c5026b77fa1cf04b411ba46f49f4c520,triangle,2.5,lqi,1,3,0,42,1,3,26,success,5168105627079211135,2
LEO_V1_1_REQUALIFICATION_20260920,ofat_comparative,interferenceDb__25p0__lqi,f36d0510e3dbb0d3c9adffa565c74ad2c5026b77fa1cf04b411ba46f49f4c520,triangle,2.5,lqi,1,3,0,42,1,3,27,success,5168105627079211135,2
LEO_V1_1_REQUALIFICATION_20260920,ofat_comparative,interferenceDb__25p0__lqi,f36d0510e3dbb0d3c9adffa565c74ad2c5026b77fa1cf04b411ba46f49f4c520,triangle,2.5,lqi,1,3,0,42,1,3,28,success,5168105627079211135,2
LEO_V1_1_REQUALIFICATION_20260920,ofat_comparative,interferenceDb__25p0__lqi,f36d0510e3dbb0d3c9adffa565c74ad2c5026b77fa1cf04b411ba46f49f4c520,triangle,2.5,lqi,1,3,0,42,1,3,29,success,5168105627079211135,2
LEO_V1_1_REQUALIFICATION_20260920,ofat_comparative,interferenceDb__25p0__lqi,f36d0510e3dbb0d3c9adffa565c74ad2c5026b77fa1cf04b411ba46f49f4c520,triangle,2.5,lqi,1,3,0,42,1,4,30,success,4254184782511048963,2
LEO_V1_1_REQUALIFICATION_20260920,ofat_comparative,interferenceDb__25p0__lqi,f36d0510e3dbb0d3c9adffa565c74ad2c5026b77fa1cf04b411ba46f49f4c520,triangle,2.5,lqi,1,3,0,42,1,4,31,success,4254184782511048963,2
LEO_V1_1_REQUALIFICATION_20260920,ofat_comparative,interferenceDb__25p0__lqi,f36d0510e3dbb0d3c9adffa565c74ad2c5026b77fa1cf04b411ba46f49f4c520,triangle,2.5,lqi,1,3,0,42,1,4,32,success,4254184782511048963,2
LEO_V1_1_REQUALIFICATION_20260920,ofat_comparative,interferenceDb__25p0__lqi,f36d0510e3dbb0d3c9adffa565c74ad2c5026b77fa1cf04b411ba46f49f4c520,triangle,2.5,lqi,1,3,0,42,1,4,33,success,4254184782511048963,2
LEO_V1_1_REQUALIFICATION_20260920,ofat_comparative,interferenceDb__25p0__lqi,f36d0510e3dbb0d3c9adffa565c74ad2c5026b77fa1cf04b411ba46f49f4c520,triangle,2.5,lqi,1,3,0,42,1,4,34,success,4254184782511048963,2
LEO_V1_1_REQUALIFICATION_20260920,ofat_comparative,interferenceDb__25p0__lqi,f36d0510e3dbb0d3c9adffa565c74ad2c5026b77fa1cf04b411ba46f49f4c520,triangle,2.5,lqi,1,3,0,42,1,4,35,success,4254184782511048963,2
LEO_V1_1_REQUALIFICATION_20260920,ofat_comparative,interferenceDb__25p0__lqi,f36d0510e3dbb0d3c9adffa565c74ad2c5026b77fa1cf04b411ba46f49f4c520,triangle,2.5,lqi,1,3,0,42,1,4,36,success,4254184782511048963,2
LEO_V1_1_REQUALIFICATION_20260920,ofat_comparative,interferenceDb__25p0__lqi,f36d0510e3dbb0d3c9adffa565c74ad2c5026b77fa1cf04b411ba46f49f4c520,triangle,2.5,lqi,1,3,0,42,1,4,37,success,4254184782511048963,2
LEO_V1_1_REQUALIFICATION_20260920,ofat_comparative,interferenceDb__25p0__lqi,f36d0510e3dbb0d3c9adffa565c74ad2c5026b77fa1cf04b411ba46f49f4c520,triangle,2.5,lqi,1,3,0,42,1,4,38,success,4254184782511048963,2
LEO_V1_1_REQUALIFICATION_20260920,ofat_comparative,interferenceDb__25p0__lqi,f36d0510e3dbb0d3c9adffa565c74ad2c5026b77fa1cf04b411ba46f49f4c520,triangle,2.5,lqi,1,3,0,42,1,4,39,success,4254184782511048963,2
LEO_V1_1_REQUALIFICATION_20260920,ofat_comparative,interferenceDb__25p0__lqi,f36d0510e3dbb0d3c9adffa565c74ad2c5026b77fa1cf04b411ba46f49f4c520,triangle,2.5,lqi,1,3,0,42,1,5,40,success,16719299368067595120,3
LEO_V1_1_REQUALIFICATION_20260920,ofat_comparative,interferenceDb__25p0__lqi,f36d0510e3dbb0d3c9adffa565c74ad2c5026b77fa1cf04b411ba46f49f4c520,triangle,2.5,lqi,1,3,0,42,1,5,41,success,16719299368067595120,3
LEO_V1_1_REQUALIFICATION_20260920,ofat_comparative,interferenceDb__25p0__lqi,f36d0510e3dbb0d3c9adffa565c74ad2c5026b77fa1cf04b411ba46f49f4c520,triangle,2.5,lqi,1,3,0,42,1,5,42,success,16719299368067595120,3
LEO_V1_1_REQUALIFICATION_20260920,ofat_comparative,interferenceDb__25p0__lqi,f36d0510e3dbb0d3c9adffa565c74ad2c5026b77fa1cf04b411ba46f49f4c520,triangle,2.5,lqi,1,3,0,42,1,5,43,success,16719299368067595120,3
LEO_V1_1_REQUALIFICATION_20260920,ofat_comparative,interferenceDb__25p0__lqi,f36d0510e3dbb0d3c9adffa565c74ad2c5026b77fa1cf04b411ba46f49f4c520,triangle,2.5,lqi,1,3,0,42,1,5,44,success,16719299368067595120,3
LEO_V1_1_REQUALIFICATION_20260920,ofat_comparative,interferenceDb__25p0__lqi,f36d0510e3dbb0d3c9adffa565c74ad2c5026b77fa1cf04b411ba46f49f4c520,triangle,2.5,lqi,1,3,0,42,1,5,45,success,16719299368067595120,3
LEO_V1_1_REQUALIFICATION_20260920,ofat_comparative,interferenceDb__25p0__lqi,f36d0510e3dbb0d3c9adffa565c74ad2c5026b77fa1cf04b411ba46f49f4c520,triangle,2.5,lqi,1,3,0,42,1,5,46,success,16719299368067595120,3
LEO_V1_1_REQUALIFICATION_20260920,ofat_comparative,interferenceDb__25p0__lqi,f36d0510e3dbb0d3c9adffa565c74ad2c5026b77fa1cf04b411ba46f49f4c520,triangle,2.5,lqi,1,3,0,42,1,5,47,success,16719299368067595120,3
LEO_V1_1_REQUALIFICATION_20260920,ofat_comparative,interferenceDb__25p0__lqi,f36d0510e3dbb0d3c9adffa565c74ad2c5026b77fa1cf04b411ba46f49f4c520,triangle,2.5,lqi,1,3,0,42,1,5,48,success,16719299368067595120,3
LEO_V1_1_REQUALIFICATION_20260920,ofat_comparative,interferenceDb__25p0__lqi,f36d0510e3dbb0d3c9adffa565c74ad2c5026b77fa1cf04b411ba46f49f4c520,triangle,2.5,lqi,1,3,0,42,1,5,49,success,16719299368067595120,3
LEO_V1_1_REQUALIFICATION_20260920,ofat_comparative,interferenceDb__25p0__lqi,f36d0510e3dbb0d3c9adffa565c74ad2c5026b77fa1cf04b411ba46f49f4c520,triangle,2.5,lqi,1,3,0,42,1,6,50,timeout,0,0
LEO_V1_1_REQUALIFICATION_20260920,ofat_comparative,interferenceDb__25p0__lqi,f36d0510e3dbb0d3c9adffa565c74ad2c5026b77fa1cf04b411ba46f49f4c520,triangle,2.5,lqi,1,3,0,42,1,6,51,no_route,0,0
LEO_V1_1_REQUALIFICATION_20260920,ofat_comparative,interferenceDb__25p0__lqi,f36d0510e3dbb0d3c9adffa565c74ad2c5026b77fa1cf04b411ba46f49f4c520,triangle,2.5,lqi,1,3,0,42,1,6,52,success,3355162293075433701,3
LEO_V1_1_REQUALIFICATION_20260920,ofat_comparative,interferenceDb__25p0__lqi,f36d0510e3dbb0d3c9adffa565c74ad2c5026b77fa1cf04b411ba46f49f4c520,triangle,2.5,lqi,1,3,0,42,1,6,53,success,3355162293075433701,3
LEO_V1_1_REQUALIFICATION_20260920,ofat_comparative,interferenceDb__25p0__lqi,f36d0510e3dbb0d3c9adffa565c74ad2c5026b77fa1cf04b411ba46f49f4c520,triangle,2.5,lqi,1,3,0,42,1,6,54,success,3355162293075433701,3
LEO_V1_1_REQUALIFICATION_20260920,ofat_comparative,interferenceDb__25p0__lqi,f36d0510e3dbb0d3c9adffa565c74ad2c5026b77fa1cf04b411ba46f49f4c520,triangle,2.5,lqi,1,3,0,42,1,6,55,success,3355162293075433701,3
LEO_V1_1_REQUALIFICATION_20260920,ofat_comparative,interferenceDb__25p0__lqi,f36d0510e3dbb0d3c9adffa565c74ad2c5026b77fa1cf04b411ba46f49f4c520,triangle,2.5,lqi,1,3,0,42,1,6,56,success,3355162293075433701,3
LEO_V1_1_REQUALIFICATION_20260920,ofat_comparative,interferenceDb__25p0__lqi,f36d0510e3dbb0d3c9adffa565c74ad2c5026b77fa1cf04b411ba46f49f4c520,triangle,2.5,lqi,1,3,0,42,1,6,57,success,3355162293075433701,3
LEO_V1_1_REQUALIFICATION_20260920,ofat_comparative,interferenceDb__25p0__lqi,f36d0510e3dbb0d3c9adffa565c74ad2c5026b77fa1cf04b411ba46f49f4c520,triangle,2.5,lqi,1,3,0,42,1,6,58,success,3355162293075433701,3
LEO_V1_1_REQUALIFICATION_20260920,ofat_comparative,interferenceDb__25p0__lqi,f36d0510e3dbb0d3c9adffa565c74ad2c5026b77fa1cf04b411ba46f49f4c520,triangle,2.5,lqi,1,3,0,42,1,6,59,success,3355162293075433701,3
LEO_V1_1_REQUALIFICATION_20260920,ofat_comparative,interferenceDb__25p0__lqi,f36d0510e3dbb0d3c9adffa565c74ad2c5026b77fa1cf04b411ba46f49f4c520,triangle,2.5,lqi,1,3,0,42,1,7,60,success,12161954516460776928,1
LEO_V1_1_REQUALIFICATION_20260920,ofat_comparative,interferenceDb__25p0__lqi,f36d0510e3dbb0d3c9adffa565c74ad2c5026b77fa1cf04b411ba46f49f4c520,triangle,2.5,lqi,1,3,0,42,1,7,61,success,12161954516460776928,1
LEO_V1_1_REQUALIFICATION_20260920,ofat_comparative,interferenceDb__25p0__lqi,f36d0510e3dbb0d3c9adffa565c74ad2c5026b77fa1cf04b411ba46f49f4c520,triangle,2.5,lqi,1,3,0,42,1,7,62,success,12161954516460776928,1
LEO_V1_1_REQUALIFICATION_20260920,ofat_comparative,interferenceDb__25p0__lqi,f36d0510e3dbb0d3c9adffa565c74ad2c5026b77fa1cf04b411ba46f49f4c520,triangle,2.5,lqi,1,3,0,42,1,7,63,success,12161954516460776928,1
LEO_V1_1_REQUALIFICATION_20260920,ofat_comparative,interferenceDb__25p0__lqi,f36d0510e3dbb0d3c9adffa565c74ad2c5026b77fa1cf04b411ba46f49f4c520,triangle,2.5,lqi,1,3,0,42,1,7,64,success,12161954516460776928,1
LEO_V1_1_REQUALIFICATION_20260920,ofat_comparative,interferenceDb__25p0__lqi,f36d0510e3dbb0d3c9adffa565c74ad2c5026b77fa1cf04b411ba46f49f4c520,triangle,2.5,lqi,1,3,0,42,1,7,65,success,12161954516460776928,1
LEO_V1_1_REQUALIFICATION_20260920,ofat_comparative,interferenceDb__25p0__lqi,f36d0510e3dbb0d3c9adffa565c74ad2c5026b77fa1cf04b411ba46f49f4c520,triangle,2.5,lqi,1,3,0,42,1,7,66,success,12161954516460776928,1
LEO_V1_1_REQUALIFICATION_20260920,ofat_comparative,interferenceDb__25p0__lqi,f36d0510e3dbb0d3c9adffa565c74ad2c5026b77fa1cf04b411ba46f49f4c520,triangle,2.5,lqi,1,3,0,42,1,7,67,success,12161954516460776928,1
LEO_V1_1_REQUALIFICATION_20260920,ofat_comparative,interferenceDb__25p0__lqi,f36d0510e3dbb0d3c9adffa565c74ad2c5026b77fa1cf04b411ba46f49f4c520,triangle,2.5,lqi,1,3,0,42,1,7,68,success,12161954516460776928,1
LEO_V1_1_REQUALIFICATION_20260920,ofat_comparative,interferenceDb__25p0__lqi,f36d0510e3dbb0d3c9adffa565c74ad2c5026b77fa1cf04b411ba46f49f4c520,triangle,2.5,lqi,1,3,0,42,1,7,69,success,12161954516460776928,1
LEO_V1_1_REQUALIFICATION_20260920,ofat_comparative,interferenceDb__25p0__lqi,f36d0510e3dbb0d3c9adffa565c74ad2c5026b77fa1cf04b411ba46f49f4c520,triangle,2.5,lqi,1,3,0,42,1,8,70,success,12161971009135200093,1
LEO_V1_1_REQUALIFICATION_20260920,ofat_comparative,interferenceDb__25p0__lqi,f36d0510e3dbb0d3c9adffa565c74ad2c5026b77fa1cf04b411ba46f49f4c520,triangle,2.5,lqi,1,3,0,42,1,8,71,success,12161971009135200093,1
LEO_V1_1_REQUALIFICATION_20260920,ofat_comparative,interferenceDb__25p0__lqi,f36d0510e3dbb0d3c9adffa565c74ad2c5026b77fa1cf04b411ba46f49f4c520,triangle,2.5,lqi,1,3,0,42,1,8,72,success,12161971009135200093,1
LEO_V1_1_REQUALIFICATION_20260920,ofat_comparative,interferenceDb__25p0__lqi,f36d0510e3dbb0d3c9adffa565c74ad2c5026b77fa1cf04b411ba46f49f4c520,triangle,2.5,lqi,1,3,0,42,1,8,73,success,12161971009135200093,1
LEO_V1_1_REQUALIFICATION_20260920,ofat_comparative,interferenceDb__25p0__lqi,f36d0510e3dbb0d3c9adffa565c74ad2c5026b77fa1cf04b411ba46f49f4c520,triangle,2.5,lqi,1,3,0,42,1,8,74,success,12161971009135200093,1
LEO_V1_1_REQUALIFICATION_20260920,ofat_comparative,interferenceDb__25p0__lqi,f36d0510e3dbb0d3c9adffa565c74ad2c5026b77fa1cf04b411ba46f49f4c520,triangle,2.5,lqi,1,3,0,42,1,8,75,success,12161971009135200093,1
LEO_V1_1_REQUALIFICATION_20260920,ofat_comparative,interferenceDb__25p0__lqi,f36d0510e3dbb0d3c9adffa565c74ad2c5026b77fa1cf04b411ba46f49f4c520,triangle,2.5,lqi,1,3,0,42,1,8,76,success,12161971009135200093,1
LEO_V1_1_REQUALIFICATION_20260920,ofat_comparative,interferenceDb__25p0__lqi,f36d0510e3dbb0d3c9adffa565c74ad2c5026b77fa1cf04b411ba46f49f4c520,triangle,2.5,lqi,1,3,0,42,1,8,77,success,12161971009135200093,1
LEO_V1_1_REQUALIFICATION_20260920,ofat_comparative,interferenceDb__25p0__lqi,f36d0510e3dbb0d3c9adffa565c74ad2c5026b77fa1cf04b411ba46f49f4c520,triangle,2.5,lqi,1,3,0,42,1,8,78,success,12161971009135200093,1
LEO_V1_1_REQUALIFICATION_20260920,ofat_comparative,interferenceDb__25p0__lqi,f36d0510e3dbb0d3c9adffa565c74ad2c5026b77fa1cf04b411ba46f49f4c520,triangle,2.5,lqi,1,3,0,42,1,8,79,success,12161971009135200093,1
LEO_V1_1_REQUALIFICATION_20260920,ofat_comparative,interferenceDb__25p0__lqi,f36d0510e3dbb0d3c9adffa565c74ad2c5026b77fa1cf04b411ba46f49f4c520,triangle,2.5,lqi,1,3,0,42,1,9,80,success,18131355419705379627,2
LEO_V1_1_REQUALIFICATION_20260920,ofat_comparative,interferenceDb__25p0__lqi,f36d0510e3dbb0d3c9adffa565c74ad2c5026b77fa1cf04b411ba46f49f4c520,triangle,2.5,lqi,1,3,0,42,1,9,81,timeout,0,0
LEO_V1_1_REQUALIFICATION_20260920,ofat_comparative,interferenceDb__25p0__lqi,f36d0510e3dbb0d3c9adffa565c74ad2c5026b77fa1cf04b411ba46f49f4c520,triangle,2.5,lqi,1,3,0,42,1,9,82,no_route,0,0
LEO_V1_1_REQUALIFICATION_20260920,ofat_comparative,interferenceDb__25p0__lqi,f36d0510e3dbb0d3c9adffa565c74ad2c5026b77fa1cf04b411ba46f49f4c520,triangle,2.5,lqi,1,3,0,42,1,9,83,success,18131355419705379627,2
LEO_V1_1_REQUALIFICATION_20260920,ofat_comparative,interferenceDb__25p0__lqi,f36d0510e3dbb0d3c9adffa565c74ad2c5026b77fa1cf04b411ba46f49f4c520,triangle,2.5,lqi,1,3,0,42,1,9,84,success,18131355419705379627,2
LEO_V1_1_REQUALIFICATION_20260920,ofat_comparative,interferenceDb__25p0__lqi,f36d0510e3dbb0d3c9adffa565c74ad2c5026b77fa1cf04b411ba46f49f4c520,triangle,2.5,lqi,1,3,0,42,1,9,85,success,18131355419705379627,2
LEO_V1_1_REQUALIFICATION_20260920,ofat_comparative,interferenceDb__25p0__lqi,f36d0510e3dbb0d3c9adffa565c74ad2c5026b77fa1cf04b411ba46f49f4c520,triangle,2.5,lqi,1,3,0,42,1,9,86,success,18131355419705379627,2
LEO_V1_1_REQUALIFICATION_20260920,ofat_comparative,interferenceDb__25p0__lqi,f36d0510e3dbb0d3c9adffa565c74ad2c5026b77fa1cf04b411ba46f49f4c520,triangle,2.5,lqi,1,3,0,42,1,9,87,success,18131355419705379627,2
LEO_V1_1_REQUALIFICATION_20260920,ofat_comparative,interferenceDb__25p0__lqi,f36d0510e3dbb0d3c9adffa565c74ad2c5026b77fa1cf04b411ba46f49f4c520,triangle,2.5,lqi,1,3,0,42,1,9,88,success,18131355419705379627,2
LEO_V1_1_REQUALIFICATION_20260920,ofat_comparative,interferenceDb__25p0__lqi,f36d0510e3dbb0d3c9adffa565c74ad2c5026b77fa1cf04b411ba46f49f4c520,triangle,2.5,lqi,1,3,0,42,1,9,89,success,18131355419705379627,2
LEO_V1_1_REQUALIFICATION_20260920,ofat_comparative,interferenceDb__25p0__lqi,f36d0510e3dbb0d3c9adffa565c74ad2c5026b77fa1cf04b411ba46f49f4c520,triangle,2.5,lqi,1,3,0,42,1,10,90,timeout,0,0
LEO_V1_1_REQUALIFICATION_20260920,ofat_comparative,interferenceDb__25p0__lqi,f36d0510e3dbb0d3c9adffa565c74ad2c5026b77fa1cf04b411ba46f49f4c520,triangle,2.5,lqi,1,3,0,42,1,10,91,no_route,0,0
LEO_V1_1_REQUALIFICATION_20260920,ofat_comparative,interferenceDb__25p0__lqi,f36d0510e3dbb0d3c9adffa565c74ad2c5026b77fa1cf04b411ba46f49f4c520,triangle,2.5,lqi,1,3,0,42,1,10,92,success,13393353645774055087,2
LEO_V1_1_REQUALIFICATION_20260920,ofat_comparative,interferenceDb__25p0__lqi,f36d0510e3dbb0d3c9adffa565c74ad2c5026b77fa1cf04b411ba46f49f4c520,triangle,2.5,lqi,1,3,0,42,1,10,93,success,13393353645774055087,2
LEO_V1_1_REQUALIFICATION_20260920,ofat_comparative,interferenceDb__25p0__lqi,f36d0510e3dbb0d3c9adffa565c74ad2c5026b77fa1cf04b411ba46f49f4c520,triangle,2.5,lqi,1,3,0,42,1,10,94,success,13393353645774055087,2
LEO_V1_1_REQUALIFICATION_20260920,ofat_comparative,interferenceDb__25p0__lqi,f36d0510e3dbb0d3c9adffa565c74ad2c5026b77fa1cf04b411ba46f49f4c520,triangle,2.5,lqi,1,3,0,42,1,10,95,success,13393353645774055087,2
LEO_V1_1_REQUALIFICATION_20260920,ofat_comparative,interferenceDb__25p0__lqi,f36d0510e3dbb0d3c9adffa565c74ad2c5026b77fa1cf04b411ba46f49f4c520,triangle,2.5,lqi,1,3,0,42,1,10,96,success,13393353645774055087,2
LEO_V1_1_REQUALIFICATION_20260920,ofat_comparative,interferenceDb__25p0__lqi,f36d0510e3dbb0d3c9adffa565c74ad2c5026b77fa1cf04b411ba46f49f4c520,triangle,2.5,lqi,1,3,0,42,1,10,97,success,13393353645774055087,2
LEO_V1_1_REQUALIFICATION_20260920,ofat_comparative,interferenceDb__25p0__lqi,f36d0510e3dbb0d3c9adffa565c74ad2c5026b77fa1cf04b411ba46f49f4c520,triangle,2.5,lqi,1,3,0,42,1,10,98,success,13393353645774055087,2
LEO_V1_1_REQUALIFICATION_20260920,ofat_comparative,interferenceDb__25p0__lqi,f36d0510e3dbb0d3c9adffa565c74ad2c5026b77fa1cf04b411ba46f49f4c520,triangle,2.5,lqi,1,3,0,42,1,10,99,success,13393353645774055087,2
LEO_V1_1_REQUALIFICATION_20260920,ofat_comparative,interferenceDb__25p0__lqi,f36d0510e3dbb0d3c9adffa565c74ad2c5026b77fa1cf04b411ba46f49f4c520,triangle,2.5,lqi,1,3,0,42,1,11,100,success,13393352546262426876,2
LEO_V1_1_REQUALIFICATION_20260920,ofat_comparative,interferenceDb__25p0__lqi,f36d0510e3dbb0d3c9adffa565c74ad2c5026b77fa1cf04b411ba46f49f4c520,triangle,2.5,lqi,1,3,0,42,1,11,101,success,13393352546262426876,2
LEO_V1_1_REQUALIFICATION_20260920,ofat_comparative,interferenceDb__25p0__lqi,f36d0510e3dbb0d3c9adffa565c74ad2c5026b77fa1cf04b411ba46f49f4c520,triangle,2.5,lqi,1,3,0,42,1,11,102,timeout,0,0
LEO_V1_1_REQUALIFICATION_20260920,ofat_comparative,interferenceDb__25p0__lqi,f36d0510e3dbb0d3c9adffa565c74ad2c5026b77fa1cf04b411ba46f49f4c520,triangle,2.5,lqi,1,3,0,42,1,11,103,no_route,0,0
LEO_V1_1_REQUALIFICATION_20260920,ofat_comparative,interferenceDb__25p0__lqi,f36d0510e3dbb0d3c9adffa565c74ad2c5026b77fa1cf04b411ba46f49f4c520,triangle,2.5,lqi,1,3,0,42,1,11,104,success,17464325661384334198,3
LEO_V1_1_REQUALIFICATION_20260920,ofat_comparative,interferenceDb__25p0__lqi,f36d0510e3dbb0d3c9adffa565c74ad2c5026b77fa1cf04b411ba46f49f4c520,triangle,2.5,lqi,1,3,0,42,1,11,105,success,17464325661384334198,3
LEO_V1_1_REQUALIFICATION_20260920,ofat_comparative,interferenceDb__25p0__lqi,f36d0510e3dbb0d3c9adffa565c74ad2c5026b77fa1cf04b411ba46f49f4c520,triangle,2.5,lqi,1,3,0,42,1,11,106,success,17464325661384334198,3
LEO_V1_1_REQUALIFICATION_20260920,ofat_comparative,interferenceDb__25p0__lqi,f36d0510e3dbb0d3c9adffa565c74ad2c5026b77fa1cf04b411ba46f49f4c520,triangle,2.5,lqi,1,3,0,42,1,11,107,success,17464325661384334198,3
LEO_V1_1_REQUALIFICATION_20260920,ofat_comparative,interferenceDb__25p0__lqi,f36d0510e3dbb0d3c9adffa565c74ad2c5026b77fa1cf04b411ba46f49f4c520,triangle,2.5,lqi,1,3,0,42,1,11,108,success,17464325661384334198,3
LEO_V1_1_REQUALIFICATION_20260920,ofat_comparative,interferenceDb__25p0__lqi,f36d0510e3dbb0d3c9adffa565c74ad2c5026b77fa1cf04b411ba46f49f4c520,triangle,2.5,lqi,1,3,0,42,1,11,109,success,17464325661384334198,3
LEO_V1_1_REQUALIFICATION_20260920,ofat_comparative,interferenceDb__25p0__lqi,f36d0510e3dbb0d3c9adffa565c74ad2c5026b77fa1cf04b411ba46f49f4c520,triangle,2.5,lqi,1,3,0,42,1,12,110,timeout,0,0
LEO_V1_1_REQUALIFICATION_20260920,ofat_comparative,interferenceDb__25p0__lqi,f36d0510e3dbb0d3c9adffa565c74ad2c5026b77fa1cf04b411ba46f49f4c520,triangle,2.5,lqi,1,3,0,42,1,12,111,no_route,0,0
LEO_V1_1_REQUALIFICATION_20260920,ofat_comparative,interferenceDb__25p0__lqi,f36d0510e3dbb0d3c9adffa565c74ad2c5026b77fa1cf04b411ba46f49f4c520,triangle,2.5,lqi,1,3,0,42,1,12,112,success,15339638313357773370,4
LEO_V1_1_REQUALIFICATION_20260920,ofat_comparative,interferenceDb__25p0__lqi,f36d0510e3dbb0d3c9adffa565c74ad2c5026b77fa1cf04b411ba46f49f4c520,triangle,2.5,lqi,1,3,0,42,1,12,113,success,15339638313357773370,4
LEO_V1_1_REQUALIFICATION_20260920,ofat_comparative,interferenceDb__25p0__lqi,f36d0510e3dbb0d3c9adffa565c74ad2c5026b77fa1cf04b411ba46f49f4c520,triangle,2.5,lqi,1,3,0,42,1,12,114,success,15339638313357773370,4
LEO_V1_1_REQUALIFICATION_20260920,ofat_comparative,interferenceDb__25p0__lqi,f36d0510e3dbb0d3c9adffa565c74ad2c5026b77fa1cf04b411ba46f49f4c520,triangle,2.5,lqi,1,3,0,42,1,12,115,success,15339638313357773370,4
LEO_V1_1_REQUALIFICATION_20260920,ofat_comparative,interferenceDb__25p0__lqi,f36d0510e3dbb0d3c9adffa565c74ad2c5026b77fa1cf04b411ba46f49f4c520,triangle,2.5,lqi,1,3,0,42,1,12,116,success,15339638313357773370,4
LEO_V1_1_REQUALIFICATION_20260920,ofat_comparative,interferenceDb__25p0__lqi,f36d0510e3dbb0d3c9adffa565c74ad2c5026b77fa1cf04b411ba46f49f4c520,triangle,2.5,lqi,1,3,0,42,1,12,117,success,15339638313357773370,4
LEO_V1_1_REQUALIFICATION_20260920,ofat_comparative,interferenceDb__25p0__lqi,f36d0510e3dbb0d3c9adffa565c74ad2c5026b77fa1cf04b411ba46f49f4c520,triangle,2.5,lqi,1,3,0,42,1,12,118,success,15339638313357773370,4
LEO_V1_1_REQUALIFICATION_20260920,ofat_comparative,interferenceDb__25p0__lqi,f36d0510e3dbb0d3c9adffa565c74ad2c5026b77fa1cf04b411ba46f49f4c520,triangle,2.5,lqi,1,3,0,42,1,12,119,success,15339638313357773370,4
LEO_V1_1_REQUALIFICATION_20260920,ofat_comparative,interferenceDb__25p0__lqi,f36d0510e3dbb0d3c9adffa565c74ad2c5026b77fa1cf04b411ba46f49f4c520,triangle,2.5,lqi,1,3,0,42,1,13,120,no_route,0,0
LEO_V1_1_REQUALIFICATION_20260920,ofat_comparative,interferenceDb__25p0__lqi,f36d0510e3dbb0d3c9adffa565c74ad2c5026b77fa1cf04b411ba46f49f4c520,triangle,2.5,lqi,1,3,0,42,1,13,121,no_route,0,0
LEO_V1_1_REQUALIFICATION_20260920,ofat_comparative,interferenceDb__25p0__lqi,f36d0510e3dbb0d3c9adffa565c74ad2c5026b77fa1cf04b411ba46f49f4c520,triangle,2.5,lqi,1,3,0,42,1,13,122,no_route,0,0
LEO_V1_1_REQUALIFICATION_20260920,ofat_comparative,interferenceDb__25p0__lqi,f36d0510e3dbb0d3c9adffa565c74ad2c5026b77fa1cf04b411ba46f49f4c520,triangle,2.5,lqi,1,3,0,42,1,13,123,no_route,0,0
LEO_V1_1_REQUALIFICATION_20260920,ofat_comparative,interferenceDb__25p0__lqi,f36d0510e3dbb0d3c9adffa565c74ad2c5026b77fa1cf04b411ba46f49f4c520,triangle,2.5,lqi,1,3,0,42,1,13,124,no_route,0,0
LEO_V1_1_REQUALIFICATION_20260920,ofat_comparative,interferenceDb__25p0__lqi,f36d0510e3dbb0d3c9adffa565c74ad2c5026b77fa1cf04b411ba46f49f4c520,triangle,2.5,lqi,1,3,0,42,1,13,125,no_route,0,0
LEO_V1_1_REQUALIFICATION_20260920,ofat_comparative,interferenceDb__25p0__lqi,f36d0510e3dbb0d3c9adffa565c74ad2c5026b77fa1cf04b411ba46f49f4c520,triangle,2.5,lqi,1,3,0,42,1,13,126,no_route,0,0
LEO_V1_1_REQUALIFICATION_20260920,ofat_comparative,interferenceDb__25p0__lqi,f36d0510e3dbb0d3c9adffa565c74ad2c5026b77fa1cf04b411ba46f49f4c520,triangle,2.5,lqi,1,3,0,42,1,13,127,no_route,0,0
LEO_V1_1_REQUALIFICATION_20260920,ofat_comparative,interferenceDb__25p0__lqi,f36d0510e3dbb0d3c9adffa565c74ad2c5026b77fa1cf04b411ba46f49f4c520,triangle,2.5,lqi,1,3,0,42,1,13,128,no_route,0,0
LEO_V1_1_REQUALIFICATION_20260920,ofat_comparative,interferenceDb__25p0__lqi,f36d0510e3dbb0d3c9adffa565c74ad2c5026b77fa1cf04b411ba46f49f4c520,triangle,2.5,lqi,1,3,0,42,1,13,129,no_route,0,0
LEO_V1_1_REQUALIFICATION_20260920,ofat_comparative,interferenceDb__25p0__lqi,f36d0510e3dbb0d3c9adffa565c74ad2c5026b77fa1cf04b411ba46f49f4c520,triangle,2.5,lqi,1,3,0,42,1,14,130,no_route,0,0
LEO_V1_1_REQUALIFICATION_20260920,ofat_comparative,interferenceDb__25p0__lqi,f36d0510e3dbb0d3c9adffa565c74ad2c5026b77fa1cf04b411ba46f49f4c520,triangle,2.5,lqi,1,3,0,42,1,14,131,no_route,0,0
LEO_V1_1_REQUALIFICATION_20260920,ofat_comparative,interferenceDb__25p0__lqi,f36d0510e3dbb0d3c9adffa565c74ad2c5026b77fa1cf04b411ba46f49f4c520,triangle,2.5,lqi,1,3,0,42,1,14,132,no_route,0,0
LEO_V1_1_REQUALIFICATION_20260920,ofat_comparative,interferenceDb__25p0__lqi,f36d0510e3dbb0d3c9adffa565c74ad2c5026b77fa1cf04b411ba46f49f4c520,triangle,2.5,lqi,1,3,0,42,1,14,133,no_route,0,0
LEO_V1_1_REQUALIFICATION_20260920,ofat_comparative,interferenceDb__25p0__lqi,f36d0510e3dbb0d3c9adffa565c74ad2c5026b77fa1cf04b411ba46f49f4c520,triangle,2.5,lqi,1,3,0,42,1,14,134,no_route,0,0
LEO_V1_1_REQUALIFICATION_20260920,ofat_comparative,interferenceDb__25p0__lqi,f36d0510e3dbb0d3c9adffa565c74ad2c5026b77fa1cf04b411ba46f49f4c520,triangle,2.5,lqi,1,3,0,42,1,14,135,no_route,0,0
LEO_V1_1_REQUALIFICATION_20260920,ofat_comparative,interferenceDb__25p0__lqi,f36d0510e3dbb0d3c9adffa565c74ad2c5026b77fa1cf04b411ba46f49f4c520,triangle,2.5,lqi,1,3,0,42,1,14,136,no_route,0,0
LEO_V1_1_REQUALIFICATION_20260920,ofat_comparative,interferenceDb__25p0__lqi,f36d0510e3dbb0d3c9adffa565c74ad2c5026b77fa1cf04b411ba46f49f4c520,triangle,2.5,lqi,1,3,0,42,1,14,137,no_route,0,0
LEO_V1_1_REQUALIFICATION_20260920,ofat_comparative,interferenceDb__25p0__lqi,f36d0510e3dbb0d3c9adffa565c74ad2c5026b77fa1cf04b411ba46f49f4c520,triangle,2.5,lqi,1,3,0,42,1,14,138,no_route,0,0
LEO_V1_1_REQUALIFICATION_20260920,ofat_comparative,interferenceDb__25p0__lqi,f36d0510e3dbb0d3c9adffa565c74ad2c5026b77fa1cf04b411ba46f49f4c520,triangle,2.5,lqi,1,3,0,42,1,14,139,no_route,0,0
LEO_V1_1_REQUALIFICATION_20260920,ofat_comparative,interferenceDb__25p0__lqi,f36d0510e3dbb0d3c9adffa565c74ad2c5026b77fa1cf04b411ba46f49f4c520,triangle,2.5,lqi,1,3,0,42,1,15,140,no_route,0,0
LEO_V1_1_REQUALIFICATION_20260920,ofat_comparative,interferenceDb__25p0__lqi,f36d0510e3dbb0d3c9adffa565c74ad2c5026b77fa1cf04b411ba46f49f4c520,triangle,2.5,lqi,1,3,0,42,1,15,141,no_route,0,0
LEO_V1_1_REQUALIFICATION_20260920,ofat_comparative,interferenceDb__25p0__lqi,f36d0510e3dbb0d3c9adffa565c74ad2c5026b77fa1cf04b411ba46f49f4c520,triangle,2.5,lqi,1,3,0,42,1,15,142,no_route,0,0
LEO_V1_1_REQUALIFICATION_20260920,ofat_comparative,interferenceDb__25p0__lqi,f36d0510e3dbb0d3c9adffa565c74ad2c5026b77fa1cf04b411ba46f49f4c520,triangle,2.5,lqi,1,3,0,42,1,15,143,no_route,0,0
LEO_V1_1_REQUALIFICATION_20260920,ofat_comparative,interferenceDb__25p0__lqi,f36d0510e3dbb0d3c9adffa565c74ad2c5026b77fa1cf04b411ba46f49f4c520,triangle,2.5,lqi,1,3,0,42,1,15,144,no_route,0,0
LEO_V1_1_REQUALIFICATION_20260920,ofat_comparative,interferenceDb__25p0__lqi,f36d0510e3dbb0d3c9adffa565c74ad2c5026b77fa1cf04b411ba46f49f4c520,triangle,2.5,lqi,1,3,0,42,1,15,145,no_route,0,0
LEO_V1_1_REQUALIFICATION_20260920,ofat_comparative,interferenceDb__25p0__lqi,f36d0510e3dbb0d3c9adffa565c74ad2c5026b77fa1cf04b411ba46f49f4c520,triangle,2.5,lqi,1,3,0,42,1,15,146,no_route,0,0
LEO_V1_1_REQUALIFICATION_20260920,ofat_comparative,interferenceDb__25p0__lqi,f36d0510e3dbb0d3c9adffa565c74ad2c5026b77fa1cf04b411ba46f49f4c520,triangle,2.5,lqi,1,3,0,42,1,15,147,no_route,0,0
LEO_V1_1_REQUALIFICATION_20260920,ofat_comparative,interferenceDb__25p0__lqi,f36d0510e3dbb0d3c9adffa565c74ad2c5026b77fa1cf04b411ba46f49f4c520,triangle,2.5,lqi,1,3,0,42,1,15,148,no_route,0,0
LEO_V1_1_REQUALIFICATION_20260920,ofat_comparative,interferenceDb__25p0__lqi,f36d0510e3dbb0d3c9adffa565c74ad2c5026b77fa1cf04b411ba46f49f4c520,triangle,2.5,lqi,1,3,0,42,1,15,149,no_route,0,0
LEO_V1_1_REQUALIFICATION_20260920,ofat_comparative,interferenceDb__25p0__lqi,f36d0510e3dbb0d3c9adffa565c74ad2c5026b77fa1cf04b411ba46f49f4c520,triangle,2.5,lqi,1,3,0,42,1,16,150,no_route,0,0
LEO_V1_1_REQUALIFICATION_20260920,ofat_comparative,interferenceDb__25p0__lqi,f36d0510e3dbb0d3c9adffa565c74ad2c5026b77fa1cf04b411ba46f49f4c520,triangle,2.5,lqi,1,3,0,42,1,16,151,no_route,0,0
LEO_V1_1_REQUALIFICATION_20260920,ofat_comparative,interferenceDb__25p0__lqi,f36d0510e3dbb0d3c9adffa565c74ad2c5026b77fa1cf04b411ba46f49f4c520,triangle,2.5,lqi,1,3,0,42,1,16,152,no_route,0,0
LEO_V1_1_REQUALIFICATION_20260920,ofat_comparative,interferenceDb__25p0__lqi,f36d0510e3dbb0d3c9adffa565c74ad2c5026b77fa1cf04b411ba46f49f4c520,triangle,2.5,lqi,1,3,0,42,1,16,153,no_route,0,0
LEO_V1_1_REQUALIFICATION_20260920,ofat_comparative,interferenceDb__25p0__lqi,f36d0510e3dbb0d3c9adffa565c74ad2c5026b77fa1cf04b411ba46f49f4c520,triangle,2.5,lqi,1,3,0,42,1,16,154,no_route,0,0
LEO_V1_1_REQUALIFICATION_20260920,ofat_comparative,interferenceDb__25p0__lqi,f36d0510e3dbb0d3c9adffa565c74ad2c5026b77fa1cf04b411ba46f49f4c520,triangle,2.5,lqi,1,3,0,42,1,16,155,no_route,0,0
LEO_V1_1_REQUALIFICATION_20260920,ofat_comparative,interferenceDb__25p0__lqi,f36d0510e3dbb0d3c9adffa565c74ad2c5026b77fa1cf04b411ba46f49f4c520,triangle,2.5,lqi,1,3,0,42,1,16,156,no_route,0,0
LEO_V1_1_REQUALIFICATION_20260920,ofat_comparative,interferenceDb__25p0__lqi,f36d0510e3dbb0d3c9adffa565c74ad2c5026b77fa1cf04b411ba46f49f4c520,triangle,2.5,lqi,1,3,0,42,1,16,157,no_route,0,0
LEO_V1_1_REQUALIFICATION_20260920,ofat_comparative,interferenceDb__25p0__lqi,f36d0510e3dbb0d3c9adffa565c74ad2c5026b77fa1cf04b411ba46f49f4c520,triangle,2.5,lqi,1,3,0,42,1,16,158,no_route,0,0
LEO_V1_1_REQUALIFICATION_20260920,ofat_comparative,interferenceDb__25p0__lqi,f36d0510e3dbb0d3c9adffa565c74ad2c5026b77fa1cf04b411ba46f49f4c520,triangle,2.5,lqi,1,3,0,42,1,16,159,no_route,0,0
LEO_V1_1_REQUALIFICATION_20260920,ofat_comparative,interferenceDb__25p0__lqi,f36d0510e3dbb0d3c9adffa565c74ad2c5026b77fa1cf04b411ba46f49f4c520,triangle,2.5,lqi,1,3,0,42,1,17,160,no_route,0,0
LEO_V1_1_REQUALIFICATION_20260920,ofat_comparative,interferenceDb__25p0__lqi,f36d0510e3dbb0d3c9adffa565c74ad2c5026b77fa1cf04b411ba46f49f4c520,triangle,2.5,lqi,1,3,0,42,1,17,161,no_route,0,0
LEO_V1_1_REQUALIFICATION_20260920,ofat_comparative,interferenceDb__25p0__lqi,f36d0510e3dbb0d3c9adffa565c74ad2c5026b77fa1cf04b411ba46f49f4c520,triangle,2.5,lqi,1,3,0,42,1,17,162,no_route,0,0
LEO_V1_1_REQUALIFICATION_20260920,ofat_comparative,interferenceDb__25p0__lqi,f36d0510e3dbb0d3c9adffa565c74ad2c5026b77fa1cf04b411ba46f49f4c520,triangle,2.5,lqi,1,3,0,42,1,17,163,no_route,0,0
LEO_V1_1_REQUALIFICATION_20260920,ofat_comparative,interferenceDb__25p0__lqi,f36d0510e3dbb0d3c9adffa565c74ad2c5026b77fa1cf04b411ba46f49f4c520,triangle,2.5,lqi,1,3,0,42,1,17,164,no_route,0,0
LEO_V1_1_REQUALIFICATION_20260920,ofat_comparative,interferenceDb__25p0__lqi,f36d0510e3dbb0d3c9adffa565c74ad2c5026b77fa1cf04b411ba46f49f4c520,triangle,2.5,lqi,1,3,0,42,1,17,165,no_route,0,0
LEO_V1_1_REQUALIFICATION_20260920,ofat_comparative,interferenceDb__25p0__lqi,f36d0510e3dbb0d3c9adffa565c74ad2c5026b77fa1cf04b411ba46f49f4c520,triangle,2.5,lqi,1,3,0,42,1,17,166,no_route,0,0
LEO_V1_1_REQUALIFICATION_20260920,ofat_comparative,interferenceDb__25p0__lqi,f36d0510e3dbb0d3c9adffa565c74ad2c5026b77fa1cf04b411ba46f49f4c520,triangle,2.5,lqi,1,3,0,42,1,17,167,no_route,0,0
LEO_V1_1_REQUALIFICATION_20260920,ofat_comparative,interferenceDb__25p0__lqi,f36d0510e3dbb0d3c9adffa565c74ad2c5026b77fa1cf04b411ba46f49f4c520,triangle,2.5,lqi,1,3,0,42,1,17,168,no_route,0,0
LEO_V1_1_REQUALIFICATION_20260920,ofat_comparative,interferenceDb__25p0__lqi,f36d0510e3dbb0d3c9adffa565c74ad2c5026b77fa1cf04b411ba46f49f4c520,triangle,2.5,lqi,1,3,0,42,1,17,169,no_route,0,0
LEO_V1_1_REQUALIFICATION_20260920,ofat_comparative,interferenceDb__25p0__lqi,f36d0510e3dbb0d3c9adffa565c74ad2c5026b77fa1cf04b411ba46f49f4c520,triangle,2.5,lqi,1,3,0,42,1,18,170,no_route,0,0
LEO_V1_1_REQUALIFICATION_20260920,ofat_comparative,interferenceDb__25p0__lqi,f36d0510e3dbb0d3c9adffa565c74ad2c5026b77fa1cf04b411ba46f49f4c520,triangle,2.5,lqi,1,3,0,42,1,18,171,no_route,0,0
LEO_V1_1_REQUALIFICATION_20260920,ofat_comparative,interferenceDb__25p0__lqi,f36d0510e3dbb0d3c9adffa565c74ad2c5026b77fa1cf04b411ba46f49f4c520,triangle,2.5,lqi,1,3,0,42,1,18,172,no_route,0,0
LEO_V1_1_REQUALIFICATION_20260920,ofat_comparative,interferenceDb__25p0__lqi,f36d0510e3dbb0d3c9adffa565c74ad2c5026b77fa1cf04b411ba46f49f4c520,triangle,2.5,lqi,1,3,0,42,1,18,173,no_route,0,0
LEO_V1_1_REQUALIFICATION_20260920,ofat_comparative,interferenceDb__25p0__lqi,f36d0510e3dbb0d3c9adffa565c74ad2c5026b77fa1cf04b411ba46f49f4c520,triangle,2.5,lqi,1,3,0,42,1,18,174,no_route,0,0
LEO_V1_1_REQUALIFICATION_20260920,ofat_comparative,interferenceDb__25p0__lqi,f36d0510e3dbb0d3c9adffa565c74ad2c5026b77fa1cf04b411ba46f49f4c520,triangle,2.5,lqi,1,3,0,42,1,18,175,no_route,0,0
LEO_V1_1_REQUALIFICATION_20260920,ofat_comparative,interferenceDb__25p0__lqi,f36d0510e3dbb0d3c9adffa565c74ad2c5026b77fa1cf04b411ba46f49f4c520,triangle,2.5,lqi,1,3,0,42,1,18,176,no_route,0,0
LEO_V1_1_REQUALIFICATION_20260920,ofat_comparative,interferenceDb__25p0__lqi,f36d0510e3dbb0d3c9adffa565c74ad2c5026b77fa1cf04b411ba46f49f4c520,triangle,2.5,lqi,1,3,0,42,1,18,177,no_route,0,0
LEO_V1_1_REQUALIFICATION_20260920,ofat_comparative,interferenceDb__25p0__lqi,f36d0510e3dbb0d3c9adffa565c74ad2c5026b77fa1cf04b411ba46f49f4c520,triangle,2.5,lqi,1,3,0,42,1,18,178,no_route,0,0
LEO_V1_1_REQUALIFICATION_20260920,ofat_comparative,interferenceDb__25p0__lqi,f36d0510e3dbb0d3c9adffa565c74ad2c5026b77fa1cf04b411ba46f49f4c520,triangle,2.5,lqi,1,3,0,42,1,18,179,no_route,0,0
LEO_V1_1_REQUALIFICATION_20260920,ofat_comparative,interferenceDb__25p0__lqi,f36d0510e3dbb0d3c9adffa565c74ad2c5026b77fa1cf04b411ba46f49f4c520,triangle,2.5,lqi,1,3,0,42,1,19,180,no_route,0,0
LEO_V1_1_REQUALIFICATION_20260920,ofat_comparative,interferenceDb__25p0__lqi,f36d0510e3dbb0d3c9adffa565c74ad2c5026b77fa1cf04b411ba46f49f4c520,triangle,2.5,lqi,1,3,0,42,1,19,181,no_route,0,0
LEO_V1_1_REQUALIFICATION_20260920,ofat_comparative,interferenceDb__25p0__lqi,f36d0510e3dbb0d3c9adffa565c74ad2c5026b77fa1cf04b411ba46f49f4c520,triangle,2.5,lqi,1,3,0,42,1,19,182,no_route,0,0
LEO_V1_1_REQUALIFICATION_20260920,ofat_comparative,interferenceDb__25p0__lqi,f36d0510e3dbb0d3c9adffa565c74ad2c5026b77fa1cf04b411ba46f49f4c520,triangle,2.5,lqi,1,3,0,42,1,19,183,no_route,0,0
LEO_V1_1_REQUALIFICATION_20260920,ofat_comparative,interferenceDb__25p0__lqi,f36d0510e3dbb0d3c9adffa565c74ad2c5026b77fa1cf04b411ba46f49f4c520,triangle,2.5,lqi,1,3,0,42,1,19,184,no_route,0,0
LEO_V1_1_REQUALIFICATION_20260920,ofat_comparative,interferenceDb__25p0__lqi,f36d0510e3dbb0d3c9adffa565c74ad2c5026b77fa1cf04b411ba46f49f4c520,triangle,2.5,lqi,1,3,0,42,1,19,185,no_route,0,0
LEO_V1_1_REQUALIFICATION_20260920,ofat_comparative,interferenceDb__25p0__lqi,f36d0510e3dbb0d3c9adffa565c74ad2c5026b77fa1cf04b411ba46f49f4c520,triangle,2.5,lqi,1,3,0,42,1,19,186,no_route,0,0
LEO_V1_1_REQUALIFICATION_20260920,ofat_comparative,interferenceDb__25p0__lqi,f36d0510e3dbb0d3c9adffa565c74ad2c5026b77fa1cf04b411ba46f49f4c520,triangle,2.5,lqi,1,3,0,42,1,19,187,no_route,0,0
LEO_V1_1_REQUALIFICATION_20260920,ofat_comparative,interferenceDb__25p0__lqi,f36d0510e3dbb0d3c9adffa565c74ad2c5026b77fa1cf04b411ba46f49f4c520,triangle,2.5,lqi,1,3,0,42,1,19,188,no_route,0,0
LEO_V1_1_REQUALIFICATION_20260920,ofat_comparative,interferenceDb__25p0__lqi,f36d0510e3dbb0d3c9adffa565c74ad2c5026b77fa1cf04b411ba46f49f4c520,triangle,2.5,lqi,1,3,0,42,1,19,189,no_route,0,0
LEO_V1_1_REQUALIFICATION_20260920,ofat_comparative,interferenceDb__25p0__lqi,f36d0510e3dbb0d3c9adffa565c74ad2c5026b77fa1cf04b411ba46f49f4c520,triangle,2.5,lqi,1,3,1,42,2,1,0,success,12161961113530546194,1
LEO_V1_1_REQUALIFICATION_20260920,ofat_comparative,interferenceDb__25p0__lqi,f36d0510e3dbb0d3c9adffa565c74ad2c5026b77fa1cf04b411ba46f49f4c520,triangle,2.5,lqi,1,3,1,42,2,1,1,success,12161961113530546194,1
LEO_V1_1_REQUALIFICATION_20260920,ofat_comparative,interferenceDb__25p0__lqi,f36d0510e3dbb0d3c9adffa565c74ad2c5026b77fa1cf04b411ba46f49f4c520,triangle,2.5,lqi,1,3,1,42,2,1,2,success,12161961113530546194,1
LEO_V1_1_REQUALIFICATION_20260920,ofat_comparative,interferenceDb__25p0__lqi,f36d0510e3dbb0d3c9adffa565c74ad2c5026b77fa1cf04b411ba46f49f4c520,triangle,2.5,lqi,1,3,1,42,2,1,3,success,12161961113530546194,1
LEO_V1_1_REQUALIFICATION_20260920,ofat_comparative,interferenceDb__25p0__lqi,f36d0510e3dbb0d3c9adffa565c74ad2c5026b77fa1cf04b411ba46f49f4c520,triangle,2.5,lqi,1,3,1,42,2,1,4,success,12161961113530546194,1
LEO_V1_1_REQUALIFICATION_20260920,ofat_comparative,interferenceDb__25p0__lqi,f36d0510e3dbb0d3c9adffa565c74ad2c5026b77fa1cf04b411ba46f49f4c520,triangle,2.5,lqi,1,3,1,42,2,1,5,success,12161961113530546194,1
LEO_V1_1_REQUALIFICATION_20260920,ofat_comparative,interferenceDb__25p0__lqi,f36d0510e3dbb0d3c9adffa565c74ad2c5026b77fa1cf04b411ba46f49f4c520,triangle,2.5,lqi,1,3,1,42,2,1,6,success,12161961113530546194,1
LEO_V1_1_REQUALIFICATION_20260920,ofat_comparative,interferenceDb__25p0__lqi,f36d0510e3dbb0d3c9adffa565c74ad2c5026b77fa1cf04b411ba46f49f4c520,triangle,2.5,lqi,1,3,1,42,2,1,7,success,12161961113530546194,1
LEO_V1_1_REQUALIFICATION_20260920,ofat_comparative,interferenceDb__25p0__lqi,f36d0510e3dbb0d3c9adffa565c74ad2c5026b77fa1cf04b411ba46f49f4c520,triangle,2.5,lqi,1,3,1,42,2,1,8,success,12161961113530546194,1
LEO_V1_1_REQUALIFICATION_20260920,ofat_comparative,interferenceDb__25p0__lqi,f36d0510e3dbb0d3c9adffa565c74ad2c5026b77fa1cf04b411ba46f49f4c520,triangle,2.5,lqi,1,3,1,42,2,1,9,success,12161961113530546194,1
LEO_V1_1_REQUALIFICATION_20260920,ofat_comparative,interferenceDb__25p0__lqi,f36d0510e3dbb0d3c9adffa565c74ad2c5026b77fa1cf04b411ba46f49f4c520,triangle,2.5,lqi,1,3,1,42,2,2,10,success,12161960014018917983,1
LEO_V1_1_REQUALIFICATION_20260920,ofat_comparative,interferenceDb__25p0__lqi,f36d0510e3dbb0d3c9adffa565c74ad2c5026b77fa1cf04b411ba46f49f4c520,triangle,2.5,lqi,1,3,1,42,2,2,11,success,12161960014018917983,1
LEO_V1_1_REQUALIFICATION_20260920,ofat_comparative,interferenceDb__25p0__lqi,f36d0510e3dbb0d3c9adffa565c74ad2c5026b77fa1cf04b411ba46f49f4c520,triangle,2.5,lqi,1,3,1,42,2,2,12,success,12161960014018917983,1
LEO_V1_1_REQUALIFICATION_20260920,ofat_comparative,interferenceDb__25p0__lqi,f36d0510e3dbb0d3c9adffa565c74ad2c5026b77fa1cf04b411ba46f49f4c520,triangle,2.5,lqi,1,3,1,42,2,2,13,success,12161960014018917983,1
LEO_V1_1_REQUALIFICATION_20260920,ofat_comparative,interferenceDb__25p0__lqi,f36d0510e3dbb0d3c9adffa565c74ad2c5026b77fa1cf04b411ba46f49f4c520,triangle,2.5,lqi,1,3,1,42,2,2,14,success,12161960014018917983,1
LEO_V1_1_REQUALIFICATION_20260920,ofat_comparative,interferenceDb__25p0__lqi,f36d0510e3dbb0d3c9adffa565c74ad2c5026b77fa1cf04b411ba46f49f4c520,triangle,2.5,lqi,1,3,1,42,2,2,15,success,12161960014018917983,1
LEO_V1_1_REQUALIFICATION_20260920,ofat_comparative,interferenceDb__25p0__lqi,f36d0510e3dbb0d3c9adffa565c74ad2c5026b77fa1cf04b411ba46f49f4c520,triangle,2.5,lqi,1,3,1,42,2,2,16,success,12161960014018917983,1
LEO_V1_1_REQUALIFICATION_20260920,ofat_comparative,interferenceDb__25p0__lqi,f36d0510e3dbb0d3c9adffa565c74ad2c5026b77fa1cf04b411ba46f49f4c520,triangle,2.5,lqi,1,3,1,42,2,2,17,success,12161960014018917983,1
LEO_V1_1_REQUALIFICATION_20260920,ofat_comparative,interferenceDb__25p0__lqi,f36d0510e3dbb0d3c9adffa565c74ad2c5026b77fa1cf04b411ba46f49f4c520,triangle,2.5,lqi,1,3,1,42,2,2,18,success,12161960014018917983,1
LEO_V1_1_REQUALIFICATION_20260920,ofat_comparative,interferenceDb__25p0__lqi,f36d0510e3dbb0d3c9adffa565c74ad2c5026b77fa1cf04b411ba46f49f4c520,triangle,2.5,lqi,1,3,1,42,2,2,19,success,12161960014018917983,1
LEO_V1_1_REQUALIFICATION_20260920,ofat_comparative,interferenceDb__25p0__lqi,f36d0510e3dbb0d3c9adffa565c74ad2c5026b77fa1cf04b411ba46f49f4c520,triangle,2.5,lqi,1,3,1,42,2,3,20,success,4254190280069190018,2
LEO_V1_1_REQUALIFICATION_20260920,ofat_comparative,interferenceDb__25p0__lqi,f36d0510e3dbb0d3c9adffa565c74ad2c5026b77fa1cf04b411ba46f49f4c520,triangle,2.5,lqi,1,3,1,42,2,3,21,success,4254190280069190018,2
LEO_V1_1_REQUALIFICATION_20260920,ofat_comparative,interferenceDb__25p0__lqi,f36d0510e3dbb0d3c9adffa565c74ad2c5026b77fa1cf04b411ba46f49f4c520,triangle,2.5,lqi,1,3,1,42,2,3,22,success,4254190280069190018,2
LEO_V1_1_REQUALIFICATION_20260920,ofat_comparative,interferenceDb__25p0__lqi,f36d0510e3dbb0d3c9adffa565c74ad2c5026b77fa1cf04b411ba46f49f4c520,triangle,2.5,lqi,1,3,1,42,2,3,23,success,4254190280069190018,2
LEO_V1_1_REQUALIFICATION_20260920,ofat_comparative,interferenceDb__25p0__lqi,f36d0510e3dbb0d3c9adffa565c74ad2c5026b77fa1cf04b411ba46f49f4c520,triangle,2.5,lqi,1,3,1,42,2,3,24,success,4254190280069190018,2
LEO_V1_1_REQUALIFICATION_20260920,ofat_comparative,interferenceDb__25p0__lqi,f36d0510e3dbb0d3c9adffa565c74ad2c5026b77fa1cf04b411ba46f49f4c520,triangle,2.5,lqi,1,3,1,42,2,3,25,success,4254190280069190018,2
LEO_V1_1_REQUALIFICATION_20260920,ofat_comparative,interferenceDb__25p0__lqi,f36d0510e3dbb0d3c9adffa565c74ad2c5026b77fa1cf04b411ba46f49f4c520,triangle,2.5,lqi,1,3,1,42,2,3,26,success,4254190280069190018,2
LEO_V1_1_REQUALIFICATION_20260920,ofat_comparative,interferenceDb__25p0__lqi,f36d0510e3dbb0d3c9adffa565c74ad2c5026b77fa1cf04b411ba46f49f4c520,triangle,2.5,lqi,1,3,1,42,2,3,27,success,4254190280069190018,2
LEO_V1_1_REQUALIFICATION_20260920,ofat_comparative,interferenceDb__25p0__lqi,f36d0510e3dbb0d3c9adffa565c74ad2c5026b77fa1cf04b411ba46f49f4c520,triangle,2.5,lqi,1,3,1,42,2,3,28,success,4254190280069190018,2
LEO_V1_1_REQUALIFICATION_20260920,ofat_comparative,interferenceDb__25p0__lqi,f36d0510e3dbb0d3c9adffa565c74ad2c5026b77fa1cf04b411ba46f49f4c520,triangle,2.5,lqi,1,3,1,42,2,3,29,success,4254190280069190018,2
LEO_V1_1_REQUALIFICATION_20260920,ofat_comparative,interferenceDb__25p0__lqi,f36d0510e3dbb0d3c9adffa565c74ad2c5026b77fa1cf04b411ba46f49f4c520,triangle,2.5,lqi,1,3,1,42,2,4,30,success,4254184782511048963,2
LEO_V1_1_REQUALIFICATION_20260920,ofat_comparative,interferenceDb__25p0__lqi,f36d0510e3dbb0d3c9adffa565c74ad2c5026b77fa1cf04b411ba46f49f4c520,triangle,2.5,lqi,1,3,1,42,2,4,31,success,4254184782511048963,2
LEO_V1_1_REQUALIFICATION_20260920,ofat_comparative,interferenceDb__25p0__lqi,f36d0510e3dbb0d3c9adffa565c74ad2c5026b77fa1cf04b411ba46f49f4c520,triangle,2.5,lqi,1,3,1,42,2,4,32,success,4254184782511048963,2
LEO_V1_1_REQUALIFICATION_20260920,ofat_comparative,interferenceDb__25p0__lqi,f36d0510e3dbb0d3c9adffa565c74ad2c5026b77fa1cf04b411ba46f49f4c520,triangle,2.5,lqi,1,3,1,42,2,4,33,success,4254184782511048963,2
LEO_V1_1_REQUALIFICATION_20260920,ofat_comparative,interferenceDb__25p0__lqi,f36d0510e3dbb0d3c9adffa565c74ad2c5026b77fa1cf04b411ba46f49f4c520,triangle,2.5,lqi,1,3,1,42,2,4,34,success,4254184782511048963,2
LEO_V1_1_REQUALIFICATION_20260920,ofat_comparative,interferenceDb__25p0__lqi,f36d0510e3dbb0d3c9adffa565c74ad2c5026b77fa1cf04b411ba46f49f4c520,triangle,2.5,lqi,1,3,1,42,2,4,35,success,4254184782511048963,2
LEO_V1_1_REQUALIFICATION_20260920,ofat_comparative,interferenceDb__25p0__lqi,f36d0510e3dbb0d3c9adffa565c74ad2c5026b77fa1cf04b411ba46f49f4c520,triangle,2.5,lqi,1,3,1,42,2,4,36,success,4254184782511048963,2
LEO_V1_1_REQUALIFICATION_20260920,ofat_comparative,interferenceDb__25p0__lqi,f36d0510e3dbb0d3c9adffa565c74ad2c5026b77fa1cf04b411ba46f49f4c520,triangle,2.5,lqi,1,3,1,42,2,4,37,success,4254184782511048963,2
LEO_V1_1_REQUALIFICATION_20260920,ofat_comparative,interferenceDb__25p0__lqi,f36d0510e3dbb0d3c9adffa565c74ad2c5026b77fa1cf04b411ba46f49f4c520,triangle,2.5,lqi,1,3,1,42,2,4,38,success,4254184782511048963,2
LEO_V1_1_REQUALIFICATION_20260920,ofat_comparative,interferenceDb__25p0__lqi,f36d0510e3dbb0d3c9adffa565c74ad2c5026b77fa1cf04b411ba46f49f4c520,triangle,2.5,lqi,1,3,1,42,2,4,39,success,4254184782511048963,2
LEO_V1_1_REQUALIFICATION_20260920,ofat_comparative,interferenceDb__25p0__lqi,f36d0510e3dbb0d3c9adffa565c74ad2c5026b77fa1cf04b411ba46f49f4c520,triangle,2.5,lqi,1,3,1,42,2,5,40,success,16719299368067595120,3
LEO_V1_1_REQUALIFICATION_20260920,ofat_comparative,interferenceDb__25p0__lqi,f36d0510e3dbb0d3c9adffa565c74ad2c5026b77fa1cf04b411ba46f49f4c520,triangle,2.5,lqi,1,3,1,42,2,5,41,success,16719299368067595120,3
LEO_V1_1_REQUALIFICATION_20260920,ofat_comparative,interferenceDb__25p0__lqi,f36d0510e3dbb0d3c9adffa565c74ad2c5026b77fa1cf04b411ba46f49f4c520,triangle,2.5,lqi,1,3,1,42,2,5,42,success,16719299368067595120,3
LEO_V1_1_REQUALIFICATION_20260920,ofat_comparative,interferenceDb__25p0__lqi,f36d0510e3dbb0d3c9adffa565c74ad2c5026b77fa1cf04b411ba46f49f4c520,triangle,2.5,lqi,1,3,1,42,2,5,43,success,16719299368067595120,3
LEO_V1_1_REQUALIFICATION_20260920,ofat_comparative,interferenceDb__25p0__lqi,f36d0510e3dbb0d3c9adffa565c74ad2c5026b77fa1cf04b411ba46f49f4c520,triangle,2.5,lqi,1,3,1,42,2,5,44,success,16719299368067595120,3
LEO_V1_1_REQUALIFICATION_20260920,ofat_comparative,interferenceDb__25p0__lqi,f36d0510e3dbb0d3c9adffa565c74ad2c5026b77fa1cf04b411ba46f49f4c520,triangle,2.5,lqi,1,3,1,42,2,5,45,success,16719299368067595120,3
LEO_V1_1_REQUALIFICATION_20260920,ofat_comparative,interferenceDb__25p0__lqi,f36d0510e3dbb0d3c9adffa565c74ad2c5026b77fa1cf04b411ba46f49f4c520,triangle,2.5,lqi,1,3,1,42,2,5,46,success,16719299368067595120,3
LEO_V1_1_REQUALIFICATION_20260920,ofat_comparative,interferenceDb__25p0__lqi,f36d0510e3dbb0d3c9adffa565c74ad2c5026b77fa1cf04b411ba46f49f4c520,triangle,2.5,lqi,1,3,1,42,2,5,47,success,16719299368067595120,3
LEO_V1_1_REQUALIFICATION_20260920,ofat_comparative,interferenceDb__25p0__lqi,f36d0510e3dbb0d3c9adffa565c74ad2c5026b77fa1cf04b411ba46f49f4c520,triangle,2.5,lqi,1,3,1,42,2,5,48,success,16719299368067595120,3
LEO_V1_1_REQUALIFICATION_20260920,ofat_comparative,interferenceDb__25p0__lqi,f36d0510e3dbb0d3c9adffa565c74ad2c5026b77fa1cf04b411ba46f49f4c520,triangle,2.5,lqi,1,3,1,42,2,5,49,success,16719299368067595120,3
LEO_V1_1_REQUALIFICATION_20260920,ofat_comparative,interferenceDb__25p0__lqi,f36d0510e3dbb0d3c9adffa565c74ad2c5026b77fa1cf04b411ba46f49f4c520,triangle,2.5,lqi,1,3,1,42,2,6,50,success,3355162293075433701,3
LEO_V1_1_REQUALIFICATION_20260920,ofat_comparative,interferenceDb__25p0__lqi,f36d0510e3dbb0d3c9adffa565c74ad2c5026b77fa1cf04b411ba46f49f4c520,triangle,2.5,lqi,1,3,1,42,2,6,51,success,3355162293075433701,3
LEO_V1_1_REQUALIFICATION_20260920,ofat_comparative,interferenceDb__25p0__lqi,f36d0510e3dbb0d3c9adffa565c74ad2c5026b77fa1cf04b411ba46f49f4c520,triangle,2.5,lqi,1,3,1,42,2,6,52,success,3355162293075433701,3
LEO_V1_1_REQUALIFICATION_20260920,ofat_comparative,interferenceDb__25p0__lqi,f36d0510e3dbb0d3c9adffa565c74ad2c5026b77fa1cf04b411ba46f49f4c520,triangle,2.5,lqi,1,3,1,42,2,6,53,success,3355162293075433701,3
LEO_V1_1_REQUALIFICATION_20260920,ofat_comparative,interferenceDb__25p0__lqi,f36d0510e3dbb0d3c9adffa565c74ad2c5026b77fa1cf04b411ba46f49f4c520,triangle,2.5,lqi,1,3,1,42,2,6,54,success,3355162293075433701,3
LEO_V1_1_REQUALIFICATION_20260920,ofat_comparative,interferenceDb__25p0__lqi,f36d0510e3dbb0d3c9adffa565c74ad2c5026b77fa1cf04b411ba46f49f4c520,triangle,2.5,lqi,1,3,1,42,2,6,55,success,3355162293075433701,3
LEO_V1_1_REQUALIFICATION_20260920,ofat_comparative,interferenceDb__25p0__lqi,f36d0510e3dbb0d3c9adffa565c74ad2c5026b77fa1cf04b411ba46f49f4c520,triangle,2.5,lqi,1,3,1,42,2,6,56,success,3355162293075433701,3
LEO_V1_1_REQUALIFICATION_20260920,ofat_comparative,interferenceDb__25p0__lqi,f36d0510e3dbb0d3c9adffa565c74ad2c5026b77fa1cf04b411ba46f49f4c520,triangle,2.5,lqi,1,3,1,42,2,6,57,success,3355162293075433701,3
LEO_V1_1_REQUALIFICATION_20260920,ofat_comparative,interferenceDb__25p0__lqi,f36d0510e3dbb0d3c9adffa565c74ad2c5026b77fa1cf04b411ba46f49f4c520,triangle,2.5,lqi,1,3,1,42,2,6,58,success,3355162293075433701,3
LEO_V1_1_REQUALIFICATION_20260920,ofat_comparative,interferenceDb__25p0__lqi,f36d0510e3dbb0d3c9adffa565c74ad2c5026b77fa1cf04b411ba46f49f4c520,triangle,2.5,lqi,1,3,1,42,2,6,59,success,3355162293075433701,3
LEO_V1_1_REQUALIFICATION_20260920,ofat_comparative,interferenceDb__25p0__lqi,f36d0510e3dbb0d3c9adffa565c74ad2c5026b77fa1cf04b411ba46f49f4c520,triangle,2.5,lqi,1,3,1,42,2,7,60,success,12161954516460776928,1
LEO_V1_1_REQUALIFICATION_20260920,ofat_comparative,interferenceDb__25p0__lqi,f36d0510e3dbb0d3c9adffa565c74ad2c5026b77fa1cf04b411ba46f49f4c520,triangle,2.5,lqi,1,3,1,42,2,7,61,success,12161954516460776928,1
LEO_V1_1_REQUALIFICATION_20260920,ofat_comparative,interferenceDb__25p0__lqi,f36d0510e3dbb0d3c9adffa565c74ad2c5026b77fa1cf04b411ba46f49f4c520,triangle,2.5,lqi,1,3,1,42,2,7,62,success,12161954516460776928,1
LEO_V1_1_REQUALIFICATION_20260920,ofat_comparative,interferenceDb__25p0__lqi,f36d0510e3dbb0d3c9adffa565c74ad2c5026b77fa1cf04b411ba46f49f4c520,triangle,2.5,lqi,1,3,1,42,2,7,63,success,12161954516460776928,1
LEO_V1_1_REQUALIFICATION_20260920,ofat_comparative,interferenceDb__25p0__lqi,f36d0510e3dbb0d3c9adffa565c74ad2c5026b77fa1cf04b411ba46f49f4c520,triangle,2.5,lqi,1,3,1,42,2,7,64,success,12161954516460776928,1
LEO_V1_1_REQUALIFICATION_20260920,ofat_comparative,interferenceDb__25p0__lqi,f36d0510e3dbb0d3c9adffa565c74ad2c5026b77fa1cf04b411ba46f49f4c520,triangle,2.5,lqi,1,3,1,42,2,7,65,success,12161954516460776928,1
LEO_V1_1_REQUALIFICATION_20260920,ofat_comparative,interferenceDb__25p0__lqi,f36d0510e3dbb0d3c9adffa565c74ad2c5026b77fa1cf04b411ba46f49f4c520,triangle,2.5,lqi,1,3,1,42,2,7,66,success,12161954516460776928,1
LEO_V1_1_REQUALIFICATION_20260920,ofat_comparative,interferenceDb__25p0__lqi,f36d0510e3dbb0d3c9adffa565c74ad2c5026b77fa1cf04b411ba46f49f4c520,triangle,2.5,lqi,1,3,1,42,2,7,67,success,12161954516460776928,1
LEO_V1_1_REQUALIFICATION_20260920,ofat_comparative,interferenceDb__25p0__lqi,f36d0510e3dbb0d3c9adffa565c74ad2c5026b77fa1cf04b411ba46f49f4c520,triangle,2.5,lqi,1,3,1,42,2,7,68,success,12161954516460776928,1
LEO_V1_1_REQUALIFICATION_20260920,ofat_comparative,interferenceDb__25p0__lqi,f36d0510e3dbb0d3c9adffa565c74ad2c5026b77fa1cf04b411ba46f49f4c520,triangle,2.5,lqi,1,3,1,42,2,7,69,success,12161954516460776928,1
LEO_V1_1_REQUALIFICATION_20260920,ofat_comparative,interferenceDb__25p0__lqi,f36d0510e3dbb0d3c9adffa565c74ad2c5026b77fa1cf04b411ba46f49f4c520,triangle,2.5,lqi,1,3,1,42,2,8,70,success,12161971009135200093,1
LEO_V1_1_REQUALIFICATION_20260920,ofat_comparative,interferenceDb__25p0__lqi,f36d0510e3dbb0d3c9adffa565c74ad2c5026b77fa1cf04b411ba46f49f4c520,triangle,2.5,lqi,1,3,1,42,2,8,71,success,12161971009135200093,1
LEO_V1_1_REQUALIFICATION_20260920,ofat_comparative,interferenceDb__25p0__lqi,f36d0510e3dbb0d3c9adffa565c74ad2c5026b77fa1cf04b411ba46f49f4c520,triangle,2.5,lqi,1,3,1,42,2,8,72,success,12161971009135200093,1
LEO_V1_1_REQUALIFICATION_20260920,ofat_comparative,interferenceDb__25p0__lqi,f36d0510e3dbb0d3c9adffa565c74ad2c5026b77fa1cf04b411ba46f49f4c520,triangle,2.5,lqi,1,3,1,42,2,8,73,success,12161971009135200093,1
LEO_V1_1_REQUALIFICATION_20260920,ofat_comparative,interferenceDb__25p0__lqi,f36d0510e3dbb0d3c9adffa565c74ad2c5026b77fa1cf04b411ba46f49f4c520,triangle,2.5,lqi,1,3,1,42,2,8,74,success,12161971009135200093,1
LEO_V1_1_REQUALIFICATION_20260920,ofat_comparative,interferenceDb__25p0__lqi,f36d0510e3dbb0d3c9adffa565c74ad2c5026b77fa1cf04b411ba46f49f4c520,triangle,2.5,lqi,1,3,1,42,2,8,75,success,12161971009135200093,1
LEO_V1_1_REQUALIFICATION_20260920,ofat_comparative,interferenceDb__25p0__lqi,f36d0510e3dbb0d3c9adffa565c74ad2c5026b77fa1cf04b411ba46f49f4c520,triangle,2.5,lqi,1,3,1,42,2,8,76,success,12161971009135200093,1
LEO_V1_1_REQUALIFICATION_20260920,ofat_comparative,interferenceDb__25p0__lqi,f36d0510e3dbb0d3c9adffa565c74ad2c5026b77fa1cf04b411ba46f49f4c520,triangle,2.5,lqi,1,3,1,42,2,8,77,success,12161971009135200093,1
LEO_V1_1_REQUALIFICATION_20260920,ofat_comparative,interferenceDb__25p0__lqi,f36d0510e3dbb0d3c9adffa565c74ad2c5026b77fa1cf04b411ba46f49f4c520,triangle,2.5,lqi,1,3,1,42,2,8,78,success,12161971009135200093,1
LEO_V1_1_REQUALIFICATION_20260920,ofat_comparative,interferenceDb__25p0__lqi,f36d0510e3dbb0d3c9adffa565c74ad2c5026b77fa1cf04b411ba46f49f4c520,triangle,2.5,lqi,1,3,1,42,2,8,79,success,12161971009135200093,1
LEO_V1_1_REQUALIFICATION_20260920,ofat_comparative,interferenceDb__25p0__lqi,f36d0510e3dbb0d3c9adffa565c74ad2c5026b77fa1cf04b411ba46f49f4c520,triangle,2.5,lqi,1,3,1,42,2,9,80,success,18131355419705379627,2
LEO_V1_1_REQUALIFICATION_20260920,ofat_comparative,interferenceDb__25p0__lqi,f36d0510e3dbb0d3c9adffa565c74ad2c5026b77fa1cf04b411ba46f49f4c520,triangle,2.5,lqi,1,3,1,42,2,9,81,success,18131355419705379627,2
LEO_V1_1_REQUALIFICATION_20260920,ofat_comparative,interferenceDb__25p0__lqi,f36d0510e3dbb0d3c9adffa565c74ad2c5026b77fa1cf04b411ba46f49f4c520,triangle,2.5,lqi,1,3,1,42,2,9,82,success,18131355419705379627,2
LEO_V1_1_REQUALIFICATION_20260920,ofat_comparative,interferenceDb__25p0__lqi,f36d0510e3dbb0d3c9adffa565c74ad2c5026b77fa1cf04b411ba46f49f4c520,triangle,2.5,lqi,1,3,1,42,2,9,83,success,18131355419705379627,2
LEO_V1_1_REQUALIFICATION_20260920,ofat_comparative,interferenceDb__25p0__lqi,f36d0510e3dbb0d3c9adffa565c74ad2c5026b77fa1cf04b411ba46f49f4c520,triangle,2.5,lqi,1,3,1,42,2,9,84,success,18131355419705379627,2
LEO_V1_1_REQUALIFICATION_20260920,ofat_comparative,interferenceDb__25p0__lqi,f36d0510e3dbb0d3c9adffa565c74ad2c5026b77fa1cf04b411ba46f49f4c520,triangle,2.5,lqi,1,3,1,42,2,9,85,success,18131355419705379627,2
LEO_V1_1_REQUALIFICATION_20260920,ofat_comparative,interferenceDb__25p0__lqi,f36d0510e3dbb0d3c9adffa565c74ad2c5026b77fa1cf04b411ba46f49f4c520,triangle,2.5,lqi,1,3,1,42,2,9,86,success,18131355419705379627,2
LEO_V1_1_REQUALIFICATION_20260920,ofat_comparative,interferenceDb__25p0__lqi,f36d0510e3dbb0d3c9adffa565c74ad2c5026b77fa1cf04b411ba46f49f4c520,triangle,2.5,lqi,1,3,1,42,2,9,87,success,18131355419705379627,2
LEO_V1_1_REQUALIFICATION_20260920,ofat_comparative,interferenceDb__25p0__lqi,f36d0510e3dbb0d3c9adffa565c74ad2c5026b77fa1cf04b411ba46f49f4c520,triangle,2.5,lqi,1,3,1,42,2,9,88,success,18131355419705379627,2
LEO_V1_1_REQUALIFICATION_20260920,ofat_comparative,interferenceDb__25p0__lqi,f36d0510e3dbb0d3c9adffa565c74ad2c5026b77fa1cf04b411ba46f49f4c520,triangle,2.5,lqi,1,3,1,42,2,9,89,success,18131355419705379627,2
LEO_V1_1_REQUALIFICATION_20260920,ofat_comparative,interferenceDb__25p0__lqi,f36d0510e3dbb0d3c9adffa565c74ad2c5026b77fa1cf04b411ba46f49f4c520,triangle,2.5,lqi,1,3,1,42,2,10,90,timeout,0,0
LEO_V1_1_REQUALIFICATION_20260920,ofat_comparative,interferenceDb__25p0__lqi,f36d0510e3dbb0d3c9adffa565c74ad2c5026b77fa1cf04b411ba46f49f4c520,triangle,2.5,lqi,1,3,1,42,2,10,91,no_route,0,0
LEO_V1_1_REQUALIFICATION_20260920,ofat_comparative,interferenceDb__25p0__lqi,f36d0510e3dbb0d3c9adffa565c74ad2c5026b77fa1cf04b411ba46f49f4c520,triangle,2.5,lqi,1,3,1,42,2,10,92,success,13393353645774055087,2
LEO_V1_1_REQUALIFICATION_20260920,ofat_comparative,interferenceDb__25p0__lqi,f36d0510e3dbb0d3c9adffa565c74ad2c5026b77fa1cf04b411ba46f49f4c520,triangle,2.5,lqi,1,3,1,42,2,10,93,success,13393353645774055087,2
LEO_V1_1_REQUALIFICATION_20260920,ofat_comparative,interferenceDb__25p0__lqi,f36d0510e3dbb0d3c9adffa565c74ad2c5026b77fa1cf04b411ba46f49f4c520,triangle,2.5,lqi,1,3,1,42,2,10,94,success,13393353645774055087,2
LEO_V1_1_REQUALIFICATION_20260920,ofat_comparative,interferenceDb__25p0__lqi,f36d0510e3dbb0d3c9adffa565c74ad2c5026b77fa1cf04b411ba46f49f4c520,triangle,2.5,lqi,1,3,1,42,2,10,95,success,13393353645774055087,2
LEO_V1_1_REQUALIFICATION_20260920,ofat_comparative,interferenceDb__25p0__lqi,f36d0510e3dbb0d3c9adffa565c74ad2c5026b77fa1cf04b411ba46f49f4c520,triangle,2.5,lqi,1,3,1,42,2,10,96,success,13393353645774055087,2
LEO_V1_1_REQUALIFICATION_20260920,ofat_comparative,interferenceDb__25p0__lqi,f36d0510e3dbb0d3c9adffa565c74ad2c5026b77fa1cf04b411ba46f49f4c520,triangle,2.5,lqi,1,3,1,42,2,10,97,success,13393353645774055087,2
LEO_V1_1_REQUALIFICATION_20260920,ofat_comparative,interferenceDb__25p0__lqi,f36d0510e3dbb0d3c9adffa565c74ad2c5026b77fa1cf04b411ba46f49f4c520,triangle,2.5,lqi,1,3,1,42,2,10,98,success,13393353645774055087,2
LEO_V1_1_REQUALIFICATION_20260920,ofat_comparative,interferenceDb__25p0__lqi,f36d0510e3dbb0d3c9adffa565c74ad2c5026b77fa1cf04b411ba46f49f4c520,triangle,2.5,lqi,1,3,1,42,2,10,99,success,13393353645774055087,2
LEO_V1_1_REQUALIFICATION_20260920,ofat_comparative,interferenceDb__25p0__lqi,f36d0510e3dbb0d3c9adffa565c74ad2c5026b77fa1cf04b411ba46f49f4c520,triangle,2.5,lqi,1,3,1,42,2,11,100,success,16550410314374313081,3
LEO_V1_1_REQUALIFICATION_20260920,ofat_comparative,interferenceDb__25p0__lqi,f36d0510e3dbb0d3c9adffa565c74ad2c5026b77fa1cf04b411ba46f49f4c520,triangle,2.5,lqi,1,3,1,42,2,11,101,timeout,0,0
LEO_V1_1_REQUALIFICATION_20260920,ofat_comparative,interferenceDb__25p0__lqi,f36d0510e3dbb0d3c9adffa565c74ad2c5026b77fa1cf04b411ba46f49f4c520,triangle,2.5,lqi,1,3,1,42,2,11,102,no_route,0,0
LEO_V1_1_REQUALIFICATION_20260920,ofat_comparative,interferenceDb__25p0__lqi,f36d0510e3dbb0d3c9adffa565c74ad2c5026b77fa1cf04b411ba46f49f4c520,triangle,2.5,lqi,1,3,1,42,2,11,103,no_route,0,0
LEO_V1_1_REQUALIFICATION_20260920,ofat_comparative,interferenceDb__25p0__lqi,f36d0510e3dbb0d3c9adffa565c74ad2c5026b77fa1cf04b411ba46f49f4c520,triangle,2.5,lqi,1,3,1,42,2,11,104,success,11861905262065286250,3
LEO_V1_1_REQUALIFICATION_20260920,ofat_comparative,interferenceDb__25p0__lqi,f36d0510e3dbb0d3c9adffa565c74ad2c5026b77fa1cf04b411ba46f49f4c520,triangle,2.5,lqi,1,3,1,42,2,11,105,success,11861905262065286250,3
LEO_V1_1_REQUALIFICATION_20260920,ofat_comparative,interferenceDb__25p0__lqi,f36d0510e3dbb0d3c9adffa565c74ad2c5026b77fa1cf04b411ba46f49f4c520,triangle,2.5,lqi,1,3,1,42,2,11,106,success,11861905262065286250,3
LEO_V1_1_REQUALIFICATION_20260920,ofat_comparative,interferenceDb__25p0__lqi,f36d0510e3dbb0d3c9adffa565c74ad2c5026b77fa1cf04b411ba46f49f4c520,triangle,2.5,lqi,1,3,1,42,2,11,107,success,11861905262065286250,3
LEO_V1_1_REQUALIFICATION_20260920,ofat_comparative,interferenceDb__25p0__lqi,f36d0510e3dbb0d3c9adffa565c74ad2c5026b77fa1cf04b411ba46f49f4c520,triangle,2.5,lqi,1,3,1,42,2,11,108,success,11861905262065286250,3
LEO_V1_1_REQUALIFICATION_20260920,ofat_comparative,interferenceDb__25p0__lqi,f36d0510e3dbb0d3c9adffa565c74ad2c5026b77fa1cf04b411ba46f49f4c520,triangle,2.5,lqi,1,3,1,42,2,11,109,success,11861905262065286250,3
LEO_V1_1_REQUALIFICATION_20260920,ofat_comparative,interferenceDb__25p0__lqi,f36d0510e3dbb0d3c9adffa565c74ad2c5026b77fa1cf04b411ba46f49f4c520,triangle,2.5,lqi,1,3,1,42,2,12,110,success,11861899764507145195,3
LEO_V1_1_REQUALIFICATION_20260920,ofat_comparative,interferenceDb__25p0__lqi,f36d0510e3dbb0d3c9adffa565c74ad2c5026b77fa1cf04b411ba46f49f4c520,triangle,2.5,lqi,1,3,1,42,2,12,111,timeout,0,0
LEO_V1_1_REQUALIFICATION_20260920,ofat_comparative,interferenceDb__25p0__lqi,f36d0510e3dbb0d3c9adffa565c74ad2c5026b77fa1cf04b411ba46f49f4c520,triangle,2.5,lqi,1,3,1,42,2,12,112,no_route,0,0
LEO_V1_1_REQUALIFICATION_20260920,ofat_comparative,interferenceDb__25p0__lqi,f36d0510e3dbb0d3c9adffa565c74ad2c5026b77fa1cf04b411ba46f49f4c520,triangle,2.5,lqi,1,3,1,42,2,12,113,success,1239503232986906072,3
LEO_V1_1_REQUALIFICATION_20260920,ofat_comparative,interferenceDb__25p0__lqi,f36d0510e3dbb0d3c9adffa565c74ad2c5026b77fa1cf04b411ba46f49f4c520,triangle,2.5,lqi,1,3,1,42,2,12,114,success,1239503232986906072,3
LEO_V1_1_REQUALIFICATION_20260920,ofat_comparative,interferenceDb__25p0__lqi,f36d0510e3dbb0d3c9adffa565c74ad2c5026b77fa1cf04b411ba46f49f4c520,triangle,2.5,lqi,1,3,1,42,2,12,115,timeout,0,0
LEO_V1_1_REQUALIFICATION_20260920,ofat_comparative,interferenceDb__25p0__lqi,f36d0510e3dbb0d3c9adffa565c74ad2c5026b77fa1cf04b411ba46f49f4c520,triangle,2.5,lqi,1,3,1,42,2,12,116,no_route,0,0
LEO_V1_1_REQUALIFICATION_20260920,ofat_comparative,interferenceDb__25p0__lqi,f36d0510e3dbb0d3c9adffa565c74ad2c5026b77fa1cf04b411ba46f49f4c520,triangle,2.5,lqi,1,3,1,42,2,12,117,success,16253555859391050909,4
LEO_V1_1_REQUALIFICATION_20260920,ofat_comparative,interferenceDb__25p0__lqi,f36d0510e3dbb0d3c9adffa565c74ad2c5026b77fa1cf04b411ba46f49f4c520,triangle,2.5,lqi,1,3,1,42,2,12,118,success,16253555859391050909,4
LEO_V1_1_REQUALIFICATION_20260920,ofat_comparative,interferenceDb__25p0__lqi,f36d0510e3dbb0d3c9adffa565c74ad2c5026b77fa1cf04b411ba46f49f4c520,triangle,2.5,lqi,1,3,1,42,2,12,119,success,16253555859391050909,4
LEO_V1_1_REQUALIFICATION_20260920,ofat_comparative,interferenceDb__25p0__lqi,f36d0510e3dbb0d3c9adffa565c74ad2c5026b77fa1cf04b411ba46f49f4c520,triangle,2.5,lqi,1,3,1,42,2,13,120,no_route,0,0
LEO_V1_1_REQUALIFICATION_20260920,ofat_comparative,interferenceDb__25p0__lqi,f36d0510e3dbb0d3c9adffa565c74ad2c5026b77fa1cf04b411ba46f49f4c520,triangle,2.5,lqi,1,3,1,42,2,13,121,no_route,0,0
LEO_V1_1_REQUALIFICATION_20260920,ofat_comparative,interferenceDb__25p0__lqi,f36d0510e3dbb0d3c9adffa565c74ad2c5026b77fa1cf04b411ba46f49f4c520,triangle,2.5,lqi,1,3,1,42,2,13,122,no_route,0,0
LEO_V1_1_REQUALIFICATION_20260920,ofat_comparative,interferenceDb__25p0__lqi,f36d0510e3dbb0d3c9adffa565c74ad2c5026b77fa1cf04b411ba46f49f4c520,triangle,2.5,lqi,1,3,1,42,2,13,123,no_route,0,0
LEO_V1_1_REQUALIFICATION_20260920,ofat_comparative,interferenceDb__25p0__lqi,f36d0510e3dbb0d3c9adffa565c74ad2c5026b77fa1cf04b411ba46f49f4c520,triangle,2.5,lqi,1,3,1,42,2,13,124,no_route,0,0
LEO_V1_1_REQUALIFICATION_20260920,ofat_comparative,interferenceDb__25p0__lqi,f36d0510e3dbb0d3c9adffa565c74ad2c5026b77fa1cf04b411ba46f49f4c520,triangle,2.5,lqi,1,3,1,42,2,13,125,no_route,0,0
LEO_V1_1_REQUALIFICATION_20260920,ofat_comparative,interferenceDb__25p0__lqi,f36d0510e3dbb0d3c9adffa565c74ad2c5026b77fa1cf04b411ba46f49f4c520,triangle,2.5,lqi,1,3,1,42,2,13,126,no_route,0,0
LEO_V1_1_REQUALIFICATION_20260920,ofat_comparative,interferenceDb__25p0__lqi,f36d0510e3dbb0d3c9adffa565c74ad2c5026b77fa1cf04b411ba46f49f4c520,triangle,2.5,lqi,1,3,1,42,2,13,127,no_route,0,0
LEO_V1_1_REQUALIFICATION_20260920,ofat_comparative,interferenceDb__25p0__lqi,f36d0510e3dbb0d3c9adffa565c74ad2c5026b77fa1cf04b411ba46f49f4c520,triangle,2.5,lqi,1,3,1,42,2,13,128,no_route,0,0
LEO_V1_1_REQUALIFICATION_20260920,ofat_comparative,interferenceDb__25p0__lqi,f36d0510e3dbb0d3c9adffa565c74ad2c5026b77fa1cf04b411ba46f49f4c520,triangle,2.5,lqi,1,3,1,42,2,13,129,no_route,0,0
LEO_V1_1_REQUALIFICATION_20260920,ofat_comparative,interferenceDb__25p0__lqi,f36d0510e3dbb0d3c9adffa565c74ad2c5026b77fa1cf04b411ba46f49f4c520,triangle,2.5,lqi,1,3,1,42,2,14,130,no_route,0,0
LEO_V1_1_REQUALIFICATION_20260920,ofat_comparative,interferenceDb__25p0__lqi,f36d0510e3dbb0d3c9adffa565c74ad2c5026b77fa1cf04b411ba46f49f4c520,triangle,2.5,lqi,1,3,1,42,2,14,131,no_route,0,0
LEO_V1_1_REQUALIFICATION_20260920,ofat_comparative,interferenceDb__25p0__lqi,f36d0510e3dbb0d3c9adffa565c74ad2c5026b77fa1cf04b411ba46f49f4c520,triangle,2.5,lqi,1,3,1,42,2,14,132,no_route,0,0
LEO_V1_1_REQUALIFICATION_20260920,ofat_comparative,interferenceDb__25p0__lqi,f36d0510e3dbb0d3c9adffa565c74ad2c5026b77fa1cf04b411ba46f49f4c520,triangle,2.5,lqi,1,3,1,42,2,14,133,no_route,0,0
LEO_V1_1_REQUALIFICATION_20260920,ofat_comparative,interferenceDb__25p0__lqi,f36d0510e3dbb0d3c9adffa565c74ad2c5026b77fa1cf04b411ba46f49f4c520,triangle,2.5,lqi,1,3,1,42,2,14,134,no_route,0,0
LEO_V1_1_REQUALIFICATION_20260920,ofat_comparative,interferenceDb__25p0__lqi,f36d0510e3dbb0d3c9adffa565c74ad2c5026b77fa1cf04b411ba46f49f4c520,triangle,2.5,lqi,1,3,1,42,2,14,135,no_route,0,0
LEO_V1_1_REQUALIFICATION_20260920,ofat_comparative,interferenceDb__25p0__lqi,f36d0510e3dbb0d3c9adffa565c74ad2c5026b77fa1cf04b411ba46f49f4c520,triangle,2.5,lqi,1,3,1,42,2,14,136,no_route,0,0
LEO_V1_1_REQUALIFICATION_20260920,ofat_comparative,interferenceDb__25p0__lqi,f36d0510e3dbb0d3c9adffa565c74ad2c5026b77fa1cf04b411ba46f49f4c520,triangle,2.5,lqi,1,3,1,42,2,14,137,no_route,0,0
LEO_V1_1_REQUALIFICATION_20260920,ofat_comparative,interferenceDb__25p0__lqi,f36d0510e3dbb0d3c9adffa565c74ad2c5026b77fa1cf04b411ba46f49f4c520,triangle,2.5,lqi,1,3,1,42,2,14,138,no_route,0,0
LEO_V1_1_REQUALIFICATION_20260920,ofat_comparative,interferenceDb__25p0__lqi,f36d0510e3dbb0d3c9adffa565c74ad2c5026b77fa1cf04b411ba46f49f4c520,triangle,2.5,lqi,1,3,1,42,2,14,139,no_route,0,0
LEO_V1_1_REQUALIFICATION_20260920,ofat_comparative,interferenceDb__25p0__lqi,f36d0510e3dbb0d3c9adffa565c74ad2c5026b77fa1cf04b411ba46f49f4c520,triangle,2.5,lqi,1,3,1,42,2,15,140,no_route,0,0
LEO_V1_1_REQUALIFICATION_20260920,ofat_comparative,interferenceDb__25p0__lqi,f36d0510e3dbb0d3c9adffa565c74ad2c5026b77fa1cf04b411ba46f49f4c520,triangle,2.5,lqi,1,3,1,42,2,15,141,no_route,0,0
LEO_V1_1_REQUALIFICATION_20260920,ofat_comparative,interferenceDb__25p0__lqi,f36d0510e3dbb0d3c9adffa565c74ad2c5026b77fa1cf04b411ba46f49f4c520,triangle,2.5,lqi,1,3,1,42,2,15,142,no_route,0,0
LEO_V1_1_REQUALIFICATION_20260920,ofat_comparative,interferenceDb__25p0__lqi,f36d0510e3dbb0d3c9adffa565c74ad2c5026b77fa1cf04b411ba46f49f4c520,triangle,2.5,lqi,1,3,1,42,2,15,143,no_route,0,0
LEO_V1_1_REQUALIFICATION_20260920,ofat_comparative,interferenceDb__25p0__lqi,f36d0510e3dbb0d3c9adffa565c74ad2c5026b77fa1cf04b411ba46f49f4c520,triangle,2.5,lqi,1,3,1,42,2,15,144,no_route,0,0
LEO_V1_1_REQUALIFICATION_20260920,ofat_comparative,interferenceDb__25p0__lqi,f36d0510e3dbb0d3c9adffa565c74ad2c5026b77fa1cf04b411ba46f49f4c520,triangle,2.5,lqi,1,3,1,42,2,15,145,no_route,0,0
LEO_V1_1_REQUALIFICATION_20260920,ofat_comparative,interferenceDb__25p0__lqi,f36d0510e3dbb0d3c9adffa565c74ad2c5026b77fa1cf04b411ba46f49f4c520,triangle,2.5,lqi,1,3,1,42,2,15,146,no_route,0,0
LEO_V1_1_REQUALIFICATION_20260920,ofat_comparative,interferenceDb__25p0__lqi,f36d0510e3dbb0d3c9adffa565c74ad2c5026b77fa1cf04b411ba46f49f4c520,triangle,2.5,lqi,1,3,1,42,2,15,147,no_route,0,0
LEO_V1_1_REQUALIFICATION_20260920,ofat_comparative,interferenceDb__25p0__lqi,f36d0510e3dbb0d3c9adffa565c74ad2c5026b77fa1cf04b411ba46f49f4c520,triangle,2.5,lqi,1,3,1,42,2,15,148,no_route,0,0
LEO_V1_1_REQUALIFICATION_20260920,ofat_comparative,interferenceDb__25p0__lqi,f36d0510e3dbb0d3c9adffa565c74ad2c5026b77fa1cf04b411ba46f49f4c520,triangle,2.5,lqi,1,3,1,42,2,15,149,no_route,0,0
LEO_V1_1_REQUALIFICATION_20260920,ofat_comparative,interferenceDb__25p0__lqi,f36d0510e3dbb0d3c9adffa565c74ad2c5026b77fa1cf04b411ba46f49f4c520,triangle,2.5,lqi,1,3,1,42,2,16,150,no_route,0,0
LEO_V1_1_REQUALIFICATION_20260920,ofat_comparative,interferenceDb__25p0__lqi,f36d0510e3dbb0d3c9adffa565c74ad2c5026b77fa1cf04b411ba46f49f4c520,triangle,2.5,lqi,1,3,1,42,2,16,151,no_route,0,0
LEO_V1_1_REQUALIFICATION_20260920,ofat_comparative,interferenceDb__25p0__lqi,f36d0510e3dbb0d3c9adffa565c74ad2c5026b77fa1cf04b411ba46f49f4c520,triangle,2.5,lqi,1,3,1,42,2,16,152,no_route,0,0
LEO_V1_1_REQUALIFICATION_20260920,ofat_comparative,interferenceDb__25p0__lqi,f36d0510e3dbb0d3c9adffa565c74ad2c5026b77fa1cf04b411ba46f49f4c520,triangle,2.5,lqi,1,3,1,42,2,16,153,no_route,0,0
LEO_V1_1_REQUALIFICATION_20260920,ofat_comparative,interferenceDb__25p0__lqi,f36d0510e3dbb0d3c9adffa565c74ad2c5026b77fa1cf04b411ba46f49f4c520,triangle,2.5,lqi,1,3,1,42,2,16,154,no_route,0,0
LEO_V1_1_REQUALIFICATION_20260920,ofat_comparative,interferenceDb__25p0__lqi,f36d0510e3dbb0d3c9adffa565c74ad2c5026b77fa1cf04b411ba46f49f4c520,triangle,2.5,lqi,1,3,1,42,2,16,155,no_route,0,0
LEO_V1_1_REQUALIFICATION_20260920,ofat_comparative,interferenceDb__25p0__lqi,f36d0510e3dbb0d3c9adffa565c74ad2c5026b77fa1cf04b411ba46f49f4c520,triangle,2.5,lqi,1,3,1,42,2,16,156,no_route,0,0
LEO_V1_1_REQUALIFICATION_20260920,ofat_comparative,interferenceDb__25p0__lqi,f36d0510e3dbb0d3c9adffa565c74ad2c5026b77fa1cf04b411ba46f49f4c520,triangle,2.5,lqi,1,3,1,42,2,16,157,no_route,0,0
LEO_V1_1_REQUALIFICATION_20260920,ofat_comparative,interferenceDb__25p0__lqi,f36d0510e3dbb0d3c9adffa565c74ad2c5026b77fa1cf04b411ba46f49f4c520,triangle,2.5,lqi,1,3,1,42,2,16,158,no_route,0,0
LEO_V1_1_REQUALIFICATION_20260920,ofat_comparative,interferenceDb__25p0__lqi,f36d0510e3dbb0d3c9adffa565c74ad2c5026b77fa1cf04b411ba46f49f4c520,triangle,2.5,lqi,1,3,1,42,2,16,159,no_route,0,0
LEO_V1_1_REQUALIFICATION_20260920,ofat_comparative,interferenceDb__25p0__lqi,f36d0510e3dbb0d3c9adffa565c74ad2c5026b77fa1cf04b411ba46f49f4c520,triangle,2.5,lqi,1,3,1,42,2,17,160,no_route,0,0
LEO_V1_1_REQUALIFICATION_20260920,ofat_comparative,interferenceDb__25p0__lqi,f36d0510e3dbb0d3c9adffa565c74ad2c5026b77fa1cf04b411ba46f49f4c520,triangle,2.5,lqi,1,3,1,42,2,17,161,no_route,0,0
LEO_V1_1_REQUALIFICATION_20260920,ofat_comparative,interferenceDb__25p0__lqi,f36d0510e3dbb0d3c9adffa565c74ad2c5026b77fa1cf04b411ba46f49f4c520,triangle,2.5,lqi,1,3,1,42,2,17,162,no_route,0,0
LEO_V1_1_REQUALIFICATION_20260920,ofat_comparative,interferenceDb__25p0__lqi,f36d0510e3dbb0d3c9adffa565c74ad2c5026b77fa1cf04b411ba46f49f4c520,triangle,2.5,lqi,1,3,1,42,2,17,163,no_route,0,0
LEO_V1_1_REQUALIFICATION_20260920,ofat_comparative,interferenceDb__25p0__lqi,f36d0510e3dbb0d3c9adffa565c74ad2c5026b77fa1cf04b411ba46f49f4c520,triangle,2.5,lqi,1,3,1,42,2,17,164,no_route,0,0
LEO_V1_1_REQUALIFICATION_20260920,ofat_comparative,interferenceDb__25p0__lqi,f36d0510e3dbb0d3c9adffa565c74ad2c5026b77fa1cf04b411ba46f49f4c520,triangle,2.5,lqi,1,3,1,42,2,17,165,no_route,0,0
LEO_V1_1_REQUALIFICATION_20260920,ofat_comparative,interferenceDb__25p0__lqi,f36d0510e3dbb0d3c9adffa565c74ad2c5026b77fa1cf04b411ba46f49f4c520,triangle,2.5,lqi,1,3,1,42,2,17,166,no_route,0,0
LEO_V1_1_REQUALIFICATION_20260920,ofat_comparative,interferenceDb__25p0__lqi,f36d0510e3dbb0d3c9adffa565c74ad2c5026b77fa1cf04b411ba46f49f4c520,triangle,2.5,lqi,1,3,1,42,2,17,167,no_route,0,0
LEO_V1_1_REQUALIFICATION_20260920,ofat_comparative,interferenceDb__25p0__lqi,f36d0510e3dbb0d3c9adffa565c74ad2c5026b77fa1cf04b411ba46f49f4c520,triangle,2.5,lqi,1,3,1,42,2,17,168,no_route,0,0
LEO_V1_1_REQUALIFICATION_20260920,ofat_comparative,interferenceDb__25p0__lqi,f36d0510e3dbb0d3c9adffa565c74ad2c5026b77fa1cf04b411ba46f49f4c520,triangle,2.5,lqi,1,3,1,42,2,17,169,no_route,0,0
LEO_V1_1_REQUALIFICATION_20260920,ofat_comparative,interferenceDb__25p0__lqi,f36d0510e3dbb0d3c9adffa565c74ad2c5026b77fa1cf04b411ba46f49f4c520,triangle,2.5,lqi,1,3,1,42,2,18,170,no_route,0,0
LEO_V1_1_REQUALIFICATION_20260920,ofat_comparative,interferenceDb__25p0__lqi,f36d0510e3dbb0d3c9adffa565c74ad2c5026b77fa1cf04b411ba46f49f4c520,triangle,2.5,lqi,1,3,1,42,2,18,171,no_route,0,0
LEO_V1_1_REQUALIFICATION_20260920,ofat_comparative,interferenceDb__25p0__lqi,f36d0510e3dbb0d3c9adffa565c74ad2c5026b77fa1cf04b411ba46f49f4c520,triangle,2.5,lqi,1,3,1,42,2,18,172,no_route,0,0
LEO_V1_1_REQUALIFICATION_20260920,ofat_comparative,interferenceDb__25p0__lqi,f36d0510e3dbb0d3c9adffa565c74ad2c5026b77fa1cf04b411ba46f49f4c520,triangle,2.5,lqi,1,3,1,42,2,18,173,no_route,0,0
LEO_V1_1_REQUALIFICATION_20260920,ofat_comparative,interferenceDb__25p0__lqi,f36d0510e3dbb0d3c9adffa565c74ad2c5026b77fa1cf04b411ba46f49f4c520,triangle,2.5,lqi,1,3,1,42,2,18,174,no_route,0,0
LEO_V1_1_REQUALIFICATION_20260920,ofat_comparative,interferenceDb__25p0__lqi,f36d0510e3dbb0d3c9adffa565c74ad2c5026b77fa1cf04b411ba46f49f4c520,triangle,2.5,lqi,1,3,1,42,2,18,175,no_route,0,0
LEO_V1_1_REQUALIFICATION_20260920,ofat_comparative,interferenceDb__25p0__lqi,f36d0510e3dbb0d3c9adffa565c74ad2c5026b77fa1cf04b411ba46f49f4c520,triangle,2.5,lqi,1,3,1,42,2,18,176,no_route,0,0
LEO_V1_1_REQUALIFICATION_20260920,ofat_comparative,interferenceDb__25p0__lqi,f36d0510e3dbb0d3c9adffa565c74ad2c5026b77fa1cf04b411ba46f49f4c520,triangle,2.5,lqi,1,3,1,42,2,18,177,no_route,0,0
LEO_V1_1_REQUALIFICATION_20260920,ofat_comparative,interferenceDb__25p0__lqi,f36d0510e3dbb0d3c9adffa565c74ad2c5026b77fa1cf04b411ba46f49f4c520,triangle,2.5,lqi,1,3,1,42,2,18,178,no_route,0,0
LEO_V1_1_REQUALIFICATION_20260920,ofat_comparative,interferenceDb__25p0__lqi,f36d0510e3dbb0d3c9adffa565c74ad2c5026b77fa1cf04b411ba46f49f4c520,triangle,2.5,lqi,1,3,1,42,2,18,179,no_route,0,0
LEO_V1_1_REQUALIFICATION_20260920,ofat_comparative,interferenceDb__25p0__lqi,f36d0510e3dbb0d3c9adffa565c74ad2c5026b77fa1cf04b411ba46f49f4c520,triangle,2.5,lqi,1,3,1,42,2,19,180,no_route,0,0
LEO_V1_1_REQUALIFICATION_20260920,ofat_comparative,interferenceDb__25p0__lqi,f36d0510e3dbb0d3c9adffa565c74ad2c5026b77fa1cf04b411ba46f49f4c520,triangle,2.5,lqi,1,3,1,42,2,19,181,no_route,0,0
LEO_V1_1_REQUALIFICATION_20260920,ofat_comparative,interferenceDb__25p0__lqi,f36d0510e3dbb0d3c9adffa565c74ad2c5026b77fa1cf04b411ba46f49f4c520,triangle,2.5,lqi,1,3,1,42,2,19,182,no_route,0,0
LEO_V1_1_REQUALIFICATION_20260920,ofat_comparative,interferenceDb__25p0__lqi,f36d0510e3dbb0d3c9adffa565c74ad2c5026b77fa1cf04b411ba46f49f4c520,triangle,2.5,lqi,1,3,1,42,2,19,183,no_route,0,0
LEO_V1_1_REQUALIFICATION_20260920,ofat_comparative,interferenceDb__25p0__lqi,f36d0510e3dbb0d3c9adffa565c74ad2c5026b77fa1cf04b411ba46f49f4c520,triangle,2.5,lqi,1,3,1,42,2,19,184,no_route,0,0
LEO_V1_1_REQUALIFICATION_20260920,ofat_comparative,interferenceDb__25p0__lqi,f36d0510e3dbb0d3c9adffa565c74ad2c5026b77fa1cf04b411ba46f49f4c520,triangle,2.5,lqi,1,3,1,42,2,19,185,no_route,0,0
LEO_V1_1_REQUALIFICATION_20260920,ofat_comparative,interferenceDb__25p0__lqi,f36d0510e3dbb0d3c9adffa565c74ad2c5026b77fa1cf04b411ba46f49f4c520,triangle,2.5,lqi,1,3,1,42,2,19,186,no_route,0,0
LEO_V1_1_REQUALIFICATION_20260920,ofat_comparative,interferenceDb__25p0__lqi,f36d0510e3dbb0d3c9adffa565c74ad2c5026b77fa1cf04b411ba46f49f4c520,triangle,2.5,lqi,1,3,1,42,2,19,187,no_route,0,0
LEO_V1_1_REQUALIFICATION_20260920,ofat_comparative,interferenceDb__25p0__lqi,f36d0510e3dbb0d3c9adffa565c74ad2c5026b77fa1cf04b411ba46f49f4c520,triangle,2.5,lqi,1,3,1,42,2,19,188,no_route,0,0
LEO_V1_1_REQUALIFICATION_20260920,ofat_comparative,interferenceDb__25p0__lqi,f36d0510e3dbb0d3c9adffa565c74ad2c5026b77fa1cf04b411ba46f49f4c520,triangle,2.5,lqi,1,3,1,42,2,19,189,no_route,0,0
LEO_V1_1_REQUALIFICATION_20260920,ofat_comparative,interferenceDb__25p0__lqi,f36d0510e3dbb0d3c9adffa565c74ad2c5026b77fa1cf04b411ba46f49f4c520,triangle,2.5,lqi,1,3,2,42,3,1,0,success,12161961113530546194,1
LEO_V1_1_REQUALIFICATION_20260920,ofat_comparative,interferenceDb__25p0__lqi,f36d0510e3dbb0d3c9adffa565c74ad2c5026b77fa1cf04b411ba46f49f4c520,triangle,2.5,lqi,1,3,2,42,3,1,1,success,12161961113530546194,1
LEO_V1_1_REQUALIFICATION_20260920,ofat_comparative,interferenceDb__25p0__lqi,f36d0510e3dbb0d3c9adffa565c74ad2c5026b77fa1cf04b411ba46f49f4c520,triangle,2.5,lqi,1,3,2,42,3,1,2,success,12161961113530546194,1
LEO_V1_1_REQUALIFICATION_20260920,ofat_comparative,interferenceDb__25p0__lqi,f36d0510e3dbb0d3c9adffa565c74ad2c5026b77fa1cf04b411ba46f49f4c520,triangle,2.5,lqi,1,3,2,42,3,1,3,success,12161961113530546194,1
LEO_V1_1_REQUALIFICATION_20260920,ofat_comparative,interferenceDb__25p0__lqi,f36d0510e3dbb0d3c9adffa565c74ad2c5026b77fa1cf04b411ba46f49f4c520,triangle,2.5,lqi,1,3,2,42,3,1,4,success,12161961113530546194,1
LEO_V1_1_REQUALIFICATION_20260920,ofat_comparative,interferenceDb__25p0__lqi,f36d0510e3dbb0d3c9adffa565c74ad2c5026b77fa1cf04b411ba46f49f4c520,triangle,2.5,lqi,1,3,2,42,3,1,5,success,12161961113530546194,1
LEO_V1_1_REQUALIFICATION_20260920,ofat_comparative,interferenceDb__25p0__lqi,f36d0510e3dbb0d3c9adffa565c74ad2c5026b77fa1cf04b411ba46f49f4c520,triangle,2.5,lqi,1,3,2,42,3,1,6,success,12161961113530546194,1
LEO_V1_1_REQUALIFICATION_20260920,ofat_comparative,interferenceDb__25p0__lqi,f36d0510e3dbb0d3c9adffa565c74ad2c5026b77fa1cf04b411ba46f49f4c520,triangle,2.5,lqi,1,3,2,42,3,1,7,success,12161961113530546194,1
LEO_V1_1_REQUALIFICATION_20260920,ofat_comparative,interferenceDb__25p0__lqi,f36d0510e3dbb0d3c9adffa565c74ad2c5026b77fa1cf04b411ba46f49f4c520,triangle,2.5,lqi,1,3,2,42,3,1,8,success,12161961113530546194,1
LEO_V1_1_REQUALIFICATION_20260920,ofat_comparative,interferenceDb__25p0__lqi,f36d0510e3dbb0d3c9adffa565c74ad2c5026b77fa1cf04b411ba46f49f4c520,triangle,2.5,lqi,1,3,2,42,3,1,9,success,12161961113530546194,1
LEO_V1_1_REQUALIFICATION_20260920,ofat_comparative,interferenceDb__25p0__lqi,f36d0510e3dbb0d3c9adffa565c74ad2c5026b77fa1cf04b411ba46f49f4c520,triangle,2.5,lqi,1,3,2,42,3,2,10,success,12161960014018917983,1
LEO_V1_1_REQUALIFICATION_20260920,ofat_comparative,interferenceDb__25p0__lqi,f36d0510e3dbb0d3c9adffa565c74ad2c5026b77fa1cf04b411ba46f49f4c520,triangle,2.5,lqi,1,3,2,42,3,2,11,success,12161960014018917983,1
LEO_V1_1_REQUALIFICATION_20260920,ofat_comparative,interferenceDb__25p0__lqi,f36d0510e3dbb0d3c9adffa565c74ad2c5026b77fa1cf04b411ba46f49f4c520,triangle,2.5,lqi,1,3,2,42,3,2,12,success,12161960014018917983,1
LEO_V1_1_REQUALIFICATION_20260920,ofat_comparative,interferenceDb__25p0__lqi,f36d0510e3dbb0d3c9adffa565c74ad2c5026b77fa1cf04b411ba46f49f4c520,triangle,2.5,lqi,1,3,2,42,3,2,13,success,12161960014018917983,1
LEO_V1_1_REQUALIFICATION_20260920,ofat_comparative,interferenceDb__25p0__lqi,f36d0510e3dbb0d3c9adffa565c74ad2c5026b77fa1cf04b411ba46f49f4c520,triangle,2.5,lqi,1,3,2,42,3,2,14,success,12161960014018917983,1
LEO_V1_1_REQUALIFICATION_20260920,ofat_comparative,interferenceDb__25p0__lqi,f36d0510e3dbb0d3c9adffa565c74ad2c5026b77fa1cf04b411ba46f49f4c520,triangle,2.5,lqi,1,3,2,42,3,2,15,success,12161960014018917983,1
LEO_V1_1_REQUALIFICATION_20260920,ofat_comparative,interferenceDb__25p0__lqi,f36d0510e3dbb0d3c9adffa565c74ad2c5026b77fa1cf04b411ba46f49f4c520,triangle,2.5,lqi,1,3,2,42,3,2,16,success,12161960014018917983,1
LEO_V1_1_REQUALIFICATION_20260920,ofat_comparative,interferenceDb__25p0__lqi,f36d0510e3dbb0d3c9adffa565c74ad2c5026b77fa1cf04b411ba46f49f4c520,triangle,2.5,lqi,1,3,2,42,3,2,17,success,12161960014018917983,1
LEO_V1_1_REQUALIFICATION_20260920,ofat_comparative,interferenceDb__25p0__lqi,f36d0510e3dbb0d3c9adffa565c74ad2c5026b77fa1cf04b411ba46f49f4c520,triangle,2.5,lqi,1,3,2,42,3,2,18,success,12161960014018917983,1
LEO_V1_1_REQUALIFICATION_20260920,ofat_comparative,interferenceDb__25p0__lqi,f36d0510e3dbb0d3c9adffa565c74ad2c5026b77fa1cf04b411ba46f49f4c520,triangle,2.5,lqi,1,3,2,42,3,2,19,success,12161960014018917983,1
LEO_V1_1_REQUALIFICATION_20260920,ofat_comparative,interferenceDb__25p0__lqi,f36d0510e3dbb0d3c9adffa565c74ad2c5026b77fa1cf04b411ba46f49f4c520,triangle,2.5,lqi,1,3,2,42,3,3,20,success,5168105627079211135,2
LEO_V1_1_REQUALIFICATION_20260920,ofat_comparative,interferenceDb__25p0__lqi,f36d0510e3dbb0d3c9adffa565c74ad2c5026b77fa1cf04b411ba46f49f4c520,triangle,2.5,lqi,1,3,2,42,3,3,21,success,5168105627079211135,2
LEO_V1_1_REQUALIFICATION_20260920,ofat_comparative,interferenceDb__25p0__lqi,f36d0510e3dbb0d3c9adffa565c74ad2c5026b77fa1cf04b411ba46f49f4c520,triangle,2.5,lqi,1,3,2,42,3,3,22,success,5168105627079211135,2
LEO_V1_1_REQUALIFICATION_20260920,ofat_comparative,interferenceDb__25p0__lqi,f36d0510e3dbb0d3c9adffa565c74ad2c5026b77fa1cf04b411ba46f49f4c520,triangle,2.5,lqi,1,3,2,42,3,3,23,success,5168105627079211135,2
LEO_V1_1_REQUALIFICATION_20260920,ofat_comparative,interferenceDb__25p0__lqi,f36d0510e3dbb0d3c9adffa565c74ad2c5026b77fa1cf04b411ba46f49f4c520,triangle,2.5,lqi,1,3,2,42,3,3,24,success,5168105627079211135,2
LEO_V1_1_REQUALIFICATION_20260920,ofat_comparative,interferenceDb__25p0__lqi,f36d0510e3dbb0d3c9adffa565c74ad2c5026b77fa1cf04b411ba46f49f4c520,triangle,2.5,lqi,1,3,2,42,3,3,25,success,5168105627079211135,2
LEO_V1_1_REQUALIFICATION_20260920,ofat_comparative,interferenceDb__25p0__lqi,f36d0510e3dbb0d3c9adffa565c74ad2c5026b77fa1cf04b411ba46f49f4c520,triangle,2.5,lqi,1,3,2,42,3,3,26,success,5168105627079211135,2
LEO_V1_1_REQUALIFICATION_20260920,ofat_comparative,interferenceDb__25p0__lqi,f36d0510e3dbb0d3c9adffa565c74ad2c5026b77fa1cf04b411ba46f49f4c520,triangle,2.5,lqi,1,3,2,42,3,3,27,success,5168105627079211135,2
LEO_V1_1_REQUALIFICATION_20260920,ofat_comparative,interferenceDb__25p0__lqi,f36d0510e3dbb0d3c9adffa565c74ad2c5026b77fa1cf04b411ba46f49f4c520,triangle,2.5,lqi,1,3,2,42,3,3,28,success,5168105627079211135,2
LEO_V1_1_REQUALIFICATION_20260920,ofat_comparative,interferenceDb__25p0__lqi,f36d0510e3dbb0d3c9adffa565c74ad2c5026b77fa1cf04b411ba46f49f4c520,triangle,2.5,lqi,1,3,2,42,3,3,29,success,5168105627079211135,2
LEO_V1_1_REQUALIFICATION_20260920,ofat_comparative,interferenceDb__25p0__lqi,f36d0510e3dbb0d3c9adffa565c74ad2c5026b77fa1cf04b411ba46f49f4c520,triangle,2.5,lqi,1,3,2,42,3,4,30,success,4254184782511048963,2
LEO_V1_1_REQUALIFICATION_20260920,ofat_comparative,interferenceDb__25p0__lqi,f36d0510e3dbb0d3c9adffa565c74ad2c5026b77fa1cf04b411ba46f49f4c520,triangle,2.5,lqi,1,3,2,42,3,4,31,success,4254184782511048963,2
LEO_V1_1_REQUALIFICATION_20260920,ofat_comparative,interferenceDb__25p0__lqi,f36d0510e3dbb0d3c9adffa565c74ad2c5026b77fa1cf04b411ba46f49f4c520,triangle,2.5,lqi,1,3,2,42,3,4,32,success,4254184782511048963,2
LEO_V1_1_REQUALIFICATION_20260920,ofat_comparative,interferenceDb__25p0__lqi,f36d0510e3dbb0d3c9adffa565c74ad2c5026b77fa1cf04b411ba46f49f4c520,triangle,2.5,lqi,1,3,2,42,3,4,33,success,4254184782511048963,2
LEO_V1_1_REQUALIFICATION_20260920,ofat_comparative,interferenceDb__25p0__lqi,f36d0510e3dbb0d3c9adffa565c74ad2c5026b77fa1cf04b411ba46f49f4c520,triangle,2.5,lqi,1,3,2,42,3,4,34,success,4254184782511048963,2
LEO_V1_1_REQUALIFICATION_20260920,ofat_comparative,interferenceDb__25p0__lqi,f36d0510e3dbb0d3c9adffa565c74ad2c5026b77fa1cf04b411ba46f49f4c520,triangle,2.5,lqi,1,3,2,42,3,4,35,success,4254184782511048963,2
LEO_V1_1_REQUALIFICATION_20260920,ofat_comparative,interferenceDb__25p0__lqi,f36d0510e3dbb0d3c9adffa565c74ad2c5026b77fa1cf04b411ba46f49f4c520,triangle,2.5,lqi,1,3,2,42,3,4,36,success,4254184782511048963,2
LEO_V1_1_REQUALIFICATION_20260920,ofat_comparative,interferenceDb__25p0__lqi,f36d0510e3dbb0d3c9adffa565c74ad2c5026b77fa1cf04b411ba46f49f4c520,triangle,2.5,lqi,1,3,2,42,3,4,37,success,4254184782511048963,2
LEO_V1_1_REQUALIFICATION_20260920,ofat_comparative,interferenceDb__25p0__lqi,f36d0510e3dbb0d3c9adffa565c74ad2c5026b77fa1cf04b411ba46f49f4c520,triangle,2.5,lqi,1,3,2,42,3,4,38,success,4254184782511048963,2
LEO_V1_1_REQUALIFICATION_20260920,ofat_comparative,interferenceDb__25p0__lqi,f36d0510e3dbb0d3c9adffa565c74ad2c5026b77fa1cf04b411ba46f49f4c520,triangle,2.5,lqi,1,3,2,42,3,4,39,success,4254184782511048963,2
LEO_V1_1_REQUALIFICATION_20260920,ofat_comparative,interferenceDb__25p0__lqi,f36d0510e3dbb0d3c9adffa565c74ad2c5026b77fa1cf04b411ba46f49f4c520,triangle,2.5,lqi,1,3,2,42,3,5,40,success,16719299368067595120,3
LEO_V1_1_REQUALIFICATION_20260920,ofat_comparative,interferenceDb__25p0__lqi,f36d0510e3dbb0d3c9adffa565c74ad2c5026b77fa1cf04b411ba46f49f4c520,triangle,2.5,lqi,1,3,2,42,3,5,41,success,16719299368067595120,3
LEO_V1_1_REQUALIFICATION_20260920,ofat_comparative,interferenceDb__25p0__lqi,f36d0510e3dbb0d3c9adffa565c74ad2c5026b77fa1cf04b411ba46f49f4c520,triangle,2.5,lqi,1,3,2,42,3,5,42,success,16719299368067595120,3
LEO_V1_1_REQUALIFICATION_20260920,ofat_comparative,interferenceDb__25p0__lqi,f36d0510e3dbb0d3c9adffa565c74ad2c5026b77fa1cf04b411ba46f49f4c520,triangle,2.5,lqi,1,3,2,42,3,5,43,success,16719299368067595120,3
LEO_V1_1_REQUALIFICATION_20260920,ofat_comparative,interferenceDb__25p0__lqi,f36d0510e3dbb0d3c9adffa565c74ad2c5026b77fa1cf04b411ba46f49f4c520,triangle,2.5,lqi,1,3,2,42,3,5,44,success,16719299368067595120,3
LEO_V1_1_REQUALIFICATION_20260920,ofat_comparative,interferenceDb__25p0__lqi,f36d0510e3dbb0d3c9adffa565c74ad2c5026b77fa1cf04b411ba46f49f4c520,triangle,2.5,lqi,1,3,2,42,3,5,45,success,16719299368067595120,3
LEO_V1_1_REQUALIFICATION_20260920,ofat_comparative,interferenceDb__25p0__lqi,f36d0510e3dbb0d3c9adffa565c74ad2c5026b77fa1cf04b411ba46f49f4c520,triangle,2.5,lqi,1,3,2,42,3,5,46,success,16719299368067595120,3
LEO_V1_1_REQUALIFICATION_20260920,ofat_comparative,interferenceDb__25p0__lqi,f36d0510e3dbb0d3c9adffa565c74ad2c5026b77fa1cf04b411ba46f49f4c520,triangle,2.5,lqi,1,3,2,42,3,5,47,success,16719299368067595120,3
LEO_V1_1_REQUALIFICATION_20260920,ofat_comparative,interferenceDb__25p0__lqi,f36d0510e3dbb0d3c9adffa565c74ad2c5026b77fa1cf04b411ba46f49f4c520,triangle,2.5,lqi,1,3,2,42,3,5,48,success,16719299368067595120,3
LEO_V1_1_REQUALIFICATION_20260920,ofat_comparative,interferenceDb__25p0__lqi,f36d0510e3dbb0d3c9adffa565c74ad2c5026b77fa1cf04b411ba46f49f4c520,triangle,2.5,lqi,1,3,2,42,3,5,49,success,16719299368067595120,3
LEO_V1_1_REQUALIFICATION_20260920,ofat_comparative,interferenceDb__25p0__lqi,f36d0510e3dbb0d3c9adffa565c74ad2c5026b77fa1cf04b411ba46f49f4c520,triangle,2.5,lqi,1,3,2,42,3,6,50,success,3355162293075433701,3
LEO_V1_1_REQUALIFICATION_20260920,ofat_comparative,interferenceDb__25p0__lqi,f36d0510e3dbb0d3c9adffa565c74ad2c5026b77fa1cf04b411ba46f49f4c520,triangle,2.5,lqi,1,3,2,42,3,6,51,success,3355162293075433701,3
LEO_V1_1_REQUALIFICATION_20260920,ofat_comparative,interferenceDb__25p0__lqi,f36d0510e3dbb0d3c9adffa565c74ad2c5026b77fa1cf04b411ba46f49f4c520,triangle,2.5,lqi,1,3,2,42,3,6,52,success,3355162293075433701,3
LEO_V1_1_REQUALIFICATION_20260920,ofat_comparative,interferenceDb__25p0__lqi,f36d0510e3dbb0d3c9adffa565c74ad2c5026b77fa1cf04b411ba46f49f4c520,triangle,2.5,lqi,1,3,2,42,3,6,53,success,3355162293075433701,3
LEO_V1_1_REQUALIFICATION_20260920,ofat_comparative,interferenceDb__25p0__lqi,f36d0510e3dbb0d3c9adffa565c74ad2c5026b77fa1cf04b411ba46f49f4c520,triangle,2.5,lqi,1,3,2,42,3,6,54,success,3355162293075433701,3
LEO_V1_1_REQUALIFICATION_20260920,ofat_comparative,interferenceDb__25p0__lqi,f36d0510e3dbb0d3c9adffa565c74ad2c5026b77fa1cf04b411ba46f49f4c520,triangle,2.5,lqi,1,3,2,42,3,6,55,success,3355162293075433701,3
LEO_V1_1_REQUALIFICATION_20260920,ofat_comparative,interferenceDb__25p0__lqi,f36d0510e3dbb0d3c9adffa565c74ad2c5026b77fa1cf04b411ba46f49f4c520,triangle,2.5,lqi,1,3,2,42,3,6,56,success,3355162293075433701,3
LEO_V1_1_REQUALIFICATION_20260920,ofat_comparative,interferenceDb__25p0__lqi,f36d0510e3dbb0d3c9adffa565c74ad2c5026b77fa1cf04b411ba46f49f4c520,triangle,2.5,lqi,1,3,2,42,3,6,57,success,3355162293075433701,3
LEO_V1_1_REQUALIFICATION_20260920,ofat_comparative,interferenceDb__25p0__lqi,f36d0510e3dbb0d3c9adffa565c74ad2c5026b77fa1cf04b411ba46f49f4c520,triangle,2.5,lqi,1,3,2,42,3,6,58,success,3355162293075433701,3
LEO_V1_1_REQUALIFICATION_20260920,ofat_comparative,interferenceDb__25p0__lqi,f36d0510e3dbb0d3c9adffa565c74ad2c5026b77fa1cf04b411ba46f49f4c520,triangle,2.5,lqi,1,3,2,42,3,6,59,success,3355162293075433701,3
LEO_V1_1_REQUALIFICATION_20260920,ofat_comparative,interferenceDb__25p0__lqi,f36d0510e3dbb0d3c9adffa565c74ad2c5026b77fa1cf04b411ba46f49f4c520,triangle,2.5,lqi,1,3,2,42,3,7,60,success,12161954516460776928,1
LEO_V1_1_REQUALIFICATION_20260920,ofat_comparative,interferenceDb__25p0__lqi,f36d0510e3dbb0d3c9adffa565c74ad2c5026b77fa1cf04b411ba46f49f4c520,triangle,2.5,lqi,1,3,2,42,3,7,61,success,12161954516460776928,1
LEO_V1_1_REQUALIFICATION_20260920,ofat_comparative,interferenceDb__25p0__lqi,f36d0510e3dbb0d3c9adffa565c74ad2c5026b77fa1cf04b411ba46f49f4c520,triangle,2.5,lqi,1,3,2,42,3,7,62,success,12161954516460776928,1
LEO_V1_1_REQUALIFICATION_20260920,ofat_comparative,interferenceDb__25p0__lqi,f36d0510e3dbb0d3c9adffa565c74ad2c5026b77fa1cf04b411ba46f49f4c520,triangle,2.5,lqi,1,3,2,42,3,7,63,success,12161954516460776928,1
LEO_V1_1_REQUALIFICATION_20260920,ofat_comparative,interferenceDb__25p0__lqi,f36d0510e3dbb0d3c9adffa565c74ad2c5026b77fa1cf04b411ba46f49f4c520,triangle,2.5,lqi,1,3,2,42,3,7,64,success,12161954516460776928,1
LEO_V1_1_REQUALIFICATION_20260920,ofat_comparative,interferenceDb__25p0__lqi,f36d0510e3dbb0d3c9adffa565c74ad2c5026b77fa1cf04b411ba46f49f4c520,triangle,2.5,lqi,1,3,2,42,3,7,65,success,12161954516460776928,1
LEO_V1_1_REQUALIFICATION_20260920,ofat_comparative,interferenceDb__25p0__lqi,f36d0510e3dbb0d3c9adffa565c74ad2c5026b77fa1cf04b411ba46f49f4c520,triangle,2.5,lqi,1,3,2,42,3,7,66,success,12161954516460776928,1
LEO_V1_1_REQUALIFICATION_20260920,ofat_comparative,interferenceDb__25p0__lqi,f36d0510e3dbb0d3c9adffa565c74ad2c5026b77fa1cf04b411ba46f49f4c520,triangle,2.5,lqi,1,3,2,42,3,7,67,success,12161954516460776928,1
LEO_V1_1_REQUALIFICATION_20260920,ofat_comparative,interferenceDb__25p0__lqi,f36d0510e3dbb0d3c9adffa565c74ad2c5026b77fa1cf04b411ba46f49f4c520,triangle,2.5,lqi,1,3,2,42,3,7,68,success,12161954516460776928,1
LEO_V1_1_REQUALIFICATION_20260920,ofat_comparative,interferenceDb__25p0__lqi,f36d0510e3dbb0d3c9adffa565c74ad2c5026b77fa1cf04b411ba46f49f4c520,triangle,2.5,lqi,1,3,2,42,3,7,69,success,12161954516460776928,1
LEO_V1_1_REQUALIFICATION_20260920,ofat_comparative,interferenceDb__25p0__lqi,f36d0510e3dbb0d3c9adffa565c74ad2c5026b77fa1cf04b411ba46f49f4c520,triangle,2.5,lqi,1,3,2,42,3,8,70,success,12161971009135200093,1
LEO_V1_1_REQUALIFICATION_20260920,ofat_comparative,interferenceDb__25p0__lqi,f36d0510e3dbb0d3c9adffa565c74ad2c5026b77fa1cf04b411ba46f49f4c520,triangle,2.5,lqi,1,3,2,42,3,8,71,success,12161971009135200093,1
LEO_V1_1_REQUALIFICATION_20260920,ofat_comparative,interferenceDb__25p0__lqi,f36d0510e3dbb0d3c9adffa565c74ad2c5026b77fa1cf04b411ba46f49f4c520,triangle,2.5,lqi,1,3,2,42,3,8,72,success,12161971009135200093,1
LEO_V1_1_REQUALIFICATION_20260920,ofat_comparative,interferenceDb__25p0__lqi,f36d0510e3dbb0d3c9adffa565c74ad2c5026b77fa1cf04b411ba46f49f4c520,triangle,2.5,lqi,1,3,2,42,3,8,73,success,12161971009135200093,1
LEO_V1_1_REQUALIFICATION_20260920,ofat_comparative,interferenceDb__25p0__lqi,f36d0510e3dbb0d3c9adffa565c74ad2c5026b77fa1cf04b411ba46f49f4c520,triangle,2.5,lqi,1,3,2,42,3,8,74,success,12161971009135200093,1
LEO_V1_1_REQUALIFICATION_20260920,ofat_comparative,interferenceDb__25p0__lqi,f36d0510e3dbb0d3c9adffa565c74ad2c5026b77fa1cf04b411ba46f49f4c520,triangle,2.5,lqi,1,3,2,42,3,8,75,success,12161971009135200093,1
LEO_V1_1_REQUALIFICATION_20260920,ofat_comparative,interferenceDb__25p0__lqi,f36d0510e3dbb0d3c9adffa565c74ad2c5026b77fa1cf04b411ba46f49f4c520,triangle,2.5,lqi,1,3,2,42,3,8,76,success,12161971009135200093,1
LEO_V1_1_REQUALIFICATION_20260920,ofat_comparative,interferenceDb__25p0__lqi,f36d0510e3dbb0d3c9adffa565c74ad2c5026b77fa1cf04b411ba46f49f4c520,triangle,2.5,lqi,1,3,2,42,3,8,77,success,12161971009135200093,1
LEO_V1_1_REQUALIFICATION_20260920,ofat_comparative,interferenceDb__25p0__lqi,f36d0510e3dbb0d3c9adffa565c74ad2c5026b77fa1cf04b411ba46f49f4c520,triangle,2.5,lqi,1,3,2,42,3,8,78,success,12161971009135200093,1
LEO_V1_1_REQUALIFICATION_20260920,ofat_comparative,interferenceDb__25p0__lqi,f36d0510e3dbb0d3c9adffa565c74ad2c5026b77fa1cf04b411ba46f49f4c520,triangle,2.5,lqi,1,3,2,42,3,8,79,success,12161971009135200093,1
LEO_V1_1_REQUALIFICATION_20260920,ofat_comparative,interferenceDb__25p0__lqi,f36d0510e3dbb0d3c9adffa565c74ad2c5026b77fa1cf04b411ba46f49f4c520,triangle,2.5,lqi,1,3,2,42,3,9,80,success,13393354745285683298,2
LEO_V1_1_REQUALIFICATION_20260920,ofat_comparative,interferenceDb__25p0__lqi,f36d0510e3dbb0d3c9adffa565c74ad2c5026b77fa1cf04b411ba46f49f4c520,triangle,2.5,lqi,1,3,2,42,3,9,81,success,13393354745285683298,2
LEO_V1_1_REQUALIFICATION_20260920,ofat_comparative,interferenceDb__25p0__lqi,f36d0510e3dbb0d3c9adffa565c74ad2c5026b77fa1cf04b411ba46f49f4c520,triangle,2.5,lqi,1,3,2,42,3,9,82,success,13393354745285683298,2
LEO_V1_1_REQUALIFICATION_20260920,ofat_comparative,interferenceDb__25p0__lqi,f36d0510e3dbb0d3c9adffa565c74ad2c5026b77fa1cf04b411ba46f49f4c520,triangle,2.5,lqi,1,3,2,42,3,9,83,success,13393354745285683298,2
LEO_V1_1_REQUALIFICATION_20260920,ofat_comparative,interferenceDb__25p0__lqi,f36d0510e3dbb0d3c9adffa565c74ad2c5026b77fa1cf04b411ba46f49f4c520,triangle,2.5,lqi,1,3,2,42,3,9,84,success,13393354745285683298,2
LEO_V1_1_REQUALIFICATION_20260920,ofat_comparative,interferenceDb__25p0__lqi,f36d0510e3dbb0d3c9adffa565c74ad2c5026b77fa1cf04b411ba46f49f4c520,triangle,2.5,lqi,1,3,2,42,3,9,85,success,13393354745285683298,2
LEO_V1_1_REQUALIFICATION_20260920,ofat_comparative,interferenceDb__25p0__lqi,f36d0510e3dbb0d3c9adffa565c74ad2c5026b77fa1cf04b411ba46f49f4c520,triangle,2.5,lqi,1,3,2,42,3,9,86,success,13393354745285683298,2
LEO_V1_1_REQUALIFICATION_20260920,ofat_comparative,interferenceDb__25p0__lqi,f36d0510e3dbb0d3c9adffa565c74ad2c5026b77fa1cf04b411ba46f49f4c520,triangle,2.5,lqi,1,3,2,42,3,9,87,success,13393354745285683298,2
LEO_V1_1_REQUALIFICATION_20260920,ofat_comparative,interferenceDb__25p0__lqi,f36d0510e3dbb0d3c9adffa565c74ad2c5026b77fa1cf04b411ba46f49f4c520,triangle,2.5,lqi,1,3,2,42,3,9,88,success,13393354745285683298,2
LEO_V1_1_REQUALIFICATION_20260920,ofat_comparative,interferenceDb__25p0__lqi,f36d0510e3dbb0d3c9adffa565c74ad2c5026b77fa1cf04b411ba46f49f4c520,triangle,2.5,lqi,1,3,2,42,3,9,89,success,13393354745285683298,2
LEO_V1_1_REQUALIFICATION_20260920,ofat_comparative,interferenceDb__25p0__lqi,f36d0510e3dbb0d3c9adffa565c74ad2c5026b77fa1cf04b411ba46f49f4c520,triangle,2.5,lqi,1,3,2,42,3,10,90,success,13393353645774055087,2
LEO_V1_1_REQUALIFICATION_20260920,ofat_comparative,interferenceDb__25p0__lqi,f36d0510e3dbb0d3c9adffa565c74ad2c5026b77fa1cf04b411ba46f49f4c520,triangle,2.5,lqi,1,3,2,42,3,10,91,success,13393353645774055087,2
LEO_V1_1_REQUALIFICATION_20260920,ofat_comparative,interferenceDb__25p0__lqi,f36d0510e3dbb0d3c9adffa565c74ad2c5026b77fa1cf04b411ba46f49f4c520,triangle,2.5,lqi,1,3,2,42,3,10,92,success,13393353645774055087,2
LEO_V1_1_REQUALIFICATION_20260920,ofat_comparative,interferenceDb__25p0__lqi,f36d0510e3dbb0d3c9adffa565c74ad2c5026b77fa1cf04b411ba46f49f4c520,triangle,2.5,lqi,1,3,2,42,3,10,93,success,13393353645774055087,2
LEO_V1_1_REQUALIFICATION_20260920,ofat_comparative,interferenceDb__25p0__lqi,f36d0510e3dbb0d3c9adffa565c74ad2c5026b77fa1cf04b411ba46f49f4c520,triangle,2.5,lqi,1,3,2,42,3,10,94,success,13393353645774055087,2
LEO_V1_1_REQUALIFICATION_20260920,ofat_comparative,interferenceDb__25p0__lqi,f36d0510e3dbb0d3c9adffa565c74ad2c5026b77fa1cf04b411ba46f49f4c520,triangle,2.5,lqi,1,3,2,42,3,10,95,success,13393353645774055087,2
LEO_V1_1_REQUALIFICATION_20260920,ofat_comparative,interferenceDb__25p0__lqi,f36d0510e3dbb0d3c9adffa565c74ad2c5026b77fa1cf04b411ba46f49f4c520,triangle,2.5,lqi,1,3,2,42,3,10,96,success,13393353645774055087,2
LEO_V1_1_REQUALIFICATION_20260920,ofat_comparative,interferenceDb__25p0__lqi,f36d0510e3dbb0d3c9adffa565c74ad2c5026b77fa1cf04b411ba46f49f4c520,triangle,2.5,lqi,1,3,2,42,3,10,97,success,13393353645774055087,2
LEO_V1_1_REQUALIFICATION_20260920,ofat_comparative,interferenceDb__25p0__lqi,f36d0510e3dbb0d3c9adffa565c74ad2c5026b77fa1cf04b411ba46f49f4c520,triangle,2.5,lqi,1,3,2,42,3,10,98,success,13393353645774055087,2
LEO_V1_1_REQUALIFICATION_20260920,ofat_comparative,interferenceDb__25p0__lqi,f36d0510e3dbb0d3c9adffa565c74ad2c5026b77fa1cf04b411ba46f49f4c520,triangle,2.5,lqi,1,3,2,42,3,10,99,success,13393353645774055087,2
LEO_V1_1_REQUALIFICATION_20260920,ofat_comparative,interferenceDb__25p0__lqi,f36d0510e3dbb0d3c9adffa565c74ad2c5026b77fa1cf04b411ba46f49f4c520,triangle,2.5,lqi,1,3,2,42,3,11,100,timeout,0,0
LEO_V1_1_REQUALIFICATION_20260920,ofat_comparative,interferenceDb__25p0__lqi,f36d0510e3dbb0d3c9adffa565c74ad2c5026b77fa1cf04b411ba46f49f4c520,triangle,2.5,lqi,1,3,2,42,3,11,101,no_route,0,0
LEO_V1_1_REQUALIFICATION_20260920,ofat_comparative,interferenceDb__25p0__lqi,f36d0510e3dbb0d3c9adffa565c74ad2c5026b77fa1cf04b411ba46f49f4c520,triangle,2.5,lqi,1,3,2,42,3,11,102,success,11861905262065286250,3
LEO_V1_1_REQUALIFICATION_20260920,ofat_comparative,interferenceDb__25p0__lqi,f36d0510e3dbb0d3c9adffa565c74ad2c5026b77fa1cf04b411ba46f49f4c520,triangle,2.5,lqi,1,3,2,42,3,11,103,success,11861905262065286250,3
LEO_V1_1_REQUALIFICATION_20260920,ofat_comparative,interferenceDb__25p0__lqi,f36d0510e3dbb0d3c9adffa565c74ad2c5026b77fa1cf04b411ba46f49f4c520,triangle,2.5,lqi,1,3,2,42,3,11,104,success,11861905262065286250,3
LEO_V1_1_REQUALIFICATION_20260920,ofat_comparative,interferenceDb__25p0__lqi,f36d0510e3dbb0d3c9adffa565c74ad2c5026b77fa1cf04b411ba46f49f4c520,triangle,2.5,lqi,1,3,2,42,3,11,105,success,11861905262065286250,3
LEO_V1_1_REQUALIFICATION_20260920,ofat_comparative,interferenceDb__25p0__lqi,f36d0510e3dbb0d3c9adffa565c74ad2c5026b77fa1cf04b411ba46f49f4c520,triangle,2.5,lqi,1,3,2,42,3,11,106,success,11861905262065286250,3
LEO_V1_1_REQUALIFICATION_20260920,ofat_comparative,interferenceDb__25p0__lqi,f36d0510e3dbb0d3c9adffa565c74ad2c5026b77fa1cf04b411ba46f49f4c520,triangle,2.5,lqi,1,3,2,42,3,11,107,success,11861905262065286250,3
LEO_V1_1_REQUALIFICATION_20260920,ofat_comparative,interferenceDb__25p0__lqi,f36d0510e3dbb0d3c9adffa565c74ad2c5026b77fa1cf04b411ba46f49f4c520,triangle,2.5,lqi,1,3,2,42,3,11,108,success,11861905262065286250,3
LEO_V1_1_REQUALIFICATION_20260920,ofat_comparative,interferenceDb__25p0__lqi,f36d0510e3dbb0d3c9adffa565c74ad2c5026b77fa1cf04b411ba46f49f4c520,triangle,2.5,lqi,1,3,2,42,3,11,109,success,11861905262065286250,3
LEO_V1_1_REQUALIFICATION_20260920,ofat_comparative,interferenceDb__25p0__lqi,f36d0510e3dbb0d3c9adffa565c74ad2c5026b77fa1cf04b411ba46f49f4c520,triangle,2.5,lqi,1,3,2,42,3,12,110,success,17464328959919218831,3
LEO_V1_1_REQUALIFICATION_20260920,ofat_comparative,interferenceDb__25p0__lqi,f36d0510e3dbb0d3c9adffa565c74ad2c5026b77fa1cf04b411ba46f49f4c520,triangle,2.5,lqi,1,3,2,42,3,12,111,timeout,0,0
LEO_V1_1_REQUALIFICATION_20260920,ofat_comparative,interferenceDb__25p0__lqi,f36d0510e3dbb0d3c9adffa565c74ad2c5026b77fa1cf04b411ba46f49f4c520,triangle,2.5,lqi,1,3,2,42,3,12,112,no_route,0,0
LEO_V1_1_REQUALIFICATION_20260920,ofat_comparative,interferenceDb__25p0__lqi,f36d0510e3dbb0d3c9adffa565c74ad2c5026b77fa1cf04b411ba46f49f4c520,triangle,2.5,lqi,1,3,2,42,3,12,113,success,15339638313357773370,4
LEO_V1_1_REQUALIFICATION_20260920,ofat_comparative,interferenceDb__25p0__lqi,f36d0510e3dbb0d3c9adffa565c74ad2c5026b77fa1cf04b411ba46f49f4c520,triangle,2.5,lqi,1,3,2,42,3,12,114,success,15339638313357773370,4
LEO_V1_1_REQUALIFICATION_20260920,ofat_comparative,interferenceDb__25p0__lqi,f36d0510e3dbb0d3c9adffa565c74ad2c5026b77fa1cf04b411ba46f49f4c520,triangle,2.5,lqi,1,3,2,42,3,12,115,success,15339638313357773370,4
LEO_V1_1_REQUALIFICATION_20260920,ofat_comparative,interferenceDb__25p0__lqi,f36d0510e3dbb0d3c9adffa565c74ad2c5026b77fa1cf04b411ba46f49f4c520,triangle,2.5,lqi,1,3,2,42,3,12,116,success,15339638313357773370,4
LEO_V1_1_REQUALIFICATION_20260920,ofat_comparative,interferenceDb__25p0__lqi,f36d0510e3dbb0d3c9adffa565c74ad2c5026b77fa1cf04b411ba46f49f4c520,triangle,2.5,lqi,1,3,2,42,3,12,117,success,15339638313357773370,4
LEO_V1_1_REQUALIFICATION_20260920,ofat_comparative,interferenceDb__25p0__lqi,f36d0510e3dbb0d3c9adffa565c74ad2c5026b77fa1cf04b411ba46f49f4c520,triangle,2.5,lqi,1,3,2,42,3,12,118,success,15339638313357773370,4
LEO_V1_1_REQUALIFICATION_20260920,ofat_comparative,interferenceDb__25p0__lqi,f36d0510e3dbb0d3c9adffa565c74ad2c5026b77fa1cf04b411ba46f49f4c520,triangle,2.5,lqi,1,3,2,42,3,12,119,success,15339638313357773370,4
LEO_V1_1_REQUALIFICATION_20260920,ofat_comparative,interferenceDb__25p0__lqi,f36d0510e3dbb0d3c9adffa565c74ad2c5026b77fa1cf04b411ba46f49f4c520,triangle,2.5,lqi,1,3,2,42,3,13,120,no_route,0,0
LEO_V1_1_REQUALIFICATION_20260920,ofat_comparative,interferenceDb__25p0__lqi,f36d0510e3dbb0d3c9adffa565c74ad2c5026b77fa1cf04b411ba46f49f4c520,triangle,2.5,lqi,1,3,2,42,3,13,121,no_route,0,0
LEO_V1_1_REQUALIFICATION_20260920,ofat_comparative,interferenceDb__25p0__lqi,f36d0510e3dbb0d3c9adffa565c74ad2c5026b77fa1cf04b411ba46f49f4c520,triangle,2.5,lqi,1,3,2,42,3,13,122,no_route,0,0
LEO_V1_1_REQUALIFICATION_20260920,ofat_comparative,interferenceDb__25p0__lqi,f36d0510e3dbb0d3c9adffa565c74ad2c5026b77fa1cf04b411ba46f49f4c520,triangle,2.5,lqi,1,3,2,42,3,13,123,no_route,0,0
LEO_V1_1_REQUALIFICATION_20260920,ofat_comparative,interferenceDb__25p0__lqi,f36d0510e3dbb0d3c9adffa565c74ad2c5026b77fa1cf04b411ba46f49f4c520,triangle,2.5,lqi,1,3,2,42,3,13,124,no_route,0,0
LEO_V1_1_REQUALIFICATION_20260920,ofat_comparative,interferenceDb__25p0__lqi,f36d0510e3dbb0d3c9adffa565c74ad2c5026b77fa1cf04b411ba46f49f4c520,triangle,2.5,lqi,1,3,2,42,3,13,125,no_route,0,0
LEO_V1_1_REQUALIFICATION_20260920,ofat_comparative,interferenceDb__25p0__lqi,f36d0510e3dbb0d3c9adffa565c74ad2c5026b77fa1cf04b411ba46f49f4c520,triangle,2.5,lqi,1,3,2,42,3,13,126,no_route,0,0
LEO_V1_1_REQUALIFICATION_20260920,ofat_comparative,interferenceDb__25p0__lqi,f36d0510e3dbb0d3c9adffa565c74ad2c5026b77fa1cf04b411ba46f49f4c520,triangle,2.5,lqi,1,3,2,42,3,13,127,no_route,0,0
LEO_V1_1_REQUALIFICATION_20260920,ofat_comparative,interferenceDb__25p0__lqi,f36d0510e3dbb0d3c9adffa565c74ad2c5026b77fa1cf04b411ba46f49f4c520,triangle,2.5,lqi,1,3,2,42,3,13,128,no_route,0,0
LEO_V1_1_REQUALIFICATION_20260920,ofat_comparative,interferenceDb__25p0__lqi,f36d0510e3dbb0d3c9adffa565c74ad2c5026b77fa1cf04b411ba46f49f4c520,triangle,2.5,lqi,1,3,2,42,3,13,129,no_route,0,0
LEO_V1_1_REQUALIFICATION_20260920,ofat_comparative,interferenceDb__25p0__lqi,f36d0510e3dbb0d3c9adffa565c74ad2c5026b77fa1cf04b411ba46f49f4c520,triangle,2.5,lqi,1,3,2,42,3,14,130,no_route,0,0
LEO_V1_1_REQUALIFICATION_20260920,ofat_comparative,interferenceDb__25p0__lqi,f36d0510e3dbb0d3c9adffa565c74ad2c5026b77fa1cf04b411ba46f49f4c520,triangle,2.5,lqi,1,3,2,42,3,14,131,no_route,0,0
LEO_V1_1_REQUALIFICATION_20260920,ofat_comparative,interferenceDb__25p0__lqi,f36d0510e3dbb0d3c9adffa565c74ad2c5026b77fa1cf04b411ba46f49f4c520,triangle,2.5,lqi,1,3,2,42,3,14,132,no_route,0,0
LEO_V1_1_REQUALIFICATION_20260920,ofat_comparative,interferenceDb__25p0__lqi,f36d0510e3dbb0d3c9adffa565c74ad2c5026b77fa1cf04b411ba46f49f4c520,triangle,2.5,lqi,1,3,2,42,3,14,133,no_route,0,0
LEO_V1_1_REQUALIFICATION_20260920,ofat_comparative,interferenceDb__25p0__lqi,f36d0510e3dbb0d3c9adffa565c74ad2c5026b77fa1cf04b411ba46f49f4c520,triangle,2.5,lqi,1,3,2,42,3,14,134,no_route,0,0
LEO_V1_1_REQUALIFICATION_20260920,ofat_comparative,interferenceDb__25p0__lqi,f36d0510e3dbb0d3c9adffa565c74ad2c5026b77fa1cf04b411ba46f49f4c520,triangle,2.5,lqi,1,3,2,42,3,14,135,no_route,0,0
LEO_V1_1_REQUALIFICATION_20260920,ofat_comparative,interferenceDb__25p0__lqi,f36d0510e3dbb0d3c9adffa565c74ad2c5026b77fa1cf04b411ba46f49f4c520,triangle,2.5,lqi,1,3,2,42,3,14,136,no_route,0,0
LEO_V1_1_REQUALIFICATION_20260920,ofat_comparative,interferenceDb__25p0__lqi,f36d0510e3dbb0d3c9adffa565c74ad2c5026b77fa1cf04b411ba46f49f4c520,triangle,2.5,lqi,1,3,2,42,3,14,137,no_route,0,0
LEO_V1_1_REQUALIFICATION_20260920,ofat_comparative,interferenceDb__25p0__lqi,f36d0510e3dbb0d3c9adffa565c74ad2c5026b77fa1cf04b411ba46f49f4c520,triangle,2.5,lqi,1,3,2,42,3,14,138,no_route,0,0
LEO_V1_1_REQUALIFICATION_20260920,ofat_comparative,interferenceDb__25p0__lqi,f36d0510e3dbb0d3c9adffa565c74ad2c5026b77fa1cf04b411ba46f49f4c520,triangle,2.5,lqi,1,3,2,42,3,14,139,no_route,0,0
LEO_V1_1_REQUALIFICATION_20260920,ofat_comparative,interferenceDb__25p0__lqi,f36d0510e3dbb0d3c9adffa565c74ad2c5026b77fa1cf04b411ba46f49f4c520,triangle,2.5,lqi,1,3,2,42,3,15,140,no_route,0,0
LEO_V1_1_REQUALIFICATION_20260920,ofat_comparative,interferenceDb__25p0__lqi,f36d0510e3dbb0d3c9adffa565c74ad2c5026b77fa1cf04b411ba46f49f4c520,triangle,2.5,lqi,1,3,2,42,3,15,141,no_route,0,0
LEO_V1_1_REQUALIFICATION_20260920,ofat_comparative,interferenceDb__25p0__lqi,f36d0510e3dbb0d3c9adffa565c74ad2c5026b77fa1cf04b411ba46f49f4c520,triangle,2.5,lqi,1,3,2,42,3,15,142,no_route,0,0
LEO_V1_1_REQUALIFICATION_20260920,ofat_comparative,interferenceDb__25p0__lqi,f36d0510e3dbb0d3c9adffa565c74ad2c5026b77fa1cf04b411ba46f49f4c520,triangle,2.5,lqi,1,3,2,42,3,15,143,no_route,0,0
LEO_V1_1_REQUALIFICATION_20260920,ofat_comparative,interferenceDb__25p0__lqi,f36d0510e3dbb0d3c9adffa565c74ad2c5026b77fa1cf04b411ba46f49f4c520,triangle,2.5,lqi,1,3,2,42,3,15,144,no_route,0,0
LEO_V1_1_REQUALIFICATION_20260920,ofat_comparative,interferenceDb__25p0__lqi,f36d0510e3dbb0d3c9adffa565c74ad2c5026b77fa1cf04b411ba46f49f4c520,triangle,2.5,lqi,1,3,2,42,3,15,145,no_route,0,0
LEO_V1_1_REQUALIFICATION_20260920,ofat_comparative,interferenceDb__25p0__lqi,f36d0510e3dbb0d3c9adffa565c74ad2c5026b77fa1cf04b411ba46f49f4c520,triangle,2.5,lqi,1,3,2,42,3,15,146,no_route,0,0
LEO_V1_1_REQUALIFICATION_20260920,ofat_comparative,interferenceDb__25p0__lqi,f36d0510e3dbb0d3c9adffa565c74ad2c5026b77fa1cf04b411ba46f49f4c520,triangle,2.5,lqi,1,3,2,42,3,15,147,no_route,0,0
LEO_V1_1_REQUALIFICATION_20260920,ofat_comparative,interferenceDb__25p0__lqi,f36d0510e3dbb0d3c9adffa565c74ad2c5026b77fa1cf04b411ba46f49f4c520,triangle,2.5,lqi,1,3,2,42,3,15,148,no_route,0,0
LEO_V1_1_REQUALIFICATION_20260920,ofat_comparative,interferenceDb__25p0__lqi,f36d0510e3dbb0d3c9adffa565c74ad2c5026b77fa1cf04b411ba46f49f4c520,triangle,2.5,lqi,1,3,2,42,3,15,149,no_route,0,0
LEO_V1_1_REQUALIFICATION_20260920,ofat_comparative,interferenceDb__25p0__lqi,f36d0510e3dbb0d3c9adffa565c74ad2c5026b77fa1cf04b411ba46f49f4c520,triangle,2.5,lqi,1,3,2,42,3,16,150,no_route,0,0
LEO_V1_1_REQUALIFICATION_20260920,ofat_comparative,interferenceDb__25p0__lqi,f36d0510e3dbb0d3c9adffa565c74ad2c5026b77fa1cf04b411ba46f49f4c520,triangle,2.5,lqi,1,3,2,42,3,16,151,no_route,0,0
LEO_V1_1_REQUALIFICATION_20260920,ofat_comparative,interferenceDb__25p0__lqi,f36d0510e3dbb0d3c9adffa565c74ad2c5026b77fa1cf04b411ba46f49f4c520,triangle,2.5,lqi,1,3,2,42,3,16,152,no_route,0,0
LEO_V1_1_REQUALIFICATION_20260920,ofat_comparative,interferenceDb__25p0__lqi,f36d0510e3dbb0d3c9adffa565c74ad2c5026b77fa1cf04b411ba46f49f4c520,triangle,2.5,lqi,1,3,2,42,3,16,153,no_route,0,0
LEO_V1_1_REQUALIFICATION_20260920,ofat_comparative,interferenceDb__25p0__lqi,f36d0510e3dbb0d3c9adffa565c74ad2c5026b77fa1cf04b411ba46f49f4c520,triangle,2.5,lqi,1,3,2,42,3,16,154,no_route,0,0
LEO_V1_1_REQUALIFICATION_20260920,ofat_comparative,interferenceDb__25p0__lqi,f36d0510e3dbb0d3c9adffa565c74ad2c5026b77fa1cf04b411ba46f49f4c520,triangle,2.5,lqi,1,3,2,42,3,16,155,no_route,0,0
LEO_V1_1_REQUALIFICATION_20260920,ofat_comparative,interferenceDb__25p0__lqi,f36d0510e3dbb0d3c9adffa565c74ad2c5026b77fa1cf04b411ba46f49f4c520,triangle,2.5,lqi,1,3,2,42,3,16,156,no_route,0,0
LEO_V1_1_REQUALIFICATION_20260920,ofat_comparative,interferenceDb__25p0__lqi,f36d0510e3dbb0d3c9adffa565c74ad2c5026b77fa1cf04b411ba46f49f4c520,triangle,2.5,lqi,1,3,2,42,3,16,157,no_route,0,0
LEO_V1_1_REQUALIFICATION_20260920,ofat_comparative,interferenceDb__25p0__lqi,f36d0510e3dbb0d3c9adffa565c74ad2c5026b77fa1cf04b411ba46f49f4c520,triangle,2.5,lqi,1,3,2,42,3,16,158,no_route,0,0
LEO_V1_1_REQUALIFICATION_20260920,ofat_comparative,interferenceDb__25p0__lqi,f36d0510e3dbb0d3c9adffa565c74ad2c5026b77fa1cf04b411ba46f49f4c520,triangle,2.5,lqi,1,3,2,42,3,16,159,no_route,0,0
LEO_V1_1_REQUALIFICATION_20260920,ofat_comparative,interferenceDb__25p0__lqi,f36d0510e3dbb0d3c9adffa565c74ad2c5026b77fa1cf04b411ba46f49f4c520,triangle,2.5,lqi,1,3,2,42,3,17,160,no_route,0,0
LEO_V1_1_REQUALIFICATION_20260920,ofat_comparative,interferenceDb__25p0__lqi,f36d0510e3dbb0d3c9adffa565c74ad2c5026b77fa1cf04b411ba46f49f4c520,triangle,2.5,lqi,1,3,2,42,3,17,161,no_route,0,0
LEO_V1_1_REQUALIFICATION_20260920,ofat_comparative,interferenceDb__25p0__lqi,f36d0510e3dbb0d3c9adffa565c74ad2c5026b77fa1cf04b411ba46f49f4c520,triangle,2.5,lqi,1,3,2,42,3,17,162,no_route,0,0
LEO_V1_1_REQUALIFICATION_20260920,ofat_comparative,interferenceDb__25p0__lqi,f36d0510e3dbb0d3c9adffa565c74ad2c5026b77fa1cf04b411ba46f49f4c520,triangle,2.5,lqi,1,3,2,42,3,17,163,no_route,0,0
LEO_V1_1_REQUALIFICATION_20260920,ofat_comparative,interferenceDb__25p0__lqi,f36d0510e3dbb0d3c9adffa565c74ad2c5026b77fa1cf04b411ba46f49f4c520,triangle,2.5,lqi,1,3,2,42,3,17,164,no_route,0,0
LEO_V1_1_REQUALIFICATION_20260920,ofat_comparative,interferenceDb__25p0__lqi,f36d0510e3dbb0d3c9adffa565c74ad2c5026b77fa1cf04b411ba46f49f4c520,triangle,2.5,lqi,1,3,2,42,3,17,165,no_route,0,0
LEO_V1_1_REQUALIFICATION_20260920,ofat_comparative,interferenceDb__25p0__lqi,f36d0510e3dbb0d3c9adffa565c74ad2c5026b77fa1cf04b411ba46f49f4c520,triangle,2.5,lqi,1,3,2,42,3,17,166,no_route,0,0
LEO_V1_1_REQUALIFICATION_20260920,ofat_comparative,interferenceDb__25p0__lqi,f36d0510e3dbb0d3c9adffa565c74ad2c5026b77fa1cf04b411ba46f49f4c520,triangle,2.5,lqi,1,3,2,42,3,17,167,no_route,0,0
LEO_V1_1_REQUALIFICATION_20260920,ofat_comparative,interferenceDb__25p0__lqi,f36d0510e3dbb0d3c9adffa565c74ad2c5026b77fa1cf04b411ba46f49f4c520,triangle,2.5,lqi,1,3,2,42,3,17,168,no_route,0,0
LEO_V1_1_REQUALIFICATION_20260920,ofat_comparative,interferenceDb__25p0__lqi,f36d0510e3dbb0d3c9adffa565c74ad2c5026b77fa1cf04b411ba46f49f4c520,triangle,2.5,lqi,1,3,2,42,3,17,169,no_route,0,0
LEO_V1_1_REQUALIFICATION_20260920,ofat_comparative,interferenceDb__25p0__lqi,f36d0510e3dbb0d3c9adffa565c74ad2c5026b77fa1cf04b411ba46f49f4c520,triangle,2.5,lqi,1,3,2,42,3,18,170,no_route,0,0
LEO_V1_1_REQUALIFICATION_20260920,ofat_comparative,interferenceDb__25p0__lqi,f36d0510e3dbb0d3c9adffa565c74ad2c5026b77fa1cf04b411ba46f49f4c520,triangle,2.5,lqi,1,3,2,42,3,18,171,no_route,0,0
LEO_V1_1_REQUALIFICATION_20260920,ofat_comparative,interferenceDb__25p0__lqi,f36d0510e3dbb0d3c9adffa565c74ad2c5026b77fa1cf04b411ba46f49f4c520,triangle,2.5,lqi,1,3,2,42,3,18,172,no_route,0,0
LEO_V1_1_REQUALIFICATION_20260920,ofat_comparative,interferenceDb__25p0__lqi,f36d0510e3dbb0d3c9adffa565c74ad2c5026b77fa1cf04b411ba46f49f4c520,triangle,2.5,lqi,1,3,2,42,3,18,173,no_route,0,0
LEO_V1_1_REQUALIFICATION_20260920,ofat_comparative,interferenceDb__25p0__lqi,f36d0510e3dbb0d3c9adffa565c74ad2c5026b77fa1cf04b411ba46f49f4c520,triangle,2.5,lqi,1,3,2,42,3,18,174,no_route,0,0
LEO_V1_1_REQUALIFICATION_20260920,ofat_comparative,interferenceDb__25p0__lqi,f36d0510e3dbb0d3c9adffa565c74ad2c5026b77fa1cf04b411ba46f49f4c520,triangle,2.5,lqi,1,3,2,42,3,18,175,no_route,0,0
LEO_V1_1_REQUALIFICATION_20260920,ofat_comparative,interferenceDb__25p0__lqi,f36d0510e3dbb0d3c9adffa565c74ad2c5026b77fa1cf04b411ba46f49f4c520,triangle,2.5,lqi,1,3,2,42,3,18,176,no_route,0,0
LEO_V1_1_REQUALIFICATION_20260920,ofat_comparative,interferenceDb__25p0__lqi,f36d0510e3dbb0d3c9adffa565c74ad2c5026b77fa1cf04b411ba46f49f4c520,triangle,2.5,lqi,1,3,2,42,3,18,177,no_route,0,0
LEO_V1_1_REQUALIFICATION_20260920,ofat_comparative,interferenceDb__25p0__lqi,f36d0510e3dbb0d3c9adffa565c74ad2c5026b77fa1cf04b411ba46f49f4c520,triangle,2.5,lqi,1,3,2,42,3,18,178,no_route,0,0
LEO_V1_1_REQUALIFICATION_20260920,ofat_comparative,interferenceDb__25p0__lqi,f36d0510e3dbb0d3c9adffa565c74ad2c5026b77fa1cf04b411ba46f49f4c520,triangle,2.5,lqi,1,3,2,42,3,18,179,no_route,0,0
LEO_V1_1_REQUALIFICATION_20260920,ofat_comparative,interferenceDb__25p0__lqi,f36d0510e3dbb0d3c9adffa565c74ad2c5026b77fa1cf04b411ba46f49f4c520,triangle,2.5,lqi,1,3,2,42,3,19,180,no_route,0,0
LEO_V1_1_REQUALIFICATION_20260920,ofat_comparative,interferenceDb__25p0__lqi,f36d0510e3dbb0d3c9adffa565c74ad2c5026b77fa1cf04b411ba46f49f4c520,triangle,2.5,lqi,1,3,2,42,3,19,181,no_route,0,0
LEO_V1_1_REQUALIFICATION_20260920,ofat_comparative,interferenceDb__25p0__lqi,f36d0510e3dbb0d3c9adffa565c74ad2c5026b77fa1cf04b411ba46f49f4c520,triangle,2.5,lqi,1,3,2,42,3,19,182,no_route,0,0
LEO_V1_1_REQUALIFICATION_20260920,ofat_comparative,interferenceDb__25p0__lqi,f36d0510e3dbb0d3c9adffa565c74ad2c5026b77fa1cf04b411ba46f49f4c520,triangle,2.5,lqi,1,3,2,42,3,19,183,no_route,0,0
LEO_V1_1_REQUALIFICATION_20260920,ofat_comparative,interferenceDb__25p0__lqi,f36d0510e3dbb0d3c9adffa565c74ad2c5026b77fa1cf04b411ba46f49f4c520,triangle,2.5,lqi,1,3,2,42,3,19,184,no_route,0,0
LEO_V1_1_REQUALIFICATION_20260920,ofat_comparative,interferenceDb__25p0__lqi,f36d0510e3dbb0d3c9adffa565c74ad2c5026b77fa1cf04b411ba46f49f4c520,triangle,2.5,lqi,1,3,2,42,3,19,185,no_route,0,0
LEO_V1_1_REQUALIFICATION_20260920,ofat_comparative,interferenceDb__25p0__lqi,f36d0510e3dbb0d3c9adffa565c74ad2c5026b77fa1cf04b411ba46f49f4c520,triangle,2.5,lqi,1,3,2,42,3,19,186,no_route,0,0
LEO_V1_1_REQUALIFICATION_20260920,ofat_comparative,interferenceDb__25p0__lqi,f36d0510e3dbb0d3c9adffa565c74ad2c5026b77fa1cf04b411ba46f49f4c520,triangle,2.5,lqi,1,3,2,42,3,19,187,no_route,0,0
LEO_V1_1_REQUALIFICATION_20260920,ofat_comparative,interferenceDb__25p0__lqi,f36d0510e3dbb0d3c9adffa565c74ad2c5026b77fa1cf04b411ba46f49f4c520,triangle,2.5,lqi,1,3,2,42,3,19,188,no_route,0,0
LEO_V1_1_REQUALIFICATION_20260920,ofat_comparative,interferenceDb__25p0__lqi,f36d0510e3dbb0d3c9adffa565c74ad2c5026b77fa1cf04b411ba46f49f4c520,triangle,2.5,lqi,1,3,2,42,3,19,189,no_route,0,0
LEO_V1_1_REQUALIFICATION_20260920,ofat_comparative,interferenceDb__25p0__lqi,f36d0510e3dbb0d3c9adffa565c74ad2c5026b77fa1cf04b411ba46f49f4c520,triangle,2.5,lqi,1,3,3,42,4,1,0,success,12161961113530546194,1
LEO_V1_1_REQUALIFICATION_20260920,ofat_comparative,interferenceDb__25p0__lqi,f36d0510e3dbb0d3c9adffa565c74ad2c5026b77fa1cf04b411ba46f49f4c520,triangle,2.5,lqi,1,3,3,42,4,1,1,success,12161961113530546194,1
LEO_V1_1_REQUALIFICATION_20260920,ofat_comparative,interferenceDb__25p0__lqi,f36d0510e3dbb0d3c9adffa565c74ad2c5026b77fa1cf04b411ba46f49f4c520,triangle,2.5,lqi,1,3,3,42,4,1,2,success,12161961113530546194,1
LEO_V1_1_REQUALIFICATION_20260920,ofat_comparative,interferenceDb__25p0__lqi,f36d0510e3dbb0d3c9adffa565c74ad2c5026b77fa1cf04b411ba46f49f4c520,triangle,2.5,lqi,1,3,3,42,4,1,3,success,12161961113530546194,1
LEO_V1_1_REQUALIFICATION_20260920,ofat_comparative,interferenceDb__25p0__lqi,f36d0510e3dbb0d3c9adffa565c74ad2c5026b77fa1cf04b411ba46f49f4c520,triangle,2.5,lqi,1,3,3,42,4,1,4,success,12161961113530546194,1
LEO_V1_1_REQUALIFICATION_20260920,ofat_comparative,interferenceDb__25p0__lqi,f36d0510e3dbb0d3c9adffa565c74ad2c5026b77fa1cf04b411ba46f49f4c520,triangle,2.5,lqi,1,3,3,42,4,1,5,success,12161961113530546194,1
LEO_V1_1_REQUALIFICATION_20260920,ofat_comparative,interferenceDb__25p0__lqi,f36d0510e3dbb0d3c9adffa565c74ad2c5026b77fa1cf04b411ba46f49f4c520,triangle,2.5,lqi,1,3,3,42,4,1,6,success,12161961113530546194,1
LEO_V1_1_REQUALIFICATION_20260920,ofat_comparative,interferenceDb__25p0__lqi,f36d0510e3dbb0d3c9adffa565c74ad2c5026b77fa1cf04b411ba46f49f4c520,triangle,2.5,lqi,1,3,3,42,4,1,7,success,12161961113530546194,1
LEO_V1_1_REQUALIFICATION_20260920,ofat_comparative,interferenceDb__25p0__lqi,f36d0510e3dbb0d3c9adffa565c74ad2c5026b77fa1cf04b411ba46f49f4c520,triangle,2.5,lqi,1,3,3,42,4,1,8,success,12161961113530546194,1
LEO_V1_1_REQUALIFICATION_20260920,ofat_comparative,interferenceDb__25p0__lqi,f36d0510e3dbb0d3c9adffa565c74ad2c5026b77fa1cf04b411ba46f49f4c520,triangle,2.5,lqi,1,3,3,42,4,1,9,success,12161961113530546194,1
LEO_V1_1_REQUALIFICATION_20260920,ofat_comparative,interferenceDb__25p0__lqi,f36d0510e3dbb0d3c9adffa565c74ad2c5026b77fa1cf04b411ba46f49f4c520,triangle,2.5,lqi,1,3,3,42,4,2,10,success,12161960014018917983,1
LEO_V1_1_REQUALIFICATION_20260920,ofat_comparative,interferenceDb__25p0__lqi,f36d0510e3dbb0d3c9adffa565c74ad2c5026b77fa1cf04b411ba46f49f4c520,triangle,2.5,lqi,1,3,3,42,4,2,11,success,12161960014018917983,1
LEO_V1_1_REQUALIFICATION_20260920,ofat_comparative,interferenceDb__25p0__lqi,f36d0510e3dbb0d3c9adffa565c74ad2c5026b77fa1cf04b411ba46f49f4c520,triangle,2.5,lqi,1,3,3,42,4,2,12,success,12161960014018917983,1
LEO_V1_1_REQUALIFICATION_20260920,ofat_comparative,interferenceDb__25p0__lqi,f36d0510e3dbb0d3c9adffa565c74ad2c5026b77fa1cf04b411ba46f49f4c520,triangle,2.5,lqi,1,3,3,42,4,2,13,success,12161960014018917983,1
LEO_V1_1_REQUALIFICATION_20260920,ofat_comparative,interferenceDb__25p0__lqi,f36d0510e3dbb0d3c9adffa565c74ad2c5026b77fa1cf04b411ba46f49f4c520,triangle,2.5,lqi,1,3,3,42,4,2,14,success,12161960014018917983,1
LEO_V1_1_REQUALIFICATION_20260920,ofat_comparative,interferenceDb__25p0__lqi,f36d0510e3dbb0d3c9adffa565c74ad2c5026b77fa1cf04b411ba46f49f4c520,triangle,2.5,lqi,1,3,3,42,4,2,15,success,12161960014018917983,1
LEO_V1_1_REQUALIFICATION_20260920,ofat_comparative,interferenceDb__25p0__lqi,f36d0510e3dbb0d3c9adffa565c74ad2c5026b77fa1cf04b411ba46f49f4c520,triangle,2.5,lqi,1,3,3,42,4,2,16,success,12161960014018917983,1
LEO_V1_1_REQUALIFICATION_20260920,ofat_comparative,interferenceDb__25p0__lqi,f36d0510e3dbb0d3c9adffa565c74ad2c5026b77fa1cf04b411ba46f49f4c520,triangle,2.5,lqi,1,3,3,42,4,2,17,success,12161960014018917983,1
LEO_V1_1_REQUALIFICATION_20260920,ofat_comparative,interferenceDb__25p0__lqi,f36d0510e3dbb0d3c9adffa565c74ad2c5026b77fa1cf04b411ba46f49f4c520,triangle,2.5,lqi,1,3,3,42,4,2,18,success,12161960014018917983,1
LEO_V1_1_REQUALIFICATION_20260920,ofat_comparative,interferenceDb__25p0__lqi,f36d0510e3dbb0d3c9adffa565c74ad2c5026b77fa1cf04b411ba46f49f4c520,triangle,2.5,lqi,1,3,3,42,4,2,19,success,12161960014018917983,1
LEO_V1_1_REQUALIFICATION_20260920,ofat_comparative,interferenceDb__25p0__lqi,f36d0510e3dbb0d3c9adffa565c74ad2c5026b77fa1cf04b411ba46f49f4c520,triangle,2.5,lqi,1,3,3,42,4,3,20,success,5168105627079211135,2
LEO_V1_1_REQUALIFICATION_20260920,ofat_comparative,interferenceDb__25p0__lqi,f36d0510e3dbb0d3c9adffa565c74ad2c5026b77fa1cf04b411ba46f49f4c520,triangle,2.5,lqi,1,3,3,42,4,3,21,success,5168105627079211135,2
LEO_V1_1_REQUALIFICATION_20260920,ofat_comparative,interferenceDb__25p0__lqi,f36d0510e3dbb0d3c9adffa565c74ad2c5026b77fa1cf04b411ba46f49f4c520,triangle,2.5,lqi,1,3,3,42,4,3,22,success,5168105627079211135,2
LEO_V1_1_REQUALIFICATION_20260920,ofat_comparative,interferenceDb__25p0__lqi,f36d0510e3dbb0d3c9adffa565c74ad2c5026b77fa1cf04b411ba46f49f4c520,triangle,2.5,lqi,1,3,3,42,4,3,23,success,5168105627079211135,2
LEO_V1_1_REQUALIFICATION_20260920,ofat_comparative,interferenceDb__25p0__lqi,f36d0510e3dbb0d3c9adffa565c74ad2c5026b77fa1cf04b411ba46f49f4c520,triangle,2.5,lqi,1,3,3,42,4,3,24,success,5168105627079211135,2
LEO_V1_1_REQUALIFICATION_20260920,ofat_comparative,interferenceDb__25p0__lqi,f36d0510e3dbb0d3c9adffa565c74ad2c5026b77fa1cf04b411ba46f49f4c520,triangle,2.5,lqi,1,3,3,42,4,3,25,success,5168105627079211135,2
LEO_V1_1_REQUALIFICATION_20260920,ofat_comparative,interferenceDb__25p0__lqi,f36d0510e3dbb0d3c9adffa565c74ad2c5026b77fa1cf04b411ba46f49f4c520,triangle,2.5,lqi,1,3,3,42,4,3,26,success,5168105627079211135,2
LEO_V1_1_REQUALIFICATION_20260920,ofat_comparative,interferenceDb__25p0__lqi,f36d0510e3dbb0d3c9adffa565c74ad2c5026b77fa1cf04b411ba46f49f4c520,triangle,2.5,lqi,1,3,3,42,4,3,27,success,5168105627079211135,2
LEO_V1_1_REQUALIFICATION_20260920,ofat_comparative,interferenceDb__25p0__lqi,f36d0510e3dbb0d3c9adffa565c74ad2c5026b77fa1cf04b411ba46f49f4c520,triangle,2.5,lqi,1,3,3,42,4,3,28,success,5168105627079211135,2
LEO_V1_1_REQUALIFICATION_20260920,ofat_comparative,interferenceDb__25p0__lqi,f36d0510e3dbb0d3c9adffa565c74ad2c5026b77fa1cf04b411ba46f49f4c520,triangle,2.5,lqi,1,3,3,42,4,3,29,success,5168105627079211135,2
LEO_V1_1_REQUALIFICATION_20260920,ofat_comparative,interferenceDb__25p0__lqi,f36d0510e3dbb0d3c9adffa565c74ad2c5026b77fa1cf04b411ba46f49f4c520,triangle,2.5,lqi,1,3,3,42,4,4,30,success,4254184782511048963,2
LEO_V1_1_REQUALIFICATION_20260920,ofat_comparative,interferenceDb__25p0__lqi,f36d0510e3dbb0d3c9adffa565c74ad2c5026b77fa1cf04b411ba46f49f4c520,triangle,2.5,lqi,1,3,3,42,4,4,31,success,4254184782511048963,2
LEO_V1_1_REQUALIFICATION_20260920,ofat_comparative,interferenceDb__25p0__lqi,f36d0510e3dbb0d3c9adffa565c74ad2c5026b77fa1cf04b411ba46f49f4c520,triangle,2.5,lqi,1,3,3,42,4,4,32,success,4254184782511048963,2
LEO_V1_1_REQUALIFICATION_20260920,ofat_comparative,interferenceDb__25p0__lqi,f36d0510e3dbb0d3c9adffa565c74ad2c5026b77fa1cf04b411ba46f49f4c520,triangle,2.5,lqi,1,3,3,42,4,4,33,success,4254184782511048963,2
LEO_V1_1_REQUALIFICATION_20260920,ofat_comparative,interferenceDb__25p0__lqi,f36d0510e3dbb0d3c9adffa565c74ad2c5026b77fa1cf04b411ba46f49f4c520,triangle,2.5,lqi,1,3,3,42,4,4,34,success,4254184782511048963,2
LEO_V1_1_REQUALIFICATION_20260920,ofat_comparative,interferenceDb__25p0__lqi,f36d0510e3dbb0d3c9adffa565c74ad2c5026b77fa1cf04b411ba46f49f4c520,triangle,2.5,lqi,1,3,3,42,4,4,35,success,4254184782511048963,2
LEO_V1_1_REQUALIFICATION_20260920,ofat_comparative,interferenceDb__25p0__lqi,f36d0510e3dbb0d3c9adffa565c74ad2c5026b77fa1cf04b411ba46f49f4c520,triangle,2.5,lqi,1,3,3,42,4,4,36,success,4254184782511048963,2
LEO_V1_1_REQUALIFICATION_20260920,ofat_comparative,interferenceDb__25p0__lqi,f36d0510e3dbb0d3c9adffa565c74ad2c5026b77fa1cf04b411ba46f49f4c520,triangle,2.5,lqi,1,3,3,42,4,4,37,success,4254184782511048963,2
LEO_V1_1_REQUALIFICATION_20260920,ofat_comparative,interferenceDb__25p0__lqi,f36d0510e3dbb0d3c9adffa565c74ad2c5026b77fa1cf04b411ba46f49f4c520,triangle,2.5,lqi,1,3,3,42,4,4,38,success,4254184782511048963,2
LEO_V1_1_REQUALIFICATION_20260920,ofat_comparative,interferenceDb__25p0__lqi,f36d0510e3dbb0d3c9adffa565c74ad2c5026b77fa1cf04b411ba46f49f4c520,triangle,2.5,lqi,1,3,3,42,4,4,39,success,4254184782511048963,2
LEO_V1_1_REQUALIFICATION_20260920,ofat_comparative,interferenceDb__25p0__lqi,f36d0510e3dbb0d3c9adffa565c74ad2c5026b77fa1cf04b411ba46f49f4c520,triangle,2.5,lqi,1,3,3,42,4,5,40,timeout,0,0
LEO_V1_1_REQUALIFICATION_20260920,ofat_comparative,interferenceDb__25p0__lqi,f36d0510e3dbb0d3c9adffa565c74ad2c5026b77fa1cf04b411ba46f49f4c520,triangle,2.5,lqi,1,3,3,42,4,5,41,no_route,0,0
LEO_V1_1_REQUALIFICATION_20260920,ofat_comparative,interferenceDb__25p0__lqi,f36d0510e3dbb0d3c9adffa565c74ad2c5026b77fa1cf04b411ba46f49f4c520,triangle,2.5,lqi,1,3,3,42,4,5,42,success,16719299368067595120,3
LEO_V1_1_REQUALIFICATION_20260920,ofat_comparative,interferenceDb__25p0__lqi,f36d0510e3dbb0d3c9adffa565c74ad2c5026b77fa1cf04b411ba46f49f4c520,triangle,2.5,lqi,1,3,3,42,4,5,43,success,16719299368067595120,3
LEO_V1_1_REQUALIFICATION_20260920,ofat_comparative,interferenceDb__25p0__lqi,f36d0510e3dbb0d3c9adffa565c74ad2c5026b77fa1cf04b411ba46f49f4c520,triangle,2.5,lqi,1,3,3,42,4,5,44,success,16719299368067595120,3
LEO_V1_1_REQUALIFICATION_20260920,ofat_comparative,interferenceDb__25p0__lqi,f36d0510e3dbb0d3c9adffa565c74ad2c5026b77fa1cf04b411ba46f49f4c520,triangle,2.5,lqi,1,3,3,42,4,5,45,success,16719299368067595120,3
LEO_V1_1_REQUALIFICATION_20260920,ofat_comparative,interferenceDb__25p0__lqi,f36d0510e3dbb0d3c9adffa565c74ad2c5026b77fa1cf04b411ba46f49f4c520,triangle,2.5,lqi,1,3,3,42,4,5,46,success,16719299368067595120,3
LEO_V1_1_REQUALIFICATION_20260920,ofat_comparative,interferenceDb__25p0__lqi,f36d0510e3dbb0d3c9adffa565c74ad2c5026b77fa1cf04b411ba46f49f4c520,triangle,2.5,lqi,1,3,3,42,4,5,47,success,16719299368067595120,3
LEO_V1_1_REQUALIFICATION_20260920,ofat_comparative,interferenceDb__25p0__lqi,f36d0510e3dbb0d3c9adffa565c74ad2c5026b77fa1cf04b411ba46f49f4c520,triangle,2.5,lqi,1,3,3,42,4,5,48,success,16719299368067595120,3
LEO_V1_1_REQUALIFICATION_20260920,ofat_comparative,interferenceDb__25p0__lqi,f36d0510e3dbb0d3c9adffa565c74ad2c5026b77fa1cf04b411ba46f49f4c520,triangle,2.5,lqi,1,3,3,42,4,5,49,success,16719299368067595120,3
LEO_V1_1_REQUALIFICATION_20260920,ofat_comparative,interferenceDb__25p0__lqi,f36d0510e3dbb0d3c9adffa565c74ad2c5026b77fa1cf04b411ba46f49f4c520,triangle,2.5,lqi,1,3,3,42,4,6,50,success,16719302666602479753,3
LEO_V1_1_REQUALIFICATION_20260920,ofat_comparative,interferenceDb__25p0__lqi,f36d0510e3dbb0d3c9adffa565c74ad2c5026b77fa1cf04b411ba46f49f4c520,triangle,2.5,lqi,1,3,3,42,4,6,51,timeout,0,0
LEO_V1_1_REQUALIFICATION_20260920,ofat_comparative,interferenceDb__25p0__lqi,f36d0510e3dbb0d3c9adffa565c74ad2c5026b77fa1cf04b411ba46f49f4c520,triangle,2.5,lqi,1,3,3,42,4,6,52,no_route,0,0
LEO_V1_1_REQUALIFICATION_20260920,ofat_comparative,interferenceDb__25p0__lqi,f36d0510e3dbb0d3c9adffa565c74ad2c5026b77fa1cf04b411ba46f49f4c520,triangle,2.5,lqi,1,3,3,42,4,6,53,timeout,0,0
LEO_V1_1_REQUALIFICATION_20260920,ofat_comparative,interferenceDb__25p0__lqi,f36d0510e3dbb0d3c9adffa565c74ad2c5026b77fa1cf04b411ba46f49f4c520,triangle,2.5,lqi,1,3,3,42,4,6,54,no_route,0,0
LEO_V1_1_REQUALIFICATION_20260920,ofat_comparative,interferenceDb__25p0__lqi,f36d0510e3dbb0d3c9adffa565c74ad2c5026b77fa1cf04b411ba46f49f4c520,triangle,2.5,lqi,1,3,3,42,4,6,55,timeout,0,0
LEO_V1_1_REQUALIFICATION_20260920,ofat_comparative,interferenceDb__25p0__lqi,f36d0510e3dbb0d3c9adffa565c74ad2c5026b77fa1cf04b411ba46f49f4c520,triangle,2.5,lqi,1,3,3,42,4,6,56,no_route,0,0
LEO_V1_1_REQUALIFICATION_20260920,ofat_comparative,interferenceDb__25p0__lqi,f36d0510e3dbb0d3c9adffa565c74ad2c5026b77fa1cf04b411ba46f49f4c520,triangle,2.5,lqi,1,3,3,42,4,6,57,success,13977554426549159980,3
LEO_V1_1_REQUALIFICATION_20260920,ofat_comparative,interferenceDb__25p0__lqi,f36d0510e3dbb0d3c9adffa565c74ad2c5026b77fa1cf04b411ba46f49f4c520,triangle,2.5,lqi,1,3,3,42,4,6,58,success,13977554426549159980,3
LEO_V1_1_REQUALIFICATION_20260920,ofat_comparative,interferenceDb__25p0__lqi,f36d0510e3dbb0d3c9adffa565c74ad2c5026b77fa1cf04b411ba46f49f4c520,triangle,2.5,lqi,1,3,3,42,4,6,59,timeout,0,0
LEO_V1_1_REQUALIFICATION_20260920,ofat_comparative,interferenceDb__25p0__lqi,f36d0510e3dbb0d3c9adffa565c74ad2c5026b77fa1cf04b411ba46f49f4c520,triangle,2.5,lqi,1,3,3,42,4,7,60,success,12161954516460776928,1
LEO_V1_1_REQUALIFICATION_20260920,ofat_comparative,interferenceDb__25p0__lqi,f36d0510e3dbb0d3c9adffa565c74ad2c5026b77fa1cf04b411ba46f49f4c520,triangle,2.5,lqi,1,3,3,42,4,7,61,success,12161954516460776928,1
LEO_V1_1_REQUALIFICATION_20260920,ofat_comparative,interferenceDb__25p0__lqi,f36d0510e3dbb0d3c9adffa565c74ad2c5026b77fa1cf04b411ba46f49f4c520,triangle,2.5,lqi,1,3,3,42,4,7,62,success,12161954516460776928,1
LEO_V1_1_REQUALIFICATION_20260920,ofat_comparative,interferenceDb__25p0__lqi,f36d0510e3dbb0d3c9adffa565c74ad2c5026b77fa1cf04b411ba46f49f4c520,triangle,2.5,lqi,1,3,3,42,4,7,63,success,12161954516460776928,1
LEO_V1_1_REQUALIFICATION_20260920,ofat_comparative,interferenceDb__25p0__lqi,f36d0510e3dbb0d3c9adffa565c74ad2c5026b77fa1cf04b411ba46f49f4c520,triangle,2.5,lqi,1,3,3,42,4,7,64,success,12161954516460776928,1
LEO_V1_1_REQUALIFICATION_20260920,ofat_comparative,interferenceDb__25p0__lqi,f36d0510e3dbb0d3c9adffa565c74ad2c5026b77fa1cf04b411ba46f49f4c520,triangle,2.5,lqi,1,3,3,42,4,7,65,success,12161954516460776928,1
LEO_V1_1_REQUALIFICATION_20260920,ofat_comparative,interferenceDb__25p0__lqi,f36d0510e3dbb0d3c9adffa565c74ad2c5026b77fa1cf04b411ba46f49f4c520,triangle,2.5,lqi,1,3,3,42,4,7,66,success,12161954516460776928,1
LEO_V1_1_REQUALIFICATION_20260920,ofat_comparative,interferenceDb__25p0__lqi,f36d0510e3dbb0d3c9adffa565c74ad2c5026b77fa1cf04b411ba46f49f4c520,triangle,2.5,lqi,1,3,3,42,4,7,67,success,12161954516460776928,1
LEO_V1_1_REQUALIFICATION_20260920,ofat_comparative,interferenceDb__25p0__lqi,f36d0510e3dbb0d3c9adffa565c74ad2c5026b77fa1cf04b411ba46f49f4c520,triangle,2.5,lqi,1,3,3,42,4,7,68,success,12161954516460776928,1
LEO_V1_1_REQUALIFICATION_20260920,ofat_comparative,interferenceDb__25p0__lqi,f36d0510e3dbb0d3c9adffa565c74ad2c5026b77fa1cf04b411ba46f49f4c520,triangle,2.5,lqi,1,3,3,42,4,7,69,success,12161954516460776928,1
LEO_V1_1_REQUALIFICATION_20260920,ofat_comparative,interferenceDb__25p0__lqi,f36d0510e3dbb0d3c9adffa565c74ad2c5026b77fa1cf04b411ba46f49f4c520,triangle,2.5,lqi,1,3,3,42,4,8,70,success,12161971009135200093,1
LEO_V1_1_REQUALIFICATION_20260920,ofat_comparative,interferenceDb__25p0__lqi,f36d0510e3dbb0d3c9adffa565c74ad2c5026b77fa1cf04b411ba46f49f4c520,triangle,2.5,lqi,1,3,3,42,4,8,71,success,12161971009135200093,1
LEO_V1_1_REQUALIFICATION_20260920,ofat_comparative,interferenceDb__25p0__lqi,f36d0510e3dbb0d3c9adffa565c74ad2c5026b77fa1cf04b411ba46f49f4c520,triangle,2.5,lqi,1,3,3,42,4,8,72,success,12161971009135200093,1
LEO_V1_1_REQUALIFICATION_20260920,ofat_comparative,interferenceDb__25p0__lqi,f36d0510e3dbb0d3c9adffa565c74ad2c5026b77fa1cf04b411ba46f49f4c520,triangle,2.5,lqi,1,3,3,42,4,8,73,success,12161971009135200093,1
LEO_V1_1_REQUALIFICATION_20260920,ofat_comparative,interferenceDb__25p0__lqi,f36d0510e3dbb0d3c9adffa565c74ad2c5026b77fa1cf04b411ba46f49f4c520,triangle,2.5,lqi,1,3,3,42,4,8,74,success,12161971009135200093,1
LEO_V1_1_REQUALIFICATION_20260920,ofat_comparative,interferenceDb__25p0__lqi,f36d0510e3dbb0d3c9adffa565c74ad2c5026b77fa1cf04b411ba46f49f4c520,triangle,2.5,lqi,1,3,3,42,4,8,75,success,12161971009135200093,1
LEO_V1_1_REQUALIFICATION_20260920,ofat_comparative,interferenceDb__25p0__lqi,f36d0510e3dbb0d3c9adffa565c74ad2c5026b77fa1cf04b411ba46f49f4c520,triangle,2.5,lqi,1,3,3,42,4,8,76,success,12161971009135200093,1
LEO_V1_1_REQUALIFICATION_20260920,ofat_comparative,interferenceDb__25p0__lqi,f36d0510e3dbb0d3c9adffa565c74ad2c5026b77fa1cf04b411ba46f49f4c520,triangle,2.5,lqi,1,3,3,42,4,8,77,success,12161971009135200093,1
LEO_V1_1_REQUALIFICATION_20260920,ofat_comparative,interferenceDb__25p0__lqi,f36d0510e3dbb0d3c9adffa565c74ad2c5026b77fa1cf04b411ba46f49f4c520,triangle,2.5,lqi,1,3,3,42,4,8,78,success,12161971009135200093,1
LEO_V1_1_REQUALIFICATION_20260920,ofat_comparative,interferenceDb__25p0__lqi,f36d0510e3dbb0d3c9adffa565c74ad2c5026b77fa1cf04b411ba46f49f4c520,triangle,2.5,lqi,1,3,3,42,4,8,79,success,12161971009135200093,1
LEO_V1_1_REQUALIFICATION_20260920,ofat_comparative,interferenceDb__25p0__lqi,f36d0510e3dbb0d3c9adffa565c74ad2c5026b77fa1cf04b411ba46f49f4c520,triangle,2.5,lqi,1,3,3,42,4,9,80,success,18131355419705379627,2
LEO_V1_1_REQUALIFICATION_20260920,ofat_comparative,interferenceDb__25p0__lqi,f36d0510e3dbb0d3c9adffa565c74ad2c5026b77fa1cf04b411ba46f49f4c520,triangle,2.5,lqi,1,3,3,42,4,9,81,success,18131355419705379627,2
LEO_V1_1_REQUALIFICATION_20260920,ofat_comparative,interferenceDb__25p0__lqi,f36d0510e3dbb0d3c9adffa565c74ad2c5026b77fa1cf04b411ba46f49f4c520,triangle,2.5,lqi,1,3,3,42,4,9,82,success,18131355419705379627,2
LEO_V1_1_REQUALIFICATION_20260920,ofat_comparative,interferenceDb__25p0__lqi,f36d0510e3dbb0d3c9adffa565c74ad2c5026b77fa1cf04b411ba46f49f4c520,triangle,2.5,lqi,1,3,3,42,4,9,83,success,18131355419705379627,2
LEO_V1_1_REQUALIFICATION_20260920,ofat_comparative,interferenceDb__25p0__lqi,f36d0510e3dbb0d3c9adffa565c74ad2c5026b77fa1cf04b411ba46f49f4c520,triangle,2.5,lqi,1,3,3,42,4,9,84,success,18131355419705379627,2
LEO_V1_1_REQUALIFICATION_20260920,ofat_comparative,interferenceDb__25p0__lqi,f36d0510e3dbb0d3c9adffa565c74ad2c5026b77fa1cf04b411ba46f49f4c520,triangle,2.5,lqi,1,3,3,42,4,9,85,success,18131355419705379627,2
LEO_V1_1_REQUALIFICATION_20260920,ofat_comparative,interferenceDb__25p0__lqi,f36d0510e3dbb0d3c9adffa565c74ad2c5026b77fa1cf04b411ba46f49f4c520,triangle,2.5,lqi,1,3,3,42,4,9,86,success,18131355419705379627,2
LEO_V1_1_REQUALIFICATION_20260920,ofat_comparative,interferenceDb__25p0__lqi,f36d0510e3dbb0d3c9adffa565c74ad2c5026b77fa1cf04b411ba46f49f4c520,triangle,2.5,lqi,1,3,3,42,4,9,87,success,18131355419705379627,2
LEO_V1_1_REQUALIFICATION_20260920,ofat_comparative,interferenceDb__25p0__lqi,f36d0510e3dbb0d3c9adffa565c74ad2c5026b77fa1cf04b411ba46f49f4c520,triangle,2.5,lqi,1,3,3,42,4,9,88,success,18131355419705379627,2
LEO_V1_1_REQUALIFICATION_20260920,ofat_comparative,interferenceDb__25p0__lqi,f36d0510e3dbb0d3c9adffa565c74ad2c5026b77fa1cf04b411ba46f49f4c520,triangle,2.5,lqi,1,3,3,42,4,9,89,success,18131355419705379627,2
LEO_V1_1_REQUALIFICATION_20260920,ofat_comparative,interferenceDb__25p0__lqi,f36d0510e3dbb0d3c9adffa565c74ad2c5026b77fa1cf04b411ba46f49f4c520,triangle,2.5,lqi,1,3,3,42,4,10,90,success,16550409214862684870,3
LEO_V1_1_REQUALIFICATION_20260920,ofat_comparative,interferenceDb__25p0__lqi,f36d0510e3dbb0d3c9adffa565c74ad2c5026b77fa1cf04b411ba46f49f4c520,triangle,2.5,lqi,1,3,3,42,4,10,91,success,16550409214862684870,3
LEO_V1_1_REQUALIFICATION_20260920,ofat_comparative,interferenceDb__25p0__lqi,f36d0510e3dbb0d3c9adffa565c74ad2c5026b77fa1cf04b411ba46f49f4c520,triangle,2.5,lqi,1,3,3,42,4,10,92,success,16550409214862684870,3
LEO_V1_1_REQUALIFICATION_20260920,ofat_comparative,interferenceDb__25p0__lqi,f36d0510e3dbb0d3c9adffa565c74ad2c5026b77fa1cf04b411ba46f49f4c520,triangle,2.5,lqi,1,3,3,42,4,10,93,success,16550409214862684870,3
LEO_V1_1_REQUALIFICATION_20260920,ofat_comparative,interferenceDb__25p0__lqi,f36d0510e3dbb0d3c9adffa565c74ad2c5026b77fa1cf04b411ba46f49f4c520,triangle,2.5,lqi,1,3,3,42,4,10,94,success,16550409214862684870,3
LEO_V1_1_REQUALIFICATION_20260920,ofat_comparative,interferenceDb__25p0__lqi,f36d0510e3dbb0d3c9adffa565c74ad2c5026b77fa1cf04b411ba46f49f4c520,triangle,2.5,lqi,1,3,3,42,4,10,95,success,16550409214862684870,3
LEO_V1_1_REQUALIFICATION_20260920,ofat_comparative,interferenceDb__25p0__lqi,f36d0510e3dbb0d3c9adffa565c74ad2c5026b77fa1cf04b411ba46f49f4c520,triangle,2.5,lqi,1,3,3,42,4,10,96,success,16550409214862684870,3
LEO_V1_1_REQUALIFICATION_20260920,ofat_comparative,interferenceDb__25p0__lqi,f36d0510e3dbb0d3c9adffa565c74ad2c5026b77fa1cf04b411ba46f49f4c520,triangle,2.5,lqi,1,3,3,42,4,10,97,success,16550409214862684870,3
LEO_V1_1_REQUALIFICATION_20260920,ofat_comparative,interferenceDb__25p0__lqi,f36d0510e3dbb0d3c9adffa565c74ad2c5026b77fa1cf04b411ba46f49f4c520,triangle,2.5,lqi,1,3,3,42,4,10,98,success,16550409214862684870,3
LEO_V1_1_REQUALIFICATION_20260920,ofat_comparative,interferenceDb__25p0__lqi,f36d0510e3dbb0d3c9adffa565c74ad2c5026b77fa1cf04b411ba46f49f4c520,triangle,2.5,lqi,1,3,3,42,4,10,99,success,16550409214862684870,3
LEO_V1_1_REQUALIFICATION_20260920,ofat_comparative,interferenceDb__25p0__lqi,f36d0510e3dbb0d3c9adffa565c74ad2c5026b77fa1cf04b411ba46f49f4c520,triangle,2.5,lqi,1,3,3,42,4,11,100,success,13393352546262426876,2
LEO_V1_1_REQUALIFICATION_20260920,ofat_comparative,interferenceDb__25p0__lqi,f36d0510e3dbb0d3c9adffa565c74ad2c5026b77fa1cf04b411ba46f49f4c520,triangle,2.5,lqi,1,3,3,42,4,11,101,timeout,0,0
LEO_V1_1_REQUALIFICATION_20260920,ofat_comparative,interferenceDb__25p0__lqi,f36d0510e3dbb0d3c9adffa565c74ad2c5026b77fa1cf04b411ba46f49f4c520,triangle,2.5,lqi,1,3,3,42,4,11,102,no_route,0,0
LEO_V1_1_REQUALIFICATION_20260920,ofat_comparative,interferenceDb__25p0__lqi,f36d0510e3dbb0d3c9adffa565c74ad2c5026b77fa1cf04b411ba46f49f4c520,triangle,2.5,lqi,1,3,3,42,4,11,103,success,17464325661384334198,3
LEO_V1_1_REQUALIFICATION_20260920,ofat_comparative,interferenceDb__25p0__lqi,f36d0510e3dbb0d3c9adffa565c74ad2c5026b77fa1cf04b411ba46f49f4c520,triangle,2.5,lqi,1,3,3,42,4,11,104,success,17464325661384334198,3
LEO_V1_1_REQUALIFICATION_20260920,ofat_comparative,interferenceDb__25p0__lqi,f36d0510e3dbb0d3c9adffa565c74ad2c5026b77fa1cf04b411ba46f49f4c520,triangle,2.5,lqi,1,3,3,42,4,11,105,success,17464325661384334198,3
LEO_V1_1_REQUALIFICATION_20260920,ofat_comparative,interferenceDb__25p0__lqi,f36d0510e3dbb0d3c9adffa565c74ad2c5026b77fa1cf04b411ba46f49f4c520,triangle,2.5,lqi,1,3,3,42,4,11,106,success,17464325661384334198,3
LEO_V1_1_REQUALIFICATION_20260920,ofat_comparative,interferenceDb__25p0__lqi,f36d0510e3dbb0d3c9adffa565c74ad2c5026b77fa1cf04b411ba46f49f4c520,triangle,2.5,lqi,1,3,3,42,4,11,107,success,17464325661384334198,3
LEO_V1_1_REQUALIFICATION_20260920,ofat_comparative,interferenceDb__25p0__lqi,f36d0510e3dbb0d3c9adffa565c74ad2c5026b77fa1cf04b411ba46f49f4c520,triangle,2.5,lqi,1,3,3,42,4,11,108,success,17464325661384334198,3
LEO_V1_1_REQUALIFICATION_20260920,ofat_comparative,interferenceDb__25p0__lqi,f36d0510e3dbb0d3c9adffa565c74ad2c5026b77fa1cf04b411ba46f49f4c520,triangle,2.5,lqi,1,3,3,42,4,11,109,success,17464325661384334198,3
LEO_V1_1_REQUALIFICATION_20260920,ofat_comparative,interferenceDb__25p0__lqi,f36d0510e3dbb0d3c9adffa565c74ad2c5026b77fa1cf04b411ba46f49f4c520,triangle,2.5,lqi,1,3,3,42,4,12,110,timeout,0,0
LEO_V1_1_REQUALIFICATION_20260920,ofat_comparative,interferenceDb__25p0__lqi,f36d0510e3dbb0d3c9adffa565c74ad2c5026b77fa1cf04b411ba46f49f4c520,triangle,2.5,lqi,1,3,3,42,4,12,111,no_route,0,0
LEO_V1_1_REQUALIFICATION_20260920,ofat_comparative,interferenceDb__25p0__lqi,f36d0510e3dbb0d3c9adffa565c74ad2c5026b77fa1cf04b411ba46f49f4c520,triangle,2.5,lqi,1,3,3,42,4,12,112,timeout,0,0
LEO_V1_1_REQUALIFICATION_20260920,ofat_comparative,interferenceDb__25p0__lqi,f36d0510e3dbb0d3c9adffa565c74ad2c5026b77fa1cf04b411ba46f49f4c520,triangle,2.5,lqi,1,3,3,42,4,12,113,no_route,0,0
LEO_V1_1_REQUALIFICATION_20260920,ofat_comparative,interferenceDb__25p0__lqi,f36d0510e3dbb0d3c9adffa565c74ad2c5026b77fa1cf04b411ba46f49f4c520,triangle,2.5,lqi,1,3,3,42,4,12,114,timeout,0,0
LEO_V1_1_REQUALIFICATION_20260920,ofat_comparative,interferenceDb__25p0__lqi,f36d0510e3dbb0d3c9adffa565c74ad2c5026b77fa1cf04b411ba46f49f4c520,triangle,2.5,lqi,1,3,3,42,4,12,115,no_route,0,0
LEO_V1_1_REQUALIFICATION_20260920,ofat_comparative,interferenceDb__25p0__lqi,f36d0510e3dbb0d3c9adffa565c74ad2c5026b77fa1cf04b411ba46f49f4c520,triangle,2.5,lqi,1,3,3,42,4,12,116,success,5631159327870811786,4
LEO_V1_1_REQUALIFICATION_20260920,ofat_comparative,interferenceDb__25p0__lqi,f36d0510e3dbb0d3c9adffa565c74ad2c5026b77fa1cf04b411ba46f49f4c520,triangle,2.5,lqi,1,3,3,42,4,12,117,success,5631159327870811786,4
LEO_V1_1_REQUALIFICATION_20260920,ofat_comparative,interferenceDb__25p0__lqi,f36d0510e3dbb0d3c9adffa565c74ad2c5026b77fa1cf04b411ba46f49f4c520,triangle,2.5,lqi,1,3,3,42,4,12,118,success,5631159327870811786,4
LEO_V1_1_REQUALIFICATION_20260920,ofat_comparative,interferenceDb__25p0__lqi,f36d0510e3dbb0d3c9adffa565c74ad2c5026b77fa1cf04b411ba46f49f4c520,triangle,2.5,lqi,1,3,3,42,4,12,119,success,5631159327870811786,4
LEO_V1_1_REQUALIFICATION_20260920,ofat_comparative,interferenceDb__25p0__lqi,f36d0510e3dbb0d3c9adffa565c74ad2c5026b77fa1cf04b411ba46f49f4c520,triangle,2.5,lqi,1,3,3,42,4,13,120,no_route,0,0
LEO_V1_1_REQUALIFICATION_20260920,ofat_comparative,interferenceDb__25p0__lqi,f36d0510e3dbb0d3c9adffa565c74ad2c5026b77fa1cf04b411ba46f49f4c520,triangle,2.5,lqi,1,3,3,42,4,13,121,no_route,0,0
LEO_V1_1_REQUALIFICATION_20260920,ofat_comparative,interferenceDb__25p0__lqi,f36d0510e3dbb0d3c9adffa565c74ad2c5026b77fa1cf04b411ba46f49f4c520,triangle,2.5,lqi,1,3,3,42,4,13,122,no_route,0,0
LEO_V1_1_REQUALIFICATION_20260920,ofat_comparative,interferenceDb__25p0__lqi,f36d0510e3dbb0d3c9adffa565c74ad2c5026b77fa1cf04b411ba46f49f4c520,triangle,2.5,lqi,1,3,3,42,4,13,123,no_route,0,0
LEO_V1_1_REQUALIFICATION_20260920,ofat_comparative,interferenceDb__25p0__lqi,f36d0510e3dbb0d3c9adffa565c74ad2c5026b77fa1cf04b411ba46f49f4c520,triangle,2.5,lqi,1,3,3,42,4,13,124,no_route,0,0
LEO_V1_1_REQUALIFICATION_20260920,ofat_comparative,interferenceDb__25p0__lqi,f36d0510e3dbb0d3c9adffa565c74ad2c5026b77fa1cf04b411ba46f49f4c520,triangle,2.5,lqi,1,3,3,42,4,13,125,no_route,0,0
LEO_V1_1_REQUALIFICATION_20260920,ofat_comparative,interferenceDb__25p0__lqi,f36d0510e3dbb0d3c9adffa565c74ad2c5026b77fa1cf04b411ba46f49f4c520,triangle,2.5,lqi,1,3,3,42,4,13,126,no_route,0,0
LEO_V1_1_REQUALIFICATION_20260920,ofat_comparative,interferenceDb__25p0__lqi,f36d0510e3dbb0d3c9adffa565c74ad2c5026b77fa1cf04b411ba46f49f4c520,triangle,2.5,lqi,1,3,3,42,4,13,127,no_route,0,0
LEO_V1_1_REQUALIFICATION_20260920,ofat_comparative,interferenceDb__25p0__lqi,f36d0510e3dbb0d3c9adffa565c74ad2c5026b77fa1cf04b411ba46f49f4c520,triangle,2.5,lqi,1,3,3,42,4,13,128,no_route,0,0
LEO_V1_1_REQUALIFICATION_20260920,ofat_comparative,interferenceDb__25p0__lqi,f36d0510e3dbb0d3c9adffa565c74ad2c5026b77fa1cf04b411ba46f49f4c520,triangle,2.5,lqi,1,3,3,42,4,13,129,no_route,0,0
LEO_V1_1_REQUALIFICATION_20260920,ofat_comparative,interferenceDb__25p0__lqi,f36d0510e3dbb0d3c9adffa565c74ad2c5026b77fa1cf04b411ba46f49f4c520,triangle,2.5,lqi,1,3,3,42,4,14,130,no_route,0,0
LEO_V1_1_REQUALIFICATION_20260920,ofat_comparative,interferenceDb__25p0__lqi,f36d0510e3dbb0d3c9adffa565c74ad2c5026b77fa1cf04b411ba46f49f4c520,triangle,2.5,lqi,1,3,3,42,4,14,131,no_route,0,0
LEO_V1_1_REQUALIFICATION_20260920,ofat_comparative,interferenceDb__25p0__lqi,f36d0510e3dbb0d3c9adffa565c74ad2c5026b77fa1cf04b411ba46f49f4c520,triangle,2.5,lqi,1,3,3,42,4,14,132,no_route,0,0
LEO_V1_1_REQUALIFICATION_20260920,ofat_comparative,interferenceDb__25p0__lqi,f36d0510e3dbb0d3c9adffa565c74ad2c5026b77fa1cf04b411ba46f49f4c520,triangle,2.5,lqi,1,3,3,42,4,14,133,no_route,0,0
LEO_V1_1_REQUALIFICATION_20260920,ofat_comparative,interferenceDb__25p0__lqi,f36d0510e3dbb0d3c9adffa565c74ad2c5026b77fa1cf04b411ba46f49f4c520,triangle,2.5,lqi,1,3,3,42,4,14,134,no_route,0,0
LEO_V1_1_REQUALIFICATION_20260920,ofat_comparative,interferenceDb__25p0__lqi,f36d0510e3dbb0d3c9adffa565c74ad2c5026b77fa1cf04b411ba46f49f4c520,triangle,2.5,lqi,1,3,3,42,4,14,135,no_route,0,0
LEO_V1_1_REQUALIFICATION_20260920,ofat_comparative,interferenceDb__25p0__lqi,f36d0510e3dbb0d3c9adffa565c74ad2c5026b77fa1cf04b411ba46f49f4c520,triangle,2.5,lqi,1,3,3,42,4,14,136,no_route,0,0
LEO_V1_1_REQUALIFICATION_20260920,ofat_comparative,interferenceDb__25p0__lqi,f36d0510e3dbb0d3c9adffa565c74ad2c5026b77fa1cf04b411ba46f49f4c520,triangle,2.5,lqi,1,3,3,42,4,14,137,no_route,0,0
LEO_V1_1_REQUALIFICATION_20260920,ofat_comparative,interferenceDb__25p0__lqi,f36d0510e3dbb0d3c9adffa565c74ad2c5026b77fa1cf04b411ba46f49f4c520,triangle,2.5,lqi,1,3,3,42,4,14,138,no_route,0,0
LEO_V1_1_REQUALIFICATION_20260920,ofat_comparative,interferenceDb__25p0__lqi,f36d0510e3dbb0d3c9adffa565c74ad2c5026b77fa1cf04b411ba46f49f4c520,triangle,2.5,lqi,1,3,3,42,4,14,139,no_route,0,0
LEO_V1_1_REQUALIFICATION_20260920,ofat_comparative,interferenceDb__25p0__lqi,f36d0510e3dbb0d3c9adffa565c74ad2c5026b77fa1cf04b411ba46f49f4c520,triangle,2.5,lqi,1,3,3,42,4,15,140,no_route,0,0
LEO_V1_1_REQUALIFICATION_20260920,ofat_comparative,interferenceDb__25p0__lqi,f36d0510e3dbb0d3c9adffa565c74ad2c5026b77fa1cf04b411ba46f49f4c520,triangle,2.5,lqi,1,3,3,42,4,15,141,no_route,0,0
LEO_V1_1_REQUALIFICATION_20260920,ofat_comparative,interferenceDb__25p0__lqi,f36d0510e3dbb0d3c9adffa565c74ad2c5026b77fa1cf04b411ba46f49f4c520,triangle,2.5,lqi,1,3,3,42,4,15,142,no_route,0,0
LEO_V1_1_REQUALIFICATION_20260920,ofat_comparative,interferenceDb__25p0__lqi,f36d0510e3dbb0d3c9adffa565c74ad2c5026b77fa1cf04b411ba46f49f4c520,triangle,2.5,lqi,1,3,3,42,4,15,143,no_route,0,0
LEO_V1_1_REQUALIFICATION_20260920,ofat_comparative,interferenceDb__25p0__lqi,f36d0510e3dbb0d3c9adffa565c74ad2c5026b77fa1cf04b411ba46f49f4c520,triangle,2.5,lqi,1,3,3,42,4,15,144,no_route,0,0
LEO_V1_1_REQUALIFICATION_20260920,ofat_comparative,interferenceDb__25p0__lqi,f36d0510e3dbb0d3c9adffa565c74ad2c5026b77fa1cf04b411ba46f49f4c520,triangle,2.5,lqi,1,3,3,42,4,15,145,no_route,0,0
LEO_V1_1_REQUALIFICATION_20260920,ofat_comparative,interferenceDb__25p0__lqi,f36d0510e3dbb0d3c9adffa565c74ad2c5026b77fa1cf04b411ba46f49f4c520,triangle,2.5,lqi,1,3,3,42,4,15,146,no_route,0,0
LEO_V1_1_REQUALIFICATION_20260920,ofat_comparative,interferenceDb__25p0__lqi,f36d0510e3dbb0d3c9adffa565c74ad2c5026b77fa1cf04b411ba46f49f4c520,triangle,2.5,lqi,1,3,3,42,4,15,147,no_route,0,0
LEO_V1_1_REQUALIFICATION_20260920,ofat_comparative,interferenceDb__25p0__lqi,f36d0510e3dbb0d3c9adffa565c74ad2c5026b77fa1cf04b411ba46f49f4c520,triangle,2.5,lqi,1,3,3,42,4,15,148,no_route,0,0
LEO_V1_1_REQUALIFICATION_20260920,ofat_comparative,interferenceDb__25p0__lqi,f36d0510e3dbb0d3c9adffa565c74ad2c5026b77fa1cf04b411ba46f49f4c520,triangle,2.5,lqi,1,3,3,42,4,15,149,no_route,0,0
LEO_V1_1_REQUALIFICATION_20260920,ofat_comparative,interferenceDb__25p0__lqi,f36d0510e3dbb0d3c9adffa565c74ad2c5026b77fa1cf04b411ba46f49f4c520,triangle,2.5,lqi,1,3,3,42,4,16,150,no_route,0,0
LEO_V1_1_REQUALIFICATION_20260920,ofat_comparative,interferenceDb__25p0__lqi,f36d0510e3dbb0d3c9adffa565c74ad2c5026b77fa1cf04b411ba46f49f4c520,triangle,2.5,lqi,1,3,3,42,4,16,151,no_route,0,0
LEO_V1_1_REQUALIFICATION_20260920,ofat_comparative,interferenceDb__25p0__lqi,f36d0510e3dbb0d3c9adffa565c74ad2c5026b77fa1cf04b411ba46f49f4c520,triangle,2.5,lqi,1,3,3,42,4,16,152,no_route,0,0
LEO_V1_1_REQUALIFICATION_20260920,ofat_comparative,interferenceDb__25p0__lqi,f36d0510e3dbb0d3c9adffa565c74ad2c5026b77fa1cf04b411ba46f49f4c520,triangle,2.5,lqi,1,3,3,42,4,16,153,no_route,0,0
LEO_V1_1_REQUALIFICATION_20260920,ofat_comparative,interferenceDb__25p0__lqi,f36d0510e3dbb0d3c9adffa565c74ad2c5026b77fa1cf04b411ba46f49f4c520,triangle,2.5,lqi,1,3,3,42,4,16,154,no_route,0,0
LEO_V1_1_REQUALIFICATION_20260920,ofat_comparative,interferenceDb__25p0__lqi,f36d0510e3dbb0d3c9adffa565c74ad2c5026b77fa1cf04b411ba46f49f4c520,triangle,2.5,lqi,1,3,3,42,4,16,155,no_route,0,0
LEO_V1_1_REQUALIFICATION_20260920,ofat_comparative,interferenceDb__25p0__lqi,f36d0510e3dbb0d3c9adffa565c74ad2c5026b77fa1cf04b411ba46f49f4c520,triangle,2.5,lqi,1,3,3,42,4,16,156,no_route,0,0
LEO_V1_1_REQUALIFICATION_20260920,ofat_comparative,interferenceDb__25p0__lqi,f36d0510e3dbb0d3c9adffa565c74ad2c5026b77fa1cf04b411ba46f49f4c520,triangle,2.5,lqi,1,3,3,42,4,16,157,no_route,0,0
LEO_V1_1_REQUALIFICATION_20260920,ofat_comparative,interferenceDb__25p0__lqi,f36d0510e3dbb0d3c9adffa565c74ad2c5026b77fa1cf04b411ba46f49f4c520,triangle,2.5,lqi,1,3,3,42,4,16,158,no_route,0,0
LEO_V1_1_REQUALIFICATION_20260920,ofat_comparative,interferenceDb__25p0__lqi,f36d0510e3dbb0d3c9adffa565c74ad2c5026b77fa1cf04b411ba46f49f4c520,triangle,2.5,lqi,1,3,3,42,4,16,159,no_route,0,0
LEO_V1_1_REQUALIFICATION_20260920,ofat_comparative,interferenceDb__25p0__lqi,f36d0510e3dbb0d3c9adffa565c74ad2c5026b77fa1cf04b411ba46f49f4c520,triangle,2.5,lqi,1,3,3,42,4,17,160,no_route,0,0
LEO_V1_1_REQUALIFICATION_20260920,ofat_comparative,interferenceDb__25p0__lqi,f36d0510e3dbb0d3c9adffa565c74ad2c5026b77fa1cf04b411ba46f49f4c520,triangle,2.5,lqi,1,3,3,42,4,17,161,no_route,0,0
LEO_V1_1_REQUALIFICATION_20260920,ofat_comparative,interferenceDb__25p0__lqi,f36d0510e3dbb0d3c9adffa565c74ad2c5026b77fa1cf04b411ba46f49f4c520,triangle,2.5,lqi,1,3,3,42,4,17,162,no_route,0,0
LEO_V1_1_REQUALIFICATION_20260920,ofat_comparative,interferenceDb__25p0__lqi,f36d0510e3dbb0d3c9adffa565c74ad2c5026b77fa1cf04b411ba46f49f4c520,triangle,2.5,lqi,1,3,3,42,4,17,163,no_route,0,0
LEO_V1_1_REQUALIFICATION_20260920,ofat_comparative,interferenceDb__25p0__lqi,f36d0510e3dbb0d3c9adffa565c74ad2c5026b77fa1cf04b411ba46f49f4c520,triangle,2.5,lqi,1,3,3,42,4,17,164,no_route,0,0
LEO_V1_1_REQUALIFICATION_20260920,ofat_comparative,interferenceDb__25p0__lqi,f36d0510e3dbb0d3c9adffa565c74ad2c5026b77fa1cf04b411ba46f49f4c520,triangle,2.5,lqi,1,3,3,42,4,17,165,no_route,0,0
LEO_V1_1_REQUALIFICATION_20260920,ofat_comparative,interferenceDb__25p0__lqi,f36d0510e3dbb0d3c9adffa565c74ad2c5026b77fa1cf04b411ba46f49f4c520,triangle,2.5,lqi,1,3,3,42,4,17,166,no_route,0,0
LEO_V1_1_REQUALIFICATION_20260920,ofat_comparative,interferenceDb__25p0__lqi,f36d0510e3dbb0d3c9adffa565c74ad2c5026b77fa1cf04b411ba46f49f4c520,triangle,2.5,lqi,1,3,3,42,4,17,167,no_route,0,0
LEO_V1_1_REQUALIFICATION_20260920,ofat_comparative,interferenceDb__25p0__lqi,f36d0510e3dbb0d3c9adffa565c74ad2c5026b77fa1cf04b411ba46f49f4c520,triangle,2.5,lqi,1,3,3,42,4,17,168,no_route,0,0
LEO_V1_1_REQUALIFICATION_20260920,ofat_comparative,interferenceDb__25p0__lqi,f36d0510e3dbb0d3c9adffa565c74ad2c5026b77fa1cf04b411ba46f49f4c520,triangle,2.5,lqi,1,3,3,42,4,17,169,no_route,0,0
LEO_V1_1_REQUALIFICATION_20260920,ofat_comparative,interferenceDb__25p0__lqi,f36d0510e3dbb0d3c9adffa565c74ad2c5026b77fa1cf04b411ba46f49f4c520,triangle,2.5,lqi,1,3,3,42,4,18,170,no_route,0,0
LEO_V1_1_REQUALIFICATION_20260920,ofat_comparative,interferenceDb__25p0__lqi,f36d0510e3dbb0d3c9adffa565c74ad2c5026b77fa1cf04b411ba46f49f4c520,triangle,2.5,lqi,1,3,3,42,4,18,171,no_route,0,0
LEO_V1_1_REQUALIFICATION_20260920,ofat_comparative,interferenceDb__25p0__lqi,f36d0510e3dbb0d3c9adffa565c74ad2c5026b77fa1cf04b411ba46f49f4c520,triangle,2.5,lqi,1,3,3,42,4,18,172,no_route,0,0
LEO_V1_1_REQUALIFICATION_20260920,ofat_comparative,interferenceDb__25p0__lqi,f36d0510e3dbb0d3c9adffa565c74ad2c5026b77fa1cf04b411ba46f49f4c520,triangle,2.5,lqi,1,3,3,42,4,18,173,no_route,0,0
LEO_V1_1_REQUALIFICATION_20260920,ofat_comparative,interferenceDb__25p0__lqi,f36d0510e3dbb0d3c9adffa565c74ad2c5026b77fa1cf04b411ba46f49f4c520,triangle,2.5,lqi,1,3,3,42,4,18,174,no_route,0,0
LEO_V1_1_REQUALIFICATION_20260920,ofat_comparative,interferenceDb__25p0__lqi,f36d0510e3dbb0d3c9adffa565c74ad2c5026b77fa1cf04b411ba46f49f4c520,triangle,2.5,lqi,1,3,3,42,4,18,175,no_route,0,0
LEO_V1_1_REQUALIFICATION_20260920,ofat_comparative,interferenceDb__25p0__lqi,f36d0510e3dbb0d3c9adffa565c74ad2c5026b77fa1cf04b411ba46f49f4c520,triangle,2.5,lqi,1,3,3,42,4,18,176,no_route,0,0
LEO_V1_1_REQUALIFICATION_20260920,ofat_comparative,interferenceDb__25p0__lqi,f36d0510e3dbb0d3c9adffa565c74ad2c5026b77fa1cf04b411ba46f49f4c520,triangle,2.5,lqi,1,3,3,42,4,18,177,no_route,0,0
LEO_V1_1_REQUALIFICATION_20260920,ofat_comparative,interferenceDb__25p0__lqi,f36d0510e3dbb0d3c9adffa565c74ad2c5026b77fa1cf04b411ba46f49f4c520,triangle,2.5,lqi,1,3,3,42,4,18,178,no_route,0,0
LEO_V1_1_REQUALIFICATION_20260920,ofat_comparative,interferenceDb__25p0__lqi,f36d0510e3dbb0d3c9adffa565c74ad2c5026b77fa1cf04b411ba46f49f4c520,triangle,2.5,lqi,1,3,3,42,4,18,179,no_route,0,0
LEO_V1_1_REQUALIFICATION_20260920,ofat_comparative,interferenceDb__25p0__lqi,f36d0510e3dbb0d3c9adffa565c74ad2c5026b77fa1cf04b411ba46f49f4c520,triangle,2.5,lqi,1,3,3,42,4,19,180,no_route,0,0
LEO_V1_1_REQUALIFICATION_20260920,ofat_comparative,interferenceDb__25p0__lqi,f36d0510e3dbb0d3c9adffa565c74ad2c5026b77fa1cf04b411ba46f49f4c520,triangle,2.5,lqi,1,3,3,42,4,19,181,no_route,0,0
LEO_V1_1_REQUALIFICATION_20260920,ofat_comparative,interferenceDb__25p0__lqi,f36d0510e3dbb0d3c9adffa565c74ad2c5026b77fa1cf04b411ba46f49f4c520,triangle,2.5,lqi,1,3,3,42,4,19,182,no_route,0,0
LEO_V1_1_REQUALIFICATION_20260920,ofat_comparative,interferenceDb__25p0__lqi,f36d0510e3dbb0d3c9adffa565c74ad2c5026b77fa1cf04b411ba46f49f4c520,triangle,2.5,lqi,1,3,3,42,4,19,183,no_route,0,0
LEO_V1_1_REQUALIFICATION_20260920,ofat_comparative,interferenceDb__25p0__lqi,f36d0510e3dbb0d3c9adffa565c74ad2c5026b77fa1cf04b411ba46f49f4c520,triangle,2.5,lqi,1,3,3,42,4,19,184,no_route,0,0
LEO_V1_1_REQUALIFICATION_20260920,ofat_comparative,interferenceDb__25p0__lqi,f36d0510e3dbb0d3c9adffa565c74ad2c5026b77fa1cf04b411ba46f49f4c520,triangle,2.5,lqi,1,3,3,42,4,19,185,no_route,0,0
LEO_V1_1_REQUALIFICATION_20260920,ofat_comparative,interferenceDb__25p0__lqi,f36d0510e3dbb0d3c9adffa565c74ad2c5026b77fa1cf04b411ba46f49f4c520,triangle,2.5,lqi,1,3,3,42,4,19,186,no_route,0,0
LEO_V1_1_REQUALIFICATION_20260920,ofat_comparative,interferenceDb__25p0__lqi,f36d0510e3dbb0d3c9adffa565c74ad2c5026b77fa1cf04b411ba46f49f4c520,triangle,2.5,lqi,1,3,3,42,4,19,187,no_route,0,0
LEO_V1_1_REQUALIFICATION_20260920,ofat_comparative,interferenceDb__25p0__lqi,f36d0510e3dbb0d3c9adffa565c74ad2c5026b77fa1cf04b411ba46f49f4c520,triangle,2.5,lqi,1,3,3,42,4,19,188,no_route,0,0
LEO_V1_1_REQUALIFICATION_20260920,ofat_comparative,interferenceDb__25p0__lqi,f36d0510e3dbb0d3c9adffa565c74ad2c5026b77fa1cf04b411ba46f49f4c520,triangle,2.5,lqi,1,3,3,42,4,19,189,no_route,0,0
LEO_V1_1_REQUALIFICATION_20260920,ofat_comparative,interferenceDb__25p0__lqi,f36d0510e3dbb0d3c9adffa565c74ad2c5026b77fa1cf04b411ba46f49f4c520,triangle,2.5,lqi,1,3,4,42,5,1,0,success,12161961113530546194,1
LEO_V1_1_REQUALIFICATION_20260920,ofat_comparative,interferenceDb__25p0__lqi,f36d0510e3dbb0d3c9adffa565c74ad2c5026b77fa1cf04b411ba46f49f4c520,triangle,2.5,lqi,1,3,4,42,5,1,1,success,12161961113530546194,1
LEO_V1_1_REQUALIFICATION_20260920,ofat_comparative,interferenceDb__25p0__lqi,f36d0510e3dbb0d3c9adffa565c74ad2c5026b77fa1cf04b411ba46f49f4c520,triangle,2.5,lqi,1,3,4,42,5,1,2,success,12161961113530546194,1
LEO_V1_1_REQUALIFICATION_20260920,ofat_comparative,interferenceDb__25p0__lqi,f36d0510e3dbb0d3c9adffa565c74ad2c5026b77fa1cf04b411ba46f49f4c520,triangle,2.5,lqi,1,3,4,42,5,1,3,success,12161961113530546194,1
LEO_V1_1_REQUALIFICATION_20260920,ofat_comparative,interferenceDb__25p0__lqi,f36d0510e3dbb0d3c9adffa565c74ad2c5026b77fa1cf04b411ba46f49f4c520,triangle,2.5,lqi,1,3,4,42,5,1,4,success,12161961113530546194,1
LEO_V1_1_REQUALIFICATION_20260920,ofat_comparative,interferenceDb__25p0__lqi,f36d0510e3dbb0d3c9adffa565c74ad2c5026b77fa1cf04b411ba46f49f4c520,triangle,2.5,lqi,1,3,4,42,5,1,5,success,12161961113530546194,1
LEO_V1_1_REQUALIFICATION_20260920,ofat_comparative,interferenceDb__25p0__lqi,f36d0510e3dbb0d3c9adffa565c74ad2c5026b77fa1cf04b411ba46f49f4c520,triangle,2.5,lqi,1,3,4,42,5,1,6,success,12161961113530546194,1
LEO_V1_1_REQUALIFICATION_20260920,ofat_comparative,interferenceDb__25p0__lqi,f36d0510e3dbb0d3c9adffa565c74ad2c5026b77fa1cf04b411ba46f49f4c520,triangle,2.5,lqi,1,3,4,42,5,1,7,success,12161961113530546194,1
LEO_V1_1_REQUALIFICATION_20260920,ofat_comparative,interferenceDb__25p0__lqi,f36d0510e3dbb0d3c9adffa565c74ad2c5026b77fa1cf04b411ba46f49f4c520,triangle,2.5,lqi,1,3,4,42,5,1,8,success,12161961113530546194,1
LEO_V1_1_REQUALIFICATION_20260920,ofat_comparative,interferenceDb__25p0__lqi,f36d0510e3dbb0d3c9adffa565c74ad2c5026b77fa1cf04b411ba46f49f4c520,triangle,2.5,lqi,1,3,4,42,5,1,9,success,12161961113530546194,1
LEO_V1_1_REQUALIFICATION_20260920,ofat_comparative,interferenceDb__25p0__lqi,f36d0510e3dbb0d3c9adffa565c74ad2c5026b77fa1cf04b411ba46f49f4c520,triangle,2.5,lqi,1,3,4,42,5,2,10,success,12161960014018917983,1
LEO_V1_1_REQUALIFICATION_20260920,ofat_comparative,interferenceDb__25p0__lqi,f36d0510e3dbb0d3c9adffa565c74ad2c5026b77fa1cf04b411ba46f49f4c520,triangle,2.5,lqi,1,3,4,42,5,2,11,success,12161960014018917983,1
LEO_V1_1_REQUALIFICATION_20260920,ofat_comparative,interferenceDb__25p0__lqi,f36d0510e3dbb0d3c9adffa565c74ad2c5026b77fa1cf04b411ba46f49f4c520,triangle,2.5,lqi,1,3,4,42,5,2,12,success,12161960014018917983,1
LEO_V1_1_REQUALIFICATION_20260920,ofat_comparative,interferenceDb__25p0__lqi,f36d0510e3dbb0d3c9adffa565c74ad2c5026b77fa1cf04b411ba46f49f4c520,triangle,2.5,lqi,1,3,4,42,5,2,13,success,12161960014018917983,1
LEO_V1_1_REQUALIFICATION_20260920,ofat_comparative,interferenceDb__25p0__lqi,f36d0510e3dbb0d3c9adffa565c74ad2c5026b77fa1cf04b411ba46f49f4c520,triangle,2.5,lqi,1,3,4,42,5,2,14,success,12161960014018917983,1
LEO_V1_1_REQUALIFICATION_20260920,ofat_comparative,interferenceDb__25p0__lqi,f36d0510e3dbb0d3c9adffa565c74ad2c5026b77fa1cf04b411ba46f49f4c520,triangle,2.5,lqi,1,3,4,42,5,2,15,success,12161960014018917983,1
LEO_V1_1_REQUALIFICATION_20260920,ofat_comparative,interferenceDb__25p0__lqi,f36d0510e3dbb0d3c9adffa565c74ad2c5026b77fa1cf04b411ba46f49f4c520,triangle,2.5,lqi,1,3,4,42,5,2,16,success,12161960014018917983,1
LEO_V1_1_REQUALIFICATION_20260920,ofat_comparative,interferenceDb__25p0__lqi,f36d0510e3dbb0d3c9adffa565c74ad2c5026b77fa1cf04b411ba46f49f4c520,triangle,2.5,lqi,1,3,4,42,5,2,17,success,12161960014018917983,1
LEO_V1_1_REQUALIFICATION_20260920,ofat_comparative,interferenceDb__25p0__lqi,f36d0510e3dbb0d3c9adffa565c74ad2c5026b77fa1cf04b411ba46f49f4c520,triangle,2.5,lqi,1,3,4,42,5,2,18,success,12161960014018917983,1
LEO_V1_1_REQUALIFICATION_20260920,ofat_comparative,interferenceDb__25p0__lqi,f36d0510e3dbb0d3c9adffa565c74ad2c5026b77fa1cf04b411ba46f49f4c520,triangle,2.5,lqi,1,3,4,42,5,2,19,success,12161960014018917983,1
LEO_V1_1_REQUALIFICATION_20260920,ofat_comparative,interferenceDb__25p0__lqi,f36d0510e3dbb0d3c9adffa565c74ad2c5026b77fa1cf04b411ba46f49f4c520,triangle,2.5,lqi,1,3,4,42,5,3,20,success,5168105627079211135,2
LEO_V1_1_REQUALIFICATION_20260920,ofat_comparative,interferenceDb__25p0__lqi,f36d0510e3dbb0d3c9adffa565c74ad2c5026b77fa1cf04b411ba46f49f4c520,triangle,2.5,lqi,1,3,4,42,5,3,21,success,5168105627079211135,2
LEO_V1_1_REQUALIFICATION_20260920,ofat_comparative,interferenceDb__25p0__lqi,f36d0510e3dbb0d3c9adffa565c74ad2c5026b77fa1cf04b411ba46f49f4c520,triangle,2.5,lqi,1,3,4,42,5,3,22,success,5168105627079211135,2
LEO_V1_1_REQUALIFICATION_20260920,ofat_comparative,interferenceDb__25p0__lqi,f36d0510e3dbb0d3c9adffa565c74ad2c5026b77fa1cf04b411ba46f49f4c520,triangle,2.5,lqi,1,3,4,42,5,3,23,success,5168105627079211135,2
LEO_V1_1_REQUALIFICATION_20260920,ofat_comparative,interferenceDb__25p0__lqi,f36d0510e3dbb0d3c9adffa565c74ad2c5026b77fa1cf04b411ba46f49f4c520,triangle,2.5,lqi,1,3,4,42,5,3,24,success,5168105627079211135,2
LEO_V1_1_REQUALIFICATION_20260920,ofat_comparative,interferenceDb__25p0__lqi,f36d0510e3dbb0d3c9adffa565c74ad2c5026b77fa1cf04b411ba46f49f4c520,triangle,2.5,lqi,1,3,4,42,5,3,25,success,5168105627079211135,2
LEO_V1_1_REQUALIFICATION_20260920,ofat_comparative,interferenceDb__25p0__lqi,f36d0510e3dbb0d3c9adffa565c74ad2c5026b77fa1cf04b411ba46f49f4c520,triangle,2.5,lqi,1,3,4,42,5,3,26,success,5168105627079211135,2
LEO_V1_1_REQUALIFICATION_20260920,ofat_comparative,interferenceDb__25p0__lqi,f36d0510e3dbb0d3c9adffa565c74ad2c5026b77fa1cf04b411ba46f49f4c520,triangle,2.5,lqi,1,3,4,42,5,3,27,success,5168105627079211135,2
LEO_V1_1_REQUALIFICATION_20260920,ofat_comparative,interferenceDb__25p0__lqi,f36d0510e3dbb0d3c9adffa565c74ad2c5026b77fa1cf04b411ba46f49f4c520,triangle,2.5,lqi,1,3,4,42,5,3,28,success,5168105627079211135,2
LEO_V1_1_REQUALIFICATION_20260920,ofat_comparative,interferenceDb__25p0__lqi,f36d0510e3dbb0d3c9adffa565c74ad2c5026b77fa1cf04b411ba46f49f4c520,triangle,2.5,lqi,1,3,4,42,5,3,29,success,5168105627079211135,2
LEO_V1_1_REQUALIFICATION_20260920,ofat_comparative,interferenceDb__25p0__lqi,f36d0510e3dbb0d3c9adffa565c74ad2c5026b77fa1cf04b411ba46f49f4c520,triangle,2.5,lqi,1,3,4,42,5,4,30,success,4254184782511048963,2
LEO_V1_1_REQUALIFICATION_20260920,ofat_comparative,interferenceDb__25p0__lqi,f36d0510e3dbb0d3c9adffa565c74ad2c5026b77fa1cf04b411ba46f49f4c520,triangle,2.5,lqi,1,3,4,42,5,4,31,success,4254184782511048963,2
LEO_V1_1_REQUALIFICATION_20260920,ofat_comparative,interferenceDb__25p0__lqi,f36d0510e3dbb0d3c9adffa565c74ad2c5026b77fa1cf04b411ba46f49f4c520,triangle,2.5,lqi,1,3,4,42,5,4,32,success,4254184782511048963,2
LEO_V1_1_REQUALIFICATION_20260920,ofat_comparative,interferenceDb__25p0__lqi,f36d0510e3dbb0d3c9adffa565c74ad2c5026b77fa1cf04b411ba46f49f4c520,triangle,2.5,lqi,1,3,4,42,5,4,33,success,4254184782511048963,2
LEO_V1_1_REQUALIFICATION_20260920,ofat_comparative,interferenceDb__25p0__lqi,f36d0510e3dbb0d3c9adffa565c74ad2c5026b77fa1cf04b411ba46f49f4c520,triangle,2.5,lqi,1,3,4,42,5,4,34,success,4254184782511048963,2
LEO_V1_1_REQUALIFICATION_20260920,ofat_comparative,interferenceDb__25p0__lqi,f36d0510e3dbb0d3c9adffa565c74ad2c5026b77fa1cf04b411ba46f49f4c520,triangle,2.5,lqi,1,3,4,42,5,4,35,success,4254184782511048963,2
LEO_V1_1_REQUALIFICATION_20260920,ofat_comparative,interferenceDb__25p0__lqi,f36d0510e3dbb0d3c9adffa565c74ad2c5026b77fa1cf04b411ba46f49f4c520,triangle,2.5,lqi,1,3,4,42,5,4,36,success,4254184782511048963,2
LEO_V1_1_REQUALIFICATION_20260920,ofat_comparative,interferenceDb__25p0__lqi,f36d0510e3dbb0d3c9adffa565c74ad2c5026b77fa1cf04b411ba46f49f4c520,triangle,2.5,lqi,1,3,4,42,5,4,37,success,4254184782511048963,2
LEO_V1_1_REQUALIFICATION_20260920,ofat_comparative,interferenceDb__25p0__lqi,f36d0510e3dbb0d3c9adffa565c74ad2c5026b77fa1cf04b411ba46f49f4c520,triangle,2.5,lqi,1,3,4,42,5,4,38,success,4254184782511048963,2
LEO_V1_1_REQUALIFICATION_20260920,ofat_comparative,interferenceDb__25p0__lqi,f36d0510e3dbb0d3c9adffa565c74ad2c5026b77fa1cf04b411ba46f49f4c520,triangle,2.5,lqi,1,3,4,42,5,4,39,success,4254184782511048963,2
LEO_V1_1_REQUALIFICATION_20260920,ofat_comparative,interferenceDb__25p0__lqi,f36d0510e3dbb0d3c9adffa565c74ad2c5026b77fa1cf04b411ba46f49f4c520,triangle,2.5,lqi,1,3,4,42,5,5,40,success,16719299368067595120,3
LEO_V1_1_REQUALIFICATION_20260920,ofat_comparative,interferenceDb__25p0__lqi,f36d0510e3dbb0d3c9adffa565c74ad2c5026b77fa1cf04b411ba46f49f4c520,triangle,2.5,lqi,1,3,4,42,5,5,41,success,16719299368067595120,3
LEO_V1_1_REQUALIFICATION_20260920,ofat_comparative,interferenceDb__25p0__lqi,f36d0510e3dbb0d3c9adffa565c74ad2c5026b77fa1cf04b411ba46f49f4c520,triangle,2.5,lqi,1,3,4,42,5,5,42,success,16719299368067595120,3
LEO_V1_1_REQUALIFICATION_20260920,ofat_comparative,interferenceDb__25p0__lqi,f36d0510e3dbb0d3c9adffa565c74ad2c5026b77fa1cf04b411ba46f49f4c520,triangle,2.5,lqi,1,3,4,42,5,5,43,success,16719299368067595120,3
LEO_V1_1_REQUALIFICATION_20260920,ofat_comparative,interferenceDb__25p0__lqi,f36d0510e3dbb0d3c9adffa565c74ad2c5026b77fa1cf04b411ba46f49f4c520,triangle,2.5,lqi,1,3,4,42,5,5,44,success,16719299368067595120,3
LEO_V1_1_REQUALIFICATION_20260920,ofat_comparative,interferenceDb__25p0__lqi,f36d0510e3dbb0d3c9adffa565c74ad2c5026b77fa1cf04b411ba46f49f4c520,triangle,2.5,lqi,1,3,4,42,5,5,45,success,16719299368067595120,3
LEO_V1_1_REQUALIFICATION_20260920,ofat_comparative,interferenceDb__25p0__lqi,f36d0510e3dbb0d3c9adffa565c74ad2c5026b77fa1cf04b411ba46f49f4c520,triangle,2.5,lqi,1,3,4,42,5,5,46,success,16719299368067595120,3
LEO_V1_1_REQUALIFICATION_20260920,ofat_comparative,interferenceDb__25p0__lqi,f36d0510e3dbb0d3c9adffa565c74ad2c5026b77fa1cf04b411ba46f49f4c520,triangle,2.5,lqi,1,3,4,42,5,5,47,success,16719299368067595120,3
LEO_V1_1_REQUALIFICATION_20260920,ofat_comparative,interferenceDb__25p0__lqi,f36d0510e3dbb0d3c9adffa565c74ad2c5026b77fa1cf04b411ba46f49f4c520,triangle,2.5,lqi,1,3,4,42,5,5,48,success,16719299368067595120,3
LEO_V1_1_REQUALIFICATION_20260920,ofat_comparative,interferenceDb__25p0__lqi,f36d0510e3dbb0d3c9adffa565c74ad2c5026b77fa1cf04b411ba46f49f4c520,triangle,2.5,lqi,1,3,4,42,5,5,49,success,16719299368067595120,3
LEO_V1_1_REQUALIFICATION_20260920,ofat_comparative,interferenceDb__25p0__lqi,f36d0510e3dbb0d3c9adffa565c74ad2c5026b77fa1cf04b411ba46f49f4c520,triangle,2.5,lqi,1,3,4,42,5,6,50,success,3355162293075433701,3
LEO_V1_1_REQUALIFICATION_20260920,ofat_comparative,interferenceDb__25p0__lqi,f36d0510e3dbb0d3c9adffa565c74ad2c5026b77fa1cf04b411ba46f49f4c520,triangle,2.5,lqi,1,3,4,42,5,6,51,success,3355162293075433701,3
LEO_V1_1_REQUALIFICATION_20260920,ofat_comparative,interferenceDb__25p0__lqi,f36d0510e3dbb0d3c9adffa565c74ad2c5026b77fa1cf04b411ba46f49f4c520,triangle,2.5,lqi,1,3,4,42,5,6,52,success,3355162293075433701,3
LEO_V1_1_REQUALIFICATION_20260920,ofat_comparative,interferenceDb__25p0__lqi,f36d0510e3dbb0d3c9adffa565c74ad2c5026b77fa1cf04b411ba46f49f4c520,triangle,2.5,lqi,1,3,4,42,5,6,53,success,3355162293075433701,3
LEO_V1_1_REQUALIFICATION_20260920,ofat_comparative,interferenceDb__25p0__lqi,f36d0510e3dbb0d3c9adffa565c74ad2c5026b77fa1cf04b411ba46f49f4c520,triangle,2.5,lqi,1,3,4,42,5,6,54,success,3355162293075433701,3
LEO_V1_1_REQUALIFICATION_20260920,ofat_comparative,interferenceDb__25p0__lqi,f36d0510e3dbb0d3c9adffa565c74ad2c5026b77fa1cf04b411ba46f49f4c520,triangle,2.5,lqi,1,3,4,42,5,6,55,success,3355162293075433701,3
LEO_V1_1_REQUALIFICATION_20260920,ofat_comparative,interferenceDb__25p0__lqi,f36d0510e3dbb0d3c9adffa565c74ad2c5026b77fa1cf04b411ba46f49f4c520,triangle,2.5,lqi,1,3,4,42,5,6,56,success,3355162293075433701,3
LEO_V1_1_REQUALIFICATION_20260920,ofat_comparative,interferenceDb__25p0__lqi,f36d0510e3dbb0d3c9adffa565c74ad2c5026b77fa1cf04b411ba46f49f4c520,triangle,2.5,lqi,1,3,4,42,5,6,57,success,3355162293075433701,3
LEO_V1_1_REQUALIFICATION_20260920,ofat_comparative,interferenceDb__25p0__lqi,f36d0510e3dbb0d3c9adffa565c74ad2c5026b77fa1cf04b411ba46f49f4c520,triangle,2.5,lqi,1,3,4,42,5,6,58,success,3355162293075433701,3
LEO_V1_1_REQUALIFICATION_20260920,ofat_comparative,interferenceDb__25p0__lqi,f36d0510e3dbb0d3c9adffa565c74ad2c5026b77fa1cf04b411ba46f49f4c520,triangle,2.5,lqi,1,3,4,42,5,6,59,success,3355162293075433701,3
LEO_V1_1_REQUALIFICATION_20260920,ofat_comparative,interferenceDb__25p0__lqi,f36d0510e3dbb0d3c9adffa565c74ad2c5026b77fa1cf04b411ba46f49f4c520,triangle,2.5,lqi,1,3,4,42,5,7,60,success,12161954516460776928,1
LEO_V1_1_REQUALIFICATION_20260920,ofat_comparative,interferenceDb__25p0__lqi,f36d0510e3dbb0d3c9adffa565c74ad2c5026b77fa1cf04b411ba46f49f4c520,triangle,2.5,lqi,1,3,4,42,5,7,61,success,12161954516460776928,1
LEO_V1_1_REQUALIFICATION_20260920,ofat_comparative,interferenceDb__25p0__lqi,f36d0510e3dbb0d3c9adffa565c74ad2c5026b77fa1cf04b411ba46f49f4c520,triangle,2.5,lqi,1,3,4,42,5,7,62,success,12161954516460776928,1
LEO_V1_1_REQUALIFICATION_20260920,ofat_comparative,interferenceDb__25p0__lqi,f36d0510e3dbb0d3c9adffa565c74ad2c5026b77fa1cf04b411ba46f49f4c520,triangle,2.5,lqi,1,3,4,42,5,7,63,success,12161954516460776928,1
LEO_V1_1_REQUALIFICATION_20260920,ofat_comparative,interferenceDb__25p0__lqi,f36d0510e3dbb0d3c9adffa565c74ad2c5026b77fa1cf04b411ba46f49f4c520,triangle,2.5,lqi,1,3,4,42,5,7,64,success,12161954516460776928,1
LEO_V1_1_REQUALIFICATION_20260920,ofat_comparative,interferenceDb__25p0__lqi,f36d0510e3dbb0d3c9adffa565c74ad2c5026b77fa1cf04b411ba46f49f4c520,triangle,2.5,lqi,1,3,4,42,5,7,65,success,12161954516460776928,1
LEO_V1_1_REQUALIFICATION_20260920,ofat_comparative,interferenceDb__25p0__lqi,f36d0510e3dbb0d3c9adffa565c74ad2c5026b77fa1cf04b411ba46f49f4c520,triangle,2.5,lqi,1,3,4,42,5,7,66,success,12161954516460776928,1
LEO_V1_1_REQUALIFICATION_20260920,ofat_comparative,interferenceDb__25p0__lqi,f36d0510e3dbb0d3c9adffa565c74ad2c5026b77fa1cf04b411ba46f49f4c520,triangle,2.5,lqi,1,3,4,42,5,7,67,success,12161954516460776928,1
LEO_V1_1_REQUALIFICATION_20260920,ofat_comparative,interferenceDb__25p0__lqi,f36d0510e3dbb0d3c9adffa565c74ad2c5026b77fa1cf04b411ba46f49f4c520,triangle,2.5,lqi,1,3,4,42,5,7,68,success,12161954516460776928,1
LEO_V1_1_REQUALIFICATION_20260920,ofat_comparative,interferenceDb__25p0__lqi,f36d0510e3dbb0d3c9adffa565c74ad2c5026b77fa1cf04b411ba46f49f4c520,triangle,2.5,lqi,1,3,4,42,5,7,69,success,12161954516460776928,1
LEO_V1_1_REQUALIFICATION_20260920,ofat_comparative,interferenceDb__25p0__lqi,f36d0510e3dbb0d3c9adffa565c74ad2c5026b77fa1cf04b411ba46f49f4c520,triangle,2.5,lqi,1,3,4,42,5,8,70,success,12161971009135200093,1
LEO_V1_1_REQUALIFICATION_20260920,ofat_comparative,interferenceDb__25p0__lqi,f36d0510e3dbb0d3c9adffa565c74ad2c5026b77fa1cf04b411ba46f49f4c520,triangle,2.5,lqi,1,3,4,42,5,8,71,success,12161971009135200093,1
LEO_V1_1_REQUALIFICATION_20260920,ofat_comparative,interferenceDb__25p0__lqi,f36d0510e3dbb0d3c9adffa565c74ad2c5026b77fa1cf04b411ba46f49f4c520,triangle,2.5,lqi,1,3,4,42,5,8,72,success,12161971009135200093,1
LEO_V1_1_REQUALIFICATION_20260920,ofat_comparative,interferenceDb__25p0__lqi,f36d0510e3dbb0d3c9adffa565c74ad2c5026b77fa1cf04b411ba46f49f4c520,triangle,2.5,lqi,1,3,4,42,5,8,73,success,12161971009135200093,1
LEO_V1_1_REQUALIFICATION_20260920,ofat_comparative,interferenceDb__25p0__lqi,f36d0510e3dbb0d3c9adffa565c74ad2c5026b77fa1cf04b411ba46f49f4c520,triangle,2.5,lqi,1,3,4,42,5,8,74,success,12161971009135200093,1
LEO_V1_1_REQUALIFICATION_20260920,ofat_comparative,interferenceDb__25p0__lqi,f36d0510e3dbb0d3c9adffa565c74ad2c5026b77fa1cf04b411ba46f49f4c520,triangle,2.5,lqi,1,3,4,42,5,8,75,success,12161971009135200093,1
LEO_V1_1_REQUALIFICATION_20260920,ofat_comparative,interferenceDb__25p0__lqi,f36d0510e3dbb0d3c9adffa565c74ad2c5026b77fa1cf04b411ba46f49f4c520,triangle,2.5,lqi,1,3,4,42,5,8,76,success,12161971009135200093,1
LEO_V1_1_REQUALIFICATION_20260920,ofat_comparative,interferenceDb__25p0__lqi,f36d0510e3dbb0d3c9adffa565c74ad2c5026b77fa1cf04b411ba46f49f4c520,triangle,2.5,lqi,1,3,4,42,5,8,77,success,12161971009135200093,1
LEO_V1_1_REQUALIFICATION_20260920,ofat_comparative,interferenceDb__25p0__lqi,f36d0510e3dbb0d3c9adffa565c74ad2c5026b77fa1cf04b411ba46f49f4c520,triangle,2.5,lqi,1,3,4,42,5,8,78,success,12161971009135200093,1
LEO_V1_1_REQUALIFICATION_20260920,ofat_comparative,interferenceDb__25p0__lqi,f36d0510e3dbb0d3c9adffa565c74ad2c5026b77fa1cf04b411ba46f49f4c520,triangle,2.5,lqi,1,3,4,42,5,8,79,success,12161971009135200093,1
LEO_V1_1_REQUALIFICATION_20260920,ofat_comparative,interferenceDb__25p0__lqi,f36d0510e3dbb0d3c9adffa565c74ad2c5026b77fa1cf04b411ba46f49f4c520,triangle,2.5,lqi,1,3,4,42,5,9,80,success,18131355419705379627,2
LEO_V1_1_REQUALIFICATION_20260920,ofat_comparative,interferenceDb__25p0__lqi,f36d0510e3dbb0d3c9adffa565c74ad2c5026b77fa1cf04b411ba46f49f4c520,triangle,2.5,lqi,1,3,4,42,5,9,81,success,18131355419705379627,2
LEO_V1_1_REQUALIFICATION_20260920,ofat_comparative,interferenceDb__25p0__lqi,f36d0510e3dbb0d3c9adffa565c74ad2c5026b77fa1cf04b411ba46f49f4c520,triangle,2.5,lqi,1,3,4,42,5,9,82,success,18131355419705379627,2
LEO_V1_1_REQUALIFICATION_20260920,ofat_comparative,interferenceDb__25p0__lqi,f36d0510e3dbb0d3c9adffa565c74ad2c5026b77fa1cf04b411ba46f49f4c520,triangle,2.5,lqi,1,3,4,42,5,9,83,success,18131355419705379627,2
LEO_V1_1_REQUALIFICATION_20260920,ofat_comparative,interferenceDb__25p0__lqi,f36d0510e3dbb0d3c9adffa565c74ad2c5026b77fa1cf04b411ba46f49f4c520,triangle,2.5,lqi,1,3,4,42,5,9,84,success,18131355419705379627,2
LEO_V1_1_REQUALIFICATION_20260920,ofat_comparative,interferenceDb__25p0__lqi,f36d0510e3dbb0d3c9adffa565c74ad2c5026b77fa1cf04b411ba46f49f4c520,triangle,2.5,lqi,1,3,4,42,5,9,85,success,18131355419705379627,2
LEO_V1_1_REQUALIFICATION_20260920,ofat_comparative,interferenceDb__25p0__lqi,f36d0510e3dbb0d3c9adffa565c74ad2c5026b77fa1cf04b411ba46f49f4c520,triangle,2.5,lqi,1,3,4,42,5,9,86,success,18131355419705379627,2
LEO_V1_1_REQUALIFICATION_20260920,ofat_comparative,interferenceDb__25p0__lqi,f36d0510e3dbb0d3c9adffa565c74ad2c5026b77fa1cf04b411ba46f49f4c520,triangle,2.5,lqi,1,3,4,42,5,9,87,success,18131355419705379627,2
LEO_V1_1_REQUALIFICATION_20260920,ofat_comparative,interferenceDb__25p0__lqi,f36d0510e3dbb0d3c9adffa565c74ad2c5026b77fa1cf04b411ba46f49f4c520,triangle,2.5,lqi,1,3,4,42,5,9,88,success,18131355419705379627,2
LEO_V1_1_REQUALIFICATION_20260920,ofat_comparative,interferenceDb__25p0__lqi,f36d0510e3dbb0d3c9adffa565c74ad2c5026b77fa1cf04b411ba46f49f4c520,triangle,2.5,lqi,1,3,4,42,5,9,89,success,18131355419705379627,2
LEO_V1_1_REQUALIFICATION_20260920,ofat_comparative,interferenceDb__25p0__lqi,f36d0510e3dbb0d3c9adffa565c74ad2c5026b77fa1cf04b411ba46f49f4c520,triangle,2.5,lqi,1,3,4,42,5,10,90,success,13393353645774055087,2
LEO_V1_1_REQUALIFICATION_20260920,ofat_comparative,interferenceDb__25p0__lqi,f36d0510e3dbb0d3c9adffa565c74ad2c5026b77fa1cf04b411ba46f49f4c520,triangle,2.5,lqi,1,3,4,42,5,10,91,success,13393353645774055087,2
LEO_V1_1_REQUALIFICATION_20260920,ofat_comparative,interferenceDb__25p0__lqi,f36d0510e3dbb0d3c9adffa565c74ad2c5026b77fa1cf04b411ba46f49f4c520,triangle,2.5,lqi,1,3,4,42,5,10,92,success,13393353645774055087,2
LEO_V1_1_REQUALIFICATION_20260920,ofat_comparative,interferenceDb__25p0__lqi,f36d0510e3dbb0d3c9adffa565c74ad2c5026b77fa1cf04b411ba46f49f4c520,triangle,2.5,lqi,1,3,4,42,5,10,93,success,13393353645774055087,2
LEO_V1_1_REQUALIFICATION_20260920,ofat_comparative,interferenceDb__25p0__lqi,f36d0510e3dbb0d3c9adffa565c74ad2c5026b77fa1cf04b411ba46f49f4c520,triangle,2.5,lqi,1,3,4,42,5,10,94,success,13393353645774055087,2
LEO_V1_1_REQUALIFICATION_20260920,ofat_comparative,interferenceDb__25p0__lqi,f36d0510e3dbb0d3c9adffa565c74ad2c5026b77fa1cf04b411ba46f49f4c520,triangle,2.5,lqi,1,3,4,42,5,10,95,success,13393353645774055087,2
LEO_V1_1_REQUALIFICATION_20260920,ofat_comparative,interferenceDb__25p0__lqi,f36d0510e3dbb0d3c9adffa565c74ad2c5026b77fa1cf04b411ba46f49f4c520,triangle,2.5,lqi,1,3,4,42,5,10,96,success,13393353645774055087,2
LEO_V1_1_REQUALIFICATION_20260920,ofat_comparative,interferenceDb__25p0__lqi,f36d0510e3dbb0d3c9adffa565c74ad2c5026b77fa1cf04b411ba46f49f4c520,triangle,2.5,lqi,1,3,4,42,5,10,97,success,13393353645774055087,2
LEO_V1_1_REQUALIFICATION_20260920,ofat_comparative,interferenceDb__25p0__lqi,f36d0510e3dbb0d3c9adffa565c74ad2c5026b77fa1cf04b411ba46f49f4c520,triangle,2.5,lqi,1,3,4,42,5,10,98,success,13393353645774055087,2
LEO_V1_1_REQUALIFICATION_20260920,ofat_comparative,interferenceDb__25p0__lqi,f36d0510e3dbb0d3c9adffa565c74ad2c5026b77fa1cf04b411ba46f49f4c520,triangle,2.5,lqi,1,3,4,42,5,10,99,success,13393353645774055087,2
LEO_V1_1_REQUALIFICATION_20260920,ofat_comparative,interferenceDb__25p0__lqi,f36d0510e3dbb0d3c9adffa565c74ad2c5026b77fa1cf04b411ba46f49f4c520,triangle,2.5,lqi,1,3,4,42,5,11,100,success,17464325661384334198,3
LEO_V1_1_REQUALIFICATION_20260920,ofat_comparative,interferenceDb__25p0__lqi,f36d0510e3dbb0d3c9adffa565c74ad2c5026b77fa1cf04b411ba46f49f4c520,triangle,2.5,lqi,1,3,4,42,5,11,101,success,17464325661384334198,3
LEO_V1_1_REQUALIFICATION_20260920,ofat_comparative,interferenceDb__25p0__lqi,f36d0510e3dbb0d3c9adffa565c74ad2c5026b77fa1cf04b411ba46f49f4c520,triangle,2.5,lqi,1,3,4,42,5,11,102,success,17464325661384334198,3
LEO_V1_1_REQUALIFICATION_20260920,ofat_comparative,interferenceDb__25p0__lqi,f36d0510e3dbb0d3c9adffa565c74ad2c5026b77fa1cf04b411ba46f49f4c520,triangle,2.5,lqi,1,3,4,42,5,11,103,success,17464325661384334198,3
LEO_V1_1_REQUALIFICATION_20260920,ofat_comparative,interferenceDb__25p0__lqi,f36d0510e3dbb0d3c9adffa565c74ad2c5026b77fa1cf04b411ba46f49f4c520,triangle,2.5,lqi,1,3,4,42,5,11,104,success,17464325661384334198,3
LEO_V1_1_REQUALIFICATION_20260920,ofat_comparative,interferenceDb__25p0__lqi,f36d0510e3dbb0d3c9adffa565c74ad2c5026b77fa1cf04b411ba46f49f4c520,triangle,2.5,lqi,1,3,4,42,5,11,105,success,17464325661384334198,3
LEO_V1_1_REQUALIFICATION_20260920,ofat_comparative,interferenceDb__25p0__lqi,f36d0510e3dbb0d3c9adffa565c74ad2c5026b77fa1cf04b411ba46f49f4c520,triangle,2.5,lqi,1,3,4,42,5,11,106,success,17464325661384334198,3
LEO_V1_1_REQUALIFICATION_20260920,ofat_comparative,interferenceDb__25p0__lqi,f36d0510e3dbb0d3c9adffa565c74ad2c5026b77fa1cf04b411ba46f49f4c520,triangle,2.5,lqi,1,3,4,42,5,11,107,success,17464325661384334198,3
LEO_V1_1_REQUALIFICATION_20260920,ofat_comparative,interferenceDb__25p0__lqi,f36d0510e3dbb0d3c9adffa565c74ad2c5026b77fa1cf04b411ba46f49f4c520,triangle,2.5,lqi,1,3,4,42,5,11,108,success,17464325661384334198,3
LEO_V1_1_REQUALIFICATION_20260920,ofat_comparative,interferenceDb__25p0__lqi,f36d0510e3dbb0d3c9adffa565c74ad2c5026b77fa1cf04b411ba46f49f4c520,triangle,2.5,lqi,1,3,4,42,5,11,109,success,17464325661384334198,3
LEO_V1_1_REQUALIFICATION_20260920,ofat_comparative,interferenceDb__25p0__lqi,f36d0510e3dbb0d3c9adffa565c74ad2c5026b77fa1cf04b411ba46f49f4c520,triangle,2.5,lqi,1,3,4,42,5,12,110,success,11861899764507145195,3
LEO_V1_1_REQUALIFICATION_20260920,ofat_comparative,interferenceDb__25p0__lqi,f36d0510e3dbb0d3c9adffa565c74ad2c5026b77fa1cf04b411ba46f49f4c520,triangle,2.5,lqi,1,3,4,42,5,12,111,success,11861899764507145195,3
LEO_V1_1_REQUALIFICATION_20260920,ofat_comparative,interferenceDb__25p0__lqi,f36d0510e3dbb0d3c9adffa565c74ad2c5026b77fa1cf04b411ba46f49f4c520,triangle,2.5,lqi,1,3,4,42,5,12,112,success,11861899764507145195,3
LEO_V1_1_REQUALIFICATION_20260920,ofat_comparative,interferenceDb__25p0__lqi,f36d0510e3dbb0d3c9adffa565c74ad2c5026b77fa1cf04b411ba46f49f4c520,triangle,2.5,lqi,1,3,4,42,5,12,113,success,11861899764507145195,3
LEO_V1_1_REQUALIFICATION_20260920,ofat_comparative,interferenceDb__25p0__lqi,f36d0510e3dbb0d3c9adffa565c74ad2c5026b77fa1cf04b411ba46f49f4c520,triangle,2.5,lqi,1,3,4,42,5,12,114,success,11861899764507145195,3
LEO_V1_1_REQUALIFICATION_20260920,ofat_comparative,interferenceDb__25p0__lqi,f36d0510e3dbb0d3c9adffa565c74ad2c5026b77fa1cf04b411ba46f49f4c520,triangle,2.5,lqi,1,3,4,42,5,12,115,success,11861899764507145195,3
LEO_V1_1_REQUALIFICATION_20260920,ofat_comparative,interferenceDb__25p0__lqi,f36d0510e3dbb0d3c9adffa565c74ad2c5026b77fa1cf04b411ba46f49f4c520,triangle,2.5,lqi,1,3,4,42,5,12,116,success,11861899764507145195,3
LEO_V1_1_REQUALIFICATION_20260920,ofat_comparative,interferenceDb__25p0__lqi,f36d0510e3dbb0d3c9adffa565c74ad2c5026b77fa1cf04b411ba46f49f4c520,triangle,2.5,lqi,1,3,4,42,5,12,117,success,11861899764507145195,3
LEO_V1_1_REQUALIFICATION_20260920,ofat_comparative,interferenceDb__25p0__lqi,f36d0510e3dbb0d3c9adffa565c74ad2c5026b77fa1cf04b411ba46f49f4c520,triangle,2.5,lqi,1,3,4,42,5,12,118,success,11861899764507145195,3
LEO_V1_1_REQUALIFICATION_20260920,ofat_comparative,interferenceDb__25p0__lqi,f36d0510e3dbb0d3c9adffa565c74ad2c5026b77fa1cf04b411ba46f49f4c520,triangle,2.5,lqi,1,3,4,42,5,12,119,success,11861899764507145195,3
LEO_V1_1_REQUALIFICATION_20260920,ofat_comparative,interferenceDb__25p0__lqi,f36d0510e3dbb0d3c9adffa565c74ad2c5026b77fa1cf04b411ba46f49f4c520,triangle,2.5,lqi,1,3,4,42,5,13,120,no_route,0,0
LEO_V1_1_REQUALIFICATION_20260920,ofat_comparative,interferenceDb__25p0__lqi,f36d0510e3dbb0d3c9adffa565c74ad2c5026b77fa1cf04b411ba46f49f4c520,triangle,2.5,lqi,1,3,4,42,5,13,121,no_route,0,0
LEO_V1_1_REQUALIFICATION_20260920,ofat_comparative,interferenceDb__25p0__lqi,f36d0510e3dbb0d3c9adffa565c74ad2c5026b77fa1cf04b411ba46f49f4c520,triangle,2.5,lqi,1,3,4,42,5,13,122,no_route,0,0
LEO_V1_1_REQUALIFICATION_20260920,ofat_comparative,interferenceDb__25p0__lqi,f36d0510e3dbb0d3c9adffa565c74ad2c5026b77fa1cf04b411ba46f49f4c520,triangle,2.5,lqi,1,3,4,42,5,13,123,no_route,0,0
LEO_V1_1_REQUALIFICATION_20260920,ofat_comparative,interferenceDb__25p0__lqi,f36d0510e3dbb0d3c9adffa565c74ad2c5026b77fa1cf04b411ba46f49f4c520,triangle,2.5,lqi,1,3,4,42,5,13,124,no_route,0,0
LEO_V1_1_REQUALIFICATION_20260920,ofat_comparative,interferenceDb__25p0__lqi,f36d0510e3dbb0d3c9adffa565c74ad2c5026b77fa1cf04b411ba46f49f4c520,triangle,2.5,lqi,1,3,4,42,5,13,125,no_route,0,0
LEO_V1_1_REQUALIFICATION_20260920,ofat_comparative,interferenceDb__25p0__lqi,f36d0510e3dbb0d3c9adffa565c74ad2c5026b77fa1cf04b411ba46f49f4c520,triangle,2.5,lqi,1,3,4,42,5,13,126,no_route,0,0
LEO_V1_1_REQUALIFICATION_20260920,ofat_comparative,interferenceDb__25p0__lqi,f36d0510e3dbb0d3c9adffa565c74ad2c5026b77fa1cf04b411ba46f49f4c520,triangle,2.5,lqi,1,3,4,42,5,13,127,no_route,0,0
LEO_V1_1_REQUALIFICATION_20260920,ofat_comparative,interferenceDb__25p0__lqi,f36d0510e3dbb0d3c9adffa565c74ad2c5026b77fa1cf04b411ba46f49f4c520,triangle,2.5,lqi,1,3,4,42,5,13,128,no_route,0,0
LEO_V1_1_REQUALIFICATION_20260920,ofat_comparative,interferenceDb__25p0__lqi,f36d0510e3dbb0d3c9adffa565c74ad2c5026b77fa1cf04b411ba46f49f4c520,triangle,2.5,lqi,1,3,4,42,5,13,129,no_route,0,0
LEO_V1_1_REQUALIFICATION_20260920,ofat_comparative,interferenceDb__25p0__lqi,f36d0510e3dbb0d3c9adffa565c74ad2c5026b77fa1cf04b411ba46f49f4c520,triangle,2.5,lqi,1,3,4,42,5,14,130,no_route,0,0
LEO_V1_1_REQUALIFICATION_20260920,ofat_comparative,interferenceDb__25p0__lqi,f36d0510e3dbb0d3c9adffa565c74ad2c5026b77fa1cf04b411ba46f49f4c520,triangle,2.5,lqi,1,3,4,42,5,14,131,no_route,0,0
LEO_V1_1_REQUALIFICATION_20260920,ofat_comparative,interferenceDb__25p0__lqi,f36d0510e3dbb0d3c9adffa565c74ad2c5026b77fa1cf04b411ba46f49f4c520,triangle,2.5,lqi,1,3,4,42,5,14,132,no_route,0,0
LEO_V1_1_REQUALIFICATION_20260920,ofat_comparative,interferenceDb__25p0__lqi,f36d0510e3dbb0d3c9adffa565c74ad2c5026b77fa1cf04b411ba46f49f4c520,triangle,2.5,lqi,1,3,4,42,5,14,133,no_route,0,0
LEO_V1_1_REQUALIFICATION_20260920,ofat_comparative,interferenceDb__25p0__lqi,f36d0510e3dbb0d3c9adffa565c74ad2c5026b77fa1cf04b411ba46f49f4c520,triangle,2.5,lqi,1,3,4,42,5,14,134,no_route,0,0
LEO_V1_1_REQUALIFICATION_20260920,ofat_comparative,interferenceDb__25p0__lqi,f36d0510e3dbb0d3c9adffa565c74ad2c5026b77fa1cf04b411ba46f49f4c520,triangle,2.5,lqi,1,3,4,42,5,14,135,no_route,0,0
LEO_V1_1_REQUALIFICATION_20260920,ofat_comparative,interferenceDb__25p0__lqi,f36d0510e3dbb0d3c9adffa565c74ad2c5026b77fa1cf04b411ba46f49f4c520,triangle,2.5,lqi,1,3,4,42,5,14,136,no_route,0,0
LEO_V1_1_REQUALIFICATION_20260920,ofat_comparative,interferenceDb__25p0__lqi,f36d0510e3dbb0d3c9adffa565c74ad2c5026b77fa1cf04b411ba46f49f4c520,triangle,2.5,lqi,1,3,4,42,5,14,137,no_route,0,0
LEO_V1_1_REQUALIFICATION_20260920,ofat_comparative,interferenceDb__25p0__lqi,f36d0510e3dbb0d3c9adffa565c74ad2c5026b77fa1cf04b411ba46f49f4c520,triangle,2.5,lqi,1,3,4,42,5,14,138,no_route,0,0
LEO_V1_1_REQUALIFICATION_20260920,ofat_comparative,interferenceDb__25p0__lqi,f36d0510e3dbb0d3c9adffa565c74ad2c5026b77fa1cf04b411ba46f49f4c520,triangle,2.5,lqi,1,3,4,42,5,14,139,no_route,0,0
LEO_V1_1_REQUALIFICATION_20260920,ofat_comparative,interferenceDb__25p0__lqi,f36d0510e3dbb0d3c9adffa565c74ad2c5026b77fa1cf04b411ba46f49f4c520,triangle,2.5,lqi,1,3,4,42,5,15,140,no_route,0,0
LEO_V1_1_REQUALIFICATION_20260920,ofat_comparative,interferenceDb__25p0__lqi,f36d0510e3dbb0d3c9adffa565c74ad2c5026b77fa1cf04b411ba46f49f4c520,triangle,2.5,lqi,1,3,4,42,5,15,141,no_route,0,0
LEO_V1_1_REQUALIFICATION_20260920,ofat_comparative,interferenceDb__25p0__lqi,f36d0510e3dbb0d3c9adffa565c74ad2c5026b77fa1cf04b411ba46f49f4c520,triangle,2.5,lqi,1,3,4,42,5,15,142,no_route,0,0
LEO_V1_1_REQUALIFICATION_20260920,ofat_comparative,interferenceDb__25p0__lqi,f36d0510e3dbb0d3c9adffa565c74ad2c5026b77fa1cf04b411ba46f49f4c520,triangle,2.5,lqi,1,3,4,42,5,15,143,no_route,0,0
LEO_V1_1_REQUALIFICATION_20260920,ofat_comparative,interferenceDb__25p0__lqi,f36d0510e3dbb0d3c9adffa565c74ad2c5026b77fa1cf04b411ba46f49f4c520,triangle,2.5,lqi,1,3,4,42,5,15,144,no_route,0,0
LEO_V1_1_REQUALIFICATION_20260920,ofat_comparative,interferenceDb__25p0__lqi,f36d0510e3dbb0d3c9adffa565c74ad2c5026b77fa1cf04b411ba46f49f4c520,triangle,2.5,lqi,1,3,4,42,5,15,145,no_route,0,0
LEO_V1_1_REQUALIFICATION_20260920,ofat_comparative,interferenceDb__25p0__lqi,f36d0510e3dbb0d3c9adffa565c74ad2c5026b77fa1cf04b411ba46f49f4c520,triangle,2.5,lqi,1,3,4,42,5,15,146,no_route,0,0
LEO_V1_1_REQUALIFICATION_20260920,ofat_comparative,interferenceDb__25p0__lqi,f36d0510e3dbb0d3c9adffa565c74ad2c5026b77fa1cf04b411ba46f49f4c520,triangle,2.5,lqi,1,3,4,42,5,15,147,no_route,0,0
LEO_V1_1_REQUALIFICATION_20260920,ofat_comparative,interferenceDb__25p0__lqi,f36d0510e3dbb0d3c9adffa565c74ad2c5026b77fa1cf04b411ba46f49f4c520,triangle,2.5,lqi,1,3,4,42,5,15,148,no_route,0,0
LEO_V1_1_REQUALIFICATION_20260920,ofat_comparative,interferenceDb__25p0__lqi,f36d0510e3dbb0d3c9adffa565c74ad2c5026b77fa1cf04b411ba46f49f4c520,triangle,2.5,lqi,1,3,4,42,5,15,149,no_route,0,0
LEO_V1_1_REQUALIFICATION_20260920,ofat_comparative,interferenceDb__25p0__lqi,f36d0510e3dbb0d3c9adffa565c74ad2c5026b77fa1cf04b411ba46f49f4c520,triangle,2.5,lqi,1,3,4,42,5,16,150,no_route,0,0
LEO_V1_1_REQUALIFICATION_20260920,ofat_comparative,interferenceDb__25p0__lqi,f36d0510e3dbb0d3c9adffa565c74ad2c5026b77fa1cf04b411ba46f49f4c520,triangle,2.5,lqi,1,3,4,42,5,16,151,no_route,0,0
LEO_V1_1_REQUALIFICATION_20260920,ofat_comparative,interferenceDb__25p0__lqi,f36d0510e3dbb0d3c9adffa565c74ad2c5026b77fa1cf04b411ba46f49f4c520,triangle,2.5,lqi,1,3,4,42,5,16,152,no_route,0,0
LEO_V1_1_REQUALIFICATION_20260920,ofat_comparative,interferenceDb__25p0__lqi,f36d0510e3dbb0d3c9adffa565c74ad2c5026b77fa1cf04b411ba46f49f4c520,triangle,2.5,lqi,1,3,4,42,5,16,153,no_route,0,0
LEO_V1_1_REQUALIFICATION_20260920,ofat_comparative,interferenceDb__25p0__lqi,f36d0510e3dbb0d3c9adffa565c74ad2c5026b77fa1cf04b411ba46f49f4c520,triangle,2.5,lqi,1,3,4,42,5,16,154,no_route,0,0
LEO_V1_1_REQUALIFICATION_20260920,ofat_comparative,interferenceDb__25p0__lqi,f36d0510e3dbb0d3c9adffa565c74ad2c5026b77fa1cf04b411ba46f49f4c520,triangle,2.5,lqi,1,3,4,42,5,16,155,no_route,0,0
LEO_V1_1_REQUALIFICATION_20260920,ofat_comparative,interferenceDb__25p0__lqi,f36d0510e3dbb0d3c9adffa565c74ad2c5026b77fa1cf04b411ba46f49f4c520,triangle,2.5,lqi,1,3,4,42,5,16,156,no_route,0,0
LEO_V1_1_REQUALIFICATION_20260920,ofat_comparative,interferenceDb__25p0__lqi,f36d0510e3dbb0d3c9adffa565c74ad2c5026b77fa1cf04b411ba46f49f4c520,triangle,2.5,lqi,1,3,4,42,5,16,157,no_route,0,0
LEO_V1_1_REQUALIFICATION_20260920,ofat_comparative,interferenceDb__25p0__lqi,f36d0510e3dbb0d3c9adffa565c74ad2c5026b77fa1cf04b411ba46f49f4c520,triangle,2.5,lqi,1,3,4,42,5,16,158,no_route,0,0
LEO_V1_1_REQUALIFICATION_20260920,ofat_comparative,interferenceDb__25p0__lqi,f36d0510e3dbb0d3c9adffa565c74ad2c5026b77fa1cf04b411ba46f49f4c520,triangle,2.5,lqi,1,3,4,42,5,16,159,no_route,0,0
LEO_V1_1_REQUALIFICATION_20260920,ofat_comparative,interferenceDb__25p0__lqi,f36d0510e3dbb0d3c9adffa565c74ad2c5026b77fa1cf04b411ba46f49f4c520,triangle,2.5,lqi,1,3,4,42,5,17,160,no_route,0,0
LEO_V1_1_REQUALIFICATION_20260920,ofat_comparative,interferenceDb__25p0__lqi,f36d0510e3dbb0d3c9adffa565c74ad2c5026b77fa1cf04b411ba46f49f4c520,triangle,2.5,lqi,1,3,4,42,5,17,161,no_route,0,0
LEO_V1_1_REQUALIFICATION_20260920,ofat_comparative,interferenceDb__25p0__lqi,f36d0510e3dbb0d3c9adffa565c74ad2c5026b77fa1cf04b411ba46f49f4c520,triangle,2.5,lqi,1,3,4,42,5,17,162,no_route,0,0
LEO_V1_1_REQUALIFICATION_20260920,ofat_comparative,interferenceDb__25p0__lqi,f36d0510e3dbb0d3c9adffa565c74ad2c5026b77fa1cf04b411ba46f49f4c520,triangle,2.5,lqi,1,3,4,42,5,17,163,no_route,0,0
LEO_V1_1_REQUALIFICATION_20260920,ofat_comparative,interferenceDb__25p0__lqi,f36d0510e3dbb0d3c9adffa565c74ad2c5026b77fa1cf04b411ba46f49f4c520,triangle,2.5,lqi,1,3,4,42,5,17,164,no_route,0,0
LEO_V1_1_REQUALIFICATION_20260920,ofat_comparative,interferenceDb__25p0__lqi,f36d0510e3dbb0d3c9adffa565c74ad2c5026b77fa1cf04b411ba46f49f4c520,triangle,2.5,lqi,1,3,4,42,5,17,165,no_route,0,0
LEO_V1_1_REQUALIFICATION_20260920,ofat_comparative,interferenceDb__25p0__lqi,f36d0510e3dbb0d3c9adffa565c74ad2c5026b77fa1cf04b411ba46f49f4c520,triangle,2.5,lqi,1,3,4,42,5,17,166,no_route,0,0
LEO_V1_1_REQUALIFICATION_20260920,ofat_comparative,interferenceDb__25p0__lqi,f36d0510e3dbb0d3c9adffa565c74ad2c5026b77fa1cf04b411ba46f49f4c520,triangle,2.5,lqi,1,3,4,42,5,17,167,no_route,0,0
LEO_V1_1_REQUALIFICATION_20260920,ofat_comparative,interferenceDb__25p0__lqi,f36d0510e3dbb0d3c9adffa565c74ad2c5026b77fa1cf04b411ba46f49f4c520,triangle,2.5,lqi,1,3,4,42,5,17,168,no_route,0,0
LEO_V1_1_REQUALIFICATION_20260920,ofat_comparative,interferenceDb__25p0__lqi,f36d0510e3dbb0d3c9adffa565c74ad2c5026b77fa1cf04b411ba46f49f4c520,triangle,2.5,lqi,1,3,4,42,5,17,169,no_route,0,0
LEO_V1_1_REQUALIFICATION_20260920,ofat_comparative,interferenceDb__25p0__lqi,f36d0510e3dbb0d3c9adffa565c74ad2c5026b77fa1cf04b411ba46f49f4c520,triangle,2.5,lqi,1,3,4,42,5,18,170,no_route,0,0
LEO_V1_1_REQUALIFICATION_20260920,ofat_comparative,interferenceDb__25p0__lqi,f36d0510e3dbb0d3c9adffa565c74ad2c5026b77fa1cf04b411ba46f49f4c520,triangle,2.5,lqi,1,3,4,42,5,18,171,no_route,0,0
LEO_V1_1_REQUALIFICATION_20260920,ofat_comparative,interferenceDb__25p0__lqi,f36d0510e3dbb0d3c9adffa565c74ad2c5026b77fa1cf04b411ba46f49f4c520,triangle,2.5,lqi,1,3,4,42,5,18,172,no_route,0,0
LEO_V1_1_REQUALIFICATION_20260920,ofat_comparative,interferenceDb__25p0__lqi,f36d0510e3dbb0d3c9adffa565c74ad2c5026b77fa1cf04b411ba46f49f4c520,triangle,2.5,lqi,1,3,4,42,5,18,173,no_route,0,0
LEO_V1_1_REQUALIFICATION_20260920,ofat_comparative,interferenceDb__25p0__lqi,f36d0510e3dbb0d3c9adffa565c74ad2c5026b77fa1cf04b411ba46f49f4c520,triangle,2.5,lqi,1,3,4,42,5,18,174,no_route,0,0
LEO_V1_1_REQUALIFICATION_20260920,ofat_comparative,interferenceDb__25p0__lqi,f36d0510e3dbb0d3c9adffa565c74ad2c5026b77fa1cf04b411ba46f49f4c520,triangle,2.5,lqi,1,3,4,42,5,18,175,no_route,0,0
LEO_V1_1_REQUALIFICATION_20260920,ofat_comparative,interferenceDb__25p0__lqi,f36d0510e3dbb0d3c9adffa565c74ad2c5026b77fa1cf04b411ba46f49f4c520,triangle,2.5,lqi,1,3,4,42,5,18,176,no_route,0,0
LEO_V1_1_REQUALIFICATION_20260920,ofat_comparative,interferenceDb__25p0__lqi,f36d0510e3dbb0d3c9adffa565c74ad2c5026b77fa1cf04b411ba46f49f4c520,triangle,2.5,lqi,1,3,4,42,5,18,177,no_route,0,0
LEO_V1_1_REQUALIFICATION_20260920,ofat_comparative,interferenceDb__25p0__lqi,f36d0510e3dbb0d3c9adffa565c74ad2c5026b77fa1cf04b411ba46f49f4c520,triangle,2.5,lqi,1,3,4,42,5,18,178,no_route,0,0
LEO_V1_1_REQUALIFICATION_20260920,ofat_comparative,interferenceDb__25p0__lqi,f36d0510e3dbb0d3c9adffa565c74ad2c5026b77fa1cf04b411ba46f49f4c520,triangle,2.5,lqi,1,3,4,42,5,18,179,no_route,0,0
LEO_V1_1_REQUALIFICATION_20260920,ofat_comparative,interferenceDb__25p0__lqi,f36d0510e3dbb0d3c9adffa565c74ad2c5026b77fa1cf04b411ba46f49f4c520,triangle,2.5,lqi,1,3,4,42,5,19,180,no_route,0,0
LEO_V1_1_REQUALIFICATION_20260920,ofat_comparative,interferenceDb__25p0__lqi,f36d0510e3dbb0d3c9adffa565c74ad2c5026b77fa1cf04b411ba46f49f4c520,triangle,2.5,lqi,1,3,4,42,5,19,181,no_route,0,0
LEO_V1_1_REQUALIFICATION_20260920,ofat_comparative,interferenceDb__25p0__lqi,f36d0510e3dbb0d3c9adffa565c74ad2c5026b77fa1cf04b411ba46f49f4c520,triangle,2.5,lqi,1,3,4,42,5,19,182,no_route,0,0
LEO_V1_1_REQUALIFICATION_20260920,ofat_comparative,interferenceDb__25p0__lqi,f36d0510e3dbb0d3c9adffa565c74ad2c5026b77fa1cf04b411ba46f49f4c520,triangle,2.5,lqi,1,3,4,42,5,19,183,no_route,0,0
LEO_V1_1_REQUALIFICATION_20260920,ofat_comparative,interferenceDb__25p0__lqi,f36d0510e3dbb0d3c9adffa565c74ad2c5026b77fa1cf04b411ba46f49f4c520,triangle,2.5,lqi,1,3,4,42,5,19,184,no_route,0,0
LEO_V1_1_REQUALIFICATION_20260920,ofat_comparative,interferenceDb__25p0__lqi,f36d0510e3dbb0d3c9adffa565c74ad2c5026b77fa1cf04b411ba46f49f4c520,triangle,2.5,lqi,1,3,4,42,5,19,185,no_route,0,0
LEO_V1_1_REQUALIFICATION_20260920,ofat_comparative,interferenceDb__25p0__lqi,f36d0510e3dbb0d3c9adffa565c74ad2c5026b77fa1cf04b411ba46f49f4c520,triangle,2.5,lqi,1,3,4,42,5,19,186,no_route,0,0
LEO_V1_1_REQUALIFICATION_20260920,ofat_comparative,interferenceDb__25p0__lqi,f36d0510e3dbb0d3c9adffa565c74ad2c5026b77fa1cf04b411ba46f49f4c520,triangle,2.5,lqi,1,3,4,42,5,19,187,no_route,0,0
LEO_V1_1_REQUALIFICATION_20260920,ofat_comparative,interferenceDb__25p0__lqi,f36d0510e3dbb0d3c9adffa565c74ad2c5026b77fa1cf04b411ba46f49f4c520,triangle,2.5,lqi,1,3,4,42,5,19,188,no_route,0,0
LEO_V1_1_REQUALIFICATION_20260920,ofat_comparative,interferenceDb__25p0__lqi,f36d0510e3dbb0d3c9adffa565c74ad2c5026b77fa1cf04b411ba46f49f4c520,triangle,2.5,lqi,1,3,4,42,5,19,189,no_route,0,0
LEO_V1_1_REQUALIFICATION_20260920,ofat_comparative,interferenceDb__25p0__lqi,f36d0510e3dbb0d3c9adffa565c74ad2c5026b77fa1cf04b411ba46f49f4c520,triangle,2.5,lqi,1,3,5,42,6,1,0,success,12161961113530546194,1
LEO_V1_1_REQUALIFICATION_20260920,ofat_comparative,interferenceDb__25p0__lqi,f36d0510e3dbb0d3c9adffa565c74ad2c5026b77fa1cf04b411ba46f49f4c520,triangle,2.5,lqi,1,3,5,42,6,1,1,success,12161961113530546194,1
LEO_V1_1_REQUALIFICATION_20260920,ofat_comparative,interferenceDb__25p0__lqi,f36d0510e3dbb0d3c9adffa565c74ad2c5026b77fa1cf04b411ba46f49f4c520,triangle,2.5,lqi,1,3,5,42,6,1,2,success,12161961113530546194,1
LEO_V1_1_REQUALIFICATION_20260920,ofat_comparative,interferenceDb__25p0__lqi,f36d0510e3dbb0d3c9adffa565c74ad2c5026b77fa1cf04b411ba46f49f4c520,triangle,2.5,lqi,1,3,5,42,6,1,3,success,12161961113530546194,1
LEO_V1_1_REQUALIFICATION_20260920,ofat_comparative,interferenceDb__25p0__lqi,f36d0510e3dbb0d3c9adffa565c74ad2c5026b77fa1cf04b411ba46f49f4c520,triangle,2.5,lqi,1,3,5,42,6,1,4,success,12161961113530546194,1
LEO_V1_1_REQUALIFICATION_20260920,ofat_comparative,interferenceDb__25p0__lqi,f36d0510e3dbb0d3c9adffa565c74ad2c5026b77fa1cf04b411ba46f49f4c520,triangle,2.5,lqi,1,3,5,42,6,1,5,success,12161961113530546194,1
LEO_V1_1_REQUALIFICATION_20260920,ofat_comparative,interferenceDb__25p0__lqi,f36d0510e3dbb0d3c9adffa565c74ad2c5026b77fa1cf04b411ba46f49f4c520,triangle,2.5,lqi,1,3,5,42,6,1,6,success,12161961113530546194,1
LEO_V1_1_REQUALIFICATION_20260920,ofat_comparative,interferenceDb__25p0__lqi,f36d0510e3dbb0d3c9adffa565c74ad2c5026b77fa1cf04b411ba46f49f4c520,triangle,2.5,lqi,1,3,5,42,6,1,7,success,12161961113530546194,1
LEO_V1_1_REQUALIFICATION_20260920,ofat_comparative,interferenceDb__25p0__lqi,f36d0510e3dbb0d3c9adffa565c74ad2c5026b77fa1cf04b411ba46f49f4c520,triangle,2.5,lqi,1,3,5,42,6,1,8,success,12161961113530546194,1
LEO_V1_1_REQUALIFICATION_20260920,ofat_comparative,interferenceDb__25p0__lqi,f36d0510e3dbb0d3c9adffa565c74ad2c5026b77fa1cf04b411ba46f49f4c520,triangle,2.5,lqi,1,3,5,42,6,1,9,success,12161961113530546194,1
LEO_V1_1_REQUALIFICATION_20260920,ofat_comparative,interferenceDb__25p0__lqi,f36d0510e3dbb0d3c9adffa565c74ad2c5026b77fa1cf04b411ba46f49f4c520,triangle,2.5,lqi,1,3,5,42,6,2,10,success,12161960014018917983,1
LEO_V1_1_REQUALIFICATION_20260920,ofat_comparative,interferenceDb__25p0__lqi,f36d0510e3dbb0d3c9adffa565c74ad2c5026b77fa1cf04b411ba46f49f4c520,triangle,2.5,lqi,1,3,5,42,6,2,11,success,12161960014018917983,1
LEO_V1_1_REQUALIFICATION_20260920,ofat_comparative,interferenceDb__25p0__lqi,f36d0510e3dbb0d3c9adffa565c74ad2c5026b77fa1cf04b411ba46f49f4c520,triangle,2.5,lqi,1,3,5,42,6,2,12,success,12161960014018917983,1
LEO_V1_1_REQUALIFICATION_20260920,ofat_comparative,interferenceDb__25p0__lqi,f36d0510e3dbb0d3c9adffa565c74ad2c5026b77fa1cf04b411ba46f49f4c520,triangle,2.5,lqi,1,3,5,42,6,2,13,success,12161960014018917983,1
LEO_V1_1_REQUALIFICATION_20260920,ofat_comparative,interferenceDb__25p0__lqi,f36d0510e3dbb0d3c9adffa565c74ad2c5026b77fa1cf04b411ba46f49f4c520,triangle,2.5,lqi,1,3,5,42,6,2,14,success,12161960014018917983,1
LEO_V1_1_REQUALIFICATION_20260920,ofat_comparative,interferenceDb__25p0__lqi,f36d0510e3dbb0d3c9adffa565c74ad2c5026b77fa1cf04b411ba46f49f4c520,triangle,2.5,lqi,1,3,5,42,6,2,15,success,12161960014018917983,1
LEO_V1_1_REQUALIFICATION_20260920,ofat_comparative,interferenceDb__25p0__lqi,f36d0510e3dbb0d3c9adffa565c74ad2c5026b77fa1cf04b411ba46f49f4c520,triangle,2.5,lqi,1,3,5,42,6,2,16,success,12161960014018917983,1
LEO_V1_1_REQUALIFICATION_20260920,ofat_comparative,interferenceDb__25p0__lqi,f36d0510e3dbb0d3c9adffa565c74ad2c5026b77fa1cf04b411ba46f49f4c520,triangle,2.5,lqi,1,3,5,42,6,2,17,success,12161960014018917983,1
LEO_V1_1_REQUALIFICATION_20260920,ofat_comparative,interferenceDb__25p0__lqi,f36d0510e3dbb0d3c9adffa565c74ad2c5026b77fa1cf04b411ba46f49f4c520,triangle,2.5,lqi,1,3,5,42,6,2,18,success,12161960014018917983,1
LEO_V1_1_REQUALIFICATION_20260920,ofat_comparative,interferenceDb__25p0__lqi,f36d0510e3dbb0d3c9adffa565c74ad2c5026b77fa1cf04b411ba46f49f4c520,triangle,2.5,lqi,1,3,5,42,6,2,19,success,12161960014018917983,1
LEO_V1_1_REQUALIFICATION_20260920,ofat_comparative,interferenceDb__25p0__lqi,f36d0510e3dbb0d3c9adffa565c74ad2c5026b77fa1cf04b411ba46f49f4c520,triangle,2.5,lqi,1,3,5,42,6,3,20,success,5168105627079211135,2
LEO_V1_1_REQUALIFICATION_20260920,ofat_comparative,interferenceDb__25p0__lqi,f36d0510e3dbb0d3c9adffa565c74ad2c5026b77fa1cf04b411ba46f49f4c520,triangle,2.5,lqi,1,3,5,42,6,3,21,success,5168105627079211135,2
LEO_V1_1_REQUALIFICATION_20260920,ofat_comparative,interferenceDb__25p0__lqi,f36d0510e3dbb0d3c9adffa565c74ad2c5026b77fa1cf04b411ba46f49f4c520,triangle,2.5,lqi,1,3,5,42,6,3,22,success,5168105627079211135,2
LEO_V1_1_REQUALIFICATION_20260920,ofat_comparative,interferenceDb__25p0__lqi,f36d0510e3dbb0d3c9adffa565c74ad2c5026b77fa1cf04b411ba46f49f4c520,triangle,2.5,lqi,1,3,5,42,6,3,23,success,5168105627079211135,2
LEO_V1_1_REQUALIFICATION_20260920,ofat_comparative,interferenceDb__25p0__lqi,f36d0510e3dbb0d3c9adffa565c74ad2c5026b77fa1cf04b411ba46f49f4c520,triangle,2.5,lqi,1,3,5,42,6,3,24,success,5168105627079211135,2
LEO_V1_1_REQUALIFICATION_20260920,ofat_comparative,interferenceDb__25p0__lqi,f36d0510e3dbb0d3c9adffa565c74ad2c5026b77fa1cf04b411ba46f49f4c520,triangle,2.5,lqi,1,3,5,42,6,3,25,success,5168105627079211135,2
LEO_V1_1_REQUALIFICATION_20260920,ofat_comparative,interferenceDb__25p0__lqi,f36d0510e3dbb0d3c9adffa565c74ad2c5026b77fa1cf04b411ba46f49f4c520,triangle,2.5,lqi,1,3,5,42,6,3,26,success,5168105627079211135,2
LEO_V1_1_REQUALIFICATION_20260920,ofat_comparative,interferenceDb__25p0__lqi,f36d0510e3dbb0d3c9adffa565c74ad2c5026b77fa1cf04b411ba46f49f4c520,triangle,2.5,lqi,1,3,5,42,6,3,27,success,5168105627079211135,2
LEO_V1_1_REQUALIFICATION_20260920,ofat_comparative,interferenceDb__25p0__lqi,f36d0510e3dbb0d3c9adffa565c74ad2c5026b77fa1cf04b411ba46f49f4c520,triangle,2.5,lqi,1,3,5,42,6,3,28,success,5168105627079211135,2
LEO_V1_1_REQUALIFICATION_20260920,ofat_comparative,interferenceDb__25p0__lqi,f36d0510e3dbb0d3c9adffa565c74ad2c5026b77fa1cf04b411ba46f49f4c520,triangle,2.5,lqi,1,3,5,42,6,3,29,success,5168105627079211135,2
LEO_V1_1_REQUALIFICATION_20260920,ofat_comparative,interferenceDb__25p0__lqi,f36d0510e3dbb0d3c9adffa565c74ad2c5026b77fa1cf04b411ba46f49f4c520,triangle,2.5,lqi,1,3,5,42,6,4,30,success,4254184782511048963,2
LEO_V1_1_REQUALIFICATION_20260920,ofat_comparative,interferenceDb__25p0__lqi,f36d0510e3dbb0d3c9adffa565c74ad2c5026b77fa1cf04b411ba46f49f4c520,triangle,2.5,lqi,1,3,5,42,6,4,31,success,4254184782511048963,2
LEO_V1_1_REQUALIFICATION_20260920,ofat_comparative,interferenceDb__25p0__lqi,f36d0510e3dbb0d3c9adffa565c74ad2c5026b77fa1cf04b411ba46f49f4c520,triangle,2.5,lqi,1,3,5,42,6,4,32,success,4254184782511048963,2
LEO_V1_1_REQUALIFICATION_20260920,ofat_comparative,interferenceDb__25p0__lqi,f36d0510e3dbb0d3c9adffa565c74ad2c5026b77fa1cf04b411ba46f49f4c520,triangle,2.5,lqi,1,3,5,42,6,4,33,success,4254184782511048963,2
LEO_V1_1_REQUALIFICATION_20260920,ofat_comparative,interferenceDb__25p0__lqi,f36d0510e3dbb0d3c9adffa565c74ad2c5026b77fa1cf04b411ba46f49f4c520,triangle,2.5,lqi,1,3,5,42,6,4,34,success,4254184782511048963,2
LEO_V1_1_REQUALIFICATION_20260920,ofat_comparative,interferenceDb__25p0__lqi,f36d0510e3dbb0d3c9adffa565c74ad2c5026b77fa1cf04b411ba46f49f4c520,triangle,2.5,lqi,1,3,5,42,6,4,35,success,4254184782511048963,2
LEO_V1_1_REQUALIFICATION_20260920,ofat_comparative,interferenceDb__25p0__lqi,f36d0510e3dbb0d3c9adffa565c74ad2c5026b77fa1cf04b411ba46f49f4c520,triangle,2.5,lqi,1,3,5,42,6,4,36,success,4254184782511048963,2
LEO_V1_1_REQUALIFICATION_20260920,ofat_comparative,interferenceDb__25p0__lqi,f36d0510e3dbb0d3c9adffa565c74ad2c5026b77fa1cf04b411ba46f49f4c520,triangle,2.5,lqi,1,3,5,42,6,4,37,success,4254184782511048963,2
LEO_V1_1_REQUALIFICATION_20260920,ofat_comparative,interferenceDb__25p0__lqi,f36d0510e3dbb0d3c9adffa565c74ad2c5026b77fa1cf04b411ba46f49f4c520,triangle,2.5,lqi,1,3,5,42,6,4,38,success,4254184782511048963,2
LEO_V1_1_REQUALIFICATION_20260920,ofat_comparative,interferenceDb__25p0__lqi,f36d0510e3dbb0d3c9adffa565c74ad2c5026b77fa1cf04b411ba46f49f4c520,triangle,2.5,lqi,1,3,5,42,6,4,39,success,4254184782511048963,2
LEO_V1_1_REQUALIFICATION_20260920,ofat_comparative,interferenceDb__25p0__lqi,f36d0510e3dbb0d3c9adffa565c74ad2c5026b77fa1cf04b411ba46f49f4c520,triangle,2.5,lqi,1,3,5,42,6,5,40,success,16719299368067595120,3
LEO_V1_1_REQUALIFICATION_20260920,ofat_comparative,interferenceDb__25p0__lqi,f36d0510e3dbb0d3c9adffa565c74ad2c5026b77fa1cf04b411ba46f49f4c520,triangle,2.5,lqi,1,3,5,42,6,5,41,success,16719299368067595120,3
LEO_V1_1_REQUALIFICATION_20260920,ofat_comparative,interferenceDb__25p0__lqi,f36d0510e3dbb0d3c9adffa565c74ad2c5026b77fa1cf04b411ba46f49f4c520,triangle,2.5,lqi,1,3,5,42,6,5,42,success,16719299368067595120,3
LEO_V1_1_REQUALIFICATION_20260920,ofat_comparative,interferenceDb__25p0__lqi,f36d0510e3dbb0d3c9adffa565c74ad2c5026b77fa1cf04b411ba46f49f4c520,triangle,2.5,lqi,1,3,5,42,6,5,43,success,16719299368067595120,3
LEO_V1_1_REQUALIFICATION_20260920,ofat_comparative,interferenceDb__25p0__lqi,f36d0510e3dbb0d3c9adffa565c74ad2c5026b77fa1cf04b411ba46f49f4c520,triangle,2.5,lqi,1,3,5,42,6,5,44,success,16719299368067595120,3
LEO_V1_1_REQUALIFICATION_20260920,ofat_comparative,interferenceDb__25p0__lqi,f36d0510e3dbb0d3c9adffa565c74ad2c5026b77fa1cf04b411ba46f49f4c520,triangle,2.5,lqi,1,3,5,42,6,5,45,success,16719299368067595120,3
LEO_V1_1_REQUALIFICATION_20260920,ofat_comparative,interferenceDb__25p0__lqi,f36d0510e3dbb0d3c9adffa565c74ad2c5026b77fa1cf04b411ba46f49f4c520,triangle,2.5,lqi,1,3,5,42,6,5,46,success,16719299368067595120,3
LEO_V1_1_REQUALIFICATION_20260920,ofat_comparative,interferenceDb__25p0__lqi,f36d0510e3dbb0d3c9adffa565c74ad2c5026b77fa1cf04b411ba46f49f4c520,triangle,2.5,lqi,1,3,5,42,6,5,47,success,16719299368067595120,3
LEO_V1_1_REQUALIFICATION_20260920,ofat_comparative,interferenceDb__25p0__lqi,f36d0510e3dbb0d3c9adffa565c74ad2c5026b77fa1cf04b411ba46f49f4c520,triangle,2.5,lqi,1,3,5,42,6,5,48,success,16719299368067595120,3
LEO_V1_1_REQUALIFICATION_20260920,ofat_comparative,interferenceDb__25p0__lqi,f36d0510e3dbb0d3c9adffa565c74ad2c5026b77fa1cf04b411ba46f49f4c520,triangle,2.5,lqi,1,3,5,42,6,5,49,success,16719299368067595120,3
LEO_V1_1_REQUALIFICATION_20260920,ofat_comparative,interferenceDb__25p0__lqi,f36d0510e3dbb0d3c9adffa565c74ad2c5026b77fa1cf04b411ba46f49f4c520,triangle,2.5,lqi,1,3,5,42,6,6,50,success,3355162293075433701,3
LEO_V1_1_REQUALIFICATION_20260920,ofat_comparative,interferenceDb__25p0__lqi,f36d0510e3dbb0d3c9adffa565c74ad2c5026b77fa1cf04b411ba46f49f4c520,triangle,2.5,lqi,1,3,5,42,6,6,51,success,3355162293075433701,3
LEO_V1_1_REQUALIFICATION_20260920,ofat_comparative,interferenceDb__25p0__lqi,f36d0510e3dbb0d3c9adffa565c74ad2c5026b77fa1cf04b411ba46f49f4c520,triangle,2.5,lqi,1,3,5,42,6,6,52,success,3355162293075433701,3
LEO_V1_1_REQUALIFICATION_20260920,ofat_comparative,interferenceDb__25p0__lqi,f36d0510e3dbb0d3c9adffa565c74ad2c5026b77fa1cf04b411ba46f49f4c520,triangle,2.5,lqi,1,3,5,42,6,6,53,success,3355162293075433701,3
LEO_V1_1_REQUALIFICATION_20260920,ofat_comparative,interferenceDb__25p0__lqi,f36d0510e3dbb0d3c9adffa565c74ad2c5026b77fa1cf04b411ba46f49f4c520,triangle,2.5,lqi,1,3,5,42,6,6,54,success,3355162293075433701,3
LEO_V1_1_REQUALIFICATION_20260920,ofat_comparative,interferenceDb__25p0__lqi,f36d0510e3dbb0d3c9adffa565c74ad2c5026b77fa1cf04b411ba46f49f4c520,triangle,2.5,lqi,1,3,5,42,6,6,55,timeout,0,0
LEO_V1_1_REQUALIFICATION_20260920,ofat_comparative,interferenceDb__25p0__lqi,f36d0510e3dbb0d3c9adffa565c74ad2c5026b77fa1cf04b411ba46f49f4c520,triangle,2.5,lqi,1,3,5,42,6,6,56,no_route,0,0
LEO_V1_1_REQUALIFICATION_20260920,ofat_comparative,interferenceDb__25p0__lqi,f36d0510e3dbb0d3c9adffa565c74ad2c5026b77fa1cf04b411ba46f49f4c520,triangle,2.5,lqi,1,3,5,42,6,6,57,success,3355162293075433701,3
LEO_V1_1_REQUALIFICATION_20260920,ofat_comparative,interferenceDb__25p0__lqi,f36d0510e3dbb0d3c9adffa565c74ad2c5026b77fa1cf04b411ba46f49f4c520,triangle,2.5,lqi,1,3,5,42,6,6,58,success,3355162293075433701,3
LEO_V1_1_REQUALIFICATION_20260920,ofat_comparative,interferenceDb__25p0__lqi,f36d0510e3dbb0d3c9adffa565c74ad2c5026b77fa1cf04b411ba46f49f4c520,triangle,2.5,lqi,1,3,5,42,6,6,59,success,3355162293075433701,3
LEO_V1_1_REQUALIFICATION_20260920,ofat_comparative,interferenceDb__25p0__lqi,f36d0510e3dbb0d3c9adffa565c74ad2c5026b77fa1cf04b411ba46f49f4c520,triangle,2.5,lqi,1,3,5,42,6,7,60,success,12161954516460776928,1
LEO_V1_1_REQUALIFICATION_20260920,ofat_comparative,interferenceDb__25p0__lqi,f36d0510e3dbb0d3c9adffa565c74ad2c5026b77fa1cf04b411ba46f49f4c520,triangle,2.5,lqi,1,3,5,42,6,7,61,success,12161954516460776928,1
LEO_V1_1_REQUALIFICATION_20260920,ofat_comparative,interferenceDb__25p0__lqi,f36d0510e3dbb0d3c9adffa565c74ad2c5026b77fa1cf04b411ba46f49f4c520,triangle,2.5,lqi,1,3,5,42,6,7,62,success,12161954516460776928,1
LEO_V1_1_REQUALIFICATION_20260920,ofat_comparative,interferenceDb__25p0__lqi,f36d0510e3dbb0d3c9adffa565c74ad2c5026b77fa1cf04b411ba46f49f4c520,triangle,2.5,lqi,1,3,5,42,6,7,63,success,12161954516460776928,1
LEO_V1_1_REQUALIFICATION_20260920,ofat_comparative,interferenceDb__25p0__lqi,f36d0510e3dbb0d3c9adffa565c74ad2c5026b77fa1cf04b411ba46f49f4c520,triangle,2.5,lqi,1,3,5,42,6,7,64,success,12161954516460776928,1
LEO_V1_1_REQUALIFICATION_20260920,ofat_comparative,interferenceDb__25p0__lqi,f36d0510e3dbb0d3c9adffa565c74ad2c5026b77fa1cf04b411ba46f49f4c520,triangle,2.5,lqi,1,3,5,42,6,7,65,success,12161954516460776928,1
LEO_V1_1_REQUALIFICATION_20260920,ofat_comparative,interferenceDb__25p0__lqi,f36d0510e3dbb0d3c9adffa565c74ad2c5026b77fa1cf04b411ba46f49f4c520,triangle,2.5,lqi,1,3,5,42,6,7,66,success,12161954516460776928,1
LEO_V1_1_REQUALIFICATION_20260920,ofat_comparative,interferenceDb__25p0__lqi,f36d0510e3dbb0d3c9adffa565c74ad2c5026b77fa1cf04b411ba46f49f4c520,triangle,2.5,lqi,1,3,5,42,6,7,67,success,12161954516460776928,1
LEO_V1_1_REQUALIFICATION_20260920,ofat_comparative,interferenceDb__25p0__lqi,f36d0510e3dbb0d3c9adffa565c74ad2c5026b77fa1cf04b411ba46f49f4c520,triangle,2.5,lqi,1,3,5,42,6,7,68,success,12161954516460776928,1
LEO_V1_1_REQUALIFICATION_20260920,ofat_comparative,interferenceDb__25p0__lqi,f36d0510e3dbb0d3c9adffa565c74ad2c5026b77fa1cf04b411ba46f49f4c520,triangle,2.5,lqi,1,3,5,42,6,7,69,success,12161954516460776928,1
LEO_V1_1_REQUALIFICATION_20260920,ofat_comparative,interferenceDb__25p0__lqi,f36d0510e3dbb0d3c9adffa565c74ad2c5026b77fa1cf04b411ba46f49f4c520,triangle,2.5,lqi,1,3,5,42,6,8,70,success,12161971009135200093,1
LEO_V1_1_REQUALIFICATION_20260920,ofat_comparative,interferenceDb__25p0__lqi,f36d0510e3dbb0d3c9adffa565c74ad2c5026b77fa1cf04b411ba46f49f4c520,triangle,2.5,lqi,1,3,5,42,6,8,71,success,12161971009135200093,1
LEO_V1_1_REQUALIFICATION_20260920,ofat_comparative,interferenceDb__25p0__lqi,f36d0510e3dbb0d3c9adffa565c74ad2c5026b77fa1cf04b411ba46f49f4c520,triangle,2.5,lqi,1,3,5,42,6,8,72,success,12161971009135200093,1
LEO_V1_1_REQUALIFICATION_20260920,ofat_comparative,interferenceDb__25p0__lqi,f36d0510e3dbb0d3c9adffa565c74ad2c5026b77fa1cf04b411ba46f49f4c520,triangle,2.5,lqi,1,3,5,42,6,8,73,success,12161971009135200093,1
LEO_V1_1_REQUALIFICATION_20260920,ofat_comparative,interferenceDb__25p0__lqi,f36d0510e3dbb0d3c9adffa565c74ad2c5026b77fa1cf04b411ba46f49f4c520,triangle,2.5,lqi,1,3,5,42,6,8,74,success,12161971009135200093,1
LEO_V1_1_REQUALIFICATION_20260920,ofat_comparative,interferenceDb__25p0__lqi,f36d0510e3dbb0d3c9adffa565c74ad2c5026b77fa1cf04b411ba46f49f4c520,triangle,2.5,lqi,1,3,5,42,6,8,75,success,12161971009135200093,1
LEO_V1_1_REQUALIFICATION_20260920,ofat_comparative,interferenceDb__25p0__lqi,f36d0510e3dbb0d3c9adffa565c74ad2c5026b77fa1cf04b411ba46f49f4c520,triangle,2.5,lqi,1,3,5,42,6,8,76,success,12161971009135200093,1
LEO_V1_1_REQUALIFICATION_20260920,ofat_comparative,interferenceDb__25p0__lqi,f36d0510e3dbb0d3c9adffa565c74ad2c5026b77fa1cf04b411ba46f49f4c520,triangle,2.5,lqi,1,3,5,42,6,8,77,success,12161971009135200093,1
LEO_V1_1_REQUALIFICATION_20260920,ofat_comparative,interferenceDb__25p0__lqi,f36d0510e3dbb0d3c9adffa565c74ad2c5026b77fa1cf04b411ba46f49f4c520,triangle,2.5,lqi,1,3,5,42,6,8,78,success,12161971009135200093,1
LEO_V1_1_REQUALIFICATION_20260920,ofat_comparative,interferenceDb__25p0__lqi,f36d0510e3dbb0d3c9adffa565c74ad2c5026b77fa1cf04b411ba46f49f4c520,triangle,2.5,lqi,1,3,5,42,6,8,79,success,12161971009135200093,1
LEO_V1_1_REQUALIFICATION_20260920,ofat_comparative,interferenceDb__25p0__lqi,f36d0510e3dbb0d3c9adffa565c74ad2c5026b77fa1cf04b411ba46f49f4c520,triangle,2.5,lqi,1,3,5,42,6,9,80,success,13393354745285683298,2
LEO_V1_1_REQUALIFICATION_20260920,ofat_comparative,interferenceDb__25p0__lqi,f36d0510e3dbb0d3c9adffa565c74ad2c5026b77fa1cf04b411ba46f49f4c520,triangle,2.5,lqi,1,3,5,42,6,9,81,success,13393354745285683298,2
LEO_V1_1_REQUALIFICATION_20260920,ofat_comparative,interferenceDb__25p0__lqi,f36d0510e3dbb0d3c9adffa565c74ad2c5026b77fa1cf04b411ba46f49f4c520,triangle,2.5,lqi,1,3,5,42,6,9,82,success,13393354745285683298,2
LEO_V1_1_REQUALIFICATION_20260920,ofat_comparative,interferenceDb__25p0__lqi,f36d0510e3dbb0d3c9adffa565c74ad2c5026b77fa1cf04b411ba46f49f4c520,triangle,2.5,lqi,1,3,5,42,6,9,83,success,13393354745285683298,2
LEO_V1_1_REQUALIFICATION_20260920,ofat_comparative,interferenceDb__25p0__lqi,f36d0510e3dbb0d3c9adffa565c74ad2c5026b77fa1cf04b411ba46f49f4c520,triangle,2.5,lqi,1,3,5,42,6,9,84,success,13393354745285683298,2
LEO_V1_1_REQUALIFICATION_20260920,ofat_comparative,interferenceDb__25p0__lqi,f36d0510e3dbb0d3c9adffa565c74ad2c5026b77fa1cf04b411ba46f49f4c520,triangle,2.5,lqi,1,3,5,42,6,9,85,success,13393354745285683298,2
LEO_V1_1_REQUALIFICATION_20260920,ofat_comparative,interferenceDb__25p0__lqi,f36d0510e3dbb0d3c9adffa565c74ad2c5026b77fa1cf04b411ba46f49f4c520,triangle,2.5,lqi,1,3,5,42,6,9,86,success,13393354745285683298,2
LEO_V1_1_REQUALIFICATION_20260920,ofat_comparative,interferenceDb__25p0__lqi,f36d0510e3dbb0d3c9adffa565c74ad2c5026b77fa1cf04b411ba46f49f4c520,triangle,2.5,lqi,1,3,5,42,6,9,87,success,13393354745285683298,2
LEO_V1_1_REQUALIFICATION_20260920,ofat_comparative,interferenceDb__25p0__lqi,f36d0510e3dbb0d3c9adffa565c74ad2c5026b77fa1cf04b411ba46f49f4c520,triangle,2.5,lqi,1,3,5,42,6,9,88,success,13393354745285683298,2
LEO_V1_1_REQUALIFICATION_20260920,ofat_comparative,interferenceDb__25p0__lqi,f36d0510e3dbb0d3c9adffa565c74ad2c5026b77fa1cf04b411ba46f49f4c520,triangle,2.5,lqi,1,3,5,42,6,9,89,success,13393354745285683298,2
LEO_V1_1_REQUALIFICATION_20260920,ofat_comparative,interferenceDb__25p0__lqi,f36d0510e3dbb0d3c9adffa565c74ad2c5026b77fa1cf04b411ba46f49f4c520,triangle,2.5,lqi,1,3,5,42,6,10,90,success,13393353645774055087,2
LEO_V1_1_REQUALIFICATION_20260920,ofat_comparative,interferenceDb__25p0__lqi,f36d0510e3dbb0d3c9adffa565c74ad2c5026b77fa1cf04b411ba46f49f4c520,triangle,2.5,lqi,1,3,5,42,6,10,91,success,13393353645774055087,2
LEO_V1_1_REQUALIFICATION_20260920,ofat_comparative,interferenceDb__25p0__lqi,f36d0510e3dbb0d3c9adffa565c74ad2c5026b77fa1cf04b411ba46f49f4c520,triangle,2.5,lqi,1,3,5,42,6,10,92,success,13393353645774055087,2
LEO_V1_1_REQUALIFICATION_20260920,ofat_comparative,interferenceDb__25p0__lqi,f36d0510e3dbb0d3c9adffa565c74ad2c5026b77fa1cf04b411ba46f49f4c520,triangle,2.5,lqi,1,3,5,42,6,10,93,success,13393353645774055087,2
LEO_V1_1_REQUALIFICATION_20260920,ofat_comparative,interferenceDb__25p0__lqi,f36d0510e3dbb0d3c9adffa565c74ad2c5026b77fa1cf04b411ba46f49f4c520,triangle,2.5,lqi,1,3,5,42,6,10,94,success,13393353645774055087,2
LEO_V1_1_REQUALIFICATION_20260920,ofat_comparative,interferenceDb__25p0__lqi,f36d0510e3dbb0d3c9adffa565c74ad2c5026b77fa1cf04b411ba46f49f4c520,triangle,2.5,lqi,1,3,5,42,6,10,95,success,13393353645774055087,2
LEO_V1_1_REQUALIFICATION_20260920,ofat_comparative,interferenceDb__25p0__lqi,f36d0510e3dbb0d3c9adffa565c74ad2c5026b77fa1cf04b411ba46f49f4c520,triangle,2.5,lqi,1,3,5,42,6,10,96,success,13393353645774055087,2
LEO_V1_1_REQUALIFICATION_20260920,ofat_comparative,interferenceDb__25p0__lqi,f36d0510e3dbb0d3c9adffa565c74ad2c5026b77fa1cf04b411ba46f49f4c520,triangle,2.5,lqi,1,3,5,42,6,10,97,success,13393353645774055087,2
LEO_V1_1_REQUALIFICATION_20260920,ofat_comparative,interferenceDb__25p0__lqi,f36d0510e3dbb0d3c9adffa565c74ad2c5026b77fa1cf04b411ba46f49f4c520,triangle,2.5,lqi,1,3,5,42,6,10,98,success,13393353645774055087,2
LEO_V1_1_REQUALIFICATION_20260920,ofat_comparative,interferenceDb__25p0__lqi,f36d0510e3dbb0d3c9adffa565c74ad2c5026b77fa1cf04b411ba46f49f4c520,triangle,2.5,lqi,1,3,5,42,6,10,99,success,13393353645774055087,2
LEO_V1_1_REQUALIFICATION_20260920,ofat_comparative,interferenceDb__25p0__lqi,f36d0510e3dbb0d3c9adffa565c74ad2c5026b77fa1cf04b411ba46f49f4c520,triangle,2.5,lqi,1,3,5,42,6,11,100,timeout,0,0
LEO_V1_1_REQUALIFICATION_20260920,ofat_comparative,interferenceDb__25p0__lqi,f36d0510e3dbb0d3c9adffa565c74ad2c5026b77fa1cf04b411ba46f49f4c520,triangle,2.5,lqi,1,3,5,42,6,11,101,no_route,0,0
LEO_V1_1_REQUALIFICATION_20260920,ofat_comparative,interferenceDb__25p0__lqi,f36d0510e3dbb0d3c9adffa565c74ad2c5026b77fa1cf04b411ba46f49f4c520,triangle,2.5,lqi,1,3,5,42,6,11,102,success,11861905262065286250,3
LEO_V1_1_REQUALIFICATION_20260920,ofat_comparative,interferenceDb__25p0__lqi,f36d0510e3dbb0d3c9adffa565c74ad2c5026b77fa1cf04b411ba46f49f4c520,triangle,2.5,lqi,1,3,5,42,6,11,103,success,11861905262065286250,3
LEO_V1_1_REQUALIFICATION_20260920,ofat_comparative,interferenceDb__25p0__lqi,f36d0510e3dbb0d3c9adffa565c74ad2c5026b77fa1cf04b411ba46f49f4c520,triangle,2.5,lqi,1,3,5,42,6,11,104,success,11861905262065286250,3
LEO_V1_1_REQUALIFICATION_20260920,ofat_comparative,interferenceDb__25p0__lqi,f36d0510e3dbb0d3c9adffa565c74ad2c5026b77fa1cf04b411ba46f49f4c520,triangle,2.5,lqi,1,3,5,42,6,11,105,success,11861905262065286250,3
LEO_V1_1_REQUALIFICATION_20260920,ofat_comparative,interferenceDb__25p0__lqi,f36d0510e3dbb0d3c9adffa565c74ad2c5026b77fa1cf04b411ba46f49f4c520,triangle,2.5,lqi,1,3,5,42,6,11,106,success,11861905262065286250,3
LEO_V1_1_REQUALIFICATION_20260920,ofat_comparative,interferenceDb__25p0__lqi,f36d0510e3dbb0d3c9adffa565c74ad2c5026b77fa1cf04b411ba46f49f4c520,triangle,2.5,lqi,1,3,5,42,6,11,107,success,11861905262065286250,3
LEO_V1_1_REQUALIFICATION_20260920,ofat_comparative,interferenceDb__25p0__lqi,f36d0510e3dbb0d3c9adffa565c74ad2c5026b77fa1cf04b411ba46f49f4c520,triangle,2.5,lqi,1,3,5,42,6,11,108,success,11861905262065286250,3
LEO_V1_1_REQUALIFICATION_20260920,ofat_comparative,interferenceDb__25p0__lqi,f36d0510e3dbb0d3c9adffa565c74ad2c5026b77fa1cf04b411ba46f49f4c520,triangle,2.5,lqi,1,3,5,42,6,11,109,success,11861905262065286250,3
LEO_V1_1_REQUALIFICATION_20260920,ofat_comparative,interferenceDb__25p0__lqi,f36d0510e3dbb0d3c9adffa565c74ad2c5026b77fa1cf04b411ba46f49f4c520,triangle,2.5,lqi,1,3,5,42,6,12,110,timeout,0,0
LEO_V1_1_REQUALIFICATION_20260920,ofat_comparative,interferenceDb__25p0__lqi,f36d0510e3dbb0d3c9adffa565c74ad2c5026b77fa1cf04b411ba46f49f4c520,triangle,2.5,lqi,1,3,5,42,6,12,111,no_route,0,0
LEO_V1_1_REQUALIFICATION_20260920,ofat_comparative,interferenceDb__25p0__lqi,f36d0510e3dbb0d3c9adffa565c74ad2c5026b77fa1cf04b411ba46f49f4c520,triangle,2.5,lqi,1,3,5,42,6,12,112,timeout,0,0
LEO_V1_1_REQUALIFICATION_20260920,ofat_comparative,interferenceDb__25p0__lqi,f36d0510e3dbb0d3c9adffa565c74ad2c5026b77fa1cf04b411ba46f49f4c520,triangle,2.5,lqi,1,3,5,42,6,12,113,no_route,0,0
LEO_V1_1_REQUALIFICATION_20260920,ofat_comparative,interferenceDb__25p0__lqi,f36d0510e3dbb0d3c9adffa565c74ad2c5026b77fa1cf04b411ba46f49f4c520,triangle,2.5,lqi,1,3,5,42,6,12,114,no_route,0,0
LEO_V1_1_REQUALIFICATION_20260920,ofat_comparative,interferenceDb__25p0__lqi,f36d0510e3dbb0d3c9adffa565c74ad2c5026b77fa1cf04b411ba46f49f4c520,triangle,2.5,lqi,1,3,5,42,6,12,115,timeout,0,0
LEO_V1_1_REQUALIFICATION_20260920,ofat_comparative,interferenceDb__25p0__lqi,f36d0510e3dbb0d3c9adffa565c74ad2c5026b77fa1cf04b411ba46f49f4c520,triangle,2.5,lqi,1,3,5,42,6,12,116,no_route,0,0
LEO_V1_1_REQUALIFICATION_20260920,ofat_comparative,interferenceDb__25p0__lqi,f36d0510e3dbb0d3c9adffa565c74ad2c5026b77fa1cf04b411ba46f49f4c520,triangle,2.5,lqi,1,3,5,42,6,12,117,no_route,0,0
LEO_V1_1_REQUALIFICATION_20260920,ofat_comparative,interferenceDb__25p0__lqi,f36d0510e3dbb0d3c9adffa565c74ad2c5026b77fa1cf04b411ba46f49f4c520,triangle,2.5,lqi,1,3,5,42,6,12,118,timeout,0,0
LEO_V1_1_REQUALIFICATION_20260920,ofat_comparative,interferenceDb__25p0__lqi,f36d0510e3dbb0d3c9adffa565c74ad2c5026b77fa1cf04b411ba46f49f4c520,triangle,2.5,lqi,1,3,5,42,6,12,119,no_route,0,0
LEO_V1_1_REQUALIFICATION_20260920,ofat_comparative,interferenceDb__25p0__lqi,f36d0510e3dbb0d3c9adffa565c74ad2c5026b77fa1cf04b411ba46f49f4c520,triangle,2.5,lqi,1,3,5,42,6,13,120,no_route,0,0
LEO_V1_1_REQUALIFICATION_20260920,ofat_comparative,interferenceDb__25p0__lqi,f36d0510e3dbb0d3c9adffa565c74ad2c5026b77fa1cf04b411ba46f49f4c520,triangle,2.5,lqi,1,3,5,42,6,13,121,no_route,0,0
LEO_V1_1_REQUALIFICATION_20260920,ofat_comparative,interferenceDb__25p0__lqi,f36d0510e3dbb0d3c9adffa565c74ad2c5026b77fa1cf04b411ba46f49f4c520,triangle,2.5,lqi,1,3,5,42,6,13,122,no_route,0,0
LEO_V1_1_REQUALIFICATION_20260920,ofat_comparative,interferenceDb__25p0__lqi,f36d0510e3dbb0d3c9adffa565c74ad2c5026b77fa1cf04b411ba46f49f4c520,triangle,2.5,lqi,1,3,5,42,6,13,123,no_route,0,0
LEO_V1_1_REQUALIFICATION_20260920,ofat_comparative,interferenceDb__25p0__lqi,f36d0510e3dbb0d3c9adffa565c74ad2c5026b77fa1cf04b411ba46f49f4c520,triangle,2.5,lqi,1,3,5,42,6,13,124,no_route,0,0
LEO_V1_1_REQUALIFICATION_20260920,ofat_comparative,interferenceDb__25p0__lqi,f36d0510e3dbb0d3c9adffa565c74ad2c5026b77fa1cf04b411ba46f49f4c520,triangle,2.5,lqi,1,3,5,42,6,13,125,no_route,0,0
LEO_V1_1_REQUALIFICATION_20260920,ofat_comparative,interferenceDb__25p0__lqi,f36d0510e3dbb0d3c9adffa565c74ad2c5026b77fa1cf04b411ba46f49f4c520,triangle,2.5,lqi,1,3,5,42,6,13,126,no_route,0,0
LEO_V1_1_REQUALIFICATION_20260920,ofat_comparative,interferenceDb__25p0__lqi,f36d0510e3dbb0d3c9adffa565c74ad2c5026b77fa1cf04b411ba46f49f4c520,triangle,2.5,lqi,1,3,5,42,6,13,127,no_route,0,0
LEO_V1_1_REQUALIFICATION_20260920,ofat_comparative,interferenceDb__25p0__lqi,f36d0510e3dbb0d3c9adffa565c74ad2c5026b77fa1cf04b411ba46f49f4c520,triangle,2.5,lqi,1,3,5,42,6,13,128,no_route,0,0
LEO_V1_1_REQUALIFICATION_20260920,ofat_comparative,interferenceDb__25p0__lqi,f36d0510e3dbb0d3c9adffa565c74ad2c5026b77fa1cf04b411ba46f49f4c520,triangle,2.5,lqi,1,3,5,42,6,13,129,no_route,0,0
LEO_V1_1_REQUALIFICATION_20260920,ofat_comparative,interferenceDb__25p0__lqi,f36d0510e3dbb0d3c9adffa565c74ad2c5026b77fa1cf04b411ba46f49f4c520,triangle,2.5,lqi,1,3,5,42,6,14,130,no_route,0,0
LEO_V1_1_REQUALIFICATION_20260920,ofat_comparative,interferenceDb__25p0__lqi,f36d0510e3dbb0d3c9adffa565c74ad2c5026b77fa1cf04b411ba46f49f4c520,triangle,2.5,lqi,1,3,5,42,6,14,131,no_route,0,0
LEO_V1_1_REQUALIFICATION_20260920,ofat_comparative,interferenceDb__25p0__lqi,f36d0510e3dbb0d3c9adffa565c74ad2c5026b77fa1cf04b411ba46f49f4c520,triangle,2.5,lqi,1,3,5,42,6,14,132,no_route,0,0
LEO_V1_1_REQUALIFICATION_20260920,ofat_comparative,interferenceDb__25p0__lqi,f36d0510e3dbb0d3c9adffa565c74ad2c5026b77fa1cf04b411ba46f49f4c520,triangle,2.5,lqi,1,3,5,42,6,14,133,no_route,0,0
LEO_V1_1_REQUALIFICATION_20260920,ofat_comparative,interferenceDb__25p0__lqi,f36d0510e3dbb0d3c9adffa565c74ad2c5026b77fa1cf04b411ba46f49f4c520,triangle,2.5,lqi,1,3,5,42,6,14,134,no_route,0,0
LEO_V1_1_REQUALIFICATION_20260920,ofat_comparative,interferenceDb__25p0__lqi,f36d0510e3dbb0d3c9adffa565c74ad2c5026b77fa1cf04b411ba46f49f4c520,triangle,2.5,lqi,1,3,5,42,6,14,135,no_route,0,0
LEO_V1_1_REQUALIFICATION_20260920,ofat_comparative,interferenceDb__25p0__lqi,f36d0510e3dbb0d3c9adffa565c74ad2c5026b77fa1cf04b411ba46f49f4c520,triangle,2.5,lqi,1,3,5,42,6,14,136,no_route,0,0
LEO_V1_1_REQUALIFICATION_20260920,ofat_comparative,interferenceDb__25p0__lqi,f36d0510e3dbb0d3c9adffa565c74ad2c5026b77fa1cf04b411ba46f49f4c520,triangle,2.5,lqi,1,3,5,42,6,14,137,no_route,0,0
LEO_V1_1_REQUALIFICATION_20260920,ofat_comparative,interferenceDb__25p0__lqi,f36d0510e3dbb0d3c9adffa565c74ad2c5026b77fa1cf04b411ba46f49f4c520,triangle,2.5,lqi,1,3,5,42,6,14,138,no_route,0,0
LEO_V1_1_REQUALIFICATION_20260920,ofat_comparative,interferenceDb__25p0__lqi,f36d0510e3dbb0d3c9adffa565c74ad2c5026b77fa1cf04b411ba46f49f4c520,triangle,2.5,lqi,1,3,5,42,6,14,139,no_route,0,0
LEO_V1_1_REQUALIFICATION_20260920,ofat_comparative,interferenceDb__25p0__lqi,f36d0510e3dbb0d3c9adffa565c74ad2c5026b77fa1cf04b411ba46f49f4c520,triangle,2.5,lqi,1,3,5,42,6,15,140,no_route,0,0
LEO_V1_1_REQUALIFICATION_20260920,ofat_comparative,interferenceDb__25p0__lqi,f36d0510e3dbb0d3c9adffa565c74ad2c5026b77fa1cf04b411ba46f49f4c520,triangle,2.5,lqi,1,3,5,42,6,15,141,no_route,0,0
LEO_V1_1_REQUALIFICATION_20260920,ofat_comparative,interferenceDb__25p0__lqi,f36d0510e3dbb0d3c9adffa565c74ad2c5026b77fa1cf04b411ba46f49f4c520,triangle,2.5,lqi,1,3,5,42,6,15,142,no_route,0,0
LEO_V1_1_REQUALIFICATION_20260920,ofat_comparative,interferenceDb__25p0__lqi,f36d0510e3dbb0d3c9adffa565c74ad2c5026b77fa1cf04b411ba46f49f4c520,triangle,2.5,lqi,1,3,5,42,6,15,143,no_route,0,0
LEO_V1_1_REQUALIFICATION_20260920,ofat_comparative,interferenceDb__25p0__lqi,f36d0510e3dbb0d3c9adffa565c74ad2c5026b77fa1cf04b411ba46f49f4c520,triangle,2.5,lqi,1,3,5,42,6,15,144,no_route,0,0
LEO_V1_1_REQUALIFICATION_20260920,ofat_comparative,interferenceDb__25p0__lqi,f36d0510e3dbb0d3c9adffa565c74ad2c5026b77fa1cf04b411ba46f49f4c520,triangle,2.5,lqi,1,3,5,42,6,15,145,no_route,0,0
LEO_V1_1_REQUALIFICATION_20260920,ofat_comparative,interferenceDb__25p0__lqi,f36d0510e3dbb0d3c9adffa565c74ad2c5026b77fa1cf04b411ba46f49f4c520,triangle,2.5,lqi,1,3,5,42,6,15,146,no_route,0,0
LEO_V1_1_REQUALIFICATION_20260920,ofat_comparative,interferenceDb__25p0__lqi,f36d0510e3dbb0d3c9adffa565c74ad2c5026b77fa1cf04b411ba46f49f4c520,triangle,2.5,lqi,1,3,5,42,6,15,147,no_route,0,0
LEO_V1_1_REQUALIFICATION_20260920,ofat_comparative,interferenceDb__25p0__lqi,f36d0510e3dbb0d3c9adffa565c74ad2c5026b77fa1cf04b411ba46f49f4c520,triangle,2.5,lqi,1,3,5,42,6,15,148,no_route,0,0
LEO_V1_1_REQUALIFICATION_20260920,ofat_comparative,interferenceDb__25p0__lqi,f36d0510e3dbb0d3c9adffa565c74ad2c5026b77fa1cf04b411ba46f49f4c520,triangle,2.5,lqi,1,3,5,42,6,15,149,no_route,0,0
LEO_V1_1_REQUALIFICATION_20260920,ofat_comparative,interferenceDb__25p0__lqi,f36d0510e3dbb0d3c9adffa565c74ad2c5026b77fa1cf04b411ba46f49f4c520,triangle,2.5,lqi,1,3,5,42,6,16,150,no_route,0,0
LEO_V1_1_REQUALIFICATION_20260920,ofat_comparative,interferenceDb__25p0__lqi,f36d0510e3dbb0d3c9adffa565c74ad2c5026b77fa1cf04b411ba46f49f4c520,triangle,2.5,lqi,1,3,5,42,6,16,151,no_route,0,0
LEO_V1_1_REQUALIFICATION_20260920,ofat_comparative,interferenceDb__25p0__lqi,f36d0510e3dbb0d3c9adffa565c74ad2c5026b77fa1cf04b411ba46f49f4c520,triangle,2.5,lqi,1,3,5,42,6,16,152,no_route,0,0
LEO_V1_1_REQUALIFICATION_20260920,ofat_comparative,interferenceDb__25p0__lqi,f36d0510e3dbb0d3c9adffa565c74ad2c5026b77fa1cf04b411ba46f49f4c520,triangle,2.5,lqi,1,3,5,42,6,16,153,no_route,0,0
LEO_V1_1_REQUALIFICATION_20260920,ofat_comparative,interferenceDb__25p0__lqi,f36d0510e3dbb0d3c9adffa565c74ad2c5026b77fa1cf04b411ba46f49f4c520,triangle,2.5,lqi,1,3,5,42,6,16,154,no_route,0,0
LEO_V1_1_REQUALIFICATION_20260920,ofat_comparative,interferenceDb__25p0__lqi,f36d0510e3dbb0d3c9adffa565c74ad2c5026b77fa1cf04b411ba46f49f4c520,triangle,2.5,lqi,1,3,5,42,6,16,155,no_route,0,0
LEO_V1_1_REQUALIFICATION_20260920,ofat_comparative,interferenceDb__25p0__lqi,f36d0510e3dbb0d3c9adffa565c74ad2c5026b77fa1cf04b411ba46f49f4c520,triangle,2.5,lqi,1,3,5,42,6,16,156,no_route,0,0
LEO_V1_1_REQUALIFICATION_20260920,ofat_comparative,interferenceDb__25p0__lqi,f36d0510e3dbb0d3c9adffa565c74ad2c5026b77fa1cf04b411ba46f49f4c520,triangle,2.5,lqi,1,3,5,42,6,16,157,no_route,0,0
LEO_V1_1_REQUALIFICATION_20260920,ofat_comparative,interferenceDb__25p0__lqi,f36d0510e3dbb0d3c9adffa565c74ad2c5026b77fa1cf04b411ba46f49f4c520,triangle,2.5,lqi,1,3,5,42,6,16,158,no_route,0,0
LEO_V1_1_REQUALIFICATION_20260920,ofat_comparative,interferenceDb__25p0__lqi,f36d0510e3dbb0d3c9adffa565c74ad2c5026b77fa1cf04b411ba46f49f4c520,triangle,2.5,lqi,1,3,5,42,6,16,159,no_route,0,0
LEO_V1_1_REQUALIFICATION_20260920,ofat_comparative,interferenceDb__25p0__lqi,f36d0510e3dbb0d3c9adffa565c74ad2c5026b77fa1cf04b411ba46f49f4c520,triangle,2.5,lqi,1,3,5,42,6,17,160,no_route,0,0
LEO_V1_1_REQUALIFICATION_20260920,ofat_comparative,interferenceDb__25p0__lqi,f36d0510e3dbb0d3c9adffa565c74ad2c5026b77fa1cf04b411ba46f49f4c520,triangle,2.5,lqi,1,3,5,42,6,17,161,no_route,0,0
LEO_V1_1_REQUALIFICATION_20260920,ofat_comparative,interferenceDb__25p0__lqi,f36d0510e3dbb0d3c9adffa565c74ad2c5026b77fa1cf04b411ba46f49f4c520,triangle,2.5,lqi,1,3,5,42,6,17,162,no_route,0,0
LEO_V1_1_REQUALIFICATION_20260920,ofat_comparative,interferenceDb__25p0__lqi,f36d0510e3dbb0d3c9adffa565c74ad2c5026b77fa1cf04b411ba46f49f4c520,triangle,2.5,lqi,1,3,5,42,6,17,163,no_route,0,0
LEO_V1_1_REQUALIFICATION_20260920,ofat_comparative,interferenceDb__25p0__lqi,f36d0510e3dbb0d3c9adffa565c74ad2c5026b77fa1cf04b411ba46f49f4c520,triangle,2.5,lqi,1,3,5,42,6,17,164,no_route,0,0
LEO_V1_1_REQUALIFICATION_20260920,ofat_comparative,interferenceDb__25p0__lqi,f36d0510e3dbb0d3c9adffa565c74ad2c5026b77fa1cf04b411ba46f49f4c520,triangle,2.5,lqi,1,3,5,42,6,17,165,no_route,0,0
LEO_V1_1_REQUALIFICATION_20260920,ofat_comparative,interferenceDb__25p0__lqi,f36d0510e3dbb0d3c9adffa565c74ad2c5026b77fa1cf04b411ba46f49f4c520,triangle,2.5,lqi,1,3,5,42,6,17,166,no_route,0,0
LEO_V1_1_REQUALIFICATION_20260920,ofat_comparative,interferenceDb__25p0__lqi,f36d0510e3dbb0d3c9adffa565c74ad2c5026b77fa1cf04b411ba46f49f4c520,triangle,2.5,lqi,1,3,5,42,6,17,167,no_route,0,0
LEO_V1_1_REQUALIFICATION_20260920,ofat_comparative,interferenceDb__25p0__lqi,f36d0510e3dbb0d3c9adffa565c74ad2c5026b77fa1cf04b411ba46f49f4c520,triangle,2.5,lqi,1,3,5,42,6,17,168,no_route,0,0
LEO_V1_1_REQUALIFICATION_20260920,ofat_comparative,interferenceDb__25p0__lqi,f36d0510e3dbb0d3c9adffa565c74ad2c5026b77fa1cf04b411ba46f49f4c520,triangle,2.5,lqi,1,3,5,42,6,17,169,no_route,0,0
LEO_V1_1_REQUALIFICATION_20260920,ofat_comparative,interferenceDb__25p0__lqi,f36d0510e3dbb0d3c9adffa565c74ad2c5026b77fa1cf04b411ba46f49f4c520,triangle,2.5,lqi,1,3,5,42,6,18,170,no_route,0,0
LEO_V1_1_REQUALIFICATION_20260920,ofat_comparative,interferenceDb__25p0__lqi,f36d0510e3dbb0d3c9adffa565c74ad2c5026b77fa1cf04b411ba46f49f4c520,triangle,2.5,lqi,1,3,5,42,6,18,171,no_route,0,0
LEO_V1_1_REQUALIFICATION_20260920,ofat_comparative,interferenceDb__25p0__lqi,f36d0510e3dbb0d3c9adffa565c74ad2c5026b77fa1cf04b411ba46f49f4c520,triangle,2.5,lqi,1,3,5,42,6,18,172,no_route,0,0
LEO_V1_1_REQUALIFICATION_20260920,ofat_comparative,interferenceDb__25p0__lqi,f36d0510e3dbb0d3c9adffa565c74ad2c5026b77fa1cf04b411ba46f49f4c520,triangle,2.5,lqi,1,3,5,42,6,18,173,no_route,0,0
LEO_V1_1_REQUALIFICATION_20260920,ofat_comparative,interferenceDb__25p0__lqi,f36d0510e3dbb0d3c9adffa565c74ad2c5026b77fa1cf04b411ba46f49f4c520,triangle,2.5,lqi,1,3,5,42,6,18,174,no_route,0,0
LEO_V1_1_REQUALIFICATION_20260920,ofat_comparative,interferenceDb__25p0__lqi,f36d0510e3dbb0d3c9adffa565c74ad2c5026b77fa1cf04b411ba46f49f4c520,triangle,2.5,lqi,1,3,5,42,6,18,175,no_route,0,0
LEO_V1_1_REQUALIFICATION_20260920,ofat_comparative,interferenceDb__25p0__lqi,f36d0510e3dbb0d3c9adffa565c74ad2c5026b77fa1cf04b411ba46f49f4c520,triangle,2.5,lqi,1,3,5,42,6,18,176,no_route,0,0
LEO_V1_1_REQUALIFICATION_20260920,ofat_comparative,interferenceDb__25p0__lqi,f36d0510e3dbb0d3c9adffa565c74ad2c5026b77fa1cf04b411ba46f49f4c520,triangle,2.5,lqi,1,3,5,42,6,18,177,no_route,0,0
LEO_V1_1_REQUALIFICATION_20260920,ofat_comparative,interferenceDb__25p0__lqi,f36d0510e3dbb0d3c9adffa565c74ad2c5026b77fa1cf04b411ba46f49f4c520,triangle,2.5,lqi,1,3,5,42,6,18,178,no_route,0,0
LEO_V1_1_REQUALIFICATION_20260920,ofat_comparative,interferenceDb__25p0__lqi,f36d0510e3dbb0d3c9adffa565c74ad2c5026b77fa1cf04b411ba46f49f4c520,triangle,2.5,lqi,1,3,5,42,6,18,179,no_route,0,0
LEO_V1_1_REQUALIFICATION_20260920,ofat_comparative,interferenceDb__25p0__lqi,f36d0510e3dbb0d3c9adffa565c74ad2c5026b77fa1cf04b411ba46f49f4c520,triangle,2.5,lqi,1,3,5,42,6,19,180,no_route,0,0
LEO_V1_1_REQUALIFICATION_20260920,ofat_comparative,interferenceDb__25p0__lqi,f36d0510e3dbb0d3c9adffa565c74ad2c5026b77fa1cf04b411ba46f49f4c520,triangle,2.5,lqi,1,3,5,42,6,19,181,no_route,0,0
LEO_V1_1_REQUALIFICATION_20260920,ofat_comparative,interferenceDb__25p0__lqi,f36d0510e3dbb0d3c9adffa565c74ad2c5026b77fa1cf04b411ba46f49f4c520,triangle,2.5,lqi,1,3,5,42,6,19,182,no_route,0,0
LEO_V1_1_REQUALIFICATION_20260920,ofat_comparative,interferenceDb__25p0__lqi,f36d0510e3dbb0d3c9adffa565c74ad2c5026b77fa1cf04b411ba46f49f4c520,triangle,2.5,lqi,1,3,5,42,6,19,183,no_route,0,0
LEO_V1_1_REQUALIFICATION_20260920,ofat_comparative,interferenceDb__25p0__lqi,f36d0510e3dbb0d3c9adffa565c74ad2c5026b77fa1cf04b411ba46f49f4c520,triangle,2.5,lqi,1,3,5,42,6,19,184,no_route,0,0
LEO_V1_1_REQUALIFICATION_20260920,ofat_comparative,interferenceDb__25p0__lqi,f36d0510e3dbb0d3c9adffa565c74ad2c5026b77fa1cf04b411ba46f49f4c520,triangle,2.5,lqi,1,3,5,42,6,19,185,no_route,0,0
LEO_V1_1_REQUALIFICATION_20260920,ofat_comparative,interferenceDb__25p0__lqi,f36d0510e3dbb0d3c9adffa565c74ad2c5026b77fa1cf04b411ba46f49f4c520,triangle,2.5,lqi,1,3,5,42,6,19,186,no_route,0,0
LEO_V1_1_REQUALIFICATION_20260920,ofat_comparative,interferenceDb__25p0__lqi,f36d0510e3dbb0d3c9adffa565c74ad2c5026b77fa1cf04b411ba46f49f4c520,triangle,2.5,lqi,1,3,5,42,6,19,187,no_route,0,0
LEO_V1_1_REQUALIFICATION_20260920,ofat_comparative,interferenceDb__25p0__lqi,f36d0510e3dbb0d3c9adffa565c74ad2c5026b77fa1cf04b411ba46f49f4c520,triangle,2.5,lqi,1,3,5,42,6,19,188,no_route,0,0
LEO_V1_1_REQUALIFICATION_20260920,ofat_comparative,interferenceDb__25p0__lqi,f36d0510e3dbb0d3c9adffa565c74ad2c5026b77fa1cf04b411ba46f49f4c520,triangle,2.5,lqi,1,3,5,42,6,19,189,no_route,0,0
LEO_V1_1_REQUALIFICATION_20260920,ofat_comparative,interferenceDb__25p0__lqi,f36d0510e3dbb0d3c9adffa565c74ad2c5026b77fa1cf04b411ba46f49f4c520,triangle,2.5,lqi,1,3,6,42,7,1,0,success,12161961113530546194,1
LEO_V1_1_REQUALIFICATION_20260920,ofat_comparative,interferenceDb__25p0__lqi,f36d0510e3dbb0d3c9adffa565c74ad2c5026b77fa1cf04b411ba46f49f4c520,triangle,2.5,lqi,1,3,6,42,7,1,1,success,12161961113530546194,1
LEO_V1_1_REQUALIFICATION_20260920,ofat_comparative,interferenceDb__25p0__lqi,f36d0510e3dbb0d3c9adffa565c74ad2c5026b77fa1cf04b411ba46f49f4c520,triangle,2.5,lqi,1,3,6,42,7,1,2,success,12161961113530546194,1
LEO_V1_1_REQUALIFICATION_20260920,ofat_comparative,interferenceDb__25p0__lqi,f36d0510e3dbb0d3c9adffa565c74ad2c5026b77fa1cf04b411ba46f49f4c520,triangle,2.5,lqi,1,3,6,42,7,1,3,success,12161961113530546194,1
LEO_V1_1_REQUALIFICATION_20260920,ofat_comparative,interferenceDb__25p0__lqi,f36d0510e3dbb0d3c9adffa565c74ad2c5026b77fa1cf04b411ba46f49f4c520,triangle,2.5,lqi,1,3,6,42,7,1,4,success,12161961113530546194,1
LEO_V1_1_REQUALIFICATION_20260920,ofat_comparative,interferenceDb__25p0__lqi,f36d0510e3dbb0d3c9adffa565c74ad2c5026b77fa1cf04b411ba46f49f4c520,triangle,2.5,lqi,1,3,6,42,7,1,5,success,12161961113530546194,1
LEO_V1_1_REQUALIFICATION_20260920,ofat_comparative,interferenceDb__25p0__lqi,f36d0510e3dbb0d3c9adffa565c74ad2c5026b77fa1cf04b411ba46f49f4c520,triangle,2.5,lqi,1,3,6,42,7,1,6,success,12161961113530546194,1
LEO_V1_1_REQUALIFICATION_20260920,ofat_comparative,interferenceDb__25p0__lqi,f36d0510e3dbb0d3c9adffa565c74ad2c5026b77fa1cf04b411ba46f49f4c520,triangle,2.5,lqi,1,3,6,42,7,1,7,success,12161961113530546194,1
LEO_V1_1_REQUALIFICATION_20260920,ofat_comparative,interferenceDb__25p0__lqi,f36d0510e3dbb0d3c9adffa565c74ad2c5026b77fa1cf04b411ba46f49f4c520,triangle,2.5,lqi,1,3,6,42,7,1,8,success,12161961113530546194,1
LEO_V1_1_REQUALIFICATION_20260920,ofat_comparative,interferenceDb__25p0__lqi,f36d0510e3dbb0d3c9adffa565c74ad2c5026b77fa1cf04b411ba46f49f4c520,triangle,2.5,lqi,1,3,6,42,7,1,9,success,12161961113530546194,1
LEO_V1_1_REQUALIFICATION_20260920,ofat_comparative,interferenceDb__25p0__lqi,f36d0510e3dbb0d3c9adffa565c74ad2c5026b77fa1cf04b411ba46f49f4c520,triangle,2.5,lqi,1,3,6,42,7,2,10,success,12161960014018917983,1
LEO_V1_1_REQUALIFICATION_20260920,ofat_comparative,interferenceDb__25p0__lqi,f36d0510e3dbb0d3c9adffa565c74ad2c5026b77fa1cf04b411ba46f49f4c520,triangle,2.5,lqi,1,3,6,42,7,2,11,success,12161960014018917983,1
LEO_V1_1_REQUALIFICATION_20260920,ofat_comparative,interferenceDb__25p0__lqi,f36d0510e3dbb0d3c9adffa565c74ad2c5026b77fa1cf04b411ba46f49f4c520,triangle,2.5,lqi,1,3,6,42,7,2,12,success,12161960014018917983,1
LEO_V1_1_REQUALIFICATION_20260920,ofat_comparative,interferenceDb__25p0__lqi,f36d0510e3dbb0d3c9adffa565c74ad2c5026b77fa1cf04b411ba46f49f4c520,triangle,2.5,lqi,1,3,6,42,7,2,13,success,12161960014018917983,1
LEO_V1_1_REQUALIFICATION_20260920,ofat_comparative,interferenceDb__25p0__lqi,f36d0510e3dbb0d3c9adffa565c74ad2c5026b77fa1cf04b411ba46f49f4c520,triangle,2.5,lqi,1,3,6,42,7,2,14,success,12161960014018917983,1
LEO_V1_1_REQUALIFICATION_20260920,ofat_comparative,interferenceDb__25p0__lqi,f36d0510e3dbb0d3c9adffa565c74ad2c5026b77fa1cf04b411ba46f49f4c520,triangle,2.5,lqi,1,3,6,42,7,2,15,success,12161960014018917983,1
LEO_V1_1_REQUALIFICATION_20260920,ofat_comparative,interferenceDb__25p0__lqi,f36d0510e3dbb0d3c9adffa565c74ad2c5026b77fa1cf04b411ba46f49f4c520,triangle,2.5,lqi,1,3,6,42,7,2,16,success,12161960014018917983,1
LEO_V1_1_REQUALIFICATION_20260920,ofat_comparative,interferenceDb__25p0__lqi,f36d0510e3dbb0d3c9adffa565c74ad2c5026b77fa1cf04b411ba46f49f4c520,triangle,2.5,lqi,1,3,6,42,7,2,17,success,12161960014018917983,1
LEO_V1_1_REQUALIFICATION_20260920,ofat_comparative,interferenceDb__25p0__lqi,f36d0510e3dbb0d3c9adffa565c74ad2c5026b77fa1cf04b411ba46f49f4c520,triangle,2.5,lqi,1,3,6,42,7,2,18,success,12161960014018917983,1
LEO_V1_1_REQUALIFICATION_20260920,ofat_comparative,interferenceDb__25p0__lqi,f36d0510e3dbb0d3c9adffa565c74ad2c5026b77fa1cf04b411ba46f49f4c520,triangle,2.5,lqi,1,3,6,42,7,2,19,success,12161960014018917983,1
LEO_V1_1_REQUALIFICATION_20260920,ofat_comparative,interferenceDb__25p0__lqi,f36d0510e3dbb0d3c9adffa565c74ad2c5026b77fa1cf04b411ba46f49f4c520,triangle,2.5,lqi,1,3,6,42,7,3,20,success,5168105627079211135,2
LEO_V1_1_REQUALIFICATION_20260920,ofat_comparative,interferenceDb__25p0__lqi,f36d0510e3dbb0d3c9adffa565c74ad2c5026b77fa1cf04b411ba46f49f4c520,triangle,2.5,lqi,1,3,6,42,7,3,21,success,5168105627079211135,2
LEO_V1_1_REQUALIFICATION_20260920,ofat_comparative,interferenceDb__25p0__lqi,f36d0510e3dbb0d3c9adffa565c74ad2c5026b77fa1cf04b411ba46f49f4c520,triangle,2.5,lqi,1,3,6,42,7,3,22,success,5168105627079211135,2
LEO_V1_1_REQUALIFICATION_20260920,ofat_comparative,interferenceDb__25p0__lqi,f36d0510e3dbb0d3c9adffa565c74ad2c5026b77fa1cf04b411ba46f49f4c520,triangle,2.5,lqi,1,3,6,42,7,3,23,success,5168105627079211135,2
LEO_V1_1_REQUALIFICATION_20260920,ofat_comparative,interferenceDb__25p0__lqi,f36d0510e3dbb0d3c9adffa565c74ad2c5026b77fa1cf04b411ba46f49f4c520,triangle,2.5,lqi,1,3,6,42,7,3,24,success,5168105627079211135,2
LEO_V1_1_REQUALIFICATION_20260920,ofat_comparative,interferenceDb__25p0__lqi,f36d0510e3dbb0d3c9adffa565c74ad2c5026b77fa1cf04b411ba46f49f4c520,triangle,2.5,lqi,1,3,6,42,7,3,25,success,5168105627079211135,2
LEO_V1_1_REQUALIFICATION_20260920,ofat_comparative,interferenceDb__25p0__lqi,f36d0510e3dbb0d3c9adffa565c74ad2c5026b77fa1cf04b411ba46f49f4c520,triangle,2.5,lqi,1,3,6,42,7,3,26,success,5168105627079211135,2
LEO_V1_1_REQUALIFICATION_20260920,ofat_comparative,interferenceDb__25p0__lqi,f36d0510e3dbb0d3c9adffa565c74ad2c5026b77fa1cf04b411ba46f49f4c520,triangle,2.5,lqi,1,3,6,42,7,3,27,success,5168105627079211135,2
LEO_V1_1_REQUALIFICATION_20260920,ofat_comparative,interferenceDb__25p0__lqi,f36d0510e3dbb0d3c9adffa565c74ad2c5026b77fa1cf04b411ba46f49f4c520,triangle,2.5,lqi,1,3,6,42,7,3,28,success,5168105627079211135,2
LEO_V1_1_REQUALIFICATION_20260920,ofat_comparative,interferenceDb__25p0__lqi,f36d0510e3dbb0d3c9adffa565c74ad2c5026b77fa1cf04b411ba46f49f4c520,triangle,2.5,lqi,1,3,6,42,7,3,29,success,5168105627079211135,2
LEO_V1_1_REQUALIFICATION_20260920,ofat_comparative,interferenceDb__25p0__lqi,f36d0510e3dbb0d3c9adffa565c74ad2c5026b77fa1cf04b411ba46f49f4c520,triangle,2.5,lqi,1,3,6,42,7,4,30,timeout,0,0
LEO_V1_1_REQUALIFICATION_20260920,ofat_comparative,interferenceDb__25p0__lqi,f36d0510e3dbb0d3c9adffa565c74ad2c5026b77fa1cf04b411ba46f49f4c520,triangle,2.5,lqi,1,3,6,42,7,4,31,no_route,0,0
LEO_V1_1_REQUALIFICATION_20260920,ofat_comparative,interferenceDb__25p0__lqi,f36d0510e3dbb0d3c9adffa565c74ad2c5026b77fa1cf04b411ba46f49f4c520,triangle,2.5,lqi,1,3,6,42,7,4,32,success,4254184782511048963,2
LEO_V1_1_REQUALIFICATION_20260920,ofat_comparative,interferenceDb__25p0__lqi,f36d0510e3dbb0d3c9adffa565c74ad2c5026b77fa1cf04b411ba46f49f4c520,triangle,2.5,lqi,1,3,6,42,7,4,33,success,4254184782511048963,2
LEO_V1_1_REQUALIFICATION_20260920,ofat_comparative,interferenceDb__25p0__lqi,f36d0510e3dbb0d3c9adffa565c74ad2c5026b77fa1cf04b411ba46f49f4c520,triangle,2.5,lqi,1,3,6,42,7,4,34,success,4254184782511048963,2
LEO_V1_1_REQUALIFICATION_20260920,ofat_comparative,interferenceDb__25p0__lqi,f36d0510e3dbb0d3c9adffa565c74ad2c5026b77fa1cf04b411ba46f49f4c520,triangle,2.5,lqi,1,3,6,42,7,4,35,success,4254184782511048963,2
LEO_V1_1_REQUALIFICATION_20260920,ofat_comparative,interferenceDb__25p0__lqi,f36d0510e3dbb0d3c9adffa565c74ad2c5026b77fa1cf04b411ba46f49f4c520,triangle,2.5,lqi,1,3,6,42,7,4,36,success,4254184782511048963,2
LEO_V1_1_REQUALIFICATION_20260920,ofat_comparative,interferenceDb__25p0__lqi,f36d0510e3dbb0d3c9adffa565c74ad2c5026b77fa1cf04b411ba46f49f4c520,triangle,2.5,lqi,1,3,6,42,7,4,37,success,4254184782511048963,2
LEO_V1_1_REQUALIFICATION_20260920,ofat_comparative,interferenceDb__25p0__lqi,f36d0510e3dbb0d3c9adffa565c74ad2c5026b77fa1cf04b411ba46f49f4c520,triangle,2.5,lqi,1,3,6,42,7,4,38,success,4254184782511048963,2
LEO_V1_1_REQUALIFICATION_20260920,ofat_comparative,interferenceDb__25p0__lqi,f36d0510e3dbb0d3c9adffa565c74ad2c5026b77fa1cf04b411ba46f49f4c520,triangle,2.5,lqi,1,3,6,42,7,4,39,success,4254184782511048963,2
LEO_V1_1_REQUALIFICATION_20260920,ofat_comparative,interferenceDb__25p0__lqi,f36d0510e3dbb0d3c9adffa565c74ad2c5026b77fa1cf04b411ba46f49f4c520,triangle,2.5,lqi,1,3,6,42,7,5,40,timeout,0,0
LEO_V1_1_REQUALIFICATION_20260920,ofat_comparative,interferenceDb__25p0__lqi,f36d0510e3dbb0d3c9adffa565c74ad2c5026b77fa1cf04b411ba46f49f4c520,triangle,2.5,lqi,1,3,6,42,7,5,41,no_route,0,0
LEO_V1_1_REQUALIFICATION_20260920,ofat_comparative,interferenceDb__25p0__lqi,f36d0510e3dbb0d3c9adffa565c74ad2c5026b77fa1cf04b411ba46f49f4c520,triangle,2.5,lqi,1,3,6,42,7,5,42,success,361534944325740351,4
LEO_V1_1_REQUALIFICATION_20260920,ofat_comparative,interferenceDb__25p0__lqi,f36d0510e3dbb0d3c9adffa565c74ad2c5026b77fa1cf04b411ba46f49f4c520,triangle,2.5,lqi,1,3,6,42,7,5,43,success,361534944325740351,4
LEO_V1_1_REQUALIFICATION_20260920,ofat_comparative,interferenceDb__25p0__lqi,f36d0510e3dbb0d3c9adffa565c74ad2c5026b77fa1cf04b411ba46f49f4c520,triangle,2.5,lqi,1,3,6,42,7,5,44,success,361534944325740351,4
LEO_V1_1_REQUALIFICATION_20260920,ofat_comparative,interferenceDb__25p0__lqi,f36d0510e3dbb0d3c9adffa565c74ad2c5026b77fa1cf04b411ba46f49f4c520,triangle,2.5,lqi,1,3,6,42,7,5,45,success,361534944325740351,4
LEO_V1_1_REQUALIFICATION_20260920,ofat_comparative,interferenceDb__25p0__lqi,f36d0510e3dbb0d3c9adffa565c74ad2c5026b77fa1cf04b411ba46f49f4c520,triangle,2.5,lqi,1,3,6,42,7,5,46,success,361534944325740351,4
LEO_V1_1_REQUALIFICATION_20260920,ofat_comparative,interferenceDb__25p0__lqi,f36d0510e3dbb0d3c9adffa565c74ad2c5026b77fa1cf04b411ba46f49f4c520,triangle,2.5,lqi,1,3,6,42,7,5,47,success,361534944325740351,4
LEO_V1_1_REQUALIFICATION_20260920,ofat_comparative,interferenceDb__25p0__lqi,f36d0510e3dbb0d3c9adffa565c74ad2c5026b77fa1cf04b411ba46f49f4c520,triangle,2.5,lqi,1,3,6,42,7,5,48,success,361534944325740351,4
LEO_V1_1_REQUALIFICATION_20260920,ofat_comparative,interferenceDb__25p0__lqi,f36d0510e3dbb0d3c9adffa565c74ad2c5026b77fa1cf04b411ba46f49f4c520,triangle,2.5,lqi,1,3,6,42,7,5,49,success,361534944325740351,4
LEO_V1_1_REQUALIFICATION_20260920,ofat_comparative,interferenceDb__25p0__lqi,f36d0510e3dbb0d3c9adffa565c74ad2c5026b77fa1cf04b411ba46f49f4c520,triangle,2.5,lqi,1,3,6,42,7,6,50,timeout,0,0
LEO_V1_1_REQUALIFICATION_20260920,ofat_comparative,interferenceDb__25p0__lqi,f36d0510e3dbb0d3c9adffa565c74ad2c5026b77fa1cf04b411ba46f49f4c520,triangle,2.5,lqi,1,3,6,42,7,6,51,no_route,0,0
LEO_V1_1_REQUALIFICATION_20260920,ofat_comparative,interferenceDb__25p0__lqi,f36d0510e3dbb0d3c9adffa565c74ad2c5026b77fa1cf04b411ba46f49f4c520,triangle,2.5,lqi,1,3,6,42,7,6,52,success,13977554426549159980,3
LEO_V1_1_REQUALIFICATION_20260920,ofat_comparative,interferenceDb__25p0__lqi,f36d0510e3dbb0d3c9adffa565c74ad2c5026b77fa1cf04b411ba46f49f4c520,triangle,2.5,lqi,1,3,6,42,7,6,53,timeout,0,0
LEO_V1_1_REQUALIFICATION_20260920,ofat_comparative,interferenceDb__25p0__lqi,f36d0510e3dbb0d3c9adffa565c74ad2c5026b77fa1cf04b411ba46f49f4c520,triangle,2.5,lqi,1,3,6,42,7,6,54,no_route,0,0
LEO_V1_1_REQUALIFICATION_20260920,ofat_comparative,interferenceDb__25p0__lqi,f36d0510e3dbb0d3c9adffa565c74ad2c5026b77fa1cf04b411ba46f49f4c520,triangle,2.5,lqi,1,3,6,42,7,6,55,success,10070015029324330146,4
LEO_V1_1_REQUALIFICATION_20260920,ofat_comparative,interferenceDb__25p0__lqi,f36d0510e3dbb0d3c9adffa565c74ad2c5026b77fa1cf04b411ba46f49f4c520,triangle,2.5,lqi,1,3,6,42,7,6,56,success,10070015029324330146,4
LEO_V1_1_REQUALIFICATION_20260920,ofat_comparative,interferenceDb__25p0__lqi,f36d0510e3dbb0d3c9adffa565c74ad2c5026b77fa1cf04b411ba46f49f4c520,triangle,2.5,lqi,1,3,6,42,7,6,57,success,10070015029324330146,4
LEO_V1_1_REQUALIFICATION_20260920,ofat_comparative,interferenceDb__25p0__lqi,f36d0510e3dbb0d3c9adffa565c74ad2c5026b77fa1cf04b411ba46f49f4c520,triangle,2.5,lqi,1,3,6,42,7,6,58,success,10070015029324330146,4
LEO_V1_1_REQUALIFICATION_20260920,ofat_comparative,interferenceDb__25p0__lqi,f36d0510e3dbb0d3c9adffa565c74ad2c5026b77fa1cf04b411ba46f49f4c520,triangle,2.5,lqi,1,3,6,42,7,6,59,success,10070015029324330146,4
LEO_V1_1_REQUALIFICATION_20260920,ofat_comparative,interferenceDb__25p0__lqi,f36d0510e3dbb0d3c9adffa565c74ad2c5026b77fa1cf04b411ba46f49f4c520,triangle,2.5,lqi,1,3,6,42,7,7,60,success,12161954516460776928,1
LEO_V1_1_REQUALIFICATION_20260920,ofat_comparative,interferenceDb__25p0__lqi,f36d0510e3dbb0d3c9adffa565c74ad2c5026b77fa1cf04b411ba46f49f4c520,triangle,2.5,lqi,1,3,6,42,7,7,61,success,12161954516460776928,1
LEO_V1_1_REQUALIFICATION_20260920,ofat_comparative,interferenceDb__25p0__lqi,f36d0510e3dbb0d3c9adffa565c74ad2c5026b77fa1cf04b411ba46f49f4c520,triangle,2.5,lqi,1,3,6,42,7,7,62,success,12161954516460776928,1
LEO_V1_1_REQUALIFICATION_20260920,ofat_comparative,interferenceDb__25p0__lqi,f36d0510e3dbb0d3c9adffa565c74ad2c5026b77fa1cf04b411ba46f49f4c520,triangle,2.5,lqi,1,3,6,42,7,7,63,success,12161954516460776928,1
LEO_V1_1_REQUALIFICATION_20260920,ofat_comparative,interferenceDb__25p0__lqi,f36d0510e3dbb0d3c9adffa565c74ad2c5026b77fa1cf04b411ba46f49f4c520,triangle,2.5,lqi,1,3,6,42,7,7,64,success,12161954516460776928,1
LEO_V1_1_REQUALIFICATION_20260920,ofat_comparative,interferenceDb__25p0__lqi,f36d0510e3dbb0d3c9adffa565c74ad2c5026b77fa1cf04b411ba46f49f4c520,triangle,2.5,lqi,1,3,6,42,7,7,65,success,12161954516460776928,1
LEO_V1_1_REQUALIFICATION_20260920,ofat_comparative,interferenceDb__25p0__lqi,f36d0510e3dbb0d3c9adffa565c74ad2c5026b77fa1cf04b411ba46f49f4c520,triangle,2.5,lqi,1,3,6,42,7,7,66,success,12161954516460776928,1
LEO_V1_1_REQUALIFICATION_20260920,ofat_comparative,interferenceDb__25p0__lqi,f36d0510e3dbb0d3c9adffa565c74ad2c5026b77fa1cf04b411ba46f49f4c520,triangle,2.5,lqi,1,3,6,42,7,7,67,success,12161954516460776928,1
LEO_V1_1_REQUALIFICATION_20260920,ofat_comparative,interferenceDb__25p0__lqi,f36d0510e3dbb0d3c9adffa565c74ad2c5026b77fa1cf04b411ba46f49f4c520,triangle,2.5,lqi,1,3,6,42,7,7,68,success,12161954516460776928,1
LEO_V1_1_REQUALIFICATION_20260920,ofat_comparative,interferenceDb__25p0__lqi,f36d0510e3dbb0d3c9adffa565c74ad2c5026b77fa1cf04b411ba46f49f4c520,triangle,2.5,lqi,1,3,6,42,7,7,69,success,12161954516460776928,1
LEO_V1_1_REQUALIFICATION_20260920,ofat_comparative,interferenceDb__25p0__lqi,f36d0510e3dbb0d3c9adffa565c74ad2c5026b77fa1cf04b411ba46f49f4c520,triangle,2.5,lqi,1,3,6,42,7,8,70,success,12161971009135200093,1
LEO_V1_1_REQUALIFICATION_20260920,ofat_comparative,interferenceDb__25p0__lqi,f36d0510e3dbb0d3c9adffa565c74ad2c5026b77fa1cf04b411ba46f49f4c520,triangle,2.5,lqi,1,3,6,42,7,8,71,success,12161971009135200093,1
LEO_V1_1_REQUALIFICATION_20260920,ofat_comparative,interferenceDb__25p0__lqi,f36d0510e3dbb0d3c9adffa565c74ad2c5026b77fa1cf04b411ba46f49f4c520,triangle,2.5,lqi,1,3,6,42,7,8,72,success,12161971009135200093,1
LEO_V1_1_REQUALIFICATION_20260920,ofat_comparative,interferenceDb__25p0__lqi,f36d0510e3dbb0d3c9adffa565c74ad2c5026b77fa1cf04b411ba46f49f4c520,triangle,2.5,lqi,1,3,6,42,7,8,73,success,12161971009135200093,1
LEO_V1_1_REQUALIFICATION_20260920,ofat_comparative,interferenceDb__25p0__lqi,f36d0510e3dbb0d3c9adffa565c74ad2c5026b77fa1cf04b411ba46f49f4c520,triangle,2.5,lqi,1,3,6,42,7,8,74,success,12161971009135200093,1
LEO_V1_1_REQUALIFICATION_20260920,ofat_comparative,interferenceDb__25p0__lqi,f36d0510e3dbb0d3c9adffa565c74ad2c5026b77fa1cf04b411ba46f49f4c520,triangle,2.5,lqi,1,3,6,42,7,8,75,success,12161971009135200093,1
LEO_V1_1_REQUALIFICATION_20260920,ofat_comparative,interferenceDb__25p0__lqi,f36d0510e3dbb0d3c9adffa565c74ad2c5026b77fa1cf04b411ba46f49f4c520,triangle,2.5,lqi,1,3,6,42,7,8,76,success,12161971009135200093,1
LEO_V1_1_REQUALIFICATION_20260920,ofat_comparative,interferenceDb__25p0__lqi,f36d0510e3dbb0d3c9adffa565c74ad2c5026b77fa1cf04b411ba46f49f4c520,triangle,2.5,lqi,1,3,6,42,7,8,77,success,12161971009135200093,1
LEO_V1_1_REQUALIFICATION_20260920,ofat_comparative,interferenceDb__25p0__lqi,f36d0510e3dbb0d3c9adffa565c74ad2c5026b77fa1cf04b411ba46f49f4c520,triangle,2.5,lqi,1,3,6,42,7,8,78,success,12161971009135200093,1
LEO_V1_1_REQUALIFICATION_20260920,ofat_comparative,interferenceDb__25p0__lqi,f36d0510e3dbb0d3c9adffa565c74ad2c5026b77fa1cf04b411ba46f49f4c520,triangle,2.5,lqi,1,3,6,42,7,8,79,success,12161971009135200093,1
LEO_V1_1_REQUALIFICATION_20260920,ofat_comparative,interferenceDb__25p0__lqi,f36d0510e3dbb0d3c9adffa565c74ad2c5026b77fa1cf04b411ba46f49f4c520,triangle,2.5,lqi,1,3,6,42,7,9,80,success,18131355419705379627,2
LEO_V1_1_REQUALIFICATION_20260920,ofat_comparative,interferenceDb__25p0__lqi,f36d0510e3dbb0d3c9adffa565c74ad2c5026b77fa1cf04b411ba46f49f4c520,triangle,2.5,lqi,1,3,6,42,7,9,81,timeout,0,0
LEO_V1_1_REQUALIFICATION_20260920,ofat_comparative,interferenceDb__25p0__lqi,f36d0510e3dbb0d3c9adffa565c74ad2c5026b77fa1cf04b411ba46f49f4c520,triangle,2.5,lqi,1,3,6,42,7,9,82,no_route,0,0
LEO_V1_1_REQUALIFICATION_20260920,ofat_comparative,interferenceDb__25p0__lqi,f36d0510e3dbb0d3c9adffa565c74ad2c5026b77fa1cf04b411ba46f49f4c520,triangle,2.5,lqi,1,3,6,42,7,9,83,success,13393354745285683298,2
LEO_V1_1_REQUALIFICATION_20260920,ofat_comparative,interferenceDb__25p0__lqi,f36d0510e3dbb0d3c9adffa565c74ad2c5026b77fa1cf04b411ba46f49f4c520,triangle,2.5,lqi,1,3,6,42,7,9,84,success,13393354745285683298,2
LEO_V1_1_REQUALIFICATION_20260920,ofat_comparative,interferenceDb__25p0__lqi,f36d0510e3dbb0d3c9adffa565c74ad2c5026b77fa1cf04b411ba46f49f4c520,triangle,2.5,lqi,1,3,6,42,7,9,85,success,13393354745285683298,2
LEO_V1_1_REQUALIFICATION_20260920,ofat_comparative,interferenceDb__25p0__lqi,f36d0510e3dbb0d3c9adffa565c74ad2c5026b77fa1cf04b411ba46f49f4c520,triangle,2.5,lqi,1,3,6,42,7,9,86,success,13393354745285683298,2
LEO_V1_1_REQUALIFICATION_20260920,ofat_comparative,interferenceDb__25p0__lqi,f36d0510e3dbb0d3c9adffa565c74ad2c5026b77fa1cf04b411ba46f49f4c520,triangle,2.5,lqi,1,3,6,42,7,9,87,success,13393354745285683298,2
LEO_V1_1_REQUALIFICATION_20260920,ofat_comparative,interferenceDb__25p0__lqi,f36d0510e3dbb0d3c9adffa565c74ad2c5026b77fa1cf04b411ba46f49f4c520,triangle,2.5,lqi,1,3,6,42,7,9,88,success,13393354745285683298,2
LEO_V1_1_REQUALIFICATION_20260920,ofat_comparative,interferenceDb__25p0__lqi,f36d0510e3dbb0d3c9adffa565c74ad2c5026b77fa1cf04b411ba46f49f4c520,triangle,2.5,lqi,1,3,6,42,7,9,89,success,13393354745285683298,2
LEO_V1_1_REQUALIFICATION_20260920,ofat_comparative,interferenceDb__25p0__lqi,f36d0510e3dbb0d3c9adffa565c74ad2c5026b77fa1cf04b411ba46f49f4c520,triangle,2.5,lqi,1,3,6,42,7,10,90,success,17464326760895962409,3
LEO_V1_1_REQUALIFICATION_20260920,ofat_comparative,interferenceDb__25p0__lqi,f36d0510e3dbb0d3c9adffa565c74ad2c5026b77fa1cf04b411ba46f49f4c520,triangle,2.5,lqi,1,3,6,42,7,10,91,success,17464326760895962409,3
LEO_V1_1_REQUALIFICATION_20260920,ofat_comparative,interferenceDb__25p0__lqi,f36d0510e3dbb0d3c9adffa565c74ad2c5026b77fa1cf04b411ba46f49f4c520,triangle,2.5,lqi,1,3,6,42,7,10,92,timeout,0,0
LEO_V1_1_REQUALIFICATION_20260920,ofat_comparative,interferenceDb__25p0__lqi,f36d0510e3dbb0d3c9adffa565c74ad2c5026b77fa1cf04b411ba46f49f4c520,triangle,2.5,lqi,1,3,6,42,7,10,93,no_route,0,0
LEO_V1_1_REQUALIFICATION_20260920,ofat_comparative,interferenceDb__25p0__lqi,f36d0510e3dbb0d3c9adffa565c74ad2c5026b77fa1cf04b411ba46f49f4c520,triangle,2.5,lqi,1,3,6,42,7,10,94,success,13393353645774055087,2
LEO_V1_1_REQUALIFICATION_20260920,ofat_comparative,interferenceDb__25p0__lqi,f36d0510e3dbb0d3c9adffa565c74ad2c5026b77fa1cf04b411ba46f49f4c520,triangle,2.5,lqi,1,3,6,42,7,10,95,success,13393353645774055087,2
LEO_V1_1_REQUALIFICATION_20260920,ofat_comparative,interferenceDb__25p0__lqi,f36d0510e3dbb0d3c9adffa565c74ad2c5026b77fa1cf04b411ba46f49f4c520,triangle,2.5,lqi,1,3,6,42,7,10,96,success,13393353645774055087,2
LEO_V1_1_REQUALIFICATION_20260920,ofat_comparative,interferenceDb__25p0__lqi,f36d0510e3dbb0d3c9adffa565c74ad2c5026b77fa1cf04b411ba46f49f4c520,triangle,2.5,lqi,1,3,6,42,7,10,97,success,13393353645774055087,2
LEO_V1_1_REQUALIFICATION_20260920,ofat_comparative,interferenceDb__25p0__lqi,f36d0510e3dbb0d3c9adffa565c74ad2c5026b77fa1cf04b411ba46f49f4c520,triangle,2.5,lqi,1,3,6,42,7,10,98,success,13393353645774055087,2
LEO_V1_1_REQUALIFICATION_20260920,ofat_comparative,interferenceDb__25p0__lqi,f36d0510e3dbb0d3c9adffa565c74ad2c5026b77fa1cf04b411ba46f49f4c520,triangle,2.5,lqi,1,3,6,42,7,10,99,success,13393353645774055087,2
LEO_V1_1_REQUALIFICATION_20260920,ofat_comparative,interferenceDb__25p0__lqi,f36d0510e3dbb0d3c9adffa565c74ad2c5026b77fa1cf04b411ba46f49f4c520,triangle,2.5,lqi,1,3,6,42,7,11,100,no_route,0,0
LEO_V1_1_REQUALIFICATION_20260920,ofat_comparative,interferenceDb__25p0__lqi,f36d0510e3dbb0d3c9adffa565c74ad2c5026b77fa1cf04b411ba46f49f4c520,triangle,2.5,lqi,1,3,6,42,7,11,101,success,17464325661384334198,3
LEO_V1_1_REQUALIFICATION_20260920,ofat_comparative,interferenceDb__25p0__lqi,f36d0510e3dbb0d3c9adffa565c74ad2c5026b77fa1cf04b411ba46f49f4c520,triangle,2.5,lqi,1,3,6,42,7,11,102,success,17464325661384334198,3
LEO_V1_1_REQUALIFICATION_20260920,ofat_comparative,interferenceDb__25p0__lqi,f36d0510e3dbb0d3c9adffa565c74ad2c5026b77fa1cf04b411ba46f49f4c520,triangle,2.5,lqi,1,3,6,42,7,11,103,success,17464325661384334198,3
LEO_V1_1_REQUALIFICATION_20260920,ofat_comparative,interferenceDb__25p0__lqi,f36d0510e3dbb0d3c9adffa565c74ad2c5026b77fa1cf04b411ba46f49f4c520,triangle,2.5,lqi,1,3,6,42,7,11,104,success,17464325661384334198,3
LEO_V1_1_REQUALIFICATION_20260920,ofat_comparative,interferenceDb__25p0__lqi,f36d0510e3dbb0d3c9adffa565c74ad2c5026b77fa1cf04b411ba46f49f4c520,triangle,2.5,lqi,1,3,6,42,7,11,105,success,17464325661384334198,3
LEO_V1_1_REQUALIFICATION_20260920,ofat_comparative,interferenceDb__25p0__lqi,f36d0510e3dbb0d3c9adffa565c74ad2c5026b77fa1cf04b411ba46f49f4c520,triangle,2.5,lqi,1,3,6,42,7,11,106,success,17464325661384334198,3
LEO_V1_1_REQUALIFICATION_20260920,ofat_comparative,interferenceDb__25p0__lqi,f36d0510e3dbb0d3c9adffa565c74ad2c5026b77fa1cf04b411ba46f49f4c520,triangle,2.5,lqi,1,3,6,42,7,11,107,success,17464325661384334198,3
LEO_V1_1_REQUALIFICATION_20260920,ofat_comparative,interferenceDb__25p0__lqi,f36d0510e3dbb0d3c9adffa565c74ad2c5026b77fa1cf04b411ba46f49f4c520,triangle,2.5,lqi,1,3,6,42,7,11,108,success,17464325661384334198,3
LEO_V1_1_REQUALIFICATION_20260920,ofat_comparative,interferenceDb__25p0__lqi,f36d0510e3dbb0d3c9adffa565c74ad2c5026b77fa1cf04b411ba46f49f4c520,triangle,2.5,lqi,1,3,6,42,7,11,109,success,17464325661384334198,3
LEO_V1_1_REQUALIFICATION_20260920,ofat_comparative,interferenceDb__25p0__lqi,f36d0510e3dbb0d3c9adffa565c74ad2c5026b77fa1cf04b411ba46f49f4c520,triangle,2.5,lqi,1,3,6,42,7,12,110,success,17464328959919218831,3
LEO_V1_1_REQUALIFICATION_20260920,ofat_comparative,interferenceDb__25p0__lqi,f36d0510e3dbb0d3c9adffa565c74ad2c5026b77fa1cf04b411ba46f49f4c520,triangle,2.5,lqi,1,3,6,42,7,12,111,success,17464328959919218831,3
LEO_V1_1_REQUALIFICATION_20260920,ofat_comparative,interferenceDb__25p0__lqi,f36d0510e3dbb0d3c9adffa565c74ad2c5026b77fa1cf04b411ba46f49f4c520,triangle,2.5,lqi,1,3,6,42,7,12,112,success,17464328959919218831,3
LEO_V1_1_REQUALIFICATION_20260920,ofat_comparative,interferenceDb__25p0__lqi,f36d0510e3dbb0d3c9adffa565c74ad2c5026b77fa1cf04b411ba46f49f4c520,triangle,2.5,lqi,1,3,6,42,7,12,113,timeout,0,0
LEO_V1_1_REQUALIFICATION_20260920,ofat_comparative,interferenceDb__25p0__lqi,f36d0510e3dbb0d3c9adffa565c74ad2c5026b77fa1cf04b411ba46f49f4c520,triangle,2.5,lqi,1,3,6,42,7,12,114,no_route,0,0
LEO_V1_1_REQUALIFICATION_20260920,ofat_comparative,interferenceDb__25p0__lqi,f36d0510e3dbb0d3c9adffa565c74ad2c5026b77fa1cf04b411ba46f49f4c520,triangle,2.5,lqi,1,3,6,42,7,12,115,success,2153420779020183611,3
LEO_V1_1_REQUALIFICATION_20260920,ofat_comparative,interferenceDb__25p0__lqi,f36d0510e3dbb0d3c9adffa565c74ad2c5026b77fa1cf04b411ba46f49f4c520,triangle,2.5,lqi,1,3,6,42,7,12,116,timeout,0,0
LEO_V1_1_REQUALIFICATION_20260920,ofat_comparative,interferenceDb__25p0__lqi,f36d0510e3dbb0d3c9adffa565c74ad2c5026b77fa1cf04b411ba46f49f4c520,triangle,2.5,lqi,1,3,6,42,7,12,117,no_route,0,0
LEO_V1_1_REQUALIFICATION_20260920,ofat_comparative,interferenceDb__25p0__lqi,f36d0510e3dbb0d3c9adffa565c74ad2c5026b77fa1cf04b411ba46f49f4c520,triangle,2.5,lqi,1,3,6,42,7,12,118,timeout,0,0
LEO_V1_1_REQUALIFICATION_20260920,ofat_comparative,interferenceDb__25p0__lqi,f36d0510e3dbb0d3c9adffa565c74ad2c5026b77fa1cf04b411ba46f49f4c520,triangle,2.5,lqi,1,3,6,42,7,12,119,no_route,0,0
LEO_V1_1_REQUALIFICATION_20260920,ofat_comparative,interferenceDb__25p0__lqi,f36d0510e3dbb0d3c9adffa565c74ad2c5026b77fa1cf04b411ba46f49f4c520,triangle,2.5,lqi,1,3,6,42,7,13,120,no_route,0,0
LEO_V1_1_REQUALIFICATION_20260920,ofat_comparative,interferenceDb__25p0__lqi,f36d0510e3dbb0d3c9adffa565c74ad2c5026b77fa1cf04b411ba46f49f4c520,triangle,2.5,lqi,1,3,6,42,7,13,121,no_route,0,0
LEO_V1_1_REQUALIFICATION_20260920,ofat_comparative,interferenceDb__25p0__lqi,f36d0510e3dbb0d3c9adffa565c74ad2c5026b77fa1cf04b411ba46f49f4c520,triangle,2.5,lqi,1,3,6,42,7,13,122,no_route,0,0
LEO_V1_1_REQUALIFICATION_20260920,ofat_comparative,interferenceDb__25p0__lqi,f36d0510e3dbb0d3c9adffa565c74ad2c5026b77fa1cf04b411ba46f49f4c520,triangle,2.5,lqi,1,3,6,42,7,13,123,no_route,0,0
LEO_V1_1_REQUALIFICATION_20260920,ofat_comparative,interferenceDb__25p0__lqi,f36d0510e3dbb0d3c9adffa565c74ad2c5026b77fa1cf04b411ba46f49f4c520,triangle,2.5,lqi,1,3,6,42,7,13,124,no_route,0,0
LEO_V1_1_REQUALIFICATION_20260920,ofat_comparative,interferenceDb__25p0__lqi,f36d0510e3dbb0d3c9adffa565c74ad2c5026b77fa1cf04b411ba46f49f4c520,triangle,2.5,lqi,1,3,6,42,7,13,125,no_route,0,0
LEO_V1_1_REQUALIFICATION_20260920,ofat_comparative,interferenceDb__25p0__lqi,f36d0510e3dbb0d3c9adffa565c74ad2c5026b77fa1cf04b411ba46f49f4c520,triangle,2.5,lqi,1,3,6,42,7,13,126,no_route,0,0
LEO_V1_1_REQUALIFICATION_20260920,ofat_comparative,interferenceDb__25p0__lqi,f36d0510e3dbb0d3c9adffa565c74ad2c5026b77fa1cf04b411ba46f49f4c520,triangle,2.5,lqi,1,3,6,42,7,13,127,no_route,0,0
LEO_V1_1_REQUALIFICATION_20260920,ofat_comparative,interferenceDb__25p0__lqi,f36d0510e3dbb0d3c9adffa565c74ad2c5026b77fa1cf04b411ba46f49f4c520,triangle,2.5,lqi,1,3,6,42,7,13,128,no_route,0,0
LEO_V1_1_REQUALIFICATION_20260920,ofat_comparative,interferenceDb__25p0__lqi,f36d0510e3dbb0d3c9adffa565c74ad2c5026b77fa1cf04b411ba46f49f4c520,triangle,2.5,lqi,1,3,6,42,7,13,129,no_route,0,0
LEO_V1_1_REQUALIFICATION_20260920,ofat_comparative,interferenceDb__25p0__lqi,f36d0510e3dbb0d3c9adffa565c74ad2c5026b77fa1cf04b411ba46f49f4c520,triangle,2.5,lqi,1,3,6,42,7,14,130,no_route,0,0
LEO_V1_1_REQUALIFICATION_20260920,ofat_comparative,interferenceDb__25p0__lqi,f36d0510e3dbb0d3c9adffa565c74ad2c5026b77fa1cf04b411ba46f49f4c520,triangle,2.5,lqi,1,3,6,42,7,14,131,no_route,0,0
LEO_V1_1_REQUALIFICATION_20260920,ofat_comparative,interferenceDb__25p0__lqi,f36d0510e3dbb0d3c9adffa565c74ad2c5026b77fa1cf04b411ba46f49f4c520,triangle,2.5,lqi,1,3,6,42,7,14,132,no_route,0,0
LEO_V1_1_REQUALIFICATION_20260920,ofat_comparative,interferenceDb__25p0__lqi,f36d0510e3dbb0d3c9adffa565c74ad2c5026b77fa1cf04b411ba46f49f4c520,triangle,2.5,lqi,1,3,6,42,7,14,133,no_route,0,0
LEO_V1_1_REQUALIFICATION_20260920,ofat_comparative,interferenceDb__25p0__lqi,f36d0510e3dbb0d3c9adffa565c74ad2c5026b77fa1cf04b411ba46f49f4c520,triangle,2.5,lqi,1,3,6,42,7,14,134,no_route,0,0
LEO_V1_1_REQUALIFICATION_20260920,ofat_comparative,interferenceDb__25p0__lqi,f36d0510e3dbb0d3c9adffa565c74ad2c5026b77fa1cf04b411ba46f49f4c520,triangle,2.5,lqi,1,3,6,42,7,14,135,no_route,0,0
LEO_V1_1_REQUALIFICATION_20260920,ofat_comparative,interferenceDb__25p0__lqi,f36d0510e3dbb0d3c9adffa565c74ad2c5026b77fa1cf04b411ba46f49f4c520,triangle,2.5,lqi,1,3,6,42,7,14,136,no_route,0,0
LEO_V1_1_REQUALIFICATION_20260920,ofat_comparative,interferenceDb__25p0__lqi,f36d0510e3dbb0d3c9adffa565c74ad2c5026b77fa1cf04b411ba46f49f4c520,triangle,2.5,lqi,1,3,6,42,7,14,137,no_route,0,0
LEO_V1_1_REQUALIFICATION_20260920,ofat_comparative,interferenceDb__25p0__lqi,f36d0510e3dbb0d3c9adffa565c74ad2c5026b77fa1cf04b411ba46f49f4c520,triangle,2.5,lqi,1,3,6,42,7,14,138,no_route,0,0
LEO_V1_1_REQUALIFICATION_20260920,ofat_comparative,interferenceDb__25p0__lqi,f36d0510e3dbb0d3c9adffa565c74ad2c5026b77fa1cf04b411ba46f49f4c520,triangle,2.5,lqi,1,3,6,42,7,14,139,no_route,0,0
LEO_V1_1_REQUALIFICATION_20260920,ofat_comparative,interferenceDb__25p0__lqi,f36d0510e3dbb0d3c9adffa565c74ad2c5026b77fa1cf04b411ba46f49f4c520,triangle,2.5,lqi,1,3,6,42,7,15,140,no_route,0,0
LEO_V1_1_REQUALIFICATION_20260920,ofat_comparative,interferenceDb__25p0__lqi,f36d0510e3dbb0d3c9adffa565c74ad2c5026b77fa1cf04b411ba46f49f4c520,triangle,2.5,lqi,1,3,6,42,7,15,141,no_route,0,0
LEO_V1_1_REQUALIFICATION_20260920,ofat_comparative,interferenceDb__25p0__lqi,f36d0510e3dbb0d3c9adffa565c74ad2c5026b77fa1cf04b411ba46f49f4c520,triangle,2.5,lqi,1,3,6,42,7,15,142,no_route,0,0
LEO_V1_1_REQUALIFICATION_20260920,ofat_comparative,interferenceDb__25p0__lqi,f36d0510e3dbb0d3c9adffa565c74ad2c5026b77fa1cf04b411ba46f49f4c520,triangle,2.5,lqi,1,3,6,42,7,15,143,no_route,0,0
LEO_V1_1_REQUALIFICATION_20260920,ofat_comparative,interferenceDb__25p0__lqi,f36d0510e3dbb0d3c9adffa565c74ad2c5026b77fa1cf04b411ba46f49f4c520,triangle,2.5,lqi,1,3,6,42,7,15,144,no_route,0,0
LEO_V1_1_REQUALIFICATION_20260920,ofat_comparative,interferenceDb__25p0__lqi,f36d0510e3dbb0d3c9adffa565c74ad2c5026b77fa1cf04b411ba46f49f4c520,triangle,2.5,lqi,1,3,6,42,7,15,145,no_route,0,0
LEO_V1_1_REQUALIFICATION_20260920,ofat_comparative,interferenceDb__25p0__lqi,f36d0510e3dbb0d3c9adffa565c74ad2c5026b77fa1cf04b411ba46f49f4c520,triangle,2.5,lqi,1,3,6,42,7,15,146,no_route,0,0
LEO_V1_1_REQUALIFICATION_20260920,ofat_comparative,interferenceDb__25p0__lqi,f36d0510e3dbb0d3c9adffa565c74ad2c5026b77fa1cf04b411ba46f49f4c520,triangle,2.5,lqi,1,3,6,42,7,15,147,no_route,0,0
LEO_V1_1_REQUALIFICATION_20260920,ofat_comparative,interferenceDb__25p0__lqi,f36d0510e3dbb0d3c9adffa565c74ad2c5026b77fa1cf04b411ba46f49f4c520,triangle,2.5,lqi,1,3,6,42,7,15,148,no_route,0,0
LEO_V1_1_REQUALIFICATION_20260920,ofat_comparative,interferenceDb__25p0__lqi,f36d0510e3dbb0d3c9adffa565c74ad2c5026b77fa1cf04b411ba46f49f4c520,triangle,2.5,lqi,1,3,6,42,7,15,149,no_route,0,0
LEO_V1_1_REQUALIFICATION_20260920,ofat_comparative,interferenceDb__25p0__lqi,f36d0510e3dbb0d3c9adffa565c74ad2c5026b77fa1cf04b411ba46f49f4c520,triangle,2.5,lqi,1,3,6,42,7,16,150,no_route,0,0
LEO_V1_1_REQUALIFICATION_20260920,ofat_comparative,interferenceDb__25p0__lqi,f36d0510e3dbb0d3c9adffa565c74ad2c5026b77fa1cf04b411ba46f49f4c520,triangle,2.5,lqi,1,3,6,42,7,16,151,no_route,0,0
LEO_V1_1_REQUALIFICATION_20260920,ofat_comparative,interferenceDb__25p0__lqi,f36d0510e3dbb0d3c9adffa565c74ad2c5026b77fa1cf04b411ba46f49f4c520,triangle,2.5,lqi,1,3,6,42,7,16,152,no_route,0,0
LEO_V1_1_REQUALIFICATION_20260920,ofat_comparative,interferenceDb__25p0__lqi,f36d0510e3dbb0d3c9adffa565c74ad2c5026b77fa1cf04b411ba46f49f4c520,triangle,2.5,lqi,1,3,6,42,7,16,153,no_route,0,0
LEO_V1_1_REQUALIFICATION_20260920,ofat_comparative,interferenceDb__25p0__lqi,f36d0510e3dbb0d3c9adffa565c74ad2c5026b77fa1cf04b411ba46f49f4c520,triangle,2.5,lqi,1,3,6,42,7,16,154,no_route,0,0
LEO_V1_1_REQUALIFICATION_20260920,ofat_comparative,interferenceDb__25p0__lqi,f36d0510e3dbb0d3c9adffa565c74ad2c5026b77fa1cf04b411ba46f49f4c520,triangle,2.5,lqi,1,3,6,42,7,16,155,no_route,0,0
LEO_V1_1_REQUALIFICATION_20260920,ofat_comparative,interferenceDb__25p0__lqi,f36d0510e3dbb0d3c9adffa565c74ad2c5026b77fa1cf04b411ba46f49f4c520,triangle,2.5,lqi,1,3,6,42,7,16,156,no_route,0,0
LEO_V1_1_REQUALIFICATION_20260920,ofat_comparative,interferenceDb__25p0__lqi,f36d0510e3dbb0d3c9adffa565c74ad2c5026b77fa1cf04b411ba46f49f4c520,triangle,2.5,lqi,1,3,6,42,7,16,157,no_route,0,0
LEO_V1_1_REQUALIFICATION_20260920,ofat_comparative,interferenceDb__25p0__lqi,f36d0510e3dbb0d3c9adffa565c74ad2c5026b77fa1cf04b411ba46f49f4c520,triangle,2.5,lqi,1,3,6,42,7,16,158,no_route,0,0
LEO_V1_1_REQUALIFICATION_20260920,ofat_comparative,interferenceDb__25p0__lqi,f36d0510e3dbb0d3c9adffa565c74ad2c5026b77fa1cf04b411ba46f49f4c520,triangle,2.5,lqi,1,3,6,42,7,16,159,no_route,0,0
LEO_V1_1_REQUALIFICATION_20260920,ofat_comparative,interferenceDb__25p0__lqi,f36d0510e3dbb0d3c9adffa565c74ad2c5026b77fa1cf04b411ba46f49f4c520,triangle,2.5,lqi,1,3,6,42,7,17,160,no_route,0,0
LEO_V1_1_REQUALIFICATION_20260920,ofat_comparative,interferenceDb__25p0__lqi,f36d0510e3dbb0d3c9adffa565c74ad2c5026b77fa1cf04b411ba46f49f4c520,triangle,2.5,lqi,1,3,6,42,7,17,161,no_route,0,0
LEO_V1_1_REQUALIFICATION_20260920,ofat_comparative,interferenceDb__25p0__lqi,f36d0510e3dbb0d3c9adffa565c74ad2c5026b77fa1cf04b411ba46f49f4c520,triangle,2.5,lqi,1,3,6,42,7,17,162,no_route,0,0
LEO_V1_1_REQUALIFICATION_20260920,ofat_comparative,interferenceDb__25p0__lqi,f36d0510e3dbb0d3c9adffa565c74ad2c5026b77fa1cf04b411ba46f49f4c520,triangle,2.5,lqi,1,3,6,42,7,17,163,no_route,0,0
LEO_V1_1_REQUALIFICATION_20260920,ofat_comparative,interferenceDb__25p0__lqi,f36d0510e3dbb0d3c9adffa565c74ad2c5026b77fa1cf04b411ba46f49f4c520,triangle,2.5,lqi,1,3,6,42,7,17,164,no_route,0,0
LEO_V1_1_REQUALIFICATION_20260920,ofat_comparative,interferenceDb__25p0__lqi,f36d0510e3dbb0d3c9adffa565c74ad2c5026b77fa1cf04b411ba46f49f4c520,triangle,2.5,lqi,1,3,6,42,7,17,165,no_route,0,0
LEO_V1_1_REQUALIFICATION_20260920,ofat_comparative,interferenceDb__25p0__lqi,f36d0510e3dbb0d3c9adffa565c74ad2c5026b77fa1cf04b411ba46f49f4c520,triangle,2.5,lqi,1,3,6,42,7,17,166,no_route,0,0
LEO_V1_1_REQUALIFICATION_20260920,ofat_comparative,interferenceDb__25p0__lqi,f36d0510e3dbb0d3c9adffa565c74ad2c5026b77fa1cf04b411ba46f49f4c520,triangle,2.5,lqi,1,3,6,42,7,17,167,no_route,0,0
LEO_V1_1_REQUALIFICATION_20260920,ofat_comparative,interferenceDb__25p0__lqi,f36d0510e3dbb0d3c9adffa565c74ad2c5026b77fa1cf04b411ba46f49f4c520,triangle,2.5,lqi,1,3,6,42,7,17,168,no_route,0,0
LEO_V1_1_REQUALIFICATION_20260920,ofat_comparative,interferenceDb__25p0__lqi,f36d0510e3dbb0d3c9adffa565c74ad2c5026b77fa1cf04b411ba46f49f4c520,triangle,2.5,lqi,1,3,6,42,7,17,169,no_route,0,0
LEO_V1_1_REQUALIFICATION_20260920,ofat_comparative,interferenceDb__25p0__lqi,f36d0510e3dbb0d3c9adffa565c74ad2c5026b77fa1cf04b411ba46f49f4c520,triangle,2.5,lqi,1,3,6,42,7,18,170,no_route,0,0
LEO_V1_1_REQUALIFICATION_20260920,ofat_comparative,interferenceDb__25p0__lqi,f36d0510e3dbb0d3c9adffa565c74ad2c5026b77fa1cf04b411ba46f49f4c520,triangle,2.5,lqi,1,3,6,42,7,18,171,no_route,0,0
LEO_V1_1_REQUALIFICATION_20260920,ofat_comparative,interferenceDb__25p0__lqi,f36d0510e3dbb0d3c9adffa565c74ad2c5026b77fa1cf04b411ba46f49f4c520,triangle,2.5,lqi,1,3,6,42,7,18,172,no_route,0,0
LEO_V1_1_REQUALIFICATION_20260920,ofat_comparative,interferenceDb__25p0__lqi,f36d0510e3dbb0d3c9adffa565c74ad2c5026b77fa1cf04b411ba46f49f4c520,triangle,2.5,lqi,1,3,6,42,7,18,173,no_route,0,0
LEO_V1_1_REQUALIFICATION_20260920,ofat_comparative,interferenceDb__25p0__lqi,f36d0510e3dbb0d3c9adffa565c74ad2c5026b77fa1cf04b411ba46f49f4c520,triangle,2.5,lqi,1,3,6,42,7,18,174,no_route,0,0
LEO_V1_1_REQUALIFICATION_20260920,ofat_comparative,interferenceDb__25p0__lqi,f36d0510e3dbb0d3c9adffa565c74ad2c5026b77fa1cf04b411ba46f49f4c520,triangle,2.5,lqi,1,3,6,42,7,18,175,no_route,0,0
LEO_V1_1_REQUALIFICATION_20260920,ofat_comparative,interferenceDb__25p0__lqi,f36d0510e3dbb0d3c9adffa565c74ad2c5026b77fa1cf04b411ba46f49f4c520,triangle,2.5,lqi,1,3,6,42,7,18,176,no_route,0,0
LEO_V1_1_REQUALIFICATION_20260920,ofat_comparative,interferenceDb__25p0__lqi,f36d0510e3dbb0d3c9adffa565c74ad2c5026b77fa1cf04b411ba46f49f4c520,triangle,2.5,lqi,1,3,6,42,7,18,177,no_route,0,0
LEO_V1_1_REQUALIFICATION_20260920,ofat_comparative,interferenceDb__25p0__lqi,f36d0510e3dbb0d3c9adffa565c74ad2c5026b77fa1cf04b411ba46f49f4c520,triangle,2.5,lqi,1,3,6,42,7,18,178,no_route,0,0
LEO_V1_1_REQUALIFICATION_20260920,ofat_comparative,interferenceDb__25p0__lqi,f36d0510e3dbb0d3c9adffa565c74ad2c5026b77fa1cf04b411ba46f49f4c520,triangle,2.5,lqi,1,3,6,42,7,18,179,no_route,0,0
LEO_V1_1_REQUALIFICATION_20260920,ofat_comparative,interferenceDb__25p0__lqi,f36d0510e3dbb0d3c9adffa565c74ad2c5026b77fa1cf04b411ba46f49f4c520,triangle,2.5,lqi,1,3,6,42,7,19,180,no_route,0,0
LEO_V1_1_REQUALIFICATION_20260920,ofat_comparative,interferenceDb__25p0__lqi,f36d0510e3dbb0d3c9adffa565c74ad2c5026b77fa1cf04b411ba46f49f4c520,triangle,2.5,lqi,1,3,6,42,7,19,181,no_route,0,0
LEO_V1_1_REQUALIFICATION_20260920,ofat_comparative,interferenceDb__25p0__lqi,f36d0510e3dbb0d3c9adffa565c74ad2c5026b77fa1cf04b411ba46f49f4c520,triangle,2.5,lqi,1,3,6,42,7,19,182,no_route,0,0
LEO_V1_1_REQUALIFICATION_20260920,ofat_comparative,interferenceDb__25p0__lqi,f36d0510e3dbb0d3c9adffa565c74ad2c5026b77fa1cf04b411ba46f49f4c520,triangle,2.5,lqi,1,3,6,42,7,19,183,no_route,0,0
LEO_V1_1_REQUALIFICATION_20260920,ofat_comparative,interferenceDb__25p0__lqi,f36d0510e3dbb0d3c9adffa565c74ad2c5026b77fa1cf04b411ba46f49f4c520,triangle,2.5,lqi,1,3,6,42,7,19,184,no_route,0,0
LEO_V1_1_REQUALIFICATION_20260920,ofat_comparative,interferenceDb__25p0__lqi,f36d0510e3dbb0d3c9adffa565c74ad2c5026b77fa1cf04b411ba46f49f4c520,triangle,2.5,lqi,1,3,6,42,7,19,185,no_route,0,0
LEO_V1_1_REQUALIFICATION_20260920,ofat_comparative,interferenceDb__25p0__lqi,f36d0510e3dbb0d3c9adffa565c74ad2c5026b77fa1cf04b411ba46f49f4c520,triangle,2.5,lqi,1,3,6,42,7,19,186,no_route,0,0
LEO_V1_1_REQUALIFICATION_20260920,ofat_comparative,interferenceDb__25p0__lqi,f36d0510e3dbb0d3c9adffa565c74ad2c5026b77fa1cf04b411ba46f49f4c520,triangle,2.5,lqi,1,3,6,42,7,19,187,no_route,0,0
LEO_V1_1_REQUALIFICATION_20260920,ofat_comparative,interferenceDb__25p0__lqi,f36d0510e3dbb0d3c9adffa565c74ad2c5026b77fa1cf04b411ba46f49f4c520,triangle,2.5,lqi,1,3,6,42,7,19,188,no_route,0,0
LEO_V1_1_REQUALIFICATION_20260920,ofat_comparative,interferenceDb__25p0__lqi,f36d0510e3dbb0d3c9adffa565c74ad2c5026b77fa1cf04b411ba46f49f4c520,triangle,2.5,lqi,1,3,6,42,7,19,189,no_route,0,0
LEO_V1_1_REQUALIFICATION_20260920,ofat_comparative,interferenceDb__25p0__lqi,f36d0510e3dbb0d3c9adffa565c74ad2c5026b77fa1cf04b411ba46f49f4c520,triangle,2.5,lqi,1,3,7,42,8,1,0,success,12161961113530546194,1
LEO_V1_1_REQUALIFICATION_20260920,ofat_comparative,interferenceDb__25p0__lqi,f36d0510e3dbb0d3c9adffa565c74ad2c5026b77fa1cf04b411ba46f49f4c520,triangle,2.5,lqi,1,3,7,42,8,1,1,success,12161961113530546194,1
LEO_V1_1_REQUALIFICATION_20260920,ofat_comparative,interferenceDb__25p0__lqi,f36d0510e3dbb0d3c9adffa565c74ad2c5026b77fa1cf04b411ba46f49f4c520,triangle,2.5,lqi,1,3,7,42,8,1,2,success,12161961113530546194,1
LEO_V1_1_REQUALIFICATION_20260920,ofat_comparative,interferenceDb__25p0__lqi,f36d0510e3dbb0d3c9adffa565c74ad2c5026b77fa1cf04b411ba46f49f4c520,triangle,2.5,lqi,1,3,7,42,8,1,3,success,12161961113530546194,1
LEO_V1_1_REQUALIFICATION_20260920,ofat_comparative,interferenceDb__25p0__lqi,f36d0510e3dbb0d3c9adffa565c74ad2c5026b77fa1cf04b411ba46f49f4c520,triangle,2.5,lqi,1,3,7,42,8,1,4,success,12161961113530546194,1
LEO_V1_1_REQUALIFICATION_20260920,ofat_comparative,interferenceDb__25p0__lqi,f36d0510e3dbb0d3c9adffa565c74ad2c5026b77fa1cf04b411ba46f49f4c520,triangle,2.5,lqi,1,3,7,42,8,1,5,success,12161961113530546194,1
LEO_V1_1_REQUALIFICATION_20260920,ofat_comparative,interferenceDb__25p0__lqi,f36d0510e3dbb0d3c9adffa565c74ad2c5026b77fa1cf04b411ba46f49f4c520,triangle,2.5,lqi,1,3,7,42,8,1,6,success,12161961113530546194,1
LEO_V1_1_REQUALIFICATION_20260920,ofat_comparative,interferenceDb__25p0__lqi,f36d0510e3dbb0d3c9adffa565c74ad2c5026b77fa1cf04b411ba46f49f4c520,triangle,2.5,lqi,1,3,7,42,8,1,7,success,12161961113530546194,1
LEO_V1_1_REQUALIFICATION_20260920,ofat_comparative,interferenceDb__25p0__lqi,f36d0510e3dbb0d3c9adffa565c74ad2c5026b77fa1cf04b411ba46f49f4c520,triangle,2.5,lqi,1,3,7,42,8,1,8,success,12161961113530546194,1
LEO_V1_1_REQUALIFICATION_20260920,ofat_comparative,interferenceDb__25p0__lqi,f36d0510e3dbb0d3c9adffa565c74ad2c5026b77fa1cf04b411ba46f49f4c520,triangle,2.5,lqi,1,3,7,42,8,1,9,success,12161961113530546194,1
LEO_V1_1_REQUALIFICATION_20260920,ofat_comparative,interferenceDb__25p0__lqi,f36d0510e3dbb0d3c9adffa565c74ad2c5026b77fa1cf04b411ba46f49f4c520,triangle,2.5,lqi,1,3,7,42,8,2,10,success,5168104527567582924,2
LEO_V1_1_REQUALIFICATION_20260920,ofat_comparative,interferenceDb__25p0__lqi,f36d0510e3dbb0d3c9adffa565c74ad2c5026b77fa1cf04b411ba46f49f4c520,triangle,2.5,lqi,1,3,7,42,8,2,11,success,5168104527567582924,2
LEO_V1_1_REQUALIFICATION_20260920,ofat_comparative,interferenceDb__25p0__lqi,f36d0510e3dbb0d3c9adffa565c74ad2c5026b77fa1cf04b411ba46f49f4c520,triangle,2.5,lqi,1,3,7,42,8,2,12,success,5168104527567582924,2
LEO_V1_1_REQUALIFICATION_20260920,ofat_comparative,interferenceDb__25p0__lqi,f36d0510e3dbb0d3c9adffa565c74ad2c5026b77fa1cf04b411ba46f49f4c520,triangle,2.5,lqi,1,3,7,42,8,2,13,success,5168104527567582924,2
LEO_V1_1_REQUALIFICATION_20260920,ofat_comparative,interferenceDb__25p0__lqi,f36d0510e3dbb0d3c9adffa565c74ad2c5026b77fa1cf04b411ba46f49f4c520,triangle,2.5,lqi,1,3,7,42,8,2,14,success,5168104527567582924,2
LEO_V1_1_REQUALIFICATION_20260920,ofat_comparative,interferenceDb__25p0__lqi,f36d0510e3dbb0d3c9adffa565c74ad2c5026b77fa1cf04b411ba46f49f4c520,triangle,2.5,lqi,1,3,7,42,8,2,15,success,5168104527567582924,2
LEO_V1_1_REQUALIFICATION_20260920,ofat_comparative,interferenceDb__25p0__lqi,f36d0510e3dbb0d3c9adffa565c74ad2c5026b77fa1cf04b411ba46f49f4c520,triangle,2.5,lqi,1,3,7,42,8,2,16,success,5168104527567582924,2
LEO_V1_1_REQUALIFICATION_20260920,ofat_comparative,interferenceDb__25p0__lqi,f36d0510e3dbb0d3c9adffa565c74ad2c5026b77fa1cf04b411ba46f49f4c520,triangle,2.5,lqi,1,3,7,42,8,2,17,success,5168104527567582924,2
LEO_V1_1_REQUALIFICATION_20260920,ofat_comparative,interferenceDb__25p0__lqi,f36d0510e3dbb0d3c9adffa565c74ad2c5026b77fa1cf04b411ba46f49f4c520,triangle,2.5,lqi,1,3,7,42,8,2,18,success,5168104527567582924,2
LEO_V1_1_REQUALIFICATION_20260920,ofat_comparative,interferenceDb__25p0__lqi,f36d0510e3dbb0d3c9adffa565c74ad2c5026b77fa1cf04b411ba46f49f4c520,triangle,2.5,lqi,1,3,7,42,8,2,19,success,5168104527567582924,2
LEO_V1_1_REQUALIFICATION_20260920,ofat_comparative,interferenceDb__25p0__lqi,f36d0510e3dbb0d3c9adffa565c74ad2c5026b77fa1cf04b411ba46f49f4c520,triangle,2.5,lqi,1,3,7,42,8,3,20,success,5168105627079211135,2
LEO_V1_1_REQUALIFICATION_20260920,ofat_comparative,interferenceDb__25p0__lqi,f36d0510e3dbb0d3c9adffa565c74ad2c5026b77fa1cf04b411ba46f49f4c520,triangle,2.5,lqi,1,3,7,42,8,3,21,success,5168105627079211135,2
LEO_V1_1_REQUALIFICATION_20260920,ofat_comparative,interferenceDb__25p0__lqi,f36d0510e3dbb0d3c9adffa565c74ad2c5026b77fa1cf04b411ba46f49f4c520,triangle,2.5,lqi,1,3,7,42,8,3,22,success,5168105627079211135,2
LEO_V1_1_REQUALIFICATION_20260920,ofat_comparative,interferenceDb__25p0__lqi,f36d0510e3dbb0d3c9adffa565c74ad2c5026b77fa1cf04b411ba46f49f4c520,triangle,2.5,lqi,1,3,7,42,8,3,23,success,5168105627079211135,2
LEO_V1_1_REQUALIFICATION_20260920,ofat_comparative,interferenceDb__25p0__lqi,f36d0510e3dbb0d3c9adffa565c74ad2c5026b77fa1cf04b411ba46f49f4c520,triangle,2.5,lqi,1,3,7,42,8,3,24,success,5168105627079211135,2
LEO_V1_1_REQUALIFICATION_20260920,ofat_comparative,interferenceDb__25p0__lqi,f36d0510e3dbb0d3c9adffa565c74ad2c5026b77fa1cf04b411ba46f49f4c520,triangle,2.5,lqi,1,3,7,42,8,3,25,success,5168105627079211135,2
LEO_V1_1_REQUALIFICATION_20260920,ofat_comparative,interferenceDb__25p0__lqi,f36d0510e3dbb0d3c9adffa565c74ad2c5026b77fa1cf04b411ba46f49f4c520,triangle,2.5,lqi,1,3,7,42,8,3,26,success,5168105627079211135,2
LEO_V1_1_REQUALIFICATION_20260920,ofat_comparative,interferenceDb__25p0__lqi,f36d0510e3dbb0d3c9adffa565c74ad2c5026b77fa1cf04b411ba46f49f4c520,triangle,2.5,lqi,1,3,7,42,8,3,27,success,5168105627079211135,2
LEO_V1_1_REQUALIFICATION_20260920,ofat_comparative,interferenceDb__25p0__lqi,f36d0510e3dbb0d3c9adffa565c74ad2c5026b77fa1cf04b411ba46f49f4c520,triangle,2.5,lqi,1,3,7,42,8,3,28,success,5168105627079211135,2
LEO_V1_1_REQUALIFICATION_20260920,ofat_comparative,interferenceDb__25p0__lqi,f36d0510e3dbb0d3c9adffa565c74ad2c5026b77fa1cf04b411ba46f49f4c520,triangle,2.5,lqi,1,3,7,42,8,3,29,success,5168105627079211135,2
LEO_V1_1_REQUALIFICATION_20260920,ofat_comparative,interferenceDb__25p0__lqi,f36d0510e3dbb0d3c9adffa565c74ad2c5026b77fa1cf04b411ba46f49f4c520,triangle,2.5,lqi,1,3,7,42,8,4,30,success,4254184782511048963,2
LEO_V1_1_REQUALIFICATION_20260920,ofat_comparative,interferenceDb__25p0__lqi,f36d0510e3dbb0d3c9adffa565c74ad2c5026b77fa1cf04b411ba46f49f4c520,triangle,2.5,lqi,1,3,7,42,8,4,31,success,4254184782511048963,2
LEO_V1_1_REQUALIFICATION_20260920,ofat_comparative,interferenceDb__25p0__lqi,f36d0510e3dbb0d3c9adffa565c74ad2c5026b77fa1cf04b411ba46f49f4c520,triangle,2.5,lqi,1,3,7,42,8,4,32,success,4254184782511048963,2
LEO_V1_1_REQUALIFICATION_20260920,ofat_comparative,interferenceDb__25p0__lqi,f36d0510e3dbb0d3c9adffa565c74ad2c5026b77fa1cf04b411ba46f49f4c520,triangle,2.5,lqi,1,3,7,42,8,4,33,success,4254184782511048963,2
LEO_V1_1_REQUALIFICATION_20260920,ofat_comparative,interferenceDb__25p0__lqi,f36d0510e3dbb0d3c9adffa565c74ad2c5026b77fa1cf04b411ba46f49f4c520,triangle,2.5,lqi,1,3,7,42,8,4,34,success,4254184782511048963,2
LEO_V1_1_REQUALIFICATION_20260920,ofat_comparative,interferenceDb__25p0__lqi,f36d0510e3dbb0d3c9adffa565c74ad2c5026b77fa1cf04b411ba46f49f4c520,triangle,2.5,lqi,1,3,7,42,8,4,35,success,4254184782511048963,2
LEO_V1_1_REQUALIFICATION_20260920,ofat_comparative,interferenceDb__25p0__lqi,f36d0510e3dbb0d3c9adffa565c74ad2c5026b77fa1cf04b411ba46f49f4c520,triangle,2.5,lqi,1,3,7,42,8,4,36,success,4254184782511048963,2
LEO_V1_1_REQUALIFICATION_20260920,ofat_comparative,interferenceDb__25p0__lqi,f36d0510e3dbb0d3c9adffa565c74ad2c5026b77fa1cf04b411ba46f49f4c520,triangle,2.5,lqi,1,3,7,42,8,4,37,success,4254184782511048963,2
LEO_V1_1_REQUALIFICATION_20260920,ofat_comparative,interferenceDb__25p0__lqi,f36d0510e3dbb0d3c9adffa565c74ad2c5026b77fa1cf04b411ba46f49f4c520,triangle,2.5,lqi,1,3,7,42,8,4,38,success,4254184782511048963,2
LEO_V1_1_REQUALIFICATION_20260920,ofat_comparative,interferenceDb__25p0__lqi,f36d0510e3dbb0d3c9adffa565c74ad2c5026b77fa1cf04b411ba46f49f4c520,triangle,2.5,lqi,1,3,7,42,8,4,39,success,4254184782511048963,2
LEO_V1_1_REQUALIFICATION_20260920,ofat_comparative,interferenceDb__25p0__lqi,f36d0510e3dbb0d3c9adffa565c74ad2c5026b77fa1cf04b411ba46f49f4c520,triangle,2.5,lqi,1,3,7,42,8,5,40,success,4254183682999420752,2
LEO_V1_1_REQUALIFICATION_20260920,ofat_comparative,interferenceDb__25p0__lqi,f36d0510e3dbb0d3c9adffa565c74ad2c5026b77fa1cf04b411ba46f49f4c520,triangle,2.5,lqi,1,3,7,42,8,5,41,timeout,0,0
LEO_V1_1_REQUALIFICATION_20260920,ofat_comparative,interferenceDb__25p0__lqi,f36d0510e3dbb0d3c9adffa565c74ad2c5026b77fa1cf04b411ba46f49f4c520,triangle,2.5,lqi,1,3,7,42,8,5,42,no_route,0,0
LEO_V1_1_REQUALIFICATION_20260920,ofat_comparative,interferenceDb__25p0__lqi,f36d0510e3dbb0d3c9adffa565c74ad2c5026b77fa1cf04b411ba46f49f4c520,triangle,2.5,lqi,1,3,7,42,8,5,43,success,7924740127637167497,3
LEO_V1_1_REQUALIFICATION_20260920,ofat_comparative,interferenceDb__25p0__lqi,f36d0510e3dbb0d3c9adffa565c74ad2c5026b77fa1cf04b411ba46f49f4c520,triangle,2.5,lqi,1,3,7,42,8,5,44,success,7924740127637167497,3
LEO_V1_1_REQUALIFICATION_20260920,ofat_comparative,interferenceDb__25p0__lqi,f36d0510e3dbb0d3c9adffa565c74ad2c5026b77fa1cf04b411ba46f49f4c520,triangle,2.5,lqi,1,3,7,42,8,5,45,success,7924740127637167497,3
LEO_V1_1_REQUALIFICATION_20260920,ofat_comparative,interferenceDb__25p0__lqi,f36d0510e3dbb0d3c9adffa565c74ad2c5026b77fa1cf04b411ba46f49f4c520,triangle,2.5,lqi,1,3,7,42,8,5,46,success,7924740127637167497,3
LEO_V1_1_REQUALIFICATION_20260920,ofat_comparative,interferenceDb__25p0__lqi,f36d0510e3dbb0d3c9adffa565c74ad2c5026b77fa1cf04b411ba46f49f4c520,triangle,2.5,lqi,1,3,7,42,8,5,47,success,7924740127637167497,3
LEO_V1_1_REQUALIFICATION_20260920,ofat_comparative,interferenceDb__25p0__lqi,f36d0510e3dbb0d3c9adffa565c74ad2c5026b77fa1cf04b411ba46f49f4c520,triangle,2.5,lqi,1,3,7,42,8,5,48,success,7924740127637167497,3
LEO_V1_1_REQUALIFICATION_20260920,ofat_comparative,interferenceDb__25p0__lqi,f36d0510e3dbb0d3c9adffa565c74ad2c5026b77fa1cf04b411ba46f49f4c520,triangle,2.5,lqi,1,3,7,42,8,5,49,success,7924740127637167497,3
LEO_V1_1_REQUALIFICATION_20260920,ofat_comparative,interferenceDb__25p0__lqi,f36d0510e3dbb0d3c9adffa565c74ad2c5026b77fa1cf04b411ba46f49f4c520,triangle,2.5,lqi,1,3,7,42,8,6,50,success,3355162293075433701,3
LEO_V1_1_REQUALIFICATION_20260920,ofat_comparative,interferenceDb__25p0__lqi,f36d0510e3dbb0d3c9adffa565c74ad2c5026b77fa1cf04b411ba46f49f4c520,triangle,2.5,lqi,1,3,7,42,8,6,51,success,3355162293075433701,3
LEO_V1_1_REQUALIFICATION_20260920,ofat_comparative,interferenceDb__25p0__lqi,f36d0510e3dbb0d3c9adffa565c74ad2c5026b77fa1cf04b411ba46f49f4c520,triangle,2.5,lqi,1,3,7,42,8,6,52,success,3355162293075433701,3
LEO_V1_1_REQUALIFICATION_20260920,ofat_comparative,interferenceDb__25p0__lqi,f36d0510e3dbb0d3c9adffa565c74ad2c5026b77fa1cf04b411ba46f49f4c520,triangle,2.5,lqi,1,3,7,42,8,6,53,success,3355162293075433701,3
LEO_V1_1_REQUALIFICATION_20260920,ofat_comparative,interferenceDb__25p0__lqi,f36d0510e3dbb0d3c9adffa565c74ad2c5026b77fa1cf04b411ba46f49f4c520,triangle,2.5,lqi,1,3,7,42,8,6,54,success,3355162293075433701,3
LEO_V1_1_REQUALIFICATION_20260920,ofat_comparative,interferenceDb__25p0__lqi,f36d0510e3dbb0d3c9adffa565c74ad2c5026b77fa1cf04b411ba46f49f4c520,triangle,2.5,lqi,1,3,7,42,8,6,55,success,3355162293075433701,3
LEO_V1_1_REQUALIFICATION_20260920,ofat_comparative,interferenceDb__25p0__lqi,f36d0510e3dbb0d3c9adffa565c74ad2c5026b77fa1cf04b411ba46f49f4c520,triangle,2.5,lqi,1,3,7,42,8,6,56,success,3355162293075433701,3
LEO_V1_1_REQUALIFICATION_20260920,ofat_comparative,interferenceDb__25p0__lqi,f36d0510e3dbb0d3c9adffa565c74ad2c5026b77fa1cf04b411ba46f49f4c520,triangle,2.5,lqi,1,3,7,42,8,6,57,success,3355162293075433701,3
LEO_V1_1_REQUALIFICATION_20260920,ofat_comparative,interferenceDb__25p0__lqi,f36d0510e3dbb0d3c9adffa565c74ad2c5026b77fa1cf04b411ba46f49f4c520,triangle,2.5,lqi,1,3,7,42,8,6,58,success,3355162293075433701,3
LEO_V1_1_REQUALIFICATION_20260920,ofat_comparative,interferenceDb__25p0__lqi,f36d0510e3dbb0d3c9adffa565c74ad2c5026b77fa1cf04b411ba46f49f4c520,triangle,2.5,lqi,1,3,7,42,8,6,59,success,3355162293075433701,3
LEO_V1_1_REQUALIFICATION_20260920,ofat_comparative,interferenceDb__25p0__lqi,f36d0510e3dbb0d3c9adffa565c74ad2c5026b77fa1cf04b411ba46f49f4c520,triangle,2.5,lqi,1,3,7,42,8,7,60,success,12161954516460776928,1
LEO_V1_1_REQUALIFICATION_20260920,ofat_comparative,interferenceDb__25p0__lqi,f36d0510e3dbb0d3c9adffa565c74ad2c5026b77fa1cf04b411ba46f49f4c520,triangle,2.5,lqi,1,3,7,42,8,7,61,success,12161954516460776928,1
LEO_V1_1_REQUALIFICATION_20260920,ofat_comparative,interferenceDb__25p0__lqi,f36d0510e3dbb0d3c9adffa565c74ad2c5026b77fa1cf04b411ba46f49f4c520,triangle,2.5,lqi,1,3,7,42,8,7,62,success,12161954516460776928,1
LEO_V1_1_REQUALIFICATION_20260920,ofat_comparative,interferenceDb__25p0__lqi,f36d0510e3dbb0d3c9adffa565c74ad2c5026b77fa1cf04b411ba46f49f4c520,triangle,2.5,lqi,1,3,7,42,8,7,63,success,12161954516460776928,1
LEO_V1_1_REQUALIFICATION_20260920,ofat_comparative,interferenceDb__25p0__lqi,f36d0510e3dbb0d3c9adffa565c74ad2c5026b77fa1cf04b411ba46f49f4c520,triangle,2.5,lqi,1,3,7,42,8,7,64,success,12161954516460776928,1
LEO_V1_1_REQUALIFICATION_20260920,ofat_comparative,interferenceDb__25p0__lqi,f36d0510e3dbb0d3c9adffa565c74ad2c5026b77fa1cf04b411ba46f49f4c520,triangle,2.5,lqi,1,3,7,42,8,7,65,success,12161954516460776928,1
LEO_V1_1_REQUALIFICATION_20260920,ofat_comparative,interferenceDb__25p0__lqi,f36d0510e3dbb0d3c9adffa565c74ad2c5026b77fa1cf04b411ba46f49f4c520,triangle,2.5,lqi,1,3,7,42,8,7,66,success,12161954516460776928,1
LEO_V1_1_REQUALIFICATION_20260920,ofat_comparative,interferenceDb__25p0__lqi,f36d0510e3dbb0d3c9adffa565c74ad2c5026b77fa1cf04b411ba46f49f4c520,triangle,2.5,lqi,1,3,7,42,8,7,67,success,12161954516460776928,1
LEO_V1_1_REQUALIFICATION_20260920,ofat_comparative,interferenceDb__25p0__lqi,f36d0510e3dbb0d3c9adffa565c74ad2c5026b77fa1cf04b411ba46f49f4c520,triangle,2.5,lqi,1,3,7,42,8,7,68,success,12161954516460776928,1
LEO_V1_1_REQUALIFICATION_20260920,ofat_comparative,interferenceDb__25p0__lqi,f36d0510e3dbb0d3c9adffa565c74ad2c5026b77fa1cf04b411ba46f49f4c520,triangle,2.5,lqi,1,3,7,42,8,7,69,success,12161954516460776928,1
LEO_V1_1_REQUALIFICATION_20260920,ofat_comparative,interferenceDb__25p0__lqi,f36d0510e3dbb0d3c9adffa565c74ad2c5026b77fa1cf04b411ba46f49f4c520,triangle,2.5,lqi,1,3,7,42,8,8,70,success,12161971009135200093,1
LEO_V1_1_REQUALIFICATION_20260920,ofat_comparative,interferenceDb__25p0__lqi,f36d0510e3dbb0d3c9adffa565c74ad2c5026b77fa1cf04b411ba46f49f4c520,triangle,2.5,lqi,1,3,7,42,8,8,71,success,12161971009135200093,1
LEO_V1_1_REQUALIFICATION_20260920,ofat_comparative,interferenceDb__25p0__lqi,f36d0510e3dbb0d3c9adffa565c74ad2c5026b77fa1cf04b411ba46f49f4c520,triangle,2.5,lqi,1,3,7,42,8,8,72,success,12161971009135200093,1
LEO_V1_1_REQUALIFICATION_20260920,ofat_comparative,interferenceDb__25p0__lqi,f36d0510e3dbb0d3c9adffa565c74ad2c5026b77fa1cf04b411ba46f49f4c520,triangle,2.5,lqi,1,3,7,42,8,8,73,success,12161971009135200093,1
LEO_V1_1_REQUALIFICATION_20260920,ofat_comparative,interferenceDb__25p0__lqi,f36d0510e3dbb0d3c9adffa565c74ad2c5026b77fa1cf04b411ba46f49f4c520,triangle,2.5,lqi,1,3,7,42,8,8,74,success,12161971009135200093,1
LEO_V1_1_REQUALIFICATION_20260920,ofat_comparative,interferenceDb__25p0__lqi,f36d0510e3dbb0d3c9adffa565c74ad2c5026b77fa1cf04b411ba46f49f4c520,triangle,2.5,lqi,1,3,7,42,8,8,75,success,12161971009135200093,1
LEO_V1_1_REQUALIFICATION_20260920,ofat_comparative,interferenceDb__25p0__lqi,f36d0510e3dbb0d3c9adffa565c74ad2c5026b77fa1cf04b411ba46f49f4c520,triangle,2.5,lqi,1,3,7,42,8,8,76,success,12161971009135200093,1
LEO_V1_1_REQUALIFICATION_20260920,ofat_comparative,interferenceDb__25p0__lqi,f36d0510e3dbb0d3c9adffa565c74ad2c5026b77fa1cf04b411ba46f49f4c520,triangle,2.5,lqi,1,3,7,42,8,8,77,success,12161971009135200093,1
LEO_V1_1_REQUALIFICATION_20260920,ofat_comparative,interferenceDb__25p0__lqi,f36d0510e3dbb0d3c9adffa565c74ad2c5026b77fa1cf04b411ba46f49f4c520,triangle,2.5,lqi,1,3,7,42,8,8,78,success,12161971009135200093,1
LEO_V1_1_REQUALIFICATION_20260920,ofat_comparative,interferenceDb__25p0__lqi,f36d0510e3dbb0d3c9adffa565c74ad2c5026b77fa1cf04b411ba46f49f4c520,triangle,2.5,lqi,1,3,7,42,8,8,79,success,12161971009135200093,1
LEO_V1_1_REQUALIFICATION_20260920,ofat_comparative,interferenceDb__25p0__lqi,f36d0510e3dbb0d3c9adffa565c74ad2c5026b77fa1cf04b411ba46f49f4c520,triangle,2.5,lqi,1,3,7,42,8,9,80,success,18131355419705379627,2
LEO_V1_1_REQUALIFICATION_20260920,ofat_comparative,interferenceDb__25p0__lqi,f36d0510e3dbb0d3c9adffa565c74ad2c5026b77fa1cf04b411ba46f49f4c520,triangle,2.5,lqi,1,3,7,42,8,9,81,success,18131355419705379627,2
LEO_V1_1_REQUALIFICATION_20260920,ofat_comparative,interferenceDb__25p0__lqi,f36d0510e3dbb0d3c9adffa565c74ad2c5026b77fa1cf04b411ba46f49f4c520,triangle,2.5,lqi,1,3,7,42,8,9,82,success,18131355419705379627,2
LEO_V1_1_REQUALIFICATION_20260920,ofat_comparative,interferenceDb__25p0__lqi,f36d0510e3dbb0d3c9adffa565c74ad2c5026b77fa1cf04b411ba46f49f4c520,triangle,2.5,lqi,1,3,7,42,8,9,83,success,18131355419705379627,2
LEO_V1_1_REQUALIFICATION_20260920,ofat_comparative,interferenceDb__25p0__lqi,f36d0510e3dbb0d3c9adffa565c74ad2c5026b77fa1cf04b411ba46f49f4c520,triangle,2.5,lqi,1,3,7,42,8,9,84,success,18131355419705379627,2
LEO_V1_1_REQUALIFICATION_20260920,ofat_comparative,interferenceDb__25p0__lqi,f36d0510e3dbb0d3c9adffa565c74ad2c5026b77fa1cf04b411ba46f49f4c520,triangle,2.5,lqi,1,3,7,42,8,9,85,success,18131355419705379627,2
LEO_V1_1_REQUALIFICATION_20260920,ofat_comparative,interferenceDb__25p0__lqi,f36d0510e3dbb0d3c9adffa565c74ad2c5026b77fa1cf04b411ba46f49f4c520,triangle,2.5,lqi,1,3,7,42,8,9,86,success,18131355419705379627,2
LEO_V1_1_REQUALIFICATION_20260920,ofat_comparative,interferenceDb__25p0__lqi,f36d0510e3dbb0d3c9adffa565c74ad2c5026b77fa1cf04b411ba46f49f4c520,triangle,2.5,lqi,1,3,7,42,8,9,87,success,18131355419705379627,2
LEO_V1_1_REQUALIFICATION_20260920,ofat_comparative,interferenceDb__25p0__lqi,f36d0510e3dbb0d3c9adffa565c74ad2c5026b77fa1cf04b411ba46f49f4c520,triangle,2.5,lqi,1,3,7,42,8,9,88,success,18131355419705379627,2
LEO_V1_1_REQUALIFICATION_20260920,ofat_comparative,interferenceDb__25p0__lqi,f36d0510e3dbb0d3c9adffa565c74ad2c5026b77fa1cf04b411ba46f49f4c520,triangle,2.5,lqi,1,3,7,42,8,9,89,success,18131355419705379627,2
LEO_V1_1_REQUALIFICATION_20260920,ofat_comparative,interferenceDb__25p0__lqi,f36d0510e3dbb0d3c9adffa565c74ad2c5026b77fa1cf04b411ba46f49f4c520,triangle,2.5,lqi,1,3,7,42,8,10,90,success,13393353645774055087,2
LEO_V1_1_REQUALIFICATION_20260920,ofat_comparative,interferenceDb__25p0__lqi,f36d0510e3dbb0d3c9adffa565c74ad2c5026b77fa1cf04b411ba46f49f4c520,triangle,2.5,lqi,1,3,7,42,8,10,91,success,13393353645774055087,2
LEO_V1_1_REQUALIFICATION_20260920,ofat_comparative,interferenceDb__25p0__lqi,f36d0510e3dbb0d3c9adffa565c74ad2c5026b77fa1cf04b411ba46f49f4c520,triangle,2.5,lqi,1,3,7,42,8,10,92,success,13393353645774055087,2
LEO_V1_1_REQUALIFICATION_20260920,ofat_comparative,interferenceDb__25p0__lqi,f36d0510e3dbb0d3c9adffa565c74ad2c5026b77fa1cf04b411ba46f49f4c520,triangle,2.5,lqi,1,3,7,42,8,10,93,timeout,0,0
LEO_V1_1_REQUALIFICATION_20260920,ofat_comparative,interferenceDb__25p0__lqi,f36d0510e3dbb0d3c9adffa565c74ad2c5026b77fa1cf04b411ba46f49f4c520,triangle,2.5,lqi,1,3,7,42,8,10,94,no_route,0,0
LEO_V1_1_REQUALIFICATION_20260920,ofat_comparative,interferenceDb__25p0__lqi,f36d0510e3dbb0d3c9adffa565c74ad2c5026b77fa1cf04b411ba46f49f4c520,triangle,2.5,lqi,1,3,7,42,8,10,95,timeout,0,0
LEO_V1_1_REQUALIFICATION_20260920,ofat_comparative,interferenceDb__25p0__lqi,f36d0510e3dbb0d3c9adffa565c74ad2c5026b77fa1cf04b411ba46f49f4c520,triangle,2.5,lqi,1,3,7,42,8,10,96,no_route,0,0
LEO_V1_1_REQUALIFICATION_20260920,ofat_comparative,interferenceDb__25p0__lqi,f36d0510e3dbb0d3c9adffa565c74ad2c5026b77fa1cf04b411ba46f49f4c520,triangle,2.5,lqi,1,3,7,42,8,10,97,success,13393353645774055087,2
LEO_V1_1_REQUALIFICATION_20260920,ofat_comparative,interferenceDb__25p0__lqi,f36d0510e3dbb0d3c9adffa565c74ad2c5026b77fa1cf04b411ba46f49f4c520,triangle,2.5,lqi,1,3,7,42,8,10,98,success,13393353645774055087,2
LEO_V1_1_REQUALIFICATION_20260920,ofat_comparative,interferenceDb__25p0__lqi,f36d0510e3dbb0d3c9adffa565c74ad2c5026b77fa1cf04b411ba46f49f4c520,triangle,2.5,lqi,1,3,7,42,8,10,99,success,13393353645774055087,2
LEO_V1_1_REQUALIFICATION_20260920,ofat_comparative,interferenceDb__25p0__lqi,f36d0510e3dbb0d3c9adffa565c74ad2c5026b77fa1cf04b411ba46f49f4c520,triangle,2.5,lqi,1,3,7,42,8,11,100,success,17464325661384334198,3
LEO_V1_1_REQUALIFICATION_20260920,ofat_comparative,interferenceDb__25p0__lqi,f36d0510e3dbb0d3c9adffa565c74ad2c5026b77fa1cf04b411ba46f49f4c520,triangle,2.5,lqi,1,3,7,42,8,11,101,timeout,0,0
LEO_V1_1_REQUALIFICATION_20260920,ofat_comparative,interferenceDb__25p0__lqi,f36d0510e3dbb0d3c9adffa565c74ad2c5026b77fa1cf04b411ba46f49f4c520,triangle,2.5,lqi,1,3,7,42,8,11,102,no_route,0,0
LEO_V1_1_REQUALIFICATION_20260920,ofat_comparative,interferenceDb__25p0__lqi,f36d0510e3dbb0d3c9adffa565c74ad2c5026b77fa1cf04b411ba46f49f4c520,triangle,2.5,lqi,1,3,7,42,8,11,103,success,12479437199252405759,2
LEO_V1_1_REQUALIFICATION_20260920,ofat_comparative,interferenceDb__25p0__lqi,f36d0510e3dbb0d3c9adffa565c74ad2c5026b77fa1cf04b411ba46f49f4c520,triangle,2.5,lqi,1,3,7,42,8,11,104,success,12479437199252405759,2
LEO_V1_1_REQUALIFICATION_20260920,ofat_comparative,interferenceDb__25p0__lqi,f36d0510e3dbb0d3c9adffa565c74ad2c5026b77fa1cf04b411ba46f49f4c520,triangle,2.5,lqi,1,3,7,42,8,11,105,no_route,0,0
LEO_V1_1_REQUALIFICATION_20260920,ofat_comparative,interferenceDb__25p0__lqi,f36d0510e3dbb0d3c9adffa565c74ad2c5026b77fa1cf04b411ba46f49f4c520,triangle,2.5,lqi,1,3,7,42,8,11,106,success,11861905262065286250,3
LEO_V1_1_REQUALIFICATION_20260920,ofat_comparative,interferenceDb__25p0__lqi,f36d0510e3dbb0d3c9adffa565c74ad2c5026b77fa1cf04b411ba46f49f4c520,triangle,2.5,lqi,1,3,7,42,8,11,107,success,11861905262065286250,3
LEO_V1_1_REQUALIFICATION_20260920,ofat_comparative,interferenceDb__25p0__lqi,f36d0510e3dbb0d3c9adffa565c74ad2c5026b77fa1cf04b411ba46f49f4c520,triangle,2.5,lqi,1,3,7,42,8,11,108,success,11861905262065286250,3
LEO_V1_1_REQUALIFICATION_20260920,ofat_comparative,interferenceDb__25p0__lqi,f36d0510e3dbb0d3c9adffa565c74ad2c5026b77fa1cf04b411ba46f49f4c520,triangle,2.5,lqi,1,3,7,42,8,11,109,success,11861905262065286250,3
LEO_V1_1_REQUALIFICATION_20260920,ofat_comparative,interferenceDb__25p0__lqi,f36d0510e3dbb0d3c9adffa565c74ad2c5026b77fa1cf04b411ba46f49f4c520,triangle,2.5,lqi,1,3,7,42,8,12,110,success,11861899764507145195,3
LEO_V1_1_REQUALIFICATION_20260920,ofat_comparative,interferenceDb__25p0__lqi,f36d0510e3dbb0d3c9adffa565c74ad2c5026b77fa1cf04b411ba46f49f4c520,triangle,2.5,lqi,1,3,7,42,8,12,111,success,11861899764507145195,3
LEO_V1_1_REQUALIFICATION_20260920,ofat_comparative,interferenceDb__25p0__lqi,f36d0510e3dbb0d3c9adffa565c74ad2c5026b77fa1cf04b411ba46f49f4c520,triangle,2.5,lqi,1,3,7,42,8,12,112,success,11861899764507145195,3
LEO_V1_1_REQUALIFICATION_20260920,ofat_comparative,interferenceDb__25p0__lqi,f36d0510e3dbb0d3c9adffa565c74ad2c5026b77fa1cf04b411ba46f49f4c520,triangle,2.5,lqi,1,3,7,42,8,12,113,success,11861899764507145195,3
LEO_V1_1_REQUALIFICATION_20260920,ofat_comparative,interferenceDb__25p0__lqi,f36d0510e3dbb0d3c9adffa565c74ad2c5026b77fa1cf04b411ba46f49f4c520,triangle,2.5,lqi,1,3,7,42,8,12,114,success,11861899764507145195,3
LEO_V1_1_REQUALIFICATION_20260920,ofat_comparative,interferenceDb__25p0__lqi,f36d0510e3dbb0d3c9adffa565c74ad2c5026b77fa1cf04b411ba46f49f4c520,triangle,2.5,lqi,1,3,7,42,8,12,115,success,11861899764507145195,3
LEO_V1_1_REQUALIFICATION_20260920,ofat_comparative,interferenceDb__25p0__lqi,f36d0510e3dbb0d3c9adffa565c74ad2c5026b77fa1cf04b411ba46f49f4c520,triangle,2.5,lqi,1,3,7,42,8,12,116,success,11861899764507145195,3
LEO_V1_1_REQUALIFICATION_20260920,ofat_comparative,interferenceDb__25p0__lqi,f36d0510e3dbb0d3c9adffa565c74ad2c5026b77fa1cf04b411ba46f49f4c520,triangle,2.5,lqi,1,3,7,42,8,12,117,success,11861899764507145195,3
LEO_V1_1_REQUALIFICATION_20260920,ofat_comparative,interferenceDb__25p0__lqi,f36d0510e3dbb0d3c9adffa565c74ad2c5026b77fa1cf04b411ba46f49f4c520,triangle,2.5,lqi,1,3,7,42,8,12,118,success,11861899764507145195,3
LEO_V1_1_REQUALIFICATION_20260920,ofat_comparative,interferenceDb__25p0__lqi,f36d0510e3dbb0d3c9adffa565c74ad2c5026b77fa1cf04b411ba46f49f4c520,triangle,2.5,lqi,1,3,7,42,8,12,119,success,11861899764507145195,3
LEO_V1_1_REQUALIFICATION_20260920,ofat_comparative,interferenceDb__25p0__lqi,f36d0510e3dbb0d3c9adffa565c74ad2c5026b77fa1cf04b411ba46f49f4c520,triangle,2.5,lqi,1,3,7,42,8,13,120,no_route,0,0
LEO_V1_1_REQUALIFICATION_20260920,ofat_comparative,interferenceDb__25p0__lqi,f36d0510e3dbb0d3c9adffa565c74ad2c5026b77fa1cf04b411ba46f49f4c520,triangle,2.5,lqi,1,3,7,42,8,13,121,no_route,0,0
LEO_V1_1_REQUALIFICATION_20260920,ofat_comparative,interferenceDb__25p0__lqi,f36d0510e3dbb0d3c9adffa565c74ad2c5026b77fa1cf04b411ba46f49f4c520,triangle,2.5,lqi,1,3,7,42,8,13,122,no_route,0,0
LEO_V1_1_REQUALIFICATION_20260920,ofat_comparative,interferenceDb__25p0__lqi,f36d0510e3dbb0d3c9adffa565c74ad2c5026b77fa1cf04b411ba46f49f4c520,triangle,2.5,lqi,1,3,7,42,8,13,123,no_route,0,0
LEO_V1_1_REQUALIFICATION_20260920,ofat_comparative,interferenceDb__25p0__lqi,f36d0510e3dbb0d3c9adffa565c74ad2c5026b77fa1cf04b411ba46f49f4c520,triangle,2.5,lqi,1,3,7,42,8,13,124,no_route,0,0
LEO_V1_1_REQUALIFICATION_20260920,ofat_comparative,interferenceDb__25p0__lqi,f36d0510e3dbb0d3c9adffa565c74ad2c5026b77fa1cf04b411ba46f49f4c520,triangle,2.5,lqi,1,3,7,42,8,13,125,no_route,0,0
LEO_V1_1_REQUALIFICATION_20260920,ofat_comparative,interferenceDb__25p0__lqi,f36d0510e3dbb0d3c9adffa565c74ad2c5026b77fa1cf04b411ba46f49f4c520,triangle,2.5,lqi,1,3,7,42,8,13,126,no_route,0,0
LEO_V1_1_REQUALIFICATION_20260920,ofat_comparative,interferenceDb__25p0__lqi,f36d0510e3dbb0d3c9adffa565c74ad2c5026b77fa1cf04b411ba46f49f4c520,triangle,2.5,lqi,1,3,7,42,8,13,127,no_route,0,0
LEO_V1_1_REQUALIFICATION_20260920,ofat_comparative,interferenceDb__25p0__lqi,f36d0510e3dbb0d3c9adffa565c74ad2c5026b77fa1cf04b411ba46f49f4c520,triangle,2.5,lqi,1,3,7,42,8,13,128,no_route,0,0
LEO_V1_1_REQUALIFICATION_20260920,ofat_comparative,interferenceDb__25p0__lqi,f36d0510e3dbb0d3c9adffa565c74ad2c5026b77fa1cf04b411ba46f49f4c520,triangle,2.5,lqi,1,3,7,42,8,13,129,no_route,0,0
LEO_V1_1_REQUALIFICATION_20260920,ofat_comparative,interferenceDb__25p0__lqi,f36d0510e3dbb0d3c9adffa565c74ad2c5026b77fa1cf04b411ba46f49f4c520,triangle,2.5,lqi,1,3,7,42,8,14,130,no_route,0,0
LEO_V1_1_REQUALIFICATION_20260920,ofat_comparative,interferenceDb__25p0__lqi,f36d0510e3dbb0d3c9adffa565c74ad2c5026b77fa1cf04b411ba46f49f4c520,triangle,2.5,lqi,1,3,7,42,8,14,131,no_route,0,0
LEO_V1_1_REQUALIFICATION_20260920,ofat_comparative,interferenceDb__25p0__lqi,f36d0510e3dbb0d3c9adffa565c74ad2c5026b77fa1cf04b411ba46f49f4c520,triangle,2.5,lqi,1,3,7,42,8,14,132,no_route,0,0
LEO_V1_1_REQUALIFICATION_20260920,ofat_comparative,interferenceDb__25p0__lqi,f36d0510e3dbb0d3c9adffa565c74ad2c5026b77fa1cf04b411ba46f49f4c520,triangle,2.5,lqi,1,3,7,42,8,14,133,no_route,0,0
LEO_V1_1_REQUALIFICATION_20260920,ofat_comparative,interferenceDb__25p0__lqi,f36d0510e3dbb0d3c9adffa565c74ad2c5026b77fa1cf04b411ba46f49f4c520,triangle,2.5,lqi,1,3,7,42,8,14,134,no_route,0,0
LEO_V1_1_REQUALIFICATION_20260920,ofat_comparative,interferenceDb__25p0__lqi,f36d0510e3dbb0d3c9adffa565c74ad2c5026b77fa1cf04b411ba46f49f4c520,triangle,2.5,lqi,1,3,7,42,8,14,135,no_route,0,0
LEO_V1_1_REQUALIFICATION_20260920,ofat_comparative,interferenceDb__25p0__lqi,f36d0510e3dbb0d3c9adffa565c74ad2c5026b77fa1cf04b411ba46f49f4c520,triangle,2.5,lqi,1,3,7,42,8,14,136,no_route,0,0
LEO_V1_1_REQUALIFICATION_20260920,ofat_comparative,interferenceDb__25p0__lqi,f36d0510e3dbb0d3c9adffa565c74ad2c5026b77fa1cf04b411ba46f49f4c520,triangle,2.5,lqi,1,3,7,42,8,14,137,no_route,0,0
LEO_V1_1_REQUALIFICATION_20260920,ofat_comparative,interferenceDb__25p0__lqi,f36d0510e3dbb0d3c9adffa565c74ad2c5026b77fa1cf04b411ba46f49f4c520,triangle,2.5,lqi,1,3,7,42,8,14,138,no_route,0,0
LEO_V1_1_REQUALIFICATION_20260920,ofat_comparative,interferenceDb__25p0__lqi,f36d0510e3dbb0d3c9adffa565c74ad2c5026b77fa1cf04b411ba46f49f4c520,triangle,2.5,lqi,1,3,7,42,8,14,139,no_route,0,0
LEO_V1_1_REQUALIFICATION_20260920,ofat_comparative,interferenceDb__25p0__lqi,f36d0510e3dbb0d3c9adffa565c74ad2c5026b77fa1cf04b411ba46f49f4c520,triangle,2.5,lqi,1,3,7,42,8,15,140,no_route,0,0
LEO_V1_1_REQUALIFICATION_20260920,ofat_comparative,interferenceDb__25p0__lqi,f36d0510e3dbb0d3c9adffa565c74ad2c5026b77fa1cf04b411ba46f49f4c520,triangle,2.5,lqi,1,3,7,42,8,15,141,no_route,0,0
LEO_V1_1_REQUALIFICATION_20260920,ofat_comparative,interferenceDb__25p0__lqi,f36d0510e3dbb0d3c9adffa565c74ad2c5026b77fa1cf04b411ba46f49f4c520,triangle,2.5,lqi,1,3,7,42,8,15,142,no_route,0,0
LEO_V1_1_REQUALIFICATION_20260920,ofat_comparative,interferenceDb__25p0__lqi,f36d0510e3dbb0d3c9adffa565c74ad2c5026b77fa1cf04b411ba46f49f4c520,triangle,2.5,lqi,1,3,7,42,8,15,143,no_route,0,0
LEO_V1_1_REQUALIFICATION_20260920,ofat_comparative,interferenceDb__25p0__lqi,f36d0510e3dbb0d3c9adffa565c74ad2c5026b77fa1cf04b411ba46f49f4c520,triangle,2.5,lqi,1,3,7,42,8,15,144,no_route,0,0
LEO_V1_1_REQUALIFICATION_20260920,ofat_comparative,interferenceDb__25p0__lqi,f36d0510e3dbb0d3c9adffa565c74ad2c5026b77fa1cf04b411ba46f49f4c520,triangle,2.5,lqi,1,3,7,42,8,15,145,no_route,0,0
LEO_V1_1_REQUALIFICATION_20260920,ofat_comparative,interferenceDb__25p0__lqi,f36d0510e3dbb0d3c9adffa565c74ad2c5026b77fa1cf04b411ba46f49f4c520,triangle,2.5,lqi,1,3,7,42,8,15,146,no_route,0,0
LEO_V1_1_REQUALIFICATION_20260920,ofat_comparative,interferenceDb__25p0__lqi,f36d0510e3dbb0d3c9adffa565c74ad2c5026b77fa1cf04b411ba46f49f4c520,triangle,2.5,lqi,1,3,7,42,8,15,147,no_route,0,0
LEO_V1_1_REQUALIFICATION_20260920,ofat_comparative,interferenceDb__25p0__lqi,f36d0510e3dbb0d3c9adffa565c74ad2c5026b77fa1cf04b411ba46f49f4c520,triangle,2.5,lqi,1,3,7,42,8,15,148,no_route,0,0
LEO_V1_1_REQUALIFICATION_20260920,ofat_comparative,interferenceDb__25p0__lqi,f36d0510e3dbb0d3c9adffa565c74ad2c5026b77fa1cf04b411ba46f49f4c520,triangle,2.5,lqi,1,3,7,42,8,15,149,no_route,0,0
LEO_V1_1_REQUALIFICATION_20260920,ofat_comparative,interferenceDb__25p0__lqi,f36d0510e3dbb0d3c9adffa565c74ad2c5026b77fa1cf04b411ba46f49f4c520,triangle,2.5,lqi,1,3,7,42,8,16,150,no_route,0,0
LEO_V1_1_REQUALIFICATION_20260920,ofat_comparative,interferenceDb__25p0__lqi,f36d0510e3dbb0d3c9adffa565c74ad2c5026b77fa1cf04b411ba46f49f4c520,triangle,2.5,lqi,1,3,7,42,8,16,151,no_route,0,0
LEO_V1_1_REQUALIFICATION_20260920,ofat_comparative,interferenceDb__25p0__lqi,f36d0510e3dbb0d3c9adffa565c74ad2c5026b77fa1cf04b411ba46f49f4c520,triangle,2.5,lqi,1,3,7,42,8,16,152,no_route,0,0
LEO_V1_1_REQUALIFICATION_20260920,ofat_comparative,interferenceDb__25p0__lqi,f36d0510e3dbb0d3c9adffa565c74ad2c5026b77fa1cf04b411ba46f49f4c520,triangle,2.5,lqi,1,3,7,42,8,16,153,no_route,0,0
LEO_V1_1_REQUALIFICATION_20260920,ofat_comparative,interferenceDb__25p0__lqi,f36d0510e3dbb0d3c9adffa565c74ad2c5026b77fa1cf04b411ba46f49f4c520,triangle,2.5,lqi,1,3,7,42,8,16,154,no_route,0,0
LEO_V1_1_REQUALIFICATION_20260920,ofat_comparative,interferenceDb__25p0__lqi,f36d0510e3dbb0d3c9adffa565c74ad2c5026b77fa1cf04b411ba46f49f4c520,triangle,2.5,lqi,1,3,7,42,8,16,155,no_route,0,0
LEO_V1_1_REQUALIFICATION_20260920,ofat_comparative,interferenceDb__25p0__lqi,f36d0510e3dbb0d3c9adffa565c74ad2c5026b77fa1cf04b411ba46f49f4c520,triangle,2.5,lqi,1,3,7,42,8,16,156,no_route,0,0
LEO_V1_1_REQUALIFICATION_20260920,ofat_comparative,interferenceDb__25p0__lqi,f36d0510e3dbb0d3c9adffa565c74ad2c5026b77fa1cf04b411ba46f49f4c520,triangle,2.5,lqi,1,3,7,42,8,16,157,no_route,0,0
LEO_V1_1_REQUALIFICATION_20260920,ofat_comparative,interferenceDb__25p0__lqi,f36d0510e3dbb0d3c9adffa565c74ad2c5026b77fa1cf04b411ba46f49f4c520,triangle,2.5,lqi,1,3,7,42,8,16,158,no_route,0,0
LEO_V1_1_REQUALIFICATION_20260920,ofat_comparative,interferenceDb__25p0__lqi,f36d0510e3dbb0d3c9adffa565c74ad2c5026b77fa1cf04b411ba46f49f4c520,triangle,2.5,lqi,1,3,7,42,8,16,159,no_route,0,0
LEO_V1_1_REQUALIFICATION_20260920,ofat_comparative,interferenceDb__25p0__lqi,f36d0510e3dbb0d3c9adffa565c74ad2c5026b77fa1cf04b411ba46f49f4c520,triangle,2.5,lqi,1,3,7,42,8,17,160,no_route,0,0
LEO_V1_1_REQUALIFICATION_20260920,ofat_comparative,interferenceDb__25p0__lqi,f36d0510e3dbb0d3c9adffa565c74ad2c5026b77fa1cf04b411ba46f49f4c520,triangle,2.5,lqi,1,3,7,42,8,17,161,no_route,0,0
LEO_V1_1_REQUALIFICATION_20260920,ofat_comparative,interferenceDb__25p0__lqi,f36d0510e3dbb0d3c9adffa565c74ad2c5026b77fa1cf04b411ba46f49f4c520,triangle,2.5,lqi,1,3,7,42,8,17,162,no_route,0,0
LEO_V1_1_REQUALIFICATION_20260920,ofat_comparative,interferenceDb__25p0__lqi,f36d0510e3dbb0d3c9adffa565c74ad2c5026b77fa1cf04b411ba46f49f4c520,triangle,2.5,lqi,1,3,7,42,8,17,163,no_route,0,0
LEO_V1_1_REQUALIFICATION_20260920,ofat_comparative,interferenceDb__25p0__lqi,f36d0510e3dbb0d3c9adffa565c74ad2c5026b77fa1cf04b411ba46f49f4c520,triangle,2.5,lqi,1,3,7,42,8,17,164,no_route,0,0
LEO_V1_1_REQUALIFICATION_20260920,ofat_comparative,interferenceDb__25p0__lqi,f36d0510e3dbb0d3c9adffa565c74ad2c5026b77fa1cf04b411ba46f49f4c520,triangle,2.5,lqi,1,3,7,42,8,17,165,no_route,0,0
LEO_V1_1_REQUALIFICATION_20260920,ofat_comparative,interferenceDb__25p0__lqi,f36d0510e3dbb0d3c9adffa565c74ad2c5026b77fa1cf04b411ba46f49f4c520,triangle,2.5,lqi,1,3,7,42,8,17,166,no_route,0,0
LEO_V1_1_REQUALIFICATION_20260920,ofat_comparative,interferenceDb__25p0__lqi,f36d0510e3dbb0d3c9adffa565c74ad2c5026b77fa1cf04b411ba46f49f4c520,triangle,2.5,lqi,1,3,7,42,8,17,167,no_route,0,0
LEO_V1_1_REQUALIFICATION_20260920,ofat_comparative,interferenceDb__25p0__lqi,f36d0510e3dbb0d3c9adffa565c74ad2c5026b77fa1cf04b411ba46f49f4c520,triangle,2.5,lqi,1,3,7,42,8,17,168,no_route,0,0
LEO_V1_1_REQUALIFICATION_20260920,ofat_comparative,interferenceDb__25p0__lqi,f36d0510e3dbb0d3c9adffa565c74ad2c5026b77fa1cf04b411ba46f49f4c520,triangle,2.5,lqi,1,3,7,42,8,17,169,no_route,0,0
LEO_V1_1_REQUALIFICATION_20260920,ofat_comparative,interferenceDb__25p0__lqi,f36d0510e3dbb0d3c9adffa565c74ad2c5026b77fa1cf04b411ba46f49f4c520,triangle,2.5,lqi,1,3,7,42,8,18,170,no_route,0,0
LEO_V1_1_REQUALIFICATION_20260920,ofat_comparative,interferenceDb__25p0__lqi,f36d0510e3dbb0d3c9adffa565c74ad2c5026b77fa1cf04b411ba46f49f4c520,triangle,2.5,lqi,1,3,7,42,8,18,171,no_route,0,0
LEO_V1_1_REQUALIFICATION_20260920,ofat_comparative,interferenceDb__25p0__lqi,f36d0510e3dbb0d3c9adffa565c74ad2c5026b77fa1cf04b411ba46f49f4c520,triangle,2.5,lqi,1,3,7,42,8,18,172,no_route,0,0
LEO_V1_1_REQUALIFICATION_20260920,ofat_comparative,interferenceDb__25p0__lqi,f36d0510e3dbb0d3c9adffa565c74ad2c5026b77fa1cf04b411ba46f49f4c520,triangle,2.5,lqi,1,3,7,42,8,18,173,no_route,0,0
LEO_V1_1_REQUALIFICATION_20260920,ofat_comparative,interferenceDb__25p0__lqi,f36d0510e3dbb0d3c9adffa565c74ad2c5026b77fa1cf04b411ba46f49f4c520,triangle,2.5,lqi,1,3,7,42,8,18,174,no_route,0,0
LEO_V1_1_REQUALIFICATION_20260920,ofat_comparative,interferenceDb__25p0__lqi,f36d0510e3dbb0d3c9adffa565c74ad2c5026b77fa1cf04b411ba46f49f4c520,triangle,2.5,lqi,1,3,7,42,8,18,175,no_route,0,0
LEO_V1_1_REQUALIFICATION_20260920,ofat_comparative,interferenceDb__25p0__lqi,f36d0510e3dbb0d3c9adffa565c74ad2c5026b77fa1cf04b411ba46f49f4c520,triangle,2.5,lqi,1,3,7,42,8,18,176,no_route,0,0
LEO_V1_1_REQUALIFICATION_20260920,ofat_comparative,interferenceDb__25p0__lqi,f36d0510e3dbb0d3c9adffa565c74ad2c5026b77fa1cf04b411ba46f49f4c520,triangle,2.5,lqi,1,3,7,42,8,18,177,no_route,0,0
LEO_V1_1_REQUALIFICATION_20260920,ofat_comparative,interferenceDb__25p0__lqi,f36d0510e3dbb0d3c9adffa565c74ad2c5026b77fa1cf04b411ba46f49f4c520,triangle,2.5,lqi,1,3,7,42,8,18,178,no_route,0,0
LEO_V1_1_REQUALIFICATION_20260920,ofat_comparative,interferenceDb__25p0__lqi,f36d0510e3dbb0d3c9adffa565c74ad2c5026b77fa1cf04b411ba46f49f4c520,triangle,2.5,lqi,1,3,7,42,8,18,179,no_route,0,0
LEO_V1_1_REQUALIFICATION_20260920,ofat_comparative,interferenceDb__25p0__lqi,f36d0510e3dbb0d3c9adffa565c74ad2c5026b77fa1cf04b411ba46f49f4c520,triangle,2.5,lqi,1,3,7,42,8,19,180,no_route,0,0
LEO_V1_1_REQUALIFICATION_20260920,ofat_comparative,interferenceDb__25p0__lqi,f36d0510e3dbb0d3c9adffa565c74ad2c5026b77fa1cf04b411ba46f49f4c520,triangle,2.5,lqi,1,3,7,42,8,19,181,no_route,0,0
LEO_V1_1_REQUALIFICATION_20260920,ofat_comparative,interferenceDb__25p0__lqi,f36d0510e3dbb0d3c9adffa565c74ad2c5026b77fa1cf04b411ba46f49f4c520,triangle,2.5,lqi,1,3,7,42,8,19,182,no_route,0,0
LEO_V1_1_REQUALIFICATION_20260920,ofat_comparative,interferenceDb__25p0__lqi,f36d0510e3dbb0d3c9adffa565c74ad2c5026b77fa1cf04b411ba46f49f4c520,triangle,2.5,lqi,1,3,7,42,8,19,183,no_route,0,0
LEO_V1_1_REQUALIFICATION_20260920,ofat_comparative,interferenceDb__25p0__lqi,f36d0510e3dbb0d3c9adffa565c74ad2c5026b77fa1cf04b411ba46f49f4c520,triangle,2.5,lqi,1,3,7,42,8,19,184,no_route,0,0
LEO_V1_1_REQUALIFICATION_20260920,ofat_comparative,interferenceDb__25p0__lqi,f36d0510e3dbb0d3c9adffa565c74ad2c5026b77fa1cf04b411ba46f49f4c520,triangle,2.5,lqi,1,3,7,42,8,19,185,no_route,0,0
LEO_V1_1_REQUALIFICATION_20260920,ofat_comparative,interferenceDb__25p0__lqi,f36d0510e3dbb0d3c9adffa565c74ad2c5026b77fa1cf04b411ba46f49f4c520,triangle,2.5,lqi,1,3,7,42,8,19,186,no_route,0,0
LEO_V1_1_REQUALIFICATION_20260920,ofat_comparative,interferenceDb__25p0__lqi,f36d0510e3dbb0d3c9adffa565c74ad2c5026b77fa1cf04b411ba46f49f4c520,triangle,2.5,lqi,1,3,7,42,8,19,187,no_route,0,0
LEO_V1_1_REQUALIFICATION_20260920,ofat_comparative,interferenceDb__25p0__lqi,f36d0510e3dbb0d3c9adffa565c74ad2c5026b77fa1cf04b411ba46f49f4c520,triangle,2.5,lqi,1,3,7,42,8,19,188,no_route,0,0
LEO_V1_1_REQUALIFICATION_20260920,ofat_comparative,interferenceDb__25p0__lqi,f36d0510e3dbb0d3c9adffa565c74ad2c5026b77fa1cf04b411ba46f49f4c520,triangle,2.5,lqi,1,3,7,42,8,19,189,no_route,0,0
LEO_V1_1_REQUALIFICATION_20260920,ofat_comparative,interferenceDb__25p0__lqi,f36d0510e3dbb0d3c9adffa565c74ad2c5026b77fa1cf04b411ba46f49f4c520,triangle,2.5,lqi,1,3,8,42,9,1,0,success,12161961113530546194,1
LEO_V1_1_REQUALIFICATION_20260920,ofat_comparative,interferenceDb__25p0__lqi,f36d0510e3dbb0d3c9adffa565c74ad2c5026b77fa1cf04b411ba46f49f4c520,triangle,2.5,lqi,1,3,8,42,9,1,1,success,12161961113530546194,1
LEO_V1_1_REQUALIFICATION_20260920,ofat_comparative,interferenceDb__25p0__lqi,f36d0510e3dbb0d3c9adffa565c74ad2c5026b77fa1cf04b411ba46f49f4c520,triangle,2.5,lqi,1,3,8,42,9,1,2,success,12161961113530546194,1
LEO_V1_1_REQUALIFICATION_20260920,ofat_comparative,interferenceDb__25p0__lqi,f36d0510e3dbb0d3c9adffa565c74ad2c5026b77fa1cf04b411ba46f49f4c520,triangle,2.5,lqi,1,3,8,42,9,1,3,success,12161961113530546194,1
LEO_V1_1_REQUALIFICATION_20260920,ofat_comparative,interferenceDb__25p0__lqi,f36d0510e3dbb0d3c9adffa565c74ad2c5026b77fa1cf04b411ba46f49f4c520,triangle,2.5,lqi,1,3,8,42,9,1,4,success,12161961113530546194,1
LEO_V1_1_REQUALIFICATION_20260920,ofat_comparative,interferenceDb__25p0__lqi,f36d0510e3dbb0d3c9adffa565c74ad2c5026b77fa1cf04b411ba46f49f4c520,triangle,2.5,lqi,1,3,8,42,9,1,5,success,12161961113530546194,1
LEO_V1_1_REQUALIFICATION_20260920,ofat_comparative,interferenceDb__25p0__lqi,f36d0510e3dbb0d3c9adffa565c74ad2c5026b77fa1cf04b411ba46f49f4c520,triangle,2.5,lqi,1,3,8,42,9,1,6,success,12161961113530546194,1
LEO_V1_1_REQUALIFICATION_20260920,ofat_comparative,interferenceDb__25p0__lqi,f36d0510e3dbb0d3c9adffa565c74ad2c5026b77fa1cf04b411ba46f49f4c520,triangle,2.5,lqi,1,3,8,42,9,1,7,success,12161961113530546194,1
LEO_V1_1_REQUALIFICATION_20260920,ofat_comparative,interferenceDb__25p0__lqi,f36d0510e3dbb0d3c9adffa565c74ad2c5026b77fa1cf04b411ba46f49f4c520,triangle,2.5,lqi,1,3,8,42,9,1,8,success,12161961113530546194,1
LEO_V1_1_REQUALIFICATION_20260920,ofat_comparative,interferenceDb__25p0__lqi,f36d0510e3dbb0d3c9adffa565c74ad2c5026b77fa1cf04b411ba46f49f4c520,triangle,2.5,lqi,1,3,8,42,9,1,9,success,12161961113530546194,1
LEO_V1_1_REQUALIFICATION_20260920,ofat_comparative,interferenceDb__25p0__lqi,f36d0510e3dbb0d3c9adffa565c74ad2c5026b77fa1cf04b411ba46f49f4c520,triangle,2.5,lqi,1,3,8,42,9,2,10,success,5168104527567582924,2
LEO_V1_1_REQUALIFICATION_20260920,ofat_comparative,interferenceDb__25p0__lqi,f36d0510e3dbb0d3c9adffa565c74ad2c5026b77fa1cf04b411ba46f49f4c520,triangle,2.5,lqi,1,3,8,42,9,2,11,success,5168104527567582924,2
LEO_V1_1_REQUALIFICATION_20260920,ofat_comparative,interferenceDb__25p0__lqi,f36d0510e3dbb0d3c9adffa565c74ad2c5026b77fa1cf04b411ba46f49f4c520,triangle,2.5,lqi,1,3,8,42,9,2,12,success,5168104527567582924,2
LEO_V1_1_REQUALIFICATION_20260920,ofat_comparative,interferenceDb__25p0__lqi,f36d0510e3dbb0d3c9adffa565c74ad2c5026b77fa1cf04b411ba46f49f4c520,triangle,2.5,lqi,1,3,8,42,9,2,13,success,5168104527567582924,2
LEO_V1_1_REQUALIFICATION_20260920,ofat_comparative,interferenceDb__25p0__lqi,f36d0510e3dbb0d3c9adffa565c74ad2c5026b77fa1cf04b411ba46f49f4c520,triangle,2.5,lqi,1,3,8,42,9,2,14,success,5168104527567582924,2
LEO_V1_1_REQUALIFICATION_20260920,ofat_comparative,interferenceDb__25p0__lqi,f36d0510e3dbb0d3c9adffa565c74ad2c5026b77fa1cf04b411ba46f49f4c520,triangle,2.5,lqi,1,3,8,42,9,2,15,success,5168104527567582924,2
LEO_V1_1_REQUALIFICATION_20260920,ofat_comparative,interferenceDb__25p0__lqi,f36d0510e3dbb0d3c9adffa565c74ad2c5026b77fa1cf04b411ba46f49f4c520,triangle,2.5,lqi,1,3,8,42,9,2,16,success,5168104527567582924,2
LEO_V1_1_REQUALIFICATION_20260920,ofat_comparative,interferenceDb__25p0__lqi,f36d0510e3dbb0d3c9adffa565c74ad2c5026b77fa1cf04b411ba46f49f4c520,triangle,2.5,lqi,1,3,8,42,9,2,17,success,5168104527567582924,2
LEO_V1_1_REQUALIFICATION_20260920,ofat_comparative,interferenceDb__25p0__lqi,f36d0510e3dbb0d3c9adffa565c74ad2c5026b77fa1cf04b411ba46f49f4c520,triangle,2.5,lqi,1,3,8,42,9,2,18,success,5168104527567582924,2
LEO_V1_1_REQUALIFICATION_20260920,ofat_comparative,interferenceDb__25p0__lqi,f36d0510e3dbb0d3c9adffa565c74ad2c5026b77fa1cf04b411ba46f49f4c520,triangle,2.5,lqi,1,3,8,42,9,2,19,success,5168104527567582924,2
LEO_V1_1_REQUALIFICATION_20260920,ofat_comparative,interferenceDb__25p0__lqi,f36d0510e3dbb0d3c9adffa565c74ad2c5026b77fa1cf04b411ba46f49f4c520,triangle,2.5,lqi,1,3,8,42,9,3,20,success,4254190280069190018,2
LEO_V1_1_REQUALIFICATION_20260920,ofat_comparative,interferenceDb__25p0__lqi,f36d0510e3dbb0d3c9adffa565c74ad2c5026b77fa1cf04b411ba46f49f4c520,triangle,2.5,lqi,1,3,8,42,9,3,21,success,4254190280069190018,2
LEO_V1_1_REQUALIFICATION_20260920,ofat_comparative,interferenceDb__25p0__lqi,f36d0510e3dbb0d3c9adffa565c74ad2c5026b77fa1cf04b411ba46f49f4c520,triangle,2.5,lqi,1,3,8,42,9,3,22,success,4254190280069190018,2
LEO_V1_1_REQUALIFICATION_20260920,ofat_comparative,interferenceDb__25p0__lqi,f36d0510e3dbb0d3c9adffa565c74ad2c5026b77fa1cf04b411ba46f49f4c520,triangle,2.5,lqi,1,3,8,42,9,3,23,success,4254190280069190018,2
LEO_V1_1_REQUALIFICATION_20260920,ofat_comparative,interferenceDb__25p0__lqi,f36d0510e3dbb0d3c9adffa565c74ad2c5026b77fa1cf04b411ba46f49f4c520,triangle,2.5,lqi,1,3,8,42,9,3,24,success,4254190280069190018,2
LEO_V1_1_REQUALIFICATION_20260920,ofat_comparative,interferenceDb__25p0__lqi,f36d0510e3dbb0d3c9adffa565c74ad2c5026b77fa1cf04b411ba46f49f4c520,triangle,2.5,lqi,1,3,8,42,9,3,25,success,4254190280069190018,2
LEO_V1_1_REQUALIFICATION_20260920,ofat_comparative,interferenceDb__25p0__lqi,f36d0510e3dbb0d3c9adffa565c74ad2c5026b77fa1cf04b411ba46f49f4c520,triangle,2.5,lqi,1,3,8,42,9,3,26,success,4254190280069190018,2
LEO_V1_1_REQUALIFICATION_20260920,ofat_comparative,interferenceDb__25p0__lqi,f36d0510e3dbb0d3c9adffa565c74ad2c5026b77fa1cf04b411ba46f49f4c520,triangle,2.5,lqi,1,3,8,42,9,3,27,success,4254190280069190018,2
LEO_V1_1_REQUALIFICATION_20260920,ofat_comparative,interferenceDb__25p0__lqi,f36d0510e3dbb0d3c9adffa565c74ad2c5026b77fa1cf04b411ba46f49f4c520,triangle,2.5,lqi,1,3,8,42,9,3,28,success,4254190280069190018,2
LEO_V1_1_REQUALIFICATION_20260920,ofat_comparative,interferenceDb__25p0__lqi,f36d0510e3dbb0d3c9adffa565c74ad2c5026b77fa1cf04b411ba46f49f4c520,triangle,2.5,lqi,1,3,8,42,9,3,29,success,4254190280069190018,2
LEO_V1_1_REQUALIFICATION_20260920,ofat_comparative,interferenceDb__25p0__lqi,f36d0510e3dbb0d3c9adffa565c74ad2c5026b77fa1cf04b411ba46f49f4c520,triangle,2.5,lqi,1,3,8,42,9,4,30,success,4254184782511048963,2
LEO_V1_1_REQUALIFICATION_20260920,ofat_comparative,interferenceDb__25p0__lqi,f36d0510e3dbb0d3c9adffa565c74ad2c5026b77fa1cf04b411ba46f49f4c520,triangle,2.5,lqi,1,3,8,42,9,4,31,success,4254184782511048963,2
LEO_V1_1_REQUALIFICATION_20260920,ofat_comparative,interferenceDb__25p0__lqi,f36d0510e3dbb0d3c9adffa565c74ad2c5026b77fa1cf04b411ba46f49f4c520,triangle,2.5,lqi,1,3,8,42,9,4,32,success,4254184782511048963,2
LEO_V1_1_REQUALIFICATION_20260920,ofat_comparative,interferenceDb__25p0__lqi,f36d0510e3dbb0d3c9adffa565c74ad2c5026b77fa1cf04b411ba46f49f4c520,triangle,2.5,lqi,1,3,8,42,9,4,33,success,4254184782511048963,2
LEO_V1_1_REQUALIFICATION_20260920,ofat_comparative,interferenceDb__25p0__lqi,f36d0510e3dbb0d3c9adffa565c74ad2c5026b77fa1cf04b411ba46f49f4c520,triangle,2.5,lqi,1,3,8,42,9,4,34,success,4254184782511048963,2
LEO_V1_1_REQUALIFICATION_20260920,ofat_comparative,interferenceDb__25p0__lqi,f36d0510e3dbb0d3c9adffa565c74ad2c5026b77fa1cf04b411ba46f49f4c520,triangle,2.5,lqi,1,3,8,42,9,4,35,success,4254184782511048963,2
LEO_V1_1_REQUALIFICATION_20260920,ofat_comparative,interferenceDb__25p0__lqi,f36d0510e3dbb0d3c9adffa565c74ad2c5026b77fa1cf04b411ba46f49f4c520,triangle,2.5,lqi,1,3,8,42,9,4,36,success,4254184782511048963,2
LEO_V1_1_REQUALIFICATION_20260920,ofat_comparative,interferenceDb__25p0__lqi,f36d0510e3dbb0d3c9adffa565c74ad2c5026b77fa1cf04b411ba46f49f4c520,triangle,2.5,lqi,1,3,8,42,9,4,37,success,4254184782511048963,2
LEO_V1_1_REQUALIFICATION_20260920,ofat_comparative,interferenceDb__25p0__lqi,f36d0510e3dbb0d3c9adffa565c74ad2c5026b77fa1cf04b411ba46f49f4c520,triangle,2.5,lqi,1,3,8,42,9,4,38,success,4254184782511048963,2
LEO_V1_1_REQUALIFICATION_20260920,ofat_comparative,interferenceDb__25p0__lqi,f36d0510e3dbb0d3c9adffa565c74ad2c5026b77fa1cf04b411ba46f49f4c520,triangle,2.5,lqi,1,3,8,42,9,4,39,success,4254184782511048963,2
LEO_V1_1_REQUALIFICATION_20260920,ofat_comparative,interferenceDb__25p0__lqi,f36d0510e3dbb0d3c9adffa565c74ad2c5026b77fa1cf04b411ba46f49f4c520,triangle,2.5,lqi,1,3,8,42,9,5,40,timeout,0,0
LEO_V1_1_REQUALIFICATION_20260920,ofat_comparative,interferenceDb__25p0__lqi,f36d0510e3dbb0d3c9adffa565c74ad2c5026b77fa1cf04b411ba46f49f4c520,triangle,2.5,lqi,1,3,8,42,9,5,41,no_route,0,0
LEO_V1_1_REQUALIFICATION_20260920,ofat_comparative,interferenceDb__25p0__lqi,f36d0510e3dbb0d3c9adffa565c74ad2c5026b77fa1cf04b411ba46f49f4c520,triangle,2.5,lqi,1,3,8,42,9,5,42,success,16719299368067595120,3
LEO_V1_1_REQUALIFICATION_20260920,ofat_comparative,interferenceDb__25p0__lqi,f36d0510e3dbb0d3c9adffa565c74ad2c5026b77fa1cf04b411ba46f49f4c520,triangle,2.5,lqi,1,3,8,42,9,5,43,success,16719299368067595120,3
LEO_V1_1_REQUALIFICATION_20260920,ofat_comparative,interferenceDb__25p0__lqi,f36d0510e3dbb0d3c9adffa565c74ad2c5026b77fa1cf04b411ba46f49f4c520,triangle,2.5,lqi,1,3,8,42,9,5,44,success,16719299368067595120,3
LEO_V1_1_REQUALIFICATION_20260920,ofat_comparative,interferenceDb__25p0__lqi,f36d0510e3dbb0d3c9adffa565c74ad2c5026b77fa1cf04b411ba46f49f4c520,triangle,2.5,lqi,1,3,8,42,9,5,45,success,16719299368067595120,3
LEO_V1_1_REQUALIFICATION_20260920,ofat_comparative,interferenceDb__25p0__lqi,f36d0510e3dbb0d3c9adffa565c74ad2c5026b77fa1cf04b411ba46f49f4c520,triangle,2.5,lqi,1,3,8,42,9,5,46,success,16719299368067595120,3
LEO_V1_1_REQUALIFICATION_20260920,ofat_comparative,interferenceDb__25p0__lqi,f36d0510e3dbb0d3c9adffa565c74ad2c5026b77fa1cf04b411ba46f49f4c520,triangle,2.5,lqi,1,3,8,42,9,5,47,success,16719299368067595120,3
LEO_V1_1_REQUALIFICATION_20260920,ofat_comparative,interferenceDb__25p0__lqi,f36d0510e3dbb0d3c9adffa565c74ad2c5026b77fa1cf04b411ba46f49f4c520,triangle,2.5,lqi,1,3,8,42,9,5,48,success,16719299368067595120,3
LEO_V1_1_REQUALIFICATION_20260920,ofat_comparative,interferenceDb__25p0__lqi,f36d0510e3dbb0d3c9adffa565c74ad2c5026b77fa1cf04b411ba46f49f4c520,triangle,2.5,lqi,1,3,8,42,9,5,49,success,16719299368067595120,3
LEO_V1_1_REQUALIFICATION_20260920,ofat_comparative,interferenceDb__25p0__lqi,f36d0510e3dbb0d3c9adffa565c74ad2c5026b77fa1cf04b411ba46f49f4c520,triangle,2.5,lqi,1,3,8,42,9,6,50,success,16719302666602479753,3
LEO_V1_1_REQUALIFICATION_20260920,ofat_comparative,interferenceDb__25p0__lqi,f36d0510e3dbb0d3c9adffa565c74ad2c5026b77fa1cf04b411ba46f49f4c520,triangle,2.5,lqi,1,3,8,42,9,6,51,success,16719302666602479753,3
LEO_V1_1_REQUALIFICATION_20260920,ofat_comparative,interferenceDb__25p0__lqi,f36d0510e3dbb0d3c9adffa565c74ad2c5026b77fa1cf04b411ba46f49f4c520,triangle,2.5,lqi,1,3,8,42,9,6,52,timeout,0,0
LEO_V1_1_REQUALIFICATION_20260920,ofat_comparative,interferenceDb__25p0__lqi,f36d0510e3dbb0d3c9adffa565c74ad2c5026b77fa1cf04b411ba46f49f4c520,triangle,2.5,lqi,1,3,8,42,9,6,53,no_route,0,0
LEO_V1_1_REQUALIFICATION_20260920,ofat_comparative,interferenceDb__25p0__lqi,f36d0510e3dbb0d3c9adffa565c74ad2c5026b77fa1cf04b411ba46f49f4c520,triangle,2.5,lqi,1,3,8,42,9,6,54,timeout,0,0
LEO_V1_1_REQUALIFICATION_20260920,ofat_comparative,interferenceDb__25p0__lqi,f36d0510e3dbb0d3c9adffa565c74ad2c5026b77fa1cf04b411ba46f49f4c520,triangle,2.5,lqi,1,3,8,42,9,6,55,no_route,0,0
LEO_V1_1_REQUALIFICATION_20260920,ofat_comparative,interferenceDb__25p0__lqi,f36d0510e3dbb0d3c9adffa565c74ad2c5026b77fa1cf04b411ba46f49f4c520,triangle,2.5,lqi,1,3,8,42,9,6,56,success,3355162293075433701,3
LEO_V1_1_REQUALIFICATION_20260920,ofat_comparative,interferenceDb__25p0__lqi,f36d0510e3dbb0d3c9adffa565c74ad2c5026b77fa1cf04b411ba46f49f4c520,triangle,2.5,lqi,1,3,8,42,9,6,57,success,3355162293075433701,3
LEO_V1_1_REQUALIFICATION_20260920,ofat_comparative,interferenceDb__25p0__lqi,f36d0510e3dbb0d3c9adffa565c74ad2c5026b77fa1cf04b411ba46f49f4c520,triangle,2.5,lqi,1,3,8,42,9,6,58,success,3355162293075433701,3
LEO_V1_1_REQUALIFICATION_20260920,ofat_comparative,interferenceDb__25p0__lqi,f36d0510e3dbb0d3c9adffa565c74ad2c5026b77fa1cf04b411ba46f49f4c520,triangle,2.5,lqi,1,3,8,42,9,6,59,success,3355162293075433701,3
LEO_V1_1_REQUALIFICATION_20260920,ofat_comparative,interferenceDb__25p0__lqi,f36d0510e3dbb0d3c9adffa565c74ad2c5026b77fa1cf04b411ba46f49f4c520,triangle,2.5,lqi,1,3,8,42,9,7,60,success,12161954516460776928,1
LEO_V1_1_REQUALIFICATION_20260920,ofat_comparative,interferenceDb__25p0__lqi,f36d0510e3dbb0d3c9adffa565c74ad2c5026b77fa1cf04b411ba46f49f4c520,triangle,2.5,lqi,1,3,8,42,9,7,61,success,12161954516460776928,1
LEO_V1_1_REQUALIFICATION_20260920,ofat_comparative,interferenceDb__25p0__lqi,f36d0510e3dbb0d3c9adffa565c74ad2c5026b77fa1cf04b411ba46f49f4c520,triangle,2.5,lqi,1,3,8,42,9,7,62,success,12161954516460776928,1
LEO_V1_1_REQUALIFICATION_20260920,ofat_comparative,interferenceDb__25p0__lqi,f36d0510e3dbb0d3c9adffa565c74ad2c5026b77fa1cf04b411ba46f49f4c520,triangle,2.5,lqi,1,3,8,42,9,7,63,success,12161954516460776928,1
LEO_V1_1_REQUALIFICATION_20260920,ofat_comparative,interferenceDb__25p0__lqi,f36d0510e3dbb0d3c9adffa565c74ad2c5026b77fa1cf04b411ba46f49f4c520,triangle,2.5,lqi,1,3,8,42,9,7,64,success,12161954516460776928,1
LEO_V1_1_REQUALIFICATION_20260920,ofat_comparative,interferenceDb__25p0__lqi,f36d0510e3dbb0d3c9adffa565c74ad2c5026b77fa1cf04b411ba46f49f4c520,triangle,2.5,lqi,1,3,8,42,9,7,65,success,12161954516460776928,1
LEO_V1_1_REQUALIFICATION_20260920,ofat_comparative,interferenceDb__25p0__lqi,f36d0510e3dbb0d3c9adffa565c74ad2c5026b77fa1cf04b411ba46f49f4c520,triangle,2.5,lqi,1,3,8,42,9,7,66,success,12161954516460776928,1
LEO_V1_1_REQUALIFICATION_20260920,ofat_comparative,interferenceDb__25p0__lqi,f36d0510e3dbb0d3c9adffa565c74ad2c5026b77fa1cf04b411ba46f49f4c520,triangle,2.5,lqi,1,3,8,42,9,7,67,success,12161954516460776928,1
LEO_V1_1_REQUALIFICATION_20260920,ofat_comparative,interferenceDb__25p0__lqi,f36d0510e3dbb0d3c9adffa565c74ad2c5026b77fa1cf04b411ba46f49f4c520,triangle,2.5,lqi,1,3,8,42,9,7,68,success,12161954516460776928,1
LEO_V1_1_REQUALIFICATION_20260920,ofat_comparative,interferenceDb__25p0__lqi,f36d0510e3dbb0d3c9adffa565c74ad2c5026b77fa1cf04b411ba46f49f4c520,triangle,2.5,lqi,1,3,8,42,9,7,69,success,12161954516460776928,1
LEO_V1_1_REQUALIFICATION_20260920,ofat_comparative,interferenceDb__25p0__lqi,f36d0510e3dbb0d3c9adffa565c74ad2c5026b77fa1cf04b411ba46f49f4c520,triangle,2.5,lqi,1,3,8,42,9,8,70,success,18131354320193751416,2
LEO_V1_1_REQUALIFICATION_20260920,ofat_comparative,interferenceDb__25p0__lqi,f36d0510e3dbb0d3c9adffa565c74ad2c5026b77fa1cf04b411ba46f49f4c520,triangle,2.5,lqi,1,3,8,42,9,8,71,success,18131354320193751416,2
LEO_V1_1_REQUALIFICATION_20260920,ofat_comparative,interferenceDb__25p0__lqi,f36d0510e3dbb0d3c9adffa565c74ad2c5026b77fa1cf04b411ba46f49f4c520,triangle,2.5,lqi,1,3,8,42,9,8,72,success,18131354320193751416,2
LEO_V1_1_REQUALIFICATION_20260920,ofat_comparative,interferenceDb__25p0__lqi,f36d0510e3dbb0d3c9adffa565c74ad2c5026b77fa1cf04b411ba46f49f4c520,triangle,2.5,lqi,1,3,8,42,9,8,73,success,18131354320193751416,2
LEO_V1_1_REQUALIFICATION_20260920,ofat_comparative,interferenceDb__25p0__lqi,f36d0510e3dbb0d3c9adffa565c74ad2c5026b77fa1cf04b411ba46f49f4c520,triangle,2.5,lqi,1,3,8,42,9,8,74,success,18131354320193751416,2
LEO_V1_1_REQUALIFICATION_20260920,ofat_comparative,interferenceDb__25p0__lqi,f36d0510e3dbb0d3c9adffa565c74ad2c5026b77fa1cf04b411ba46f49f4c520,triangle,2.5,lqi,1,3,8,42,9,8,75,success,18131354320193751416,2
LEO_V1_1_REQUALIFICATION_20260920,ofat_comparative,interferenceDb__25p0__lqi,f36d0510e3dbb0d3c9adffa565c74ad2c5026b77fa1cf04b411ba46f49f4c520,triangle,2.5,lqi,1,3,8,42,9,8,76,success,18131354320193751416,2
LEO_V1_1_REQUALIFICATION_20260920,ofat_comparative,interferenceDb__25p0__lqi,f36d0510e3dbb0d3c9adffa565c74ad2c5026b77fa1cf04b411ba46f49f4c520,triangle,2.5,lqi,1,3,8,42,9,8,77,success,18131354320193751416,2
LEO_V1_1_REQUALIFICATION_20260920,ofat_comparative,interferenceDb__25p0__lqi,f36d0510e3dbb0d3c9adffa565c74ad2c5026b77fa1cf04b411ba46f49f4c520,triangle,2.5,lqi,1,3,8,42,9,8,78,success,18131354320193751416,2
LEO_V1_1_REQUALIFICATION_20260920,ofat_comparative,interferenceDb__25p0__lqi,f36d0510e3dbb0d3c9adffa565c74ad2c5026b77fa1cf04b411ba46f49f4c520,triangle,2.5,lqi,1,3,8,42,9,8,79,success,18131354320193751416,2
LEO_V1_1_REQUALIFICATION_20260920,ofat_comparative,interferenceDb__25p0__lqi,f36d0510e3dbb0d3c9adffa565c74ad2c5026b77fa1cf04b411ba46f49f4c520,triangle,2.5,lqi,1,3,8,42,9,9,80,success,18131355419705379627,2
LEO_V1_1_REQUALIFICATION_20260920,ofat_comparative,interferenceDb__25p0__lqi,f36d0510e3dbb0d3c9adffa565c74ad2c5026b77fa1cf04b411ba46f49f4c520,triangle,2.5,lqi,1,3,8,42,9,9,81,success,18131355419705379627,2
LEO_V1_1_REQUALIFICATION_20260920,ofat_comparative,interferenceDb__25p0__lqi,f36d0510e3dbb0d3c9adffa565c74ad2c5026b77fa1cf04b411ba46f49f4c520,triangle,2.5,lqi,1,3,8,42,9,9,82,success,18131355419705379627,2
LEO_V1_1_REQUALIFICATION_20260920,ofat_comparative,interferenceDb__25p0__lqi,f36d0510e3dbb0d3c9adffa565c74ad2c5026b77fa1cf04b411ba46f49f4c520,triangle,2.5,lqi,1,3,8,42,9,9,83,success,18131355419705379627,2
LEO_V1_1_REQUALIFICATION_20260920,ofat_comparative,interferenceDb__25p0__lqi,f36d0510e3dbb0d3c9adffa565c74ad2c5026b77fa1cf04b411ba46f49f4c520,triangle,2.5,lqi,1,3,8,42,9,9,84,success,18131355419705379627,2
LEO_V1_1_REQUALIFICATION_20260920,ofat_comparative,interferenceDb__25p0__lqi,f36d0510e3dbb0d3c9adffa565c74ad2c5026b77fa1cf04b411ba46f49f4c520,triangle,2.5,lqi,1,3,8,42,9,9,85,success,18131355419705379627,2
LEO_V1_1_REQUALIFICATION_20260920,ofat_comparative,interferenceDb__25p0__lqi,f36d0510e3dbb0d3c9adffa565c74ad2c5026b77fa1cf04b411ba46f49f4c520,triangle,2.5,lqi,1,3,8,42,9,9,86,timeout,0,0
LEO_V1_1_REQUALIFICATION_20260920,ofat_comparative,interferenceDb__25p0__lqi,f36d0510e3dbb0d3c9adffa565c74ad2c5026b77fa1cf04b411ba46f49f4c520,triangle,2.5,lqi,1,3,8,42,9,9,87,no_route,0,0
LEO_V1_1_REQUALIFICATION_20260920,ofat_comparative,interferenceDb__25p0__lqi,f36d0510e3dbb0d3c9adffa565c74ad2c5026b77fa1cf04b411ba46f49f4c520,triangle,2.5,lqi,1,3,8,42,9,9,88,success,13393354745285683298,2
LEO_V1_1_REQUALIFICATION_20260920,ofat_comparative,interferenceDb__25p0__lqi,f36d0510e3dbb0d3c9adffa565c74ad2c5026b77fa1cf04b411ba46f49f4c520,triangle,2.5,lqi,1,3,8,42,9,9,89,success,13393354745285683298,2
LEO_V1_1_REQUALIFICATION_20260920,ofat_comparative,interferenceDb__25p0__lqi,f36d0510e3dbb0d3c9adffa565c74ad2c5026b77fa1cf04b411ba46f49f4c520,triangle,2.5,lqi,1,3,8,42,9,10,90,success,13393353645774055087,2
LEO_V1_1_REQUALIFICATION_20260920,ofat_comparative,interferenceDb__25p0__lqi,f36d0510e3dbb0d3c9adffa565c74ad2c5026b77fa1cf04b411ba46f49f4c520,triangle,2.5,lqi,1,3,8,42,9,10,91,success,13393353645774055087,2
LEO_V1_1_REQUALIFICATION_20260920,ofat_comparative,interferenceDb__25p0__lqi,f36d0510e3dbb0d3c9adffa565c74ad2c5026b77fa1cf04b411ba46f49f4c520,triangle,2.5,lqi,1,3,8,42,9,10,92,success,13393353645774055087,2
LEO_V1_1_REQUALIFICATION_20260920,ofat_comparative,interferenceDb__25p0__lqi,f36d0510e3dbb0d3c9adffa565c74ad2c5026b77fa1cf04b411ba46f49f4c520,triangle,2.5,lqi,1,3,8,42,9,10,93,success,13393353645774055087,2
LEO_V1_1_REQUALIFICATION_20260920,ofat_comparative,interferenceDb__25p0__lqi,f36d0510e3dbb0d3c9adffa565c74ad2c5026b77fa1cf04b411ba46f49f4c520,triangle,2.5,lqi,1,3,8,42,9,10,94,success,13393353645774055087,2
LEO_V1_1_REQUALIFICATION_20260920,ofat_comparative,interferenceDb__25p0__lqi,f36d0510e3dbb0d3c9adffa565c74ad2c5026b77fa1cf04b411ba46f49f4c520,triangle,2.5,lqi,1,3,8,42,9,10,95,success,13393353645774055087,2
LEO_V1_1_REQUALIFICATION_20260920,ofat_comparative,interferenceDb__25p0__lqi,f36d0510e3dbb0d3c9adffa565c74ad2c5026b77fa1cf04b411ba46f49f4c520,triangle,2.5,lqi,1,3,8,42,9,10,96,success,13393353645774055087,2
LEO_V1_1_REQUALIFICATION_20260920,ofat_comparative,interferenceDb__25p0__lqi,f36d0510e3dbb0d3c9adffa565c74ad2c5026b77fa1cf04b411ba46f49f4c520,triangle,2.5,lqi,1,3,8,42,9,10,97,success,13393353645774055087,2
LEO_V1_1_REQUALIFICATION_20260920,ofat_comparative,interferenceDb__25p0__lqi,f36d0510e3dbb0d3c9adffa565c74ad2c5026b77fa1cf04b411ba46f49f4c520,triangle,2.5,lqi,1,3,8,42,9,10,98,success,13393353645774055087,2
LEO_V1_1_REQUALIFICATION_20260920,ofat_comparative,interferenceDb__25p0__lqi,f36d0510e3dbb0d3c9adffa565c74ad2c5026b77fa1cf04b411ba46f49f4c520,triangle,2.5,lqi,1,3,8,42,9,10,99,success,13393353645774055087,2
LEO_V1_1_REQUALIFICATION_20260920,ofat_comparative,interferenceDb__25p0__lqi,f36d0510e3dbb0d3c9adffa565c74ad2c5026b77fa1cf04b411ba46f49f4c520,triangle,2.5,lqi,1,3,8,42,9,11,100,success,12775820609075307367,3
LEO_V1_1_REQUALIFICATION_20260920,ofat_comparative,interferenceDb__25p0__lqi,f36d0510e3dbb0d3c9adffa565c74ad2c5026b77fa1cf04b411ba46f49f4c520,triangle,2.5,lqi,1,3,8,42,9,11,101,success,12775820609075307367,3
LEO_V1_1_REQUALIFICATION_20260920,ofat_comparative,interferenceDb__25p0__lqi,f36d0510e3dbb0d3c9adffa565c74ad2c5026b77fa1cf04b411ba46f49f4c520,triangle,2.5,lqi,1,3,8,42,9,11,102,success,12775820609075307367,3
LEO_V1_1_REQUALIFICATION_20260920,ofat_comparative,interferenceDb__25p0__lqi,f36d0510e3dbb0d3c9adffa565c74ad2c5026b77fa1cf04b411ba46f49f4c520,triangle,2.5,lqi,1,3,8,42,9,11,103,success,12775820609075307367,3
LEO_V1_1_REQUALIFICATION_20260920,ofat_comparative,interferenceDb__25p0__lqi,f36d0510e3dbb0d3c9adffa565c74ad2c5026b77fa1cf04b411ba46f49f4c520,triangle,2.5,lqi,1,3,8,42,9,11,104,success,12775820609075307367,3
LEO_V1_1_REQUALIFICATION_20260920,ofat_comparative,interferenceDb__25p0__lqi,f36d0510e3dbb0d3c9adffa565c74ad2c5026b77fa1cf04b411ba46f49f4c520,triangle,2.5,lqi,1,3,8,42,9,11,105,success,12775820609075307367,3
LEO_V1_1_REQUALIFICATION_20260920,ofat_comparative,interferenceDb__25p0__lqi,f36d0510e3dbb0d3c9adffa565c74ad2c5026b77fa1cf04b411ba46f49f4c520,triangle,2.5,lqi,1,3,8,42,9,11,106,success,12775820609075307367,3
LEO_V1_1_REQUALIFICATION_20260920,ofat_comparative,interferenceDb__25p0__lqi,f36d0510e3dbb0d3c9adffa565c74ad2c5026b77fa1cf04b411ba46f49f4c520,triangle,2.5,lqi,1,3,8,42,9,11,107,success,12775820609075307367,3
LEO_V1_1_REQUALIFICATION_20260920,ofat_comparative,interferenceDb__25p0__lqi,f36d0510e3dbb0d3c9adffa565c74ad2c5026b77fa1cf04b411ba46f49f4c520,triangle,2.5,lqi,1,3,8,42,9,11,108,success,12775820609075307367,3
LEO_V1_1_REQUALIFICATION_20260920,ofat_comparative,interferenceDb__25p0__lqi,f36d0510e3dbb0d3c9adffa565c74ad2c5026b77fa1cf04b411ba46f49f4c520,triangle,2.5,lqi,1,3,8,42,9,11,109,success,12775820609075307367,3
LEO_V1_1_REQUALIFICATION_20260920,ofat_comparative,interferenceDb__25p0__lqi,f36d0510e3dbb0d3c9adffa565c74ad2c5026b77fa1cf04b411ba46f49f4c520,triangle,2.5,lqi,1,3,8,42,9,12,110,success,11861899764507145195,3
LEO_V1_1_REQUALIFICATION_20260920,ofat_comparative,interferenceDb__25p0__lqi,f36d0510e3dbb0d3c9adffa565c74ad2c5026b77fa1cf04b411ba46f49f4c520,triangle,2.5,lqi,1,3,8,42,9,12,111,success,11861899764507145195,3
LEO_V1_1_REQUALIFICATION_20260920,ofat_comparative,interferenceDb__25p0__lqi,f36d0510e3dbb0d3c9adffa565c74ad2c5026b77fa1cf04b411ba46f49f4c520,triangle,2.5,lqi,1,3,8,42,9,12,112,success,11861899764507145195,3
LEO_V1_1_REQUALIFICATION_20260920,ofat_comparative,interferenceDb__25p0__lqi,f36d0510e3dbb0d3c9adffa565c74ad2c5026b77fa1cf04b411ba46f49f4c520,triangle,2.5,lqi,1,3,8,42,9,12,113,success,11861899764507145195,3
LEO_V1_1_REQUALIFICATION_20260920,ofat_comparative,interferenceDb__25p0__lqi,f36d0510e3dbb0d3c9adffa565c74ad2c5026b77fa1cf04b411ba46f49f4c520,triangle,2.5,lqi,1,3,8,42,9,12,114,success,11861899764507145195,3
LEO_V1_1_REQUALIFICATION_20260920,ofat_comparative,interferenceDb__25p0__lqi,f36d0510e3dbb0d3c9adffa565c74ad2c5026b77fa1cf04b411ba46f49f4c520,triangle,2.5,lqi,1,3,8,42,9,12,115,success,11861899764507145195,3
LEO_V1_1_REQUALIFICATION_20260920,ofat_comparative,interferenceDb__25p0__lqi,f36d0510e3dbb0d3c9adffa565c74ad2c5026b77fa1cf04b411ba46f49f4c520,triangle,2.5,lqi,1,3,8,42,9,12,116,success,11861899764507145195,3
LEO_V1_1_REQUALIFICATION_20260920,ofat_comparative,interferenceDb__25p0__lqi,f36d0510e3dbb0d3c9adffa565c74ad2c5026b77fa1cf04b411ba46f49f4c520,triangle,2.5,lqi,1,3,8,42,9,12,117,success,11861899764507145195,3
LEO_V1_1_REQUALIFICATION_20260920,ofat_comparative,interferenceDb__25p0__lqi,f36d0510e3dbb0d3c9adffa565c74ad2c5026b77fa1cf04b411ba46f49f4c520,triangle,2.5,lqi,1,3,8,42,9,12,118,success,11861899764507145195,3
LEO_V1_1_REQUALIFICATION_20260920,ofat_comparative,interferenceDb__25p0__lqi,f36d0510e3dbb0d3c9adffa565c74ad2c5026b77fa1cf04b411ba46f49f4c520,triangle,2.5,lqi,1,3,8,42,9,12,119,success,11861899764507145195,3
LEO_V1_1_REQUALIFICATION_20260920,ofat_comparative,interferenceDb__25p0__lqi,f36d0510e3dbb0d3c9adffa565c74ad2c5026b77fa1cf04b411ba46f49f4c520,triangle,2.5,lqi,1,3,8,42,9,13,120,no_route,0,0
LEO_V1_1_REQUALIFICATION_20260920,ofat_comparative,interferenceDb__25p0__lqi,f36d0510e3dbb0d3c9adffa565c74ad2c5026b77fa1cf04b411ba46f49f4c520,triangle,2.5,lqi,1,3,8,42,9,13,121,no_route,0,0
LEO_V1_1_REQUALIFICATION_20260920,ofat_comparative,interferenceDb__25p0__lqi,f36d0510e3dbb0d3c9adffa565c74ad2c5026b77fa1cf04b411ba46f49f4c520,triangle,2.5,lqi,1,3,8,42,9,13,122,no_route,0,0
LEO_V1_1_REQUALIFICATION_20260920,ofat_comparative,interferenceDb__25p0__lqi,f36d0510e3dbb0d3c9adffa565c74ad2c5026b77fa1cf04b411ba46f49f4c520,triangle,2.5,lqi,1,3,8,42,9,13,123,no_route,0,0
LEO_V1_1_REQUALIFICATION_20260920,ofat_comparative,interferenceDb__25p0__lqi,f36d0510e3dbb0d3c9adffa565c74ad2c5026b77fa1cf04b411ba46f49f4c520,triangle,2.5,lqi,1,3,8,42,9,13,124,no_route,0,0
LEO_V1_1_REQUALIFICATION_20260920,ofat_comparative,interferenceDb__25p0__lqi,f36d0510e3dbb0d3c9adffa565c74ad2c5026b77fa1cf04b411ba46f49f4c520,triangle,2.5,lqi,1,3,8,42,9,13,125,no_route,0,0
LEO_V1_1_REQUALIFICATION_20260920,ofat_comparative,interferenceDb__25p0__lqi,f36d0510e3dbb0d3c9adffa565c74ad2c5026b77fa1cf04b411ba46f49f4c520,triangle,2.5,lqi,1,3,8,42,9,13,126,no_route,0,0
LEO_V1_1_REQUALIFICATION_20260920,ofat_comparative,interferenceDb__25p0__lqi,f36d0510e3dbb0d3c9adffa565c74ad2c5026b77fa1cf04b411ba46f49f4c520,triangle,2.5,lqi,1,3,8,42,9,13,127,no_route,0,0
LEO_V1_1_REQUALIFICATION_20260920,ofat_comparative,interferenceDb__25p0__lqi,f36d0510e3dbb0d3c9adffa565c74ad2c5026b77fa1cf04b411ba46f49f4c520,triangle,2.5,lqi,1,3,8,42,9,13,128,no_route,0,0
LEO_V1_1_REQUALIFICATION_20260920,ofat_comparative,interferenceDb__25p0__lqi,f36d0510e3dbb0d3c9adffa565c74ad2c5026b77fa1cf04b411ba46f49f4c520,triangle,2.5,lqi,1,3,8,42,9,13,129,no_route,0,0
LEO_V1_1_REQUALIFICATION_20260920,ofat_comparative,interferenceDb__25p0__lqi,f36d0510e3dbb0d3c9adffa565c74ad2c5026b77fa1cf04b411ba46f49f4c520,triangle,2.5,lqi,1,3,8,42,9,14,130,no_route,0,0
LEO_V1_1_REQUALIFICATION_20260920,ofat_comparative,interferenceDb__25p0__lqi,f36d0510e3dbb0d3c9adffa565c74ad2c5026b77fa1cf04b411ba46f49f4c520,triangle,2.5,lqi,1,3,8,42,9,14,131,no_route,0,0
LEO_V1_1_REQUALIFICATION_20260920,ofat_comparative,interferenceDb__25p0__lqi,f36d0510e3dbb0d3c9adffa565c74ad2c5026b77fa1cf04b411ba46f49f4c520,triangle,2.5,lqi,1,3,8,42,9,14,132,no_route,0,0
LEO_V1_1_REQUALIFICATION_20260920,ofat_comparative,interferenceDb__25p0__lqi,f36d0510e3dbb0d3c9adffa565c74ad2c5026b77fa1cf04b411ba46f49f4c520,triangle,2.5,lqi,1,3,8,42,9,14,133,no_route,0,0
LEO_V1_1_REQUALIFICATION_20260920,ofat_comparative,interferenceDb__25p0__lqi,f36d0510e3dbb0d3c9adffa565c74ad2c5026b77fa1cf04b411ba46f49f4c520,triangle,2.5,lqi,1,3,8,42,9,14,134,no_route,0,0
LEO_V1_1_REQUALIFICATION_20260920,ofat_comparative,interferenceDb__25p0__lqi,f36d0510e3dbb0d3c9adffa565c74ad2c5026b77fa1cf04b411ba46f49f4c520,triangle,2.5,lqi,1,3,8,42,9,14,135,no_route,0,0
LEO_V1_1_REQUALIFICATION_20260920,ofat_comparative,interferenceDb__25p0__lqi,f36d0510e3dbb0d3c9adffa565c74ad2c5026b77fa1cf04b411ba46f49f4c520,triangle,2.5,lqi,1,3,8,42,9,14,136,no_route,0,0
LEO_V1_1_REQUALIFICATION_20260920,ofat_comparative,interferenceDb__25p0__lqi,f36d0510e3dbb0d3c9adffa565c74ad2c5026b77fa1cf04b411ba46f49f4c520,triangle,2.5,lqi,1,3,8,42,9,14,137,no_route,0,0
LEO_V1_1_REQUALIFICATION_20260920,ofat_comparative,interferenceDb__25p0__lqi,f36d0510e3dbb0d3c9adffa565c74ad2c5026b77fa1cf04b411ba46f49f4c520,triangle,2.5,lqi,1,3,8,42,9,14,138,no_route,0,0
LEO_V1_1_REQUALIFICATION_20260920,ofat_comparative,interferenceDb__25p0__lqi,f36d0510e3dbb0d3c9adffa565c74ad2c5026b77fa1cf04b411ba46f49f4c520,triangle,2.5,lqi,1,3,8,42,9,14,139,no_route,0,0
LEO_V1_1_REQUALIFICATION_20260920,ofat_comparative,interferenceDb__25p0__lqi,f36d0510e3dbb0d3c9adffa565c74ad2c5026b77fa1cf04b411ba46f49f4c520,triangle,2.5,lqi,1,3,8,42,9,15,140,no_route,0,0
LEO_V1_1_REQUALIFICATION_20260920,ofat_comparative,interferenceDb__25p0__lqi,f36d0510e3dbb0d3c9adffa565c74ad2c5026b77fa1cf04b411ba46f49f4c520,triangle,2.5,lqi,1,3,8,42,9,15,141,no_route,0,0
LEO_V1_1_REQUALIFICATION_20260920,ofat_comparative,interferenceDb__25p0__lqi,f36d0510e3dbb0d3c9adffa565c74ad2c5026b77fa1cf04b411ba46f49f4c520,triangle,2.5,lqi,1,3,8,42,9,15,142,no_route,0,0
LEO_V1_1_REQUALIFICATION_20260920,ofat_comparative,interferenceDb__25p0__lqi,f36d0510e3dbb0d3c9adffa565c74ad2c5026b77fa1cf04b411ba46f49f4c520,triangle,2.5,lqi,1,3,8,42,9,15,143,no_route,0,0
LEO_V1_1_REQUALIFICATION_20260920,ofat_comparative,interferenceDb__25p0__lqi,f36d0510e3dbb0d3c9adffa565c74ad2c5026b77fa1cf04b411ba46f49f4c520,triangle,2.5,lqi,1,3,8,42,9,15,144,no_route,0,0
LEO_V1_1_REQUALIFICATION_20260920,ofat_comparative,interferenceDb__25p0__lqi,f36d0510e3dbb0d3c9adffa565c74ad2c5026b77fa1cf04b411ba46f49f4c520,triangle,2.5,lqi,1,3,8,42,9,15,145,no_route,0,0
LEO_V1_1_REQUALIFICATION_20260920,ofat_comparative,interferenceDb__25p0__lqi,f36d0510e3dbb0d3c9adffa565c74ad2c5026b77fa1cf04b411ba46f49f4c520,triangle,2.5,lqi,1,3,8,42,9,15,146,no_route,0,0
LEO_V1_1_REQUALIFICATION_20260920,ofat_comparative,interferenceDb__25p0__lqi,f36d0510e3dbb0d3c9adffa565c74ad2c5026b77fa1cf04b411ba46f49f4c520,triangle,2.5,lqi,1,3,8,42,9,15,147,no_route,0,0
LEO_V1_1_REQUALIFICATION_20260920,ofat_comparative,interferenceDb__25p0__lqi,f36d0510e3dbb0d3c9adffa565c74ad2c5026b77fa1cf04b411ba46f49f4c520,triangle,2.5,lqi,1,3,8,42,9,15,148,no_route,0,0
LEO_V1_1_REQUALIFICATION_20260920,ofat_comparative,interferenceDb__25p0__lqi,f36d0510e3dbb0d3c9adffa565c74ad2c5026b77fa1cf04b411ba46f49f4c520,triangle,2.5,lqi,1,3,8,42,9,15,149,no_route,0,0
LEO_V1_1_REQUALIFICATION_20260920,ofat_comparative,interferenceDb__25p0__lqi,f36d0510e3dbb0d3c9adffa565c74ad2c5026b77fa1cf04b411ba46f49f4c520,triangle,2.5,lqi,1,3,8,42,9,16,150,no_route,0,0
LEO_V1_1_REQUALIFICATION_20260920,ofat_comparative,interferenceDb__25p0__lqi,f36d0510e3dbb0d3c9adffa565c74ad2c5026b77fa1cf04b411ba46f49f4c520,triangle,2.5,lqi,1,3,8,42,9,16,151,no_route,0,0
LEO_V1_1_REQUALIFICATION_20260920,ofat_comparative,interferenceDb__25p0__lqi,f36d0510e3dbb0d3c9adffa565c74ad2c5026b77fa1cf04b411ba46f49f4c520,triangle,2.5,lqi,1,3,8,42,9,16,152,no_route,0,0
LEO_V1_1_REQUALIFICATION_20260920,ofat_comparative,interferenceDb__25p0__lqi,f36d0510e3dbb0d3c9adffa565c74ad2c5026b77fa1cf04b411ba46f49f4c520,triangle,2.5,lqi,1,3,8,42,9,16,153,no_route,0,0
LEO_V1_1_REQUALIFICATION_20260920,ofat_comparative,interferenceDb__25p0__lqi,f36d0510e3dbb0d3c9adffa565c74ad2c5026b77fa1cf04b411ba46f49f4c520,triangle,2.5,lqi,1,3,8,42,9,16,154,no_route,0,0
LEO_V1_1_REQUALIFICATION_20260920,ofat_comparative,interferenceDb__25p0__lqi,f36d0510e3dbb0d3c9adffa565c74ad2c5026b77fa1cf04b411ba46f49f4c520,triangle,2.5,lqi,1,3,8,42,9,16,155,no_route,0,0
LEO_V1_1_REQUALIFICATION_20260920,ofat_comparative,interferenceDb__25p0__lqi,f36d0510e3dbb0d3c9adffa565c74ad2c5026b77fa1cf04b411ba46f49f4c520,triangle,2.5,lqi,1,3,8,42,9,16,156,no_route,0,0
LEO_V1_1_REQUALIFICATION_20260920,ofat_comparative,interferenceDb__25p0__lqi,f36d0510e3dbb0d3c9adffa565c74ad2c5026b77fa1cf04b411ba46f49f4c520,triangle,2.5,lqi,1,3,8,42,9,16,157,no_route,0,0
LEO_V1_1_REQUALIFICATION_20260920,ofat_comparative,interferenceDb__25p0__lqi,f36d0510e3dbb0d3c9adffa565c74ad2c5026b77fa1cf04b411ba46f49f4c520,triangle,2.5,lqi,1,3,8,42,9,16,158,no_route,0,0
LEO_V1_1_REQUALIFICATION_20260920,ofat_comparative,interferenceDb__25p0__lqi,f36d0510e3dbb0d3c9adffa565c74ad2c5026b77fa1cf04b411ba46f49f4c520,triangle,2.5,lqi,1,3,8,42,9,16,159,no_route,0,0
LEO_V1_1_REQUALIFICATION_20260920,ofat_comparative,interferenceDb__25p0__lqi,f36d0510e3dbb0d3c9adffa565c74ad2c5026b77fa1cf04b411ba46f49f4c520,triangle,2.5,lqi,1,3,8,42,9,17,160,no_route,0,0
LEO_V1_1_REQUALIFICATION_20260920,ofat_comparative,interferenceDb__25p0__lqi,f36d0510e3dbb0d3c9adffa565c74ad2c5026b77fa1cf04b411ba46f49f4c520,triangle,2.5,lqi,1,3,8,42,9,17,161,no_route,0,0
LEO_V1_1_REQUALIFICATION_20260920,ofat_comparative,interferenceDb__25p0__lqi,f36d0510e3dbb0d3c9adffa565c74ad2c5026b77fa1cf04b411ba46f49f4c520,triangle,2.5,lqi,1,3,8,42,9,17,162,no_route,0,0
LEO_V1_1_REQUALIFICATION_20260920,ofat_comparative,interferenceDb__25p0__lqi,f36d0510e3dbb0d3c9adffa565c74ad2c5026b77fa1cf04b411ba46f49f4c520,triangle,2.5,lqi,1,3,8,42,9,17,163,no_route,0,0
LEO_V1_1_REQUALIFICATION_20260920,ofat_comparative,interferenceDb__25p0__lqi,f36d0510e3dbb0d3c9adffa565c74ad2c5026b77fa1cf04b411ba46f49f4c520,triangle,2.5,lqi,1,3,8,42,9,17,164,no_route,0,0
LEO_V1_1_REQUALIFICATION_20260920,ofat_comparative,interferenceDb__25p0__lqi,f36d0510e3dbb0d3c9adffa565c74ad2c5026b77fa1cf04b411ba46f49f4c520,triangle,2.5,lqi,1,3,8,42,9,17,165,no_route,0,0
LEO_V1_1_REQUALIFICATION_20260920,ofat_comparative,interferenceDb__25p0__lqi,f36d0510e3dbb0d3c9adffa565c74ad2c5026b77fa1cf04b411ba46f49f4c520,triangle,2.5,lqi,1,3,8,42,9,17,166,no_route,0,0
LEO_V1_1_REQUALIFICATION_20260920,ofat_comparative,interferenceDb__25p0__lqi,f36d0510e3dbb0d3c9adffa565c74ad2c5026b77fa1cf04b411ba46f49f4c520,triangle,2.5,lqi,1,3,8,42,9,17,167,no_route,0,0
LEO_V1_1_REQUALIFICATION_20260920,ofat_comparative,interferenceDb__25p0__lqi,f36d0510e3dbb0d3c9adffa565c74ad2c5026b77fa1cf04b411ba46f49f4c520,triangle,2.5,lqi,1,3,8,42,9,17,168,no_route,0,0
LEO_V1_1_REQUALIFICATION_20260920,ofat_comparative,interferenceDb__25p0__lqi,f36d0510e3dbb0d3c9adffa565c74ad2c5026b77fa1cf04b411ba46f49f4c520,triangle,2.5,lqi,1,3,8,42,9,17,169,no_route,0,0
LEO_V1_1_REQUALIFICATION_20260920,ofat_comparative,interferenceDb__25p0__lqi,f36d0510e3dbb0d3c9adffa565c74ad2c5026b77fa1cf04b411ba46f49f4c520,triangle,2.5,lqi,1,3,8,42,9,18,170,no_route,0,0
LEO_V1_1_REQUALIFICATION_20260920,ofat_comparative,interferenceDb__25p0__lqi,f36d0510e3dbb0d3c9adffa565c74ad2c5026b77fa1cf04b411ba46f49f4c520,triangle,2.5,lqi,1,3,8,42,9,18,171,no_route,0,0
LEO_V1_1_REQUALIFICATION_20260920,ofat_comparative,interferenceDb__25p0__lqi,f36d0510e3dbb0d3c9adffa565c74ad2c5026b77fa1cf04b411ba46f49f4c520,triangle,2.5,lqi,1,3,8,42,9,18,172,no_route,0,0
LEO_V1_1_REQUALIFICATION_20260920,ofat_comparative,interferenceDb__25p0__lqi,f36d0510e3dbb0d3c9adffa565c74ad2c5026b77fa1cf04b411ba46f49f4c520,triangle,2.5,lqi,1,3,8,42,9,18,173,no_route,0,0
LEO_V1_1_REQUALIFICATION_20260920,ofat_comparative,interferenceDb__25p0__lqi,f36d0510e3dbb0d3c9adffa565c74ad2c5026b77fa1cf04b411ba46f49f4c520,triangle,2.5,lqi,1,3,8,42,9,18,174,no_route,0,0
LEO_V1_1_REQUALIFICATION_20260920,ofat_comparative,interferenceDb__25p0__lqi,f36d0510e3dbb0d3c9adffa565c74ad2c5026b77fa1cf04b411ba46f49f4c520,triangle,2.5,lqi,1,3,8,42,9,18,175,no_route,0,0
LEO_V1_1_REQUALIFICATION_20260920,ofat_comparative,interferenceDb__25p0__lqi,f36d0510e3dbb0d3c9adffa565c74ad2c5026b77fa1cf04b411ba46f49f4c520,triangle,2.5,lqi,1,3,8,42,9,18,176,no_route,0,0
LEO_V1_1_REQUALIFICATION_20260920,ofat_comparative,interferenceDb__25p0__lqi,f36d0510e3dbb0d3c9adffa565c74ad2c5026b77fa1cf04b411ba46f49f4c520,triangle,2.5,lqi,1,3,8,42,9,18,177,no_route,0,0
LEO_V1_1_REQUALIFICATION_20260920,ofat_comparative,interferenceDb__25p0__lqi,f36d0510e3dbb0d3c9adffa565c74ad2c5026b77fa1cf04b411ba46f49f4c520,triangle,2.5,lqi,1,3,8,42,9,18,178,no_route,0,0
LEO_V1_1_REQUALIFICATION_20260920,ofat_comparative,interferenceDb__25p0__lqi,f36d0510e3dbb0d3c9adffa565c74ad2c5026b77fa1cf04b411ba46f49f4c520,triangle,2.5,lqi,1,3,8,42,9,18,179,no_route,0,0
LEO_V1_1_REQUALIFICATION_20260920,ofat_comparative,interferenceDb__25p0__lqi,f36d0510e3dbb0d3c9adffa565c74ad2c5026b77fa1cf04b411ba46f49f4c520,triangle,2.5,lqi,1,3,8,42,9,19,180,no_route,0,0
LEO_V1_1_REQUALIFICATION_20260920,ofat_comparative,interferenceDb__25p0__lqi,f36d0510e3dbb0d3c9adffa565c74ad2c5026b77fa1cf04b411ba46f49f4c520,triangle,2.5,lqi,1,3,8,42,9,19,181,no_route,0,0
LEO_V1_1_REQUALIFICATION_20260920,ofat_comparative,interferenceDb__25p0__lqi,f36d0510e3dbb0d3c9adffa565c74ad2c5026b77fa1cf04b411ba46f49f4c520,triangle,2.5,lqi,1,3,8,42,9,19,182,no_route,0,0
LEO_V1_1_REQUALIFICATION_20260920,ofat_comparative,interferenceDb__25p0__lqi,f36d0510e3dbb0d3c9adffa565c74ad2c5026b77fa1cf04b411ba46f49f4c520,triangle,2.5,lqi,1,3,8,42,9,19,183,no_route,0,0
LEO_V1_1_REQUALIFICATION_20260920,ofat_comparative,interferenceDb__25p0__lqi,f36d0510e3dbb0d3c9adffa565c74ad2c5026b77fa1cf04b411ba46f49f4c520,triangle,2.5,lqi,1,3,8,42,9,19,184,no_route,0,0
LEO_V1_1_REQUALIFICATION_20260920,ofat_comparative,interferenceDb__25p0__lqi,f36d0510e3dbb0d3c9adffa565c74ad2c5026b77fa1cf04b411ba46f49f4c520,triangle,2.5,lqi,1,3,8,42,9,19,185,no_route,0,0
LEO_V1_1_REQUALIFICATION_20260920,ofat_comparative,interferenceDb__25p0__lqi,f36d0510e3dbb0d3c9adffa565c74ad2c5026b77fa1cf04b411ba46f49f4c520,triangle,2.5,lqi,1,3,8,42,9,19,186,no_route,0,0
LEO_V1_1_REQUALIFICATION_20260920,ofat_comparative,interferenceDb__25p0__lqi,f36d0510e3dbb0d3c9adffa565c74ad2c5026b77fa1cf04b411ba46f49f4c520,triangle,2.5,lqi,1,3,8,42,9,19,187,no_route,0,0
LEO_V1_1_REQUALIFICATION_20260920,ofat_comparative,interferenceDb__25p0__lqi,f36d0510e3dbb0d3c9adffa565c74ad2c5026b77fa1cf04b411ba46f49f4c520,triangle,2.5,lqi,1,3,8,42,9,19,188,no_route,0,0
LEO_V1_1_REQUALIFICATION_20260920,ofat_comparative,interferenceDb__25p0__lqi,f36d0510e3dbb0d3c9adffa565c74ad2c5026b77fa1cf04b411ba46f49f4c520,triangle,2.5,lqi,1,3,8,42,9,19,189,no_route,0,0
LEO_V1_1_REQUALIFICATION_20260920,ofat_comparative,interferenceDb__25p0__lqi,f36d0510e3dbb0d3c9adffa565c74ad2c5026b77fa1cf04b411ba46f49f4c520,triangle,2.5,lqi,1,3,9,42,10,1,0,success,12161961113530546194,1
LEO_V1_1_REQUALIFICATION_20260920,ofat_comparative,interferenceDb__25p0__lqi,f36d0510e3dbb0d3c9adffa565c74ad2c5026b77fa1cf04b411ba46f49f4c520,triangle,2.5,lqi,1,3,9,42,10,1,1,success,12161961113530546194,1
LEO_V1_1_REQUALIFICATION_20260920,ofat_comparative,interferenceDb__25p0__lqi,f36d0510e3dbb0d3c9adffa565c74ad2c5026b77fa1cf04b411ba46f49f4c520,triangle,2.5,lqi,1,3,9,42,10,1,2,success,12161961113530546194,1
LEO_V1_1_REQUALIFICATION_20260920,ofat_comparative,interferenceDb__25p0__lqi,f36d0510e3dbb0d3c9adffa565c74ad2c5026b77fa1cf04b411ba46f49f4c520,triangle,2.5,lqi,1,3,9,42,10,1,3,success,12161961113530546194,1
LEO_V1_1_REQUALIFICATION_20260920,ofat_comparative,interferenceDb__25p0__lqi,f36d0510e3dbb0d3c9adffa565c74ad2c5026b77fa1cf04b411ba46f49f4c520,triangle,2.5,lqi,1,3,9,42,10,1,4,success,12161961113530546194,1
LEO_V1_1_REQUALIFICATION_20260920,ofat_comparative,interferenceDb__25p0__lqi,f36d0510e3dbb0d3c9adffa565c74ad2c5026b77fa1cf04b411ba46f49f4c520,triangle,2.5,lqi,1,3,9,42,10,1,5,success,12161961113530546194,1
LEO_V1_1_REQUALIFICATION_20260920,ofat_comparative,interferenceDb__25p0__lqi,f36d0510e3dbb0d3c9adffa565c74ad2c5026b77fa1cf04b411ba46f49f4c520,triangle,2.5,lqi,1,3,9,42,10,1,6,success,12161961113530546194,1
LEO_V1_1_REQUALIFICATION_20260920,ofat_comparative,interferenceDb__25p0__lqi,f36d0510e3dbb0d3c9adffa565c74ad2c5026b77fa1cf04b411ba46f49f4c520,triangle,2.5,lqi,1,3,9,42,10,1,7,success,12161961113530546194,1
LEO_V1_1_REQUALIFICATION_20260920,ofat_comparative,interferenceDb__25p0__lqi,f36d0510e3dbb0d3c9adffa565c74ad2c5026b77fa1cf04b411ba46f49f4c520,triangle,2.5,lqi,1,3,9,42,10,1,8,success,12161961113530546194,1
LEO_V1_1_REQUALIFICATION_20260920,ofat_comparative,interferenceDb__25p0__lqi,f36d0510e3dbb0d3c9adffa565c74ad2c5026b77fa1cf04b411ba46f49f4c520,triangle,2.5,lqi,1,3,9,42,10,1,9,success,12161961113530546194,1
LEO_V1_1_REQUALIFICATION_20260920,ofat_comparative,interferenceDb__25p0__lqi,f36d0510e3dbb0d3c9adffa565c74ad2c5026b77fa1cf04b411ba46f49f4c520,triangle,2.5,lqi,1,3,9,42,10,2,10,success,12161960014018917983,1
LEO_V1_1_REQUALIFICATION_20260920,ofat_comparative,interferenceDb__25p0__lqi,f36d0510e3dbb0d3c9adffa565c74ad2c5026b77fa1cf04b411ba46f49f4c520,triangle,2.5,lqi,1,3,9,42,10,2,11,success,12161960014018917983,1
LEO_V1_1_REQUALIFICATION_20260920,ofat_comparative,interferenceDb__25p0__lqi,f36d0510e3dbb0d3c9adffa565c74ad2c5026b77fa1cf04b411ba46f49f4c520,triangle,2.5,lqi,1,3,9,42,10,2,12,success,12161960014018917983,1
LEO_V1_1_REQUALIFICATION_20260920,ofat_comparative,interferenceDb__25p0__lqi,f36d0510e3dbb0d3c9adffa565c74ad2c5026b77fa1cf04b411ba46f49f4c520,triangle,2.5,lqi,1,3,9,42,10,2,13,success,12161960014018917983,1
LEO_V1_1_REQUALIFICATION_20260920,ofat_comparative,interferenceDb__25p0__lqi,f36d0510e3dbb0d3c9adffa565c74ad2c5026b77fa1cf04b411ba46f49f4c520,triangle,2.5,lqi,1,3,9,42,10,2,14,success,12161960014018917983,1
LEO_V1_1_REQUALIFICATION_20260920,ofat_comparative,interferenceDb__25p0__lqi,f36d0510e3dbb0d3c9adffa565c74ad2c5026b77fa1cf04b411ba46f49f4c520,triangle,2.5,lqi,1,3,9,42,10,2,15,success,12161960014018917983,1
LEO_V1_1_REQUALIFICATION_20260920,ofat_comparative,interferenceDb__25p0__lqi,f36d0510e3dbb0d3c9adffa565c74ad2c5026b77fa1cf04b411ba46f49f4c520,triangle,2.5,lqi,1,3,9,42,10,2,16,success,12161960014018917983,1
LEO_V1_1_REQUALIFICATION_20260920,ofat_comparative,interferenceDb__25p0__lqi,f36d0510e3dbb0d3c9adffa565c74ad2c5026b77fa1cf04b411ba46f49f4c520,triangle,2.5,lqi,1,3,9,42,10,2,17,success,12161960014018917983,1
LEO_V1_1_REQUALIFICATION_20260920,ofat_comparative,interferenceDb__25p0__lqi,f36d0510e3dbb0d3c9adffa565c74ad2c5026b77fa1cf04b411ba46f49f4c520,triangle,2.5,lqi,1,3,9,42,10,2,18,success,12161960014018917983,1
LEO_V1_1_REQUALIFICATION_20260920,ofat_comparative,interferenceDb__25p0__lqi,f36d0510e3dbb0d3c9adffa565c74ad2c5026b77fa1cf04b411ba46f49f4c520,triangle,2.5,lqi,1,3,9,42,10,2,19,success,12161960014018917983,1
LEO_V1_1_REQUALIFICATION_20260920,ofat_comparative,interferenceDb__25p0__lqi,f36d0510e3dbb0d3c9adffa565c74ad2c5026b77fa1cf04b411ba46f49f4c520,triangle,2.5,lqi,1,3,9,42,10,3,20,success,15805390618127343269,3
LEO_V1_1_REQUALIFICATION_20260920,ofat_comparative,interferenceDb__25p0__lqi,f36d0510e3dbb0d3c9adffa565c74ad2c5026b77fa1cf04b411ba46f49f4c520,triangle,2.5,lqi,1,3,9,42,10,3,21,success,15805390618127343269,3
LEO_V1_1_REQUALIFICATION_20260920,ofat_comparative,interferenceDb__25p0__lqi,f36d0510e3dbb0d3c9adffa565c74ad2c5026b77fa1cf04b411ba46f49f4c520,triangle,2.5,lqi,1,3,9,42,10,3,22,success,15805390618127343269,3
LEO_V1_1_REQUALIFICATION_20260920,ofat_comparative,interferenceDb__25p0__lqi,f36d0510e3dbb0d3c9adffa565c74ad2c5026b77fa1cf04b411ba46f49f4c520,triangle,2.5,lqi,1,3,9,42,10,3,23,success,15805390618127343269,3
LEO_V1_1_REQUALIFICATION_20260920,ofat_comparative,interferenceDb__25p0__lqi,f36d0510e3dbb0d3c9adffa565c74ad2c5026b77fa1cf04b411ba46f49f4c520,triangle,2.5,lqi,1,3,9,42,10,3,24,success,15805390618127343269,3
LEO_V1_1_REQUALIFICATION_20260920,ofat_comparative,interferenceDb__25p0__lqi,f36d0510e3dbb0d3c9adffa565c74ad2c5026b77fa1cf04b411ba46f49f4c520,triangle,2.5,lqi,1,3,9,42,10,3,25,success,15805390618127343269,3
LEO_V1_1_REQUALIFICATION_20260920,ofat_comparative,interferenceDb__25p0__lqi,f36d0510e3dbb0d3c9adffa565c74ad2c5026b77fa1cf04b411ba46f49f4c520,triangle,2.5,lqi,1,3,9,42,10,3,26,success,15805390618127343269,3
LEO_V1_1_REQUALIFICATION_20260920,ofat_comparative,interferenceDb__25p0__lqi,f36d0510e3dbb0d3c9adffa565c74ad2c5026b77fa1cf04b411ba46f49f4c520,triangle,2.5,lqi,1,3,9,42,10,3,27,timeout,0,0
LEO_V1_1_REQUALIFICATION_20260920,ofat_comparative,interferenceDb__25p0__lqi,f36d0510e3dbb0d3c9adffa565c74ad2c5026b77fa1cf04b411ba46f49f4c520,triangle,2.5,lqi,1,3,9,42,10,3,28,no_route,0,0
LEO_V1_1_REQUALIFICATION_20260920,ofat_comparative,interferenceDb__25p0__lqi,f36d0510e3dbb0d3c9adffa565c74ad2c5026b77fa1cf04b411ba46f49f4c520,triangle,2.5,lqi,1,3,9,42,10,3,29,success,4254190280069190018,2
LEO_V1_1_REQUALIFICATION_20260920,ofat_comparative,interferenceDb__25p0__lqi,f36d0510e3dbb0d3c9adffa565c74ad2c5026b77fa1cf04b411ba46f49f4c520,triangle,2.5,lqi,1,3,9,42,10,4,30,success,4254184782511048963,2
LEO_V1_1_REQUALIFICATION_20260920,ofat_comparative,interferenceDb__25p0__lqi,f36d0510e3dbb0d3c9adffa565c74ad2c5026b77fa1cf04b411ba46f49f4c520,triangle,2.5,lqi,1,3,9,42,10,4,31,success,4254184782511048963,2
LEO_V1_1_REQUALIFICATION_20260920,ofat_comparative,interferenceDb__25p0__lqi,f36d0510e3dbb0d3c9adffa565c74ad2c5026b77fa1cf04b411ba46f49f4c520,triangle,2.5,lqi,1,3,9,42,10,4,32,success,4254184782511048963,2
LEO_V1_1_REQUALIFICATION_20260920,ofat_comparative,interferenceDb__25p0__lqi,f36d0510e3dbb0d3c9adffa565c74ad2c5026b77fa1cf04b411ba46f49f4c520,triangle,2.5,lqi,1,3,9,42,10,4,33,success,4254184782511048963,2
LEO_V1_1_REQUALIFICATION_20260920,ofat_comparative,interferenceDb__25p0__lqi,f36d0510e3dbb0d3c9adffa565c74ad2c5026b77fa1cf04b411ba46f49f4c520,triangle,2.5,lqi,1,3,9,42,10,4,34,success,4254184782511048963,2
LEO_V1_1_REQUALIFICATION_20260920,ofat_comparative,interferenceDb__25p0__lqi,f36d0510e3dbb0d3c9adffa565c74ad2c5026b77fa1cf04b411ba46f49f4c520,triangle,2.5,lqi,1,3,9,42,10,4,35,success,4254184782511048963,2
LEO_V1_1_REQUALIFICATION_20260920,ofat_comparative,interferenceDb__25p0__lqi,f36d0510e3dbb0d3c9adffa565c74ad2c5026b77fa1cf04b411ba46f49f4c520,triangle,2.5,lqi,1,3,9,42,10,4,36,success,4254184782511048963,2
LEO_V1_1_REQUALIFICATION_20260920,ofat_comparative,interferenceDb__25p0__lqi,f36d0510e3dbb0d3c9adffa565c74ad2c5026b77fa1cf04b411ba46f49f4c520,triangle,2.5,lqi,1,3,9,42,10,4,37,success,4254184782511048963,2
LEO_V1_1_REQUALIFICATION_20260920,ofat_comparative,interferenceDb__25p0__lqi,f36d0510e3dbb0d3c9adffa565c74ad2c5026b77fa1cf04b411ba46f49f4c520,triangle,2.5,lqi,1,3,9,42,10,4,38,success,4254184782511048963,2
LEO_V1_1_REQUALIFICATION_20260920,ofat_comparative,interferenceDb__25p0__lqi,f36d0510e3dbb0d3c9adffa565c74ad2c5026b77fa1cf04b411ba46f49f4c520,triangle,2.5,lqi,1,3,9,42,10,4,39,success,4254184782511048963,2
LEO_V1_1_REQUALIFICATION_20260920,ofat_comparative,interferenceDb__25p0__lqi,f36d0510e3dbb0d3c9adffa565c74ad2c5026b77fa1cf04b411ba46f49f4c520,triangle,2.5,lqi,1,3,9,42,10,5,40,success,16719299368067595120,3
LEO_V1_1_REQUALIFICATION_20260920,ofat_comparative,interferenceDb__25p0__lqi,f36d0510e3dbb0d3c9adffa565c74ad2c5026b77fa1cf04b411ba46f49f4c520,triangle,2.5,lqi,1,3,9,42,10,5,41,timeout,0,0
LEO_V1_1_REQUALIFICATION_20260920,ofat_comparative,interferenceDb__25p0__lqi,f36d0510e3dbb0d3c9adffa565c74ad2c5026b77fa1cf04b411ba46f49f4c520,triangle,2.5,lqi,1,3,9,42,10,5,42,no_route,0,0
LEO_V1_1_REQUALIFICATION_20260920,ofat_comparative,interferenceDb__25p0__lqi,f36d0510e3dbb0d3c9adffa565c74ad2c5026b77fa1cf04b411ba46f49f4c520,triangle,2.5,lqi,1,3,9,42,10,5,43,timeout,0,0
LEO_V1_1_REQUALIFICATION_20260920,ofat_comparative,interferenceDb__25p0__lqi,f36d0510e3dbb0d3c9adffa565c74ad2c5026b77fa1cf04b411ba46f49f4c520,triangle,2.5,lqi,1,3,9,42,10,5,44,no_route,0,0
LEO_V1_1_REQUALIFICATION_20260920,ofat_comparative,interferenceDb__25p0__lqi,f36d0510e3dbb0d3c9adffa565c74ad2c5026b77fa1cf04b411ba46f49f4c520,triangle,2.5,lqi,1,3,9,42,10,5,45,success,3355158994540549068,3
LEO_V1_1_REQUALIFICATION_20260920,ofat_comparative,interferenceDb__25p0__lqi,f36d0510e3dbb0d3c9adffa565c74ad2c5026b77fa1cf04b411ba46f49f4c520,triangle,2.5,lqi,1,3,9,42,10,5,46,success,3355158994540549068,3
LEO_V1_1_REQUALIFICATION_20260920,ofat_comparative,interferenceDb__25p0__lqi,f36d0510e3dbb0d3c9adffa565c74ad2c5026b77fa1cf04b411ba46f49f4c520,triangle,2.5,lqi,1,3,9,42,10,5,47,success,3355158994540549068,3
LEO_V1_1_REQUALIFICATION_20260920,ofat_comparative,interferenceDb__25p0__lqi,f36d0510e3dbb0d3c9adffa565c74ad2c5026b77fa1cf04b411ba46f49f4c520,triangle,2.5,lqi,1,3,9,42,10,5,48,success,3355158994540549068,3
LEO_V1_1_REQUALIFICATION_20260920,ofat_comparative,interferenceDb__25p0__lqi,f36d0510e3dbb0d3c9adffa565c74ad2c5026b77fa1cf04b411ba46f49f4c520,triangle,2.5,lqi,1,3,9,42,10,5,49,success,3355158994540549068,3
LEO_V1_1_REQUALIFICATION_20260920,ofat_comparative,interferenceDb__25p0__lqi,f36d0510e3dbb0d3c9adffa565c74ad2c5026b77fa1cf04b411ba46f49f4c520,triangle,2.5,lqi,1,3,9,42,10,6,50,timeout,0,0
LEO_V1_1_REQUALIFICATION_20260920,ofat_comparative,interferenceDb__25p0__lqi,f36d0510e3dbb0d3c9adffa565c74ad2c5026b77fa1cf04b411ba46f49f4c520,triangle,2.5,lqi,1,3,9,42,10,6,51,no_route,0,0
LEO_V1_1_REQUALIFICATION_20260920,ofat_comparative,interferenceDb__25p0__lqi,f36d0510e3dbb0d3c9adffa565c74ad2c5026b77fa1cf04b411ba46f49f4c520,triangle,2.5,lqi,1,3,9,42,10,6,52,success,3355162293075433701,3
LEO_V1_1_REQUALIFICATION_20260920,ofat_comparative,interferenceDb__25p0__lqi,f36d0510e3dbb0d3c9adffa565c74ad2c5026b77fa1cf04b411ba46f49f4c520,triangle,2.5,lqi,1,3,9,42,10,6,53,success,3355162293075433701,3
LEO_V1_1_REQUALIFICATION_20260920,ofat_comparative,interferenceDb__25p0__lqi,f36d0510e3dbb0d3c9adffa565c74ad2c5026b77fa1cf04b411ba46f49f4c520,triangle,2.5,lqi,1,3,9,42,10,6,54,success,3355162293075433701,3
LEO_V1_1_REQUALIFICATION_20260920,ofat_comparative,interferenceDb__25p0__lqi,f36d0510e3dbb0d3c9adffa565c74ad2c5026b77fa1cf04b411ba46f49f4c520,triangle,2.5,lqi,1,3,9,42,10,6,55,success,3355162293075433701,3
LEO_V1_1_REQUALIFICATION_20260920,ofat_comparative,interferenceDb__25p0__lqi,f36d0510e3dbb0d3c9adffa565c74ad2c5026b77fa1cf04b411ba46f49f4c520,triangle,2.5,lqi,1,3,9,42,10,6,56,success,3355162293075433701,3
LEO_V1_1_REQUALIFICATION_20260920,ofat_comparative,interferenceDb__25p0__lqi,f36d0510e3dbb0d3c9adffa565c74ad2c5026b77fa1cf04b411ba46f49f4c520,triangle,2.5,lqi,1,3,9,42,10,6,57,success,3355162293075433701,3
LEO_V1_1_REQUALIFICATION_20260920,ofat_comparative,interferenceDb__25p0__lqi,f36d0510e3dbb0d3c9adffa565c74ad2c5026b77fa1cf04b411ba46f49f4c520,triangle,2.5,lqi,1,3,9,42,10,6,58,success,3355162293075433701,3
LEO_V1_1_REQUALIFICATION_20260920,ofat_comparative,interferenceDb__25p0__lqi,f36d0510e3dbb0d3c9adffa565c74ad2c5026b77fa1cf04b411ba46f49f4c520,triangle,2.5,lqi,1,3,9,42,10,6,59,success,3355162293075433701,3
LEO_V1_1_REQUALIFICATION_20260920,ofat_comparative,interferenceDb__25p0__lqi,f36d0510e3dbb0d3c9adffa565c74ad2c5026b77fa1cf04b411ba46f49f4c520,triangle,2.5,lqi,1,3,9,42,10,7,60,success,12161954516460776928,1
LEO_V1_1_REQUALIFICATION_20260920,ofat_comparative,interferenceDb__25p0__lqi,f36d0510e3dbb0d3c9adffa565c74ad2c5026b77fa1cf04b411ba46f49f4c520,triangle,2.5,lqi,1,3,9,42,10,7,61,success,12161954516460776928,1
LEO_V1_1_REQUALIFICATION_20260920,ofat_comparative,interferenceDb__25p0__lqi,f36d0510e3dbb0d3c9adffa565c74ad2c5026b77fa1cf04b411ba46f49f4c520,triangle,2.5,lqi,1,3,9,42,10,7,62,success,12161954516460776928,1
LEO_V1_1_REQUALIFICATION_20260920,ofat_comparative,interferenceDb__25p0__lqi,f36d0510e3dbb0d3c9adffa565c74ad2c5026b77fa1cf04b411ba46f49f4c520,triangle,2.5,lqi,1,3,9,42,10,7,63,success,12161954516460776928,1
LEO_V1_1_REQUALIFICATION_20260920,ofat_comparative,interferenceDb__25p0__lqi,f36d0510e3dbb0d3c9adffa565c74ad2c5026b77fa1cf04b411ba46f49f4c520,triangle,2.5,lqi,1,3,9,42,10,7,64,success,12161954516460776928,1
LEO_V1_1_REQUALIFICATION_20260920,ofat_comparative,interferenceDb__25p0__lqi,f36d0510e3dbb0d3c9adffa565c74ad2c5026b77fa1cf04b411ba46f49f4c520,triangle,2.5,lqi,1,3,9,42,10,7,65,success,12161954516460776928,1
LEO_V1_1_REQUALIFICATION_20260920,ofat_comparative,interferenceDb__25p0__lqi,f36d0510e3dbb0d3c9adffa565c74ad2c5026b77fa1cf04b411ba46f49f4c520,triangle,2.5,lqi,1,3,9,42,10,7,66,success,12161954516460776928,1
LEO_V1_1_REQUALIFICATION_20260920,ofat_comparative,interferenceDb__25p0__lqi,f36d0510e3dbb0d3c9adffa565c74ad2c5026b77fa1cf04b411ba46f49f4c520,triangle,2.5,lqi,1,3,9,42,10,7,67,success,12161954516460776928,1
LEO_V1_1_REQUALIFICATION_20260920,ofat_comparative,interferenceDb__25p0__lqi,f36d0510e3dbb0d3c9adffa565c74ad2c5026b77fa1cf04b411ba46f49f4c520,triangle,2.5,lqi,1,3,9,42,10,7,68,success,12161954516460776928,1
LEO_V1_1_REQUALIFICATION_20260920,ofat_comparative,interferenceDb__25p0__lqi,f36d0510e3dbb0d3c9adffa565c74ad2c5026b77fa1cf04b411ba46f49f4c520,triangle,2.5,lqi,1,3,9,42,10,7,69,success,12161954516460776928,1
LEO_V1_1_REQUALIFICATION_20260920,ofat_comparative,interferenceDb__25p0__lqi,f36d0510e3dbb0d3c9adffa565c74ad2c5026b77fa1cf04b411ba46f49f4c520,triangle,2.5,lqi,1,3,9,42,10,8,70,success,12161971009135200093,1
LEO_V1_1_REQUALIFICATION_20260920,ofat_comparative,interferenceDb__25p0__lqi,f36d0510e3dbb0d3c9adffa565c74ad2c5026b77fa1cf04b411ba46f49f4c520,triangle,2.5,lqi,1,3,9,42,10,8,71,success,12161971009135200093,1
LEO_V1_1_REQUALIFICATION_20260920,ofat_comparative,interferenceDb__25p0__lqi,f36d0510e3dbb0d3c9adffa565c74ad2c5026b77fa1cf04b411ba46f49f4c520,triangle,2.5,lqi,1,3,9,42,10,8,72,success,12161971009135200093,1
LEO_V1_1_REQUALIFICATION_20260920,ofat_comparative,interferenceDb__25p0__lqi,f36d0510e3dbb0d3c9adffa565c74ad2c5026b77fa1cf04b411ba46f49f4c520,triangle,2.5,lqi,1,3,9,42,10,8,73,success,12161971009135200093,1
LEO_V1_1_REQUALIFICATION_20260920,ofat_comparative,interferenceDb__25p0__lqi,f36d0510e3dbb0d3c9adffa565c74ad2c5026b77fa1cf04b411ba46f49f4c520,triangle,2.5,lqi,1,3,9,42,10,8,74,success,12161971009135200093,1
LEO_V1_1_REQUALIFICATION_20260920,ofat_comparative,interferenceDb__25p0__lqi,f36d0510e3dbb0d3c9adffa565c74ad2c5026b77fa1cf04b411ba46f49f4c520,triangle,2.5,lqi,1,3,9,42,10,8,75,success,12161971009135200093,1
LEO_V1_1_REQUALIFICATION_20260920,ofat_comparative,interferenceDb__25p0__lqi,f36d0510e3dbb0d3c9adffa565c74ad2c5026b77fa1cf04b411ba46f49f4c520,triangle,2.5,lqi,1,3,9,42,10,8,76,success,12161971009135200093,1
LEO_V1_1_REQUALIFICATION_20260920,ofat_comparative,interferenceDb__25p0__lqi,f36d0510e3dbb0d3c9adffa565c74ad2c5026b77fa1cf04b411ba46f49f4c520,triangle,2.5,lqi,1,3,9,42,10,8,77,success,12161971009135200093,1
LEO_V1_1_REQUALIFICATION_20260920,ofat_comparative,interferenceDb__25p0__lqi,f36d0510e3dbb0d3c9adffa565c74ad2c5026b77fa1cf04b411ba46f49f4c520,triangle,2.5,lqi,1,3,9,42,10,8,78,success,12161971009135200093,1
LEO_V1_1_REQUALIFICATION_20260920,ofat_comparative,interferenceDb__25p0__lqi,f36d0510e3dbb0d3c9adffa565c74ad2c5026b77fa1cf04b411ba46f49f4c520,triangle,2.5,lqi,1,3,9,42,10,8,79,success,12161971009135200093,1
LEO_V1_1_REQUALIFICATION_20260920,ofat_comparative,interferenceDb__25p0__lqi,f36d0510e3dbb0d3c9adffa565c74ad2c5026b77fa1cf04b411ba46f49f4c520,triangle,2.5,lqi,1,3,9,42,10,9,80,success,18131355419705379627,2
LEO_V1_1_REQUALIFICATION_20260920,ofat_comparative,interferenceDb__25p0__lqi,f36d0510e3dbb0d3c9adffa565c74ad2c5026b77fa1cf04b411ba46f49f4c520,triangle,2.5,lqi,1,3,9,42,10,9,81,success,18131355419705379627,2
LEO_V1_1_REQUALIFICATION_20260920,ofat_comparative,interferenceDb__25p0__lqi,f36d0510e3dbb0d3c9adffa565c74ad2c5026b77fa1cf04b411ba46f49f4c520,triangle,2.5,lqi,1,3,9,42,10,9,82,success,18131355419705379627,2
LEO_V1_1_REQUALIFICATION_20260920,ofat_comparative,interferenceDb__25p0__lqi,f36d0510e3dbb0d3c9adffa565c74ad2c5026b77fa1cf04b411ba46f49f4c520,triangle,2.5,lqi,1,3,9,42,10,9,83,timeout,0,0
LEO_V1_1_REQUALIFICATION_20260920,ofat_comparative,interferenceDb__25p0__lqi,f36d0510e3dbb0d3c9adffa565c74ad2c5026b77fa1cf04b411ba46f49f4c520,triangle,2.5,lqi,1,3,9,42,10,9,84,no_route,0,0
LEO_V1_1_REQUALIFICATION_20260920,ofat_comparative,interferenceDb__25p0__lqi,f36d0510e3dbb0d3c9adffa565c74ad2c5026b77fa1cf04b411ba46f49f4c520,triangle,2.5,lqi,1,3,9,42,10,9,85,success,18131355419705379627,2
LEO_V1_1_REQUALIFICATION_20260920,ofat_comparative,interferenceDb__25p0__lqi,f36d0510e3dbb0d3c9adffa565c74ad2c5026b77fa1cf04b411ba46f49f4c520,triangle,2.5,lqi,1,3,9,42,10,9,86,success,18131355419705379627,2
LEO_V1_1_REQUALIFICATION_20260920,ofat_comparative,interferenceDb__25p0__lqi,f36d0510e3dbb0d3c9adffa565c74ad2c5026b77fa1cf04b411ba46f49f4c520,triangle,2.5,lqi,1,3,9,42,10,9,87,success,18131355419705379627,2
LEO_V1_1_REQUALIFICATION_20260920,ofat_comparative,interferenceDb__25p0__lqi,f36d0510e3dbb0d3c9adffa565c74ad2c5026b77fa1cf04b411ba46f49f4c520,triangle,2.5,lqi,1,3,9,42,10,9,88,success,18131355419705379627,2
LEO_V1_1_REQUALIFICATION_20260920,ofat_comparative,interferenceDb__25p0__lqi,f36d0510e3dbb0d3c9adffa565c74ad2c5026b77fa1cf04b411ba46f49f4c520,triangle,2.5,lqi,1,3,9,42,10,9,89,success,18131355419705379627,2
LEO_V1_1_REQUALIFICATION_20260920,ofat_comparative,interferenceDb__25p0__lqi,f36d0510e3dbb0d3c9adffa565c74ad2c5026b77fa1cf04b411ba46f49f4c520,triangle,2.5,lqi,1,3,9,42,10,10,90,success,16550409214862684870,3
LEO_V1_1_REQUALIFICATION_20260920,ofat_comparative,interferenceDb__25p0__lqi,f36d0510e3dbb0d3c9adffa565c74ad2c5026b77fa1cf04b411ba46f49f4c520,triangle,2.5,lqi,1,3,9,42,10,10,91,success,16550409214862684870,3
LEO_V1_1_REQUALIFICATION_20260920,ofat_comparative,interferenceDb__25p0__lqi,f36d0510e3dbb0d3c9adffa565c74ad2c5026b77fa1cf04b411ba46f49f4c520,triangle,2.5,lqi,1,3,9,42,10,10,92,success,16550409214862684870,3
LEO_V1_1_REQUALIFICATION_20260920,ofat_comparative,interferenceDb__25p0__lqi,f36d0510e3dbb0d3c9adffa565c74ad2c5026b77fa1cf04b411ba46f49f4c520,triangle,2.5,lqi,1,3,9,42,10,10,93,success,16550409214862684870,3
LEO_V1_1_REQUALIFICATION_20260920,ofat_comparative,interferenceDb__25p0__lqi,f36d0510e3dbb0d3c9adffa565c74ad2c5026b77fa1cf04b411ba46f49f4c520,triangle,2.5,lqi,1,3,9,42,10,10,94,success,16550409214862684870,3
LEO_V1_1_REQUALIFICATION_20260920,ofat_comparative,interferenceDb__25p0__lqi,f36d0510e3dbb0d3c9adffa565c74ad2c5026b77fa1cf04b411ba46f49f4c520,triangle,2.5,lqi,1,3,9,42,10,10,95,success,16550409214862684870,3
LEO_V1_1_REQUALIFICATION_20260920,ofat_comparative,interferenceDb__25p0__lqi,f36d0510e3dbb0d3c9adffa565c74ad2c5026b77fa1cf04b411ba46f49f4c520,triangle,2.5,lqi,1,3,9,42,10,10,96,success,16550409214862684870,3
LEO_V1_1_REQUALIFICATION_20260920,ofat_comparative,interferenceDb__25p0__lqi,f36d0510e3dbb0d3c9adffa565c74ad2c5026b77fa1cf04b411ba46f49f4c520,triangle,2.5,lqi,1,3,9,42,10,10,97,success,16550409214862684870,3
LEO_V1_1_REQUALIFICATION_20260920,ofat_comparative,interferenceDb__25p0__lqi,f36d0510e3dbb0d3c9adffa565c74ad2c5026b77fa1cf04b411ba46f49f4c520,triangle,2.5,lqi,1,3,9,42,10,10,98,success,16550409214862684870,3
LEO_V1_1_REQUALIFICATION_20260920,ofat_comparative,interferenceDb__25p0__lqi,f36d0510e3dbb0d3c9adffa565c74ad2c5026b77fa1cf04b411ba46f49f4c520,triangle,2.5,lqi,1,3,9,42,10,10,99,success,16550409214862684870,3
LEO_V1_1_REQUALIFICATION_20260920,ofat_comparative,interferenceDb__25p0__lqi,f36d0510e3dbb0d3c9adffa565c74ad2c5026b77fa1cf04b411ba46f49f4c520,triangle,2.5,lqi,1,3,9,42,10,11,100,success,17464325661384334198,3
LEO_V1_1_REQUALIFICATION_20260920,ofat_comparative,interferenceDb__25p0__lqi,f36d0510e3dbb0d3c9adffa565c74ad2c5026b77fa1cf04b411ba46f49f4c520,triangle,2.5,lqi,1,3,9,42,10,11,101,success,17464325661384334198,3
LEO_V1_1_REQUALIFICATION_20260920,ofat_comparative,interferenceDb__25p0__lqi,f36d0510e3dbb0d3c9adffa565c74ad2c5026b77fa1cf04b411ba46f49f4c520,triangle,2.5,lqi,1,3,9,42,10,11,102,success,17464325661384334198,3
LEO_V1_1_REQUALIFICATION_20260920,ofat_comparative,interferenceDb__25p0__lqi,f36d0510e3dbb0d3c9adffa565c74ad2c5026b77fa1cf04b411ba46f49f4c520,triangle,2.5,lqi,1,3,9,42,10,11,103,success,17464325661384334198,3
LEO_V1_1_REQUALIFICATION_20260920,ofat_comparative,interferenceDb__25p0__lqi,f36d0510e3dbb0d3c9adffa565c74ad2c5026b77fa1cf04b411ba46f49f4c520,triangle,2.5,lqi,1,3,9,42,10,11,104,timeout,0,0
LEO_V1_1_REQUALIFICATION_20260920,ofat_comparative,interferenceDb__25p0__lqi,f36d0510e3dbb0d3c9adffa565c74ad2c5026b77fa1cf04b411ba46f49f4c520,triangle,2.5,lqi,1,3,9,42,10,11,105,no_route,0,0
LEO_V1_1_REQUALIFICATION_20260920,ofat_comparative,interferenceDb__25p0__lqi,f36d0510e3dbb0d3c9adffa565c74ad2c5026b77fa1cf04b411ba46f49f4c520,triangle,2.5,lqi,1,3,9,42,10,11,106,success,17464325661384334198,3
LEO_V1_1_REQUALIFICATION_20260920,ofat_comparative,interferenceDb__25p0__lqi,f36d0510e3dbb0d3c9adffa565c74ad2c5026b77fa1cf04b411ba46f49f4c520,triangle,2.5,lqi,1,3,9,42,10,11,107,success,17464325661384334198,3
LEO_V1_1_REQUALIFICATION_20260920,ofat_comparative,interferenceDb__25p0__lqi,f36d0510e3dbb0d3c9adffa565c74ad2c5026b77fa1cf04b411ba46f49f4c520,triangle,2.5,lqi,1,3,9,42,10,11,108,success,17464325661384334198,3
LEO_V1_1_REQUALIFICATION_20260920,ofat_comparative,interferenceDb__25p0__lqi,f36d0510e3dbb0d3c9adffa565c74ad2c5026b77fa1cf04b411ba46f49f4c520,triangle,2.5,lqi,1,3,9,42,10,11,109,success,17464325661384334198,3
LEO_V1_1_REQUALIFICATION_20260920,ofat_comparative,interferenceDb__25p0__lqi,f36d0510e3dbb0d3c9adffa565c74ad2c5026b77fa1cf04b411ba46f49f4c520,triangle,2.5,lqi,1,3,9,42,10,12,110,success,18378246505952496370,3
LEO_V1_1_REQUALIFICATION_20260920,ofat_comparative,interferenceDb__25p0__lqi,f36d0510e3dbb0d3c9adffa565c74ad2c5026b77fa1cf04b411ba46f49f4c520,triangle,2.5,lqi,1,3,9,42,10,12,111,success,18378246505952496370,3
LEO_V1_1_REQUALIFICATION_20260920,ofat_comparative,interferenceDb__25p0__lqi,f36d0510e3dbb0d3c9adffa565c74ad2c5026b77fa1cf04b411ba46f49f4c520,triangle,2.5,lqi,1,3,9,42,10,12,112,timeout,0,0
LEO_V1_1_REQUALIFICATION_20260920,ofat_comparative,interferenceDb__25p0__lqi,f36d0510e3dbb0d3c9adffa565c74ad2c5026b77fa1cf04b411ba46f49f4c520,triangle,2.5,lqi,1,3,9,42,10,12,113,no_route,0,0
LEO_V1_1_REQUALIFICATION_20260920,ofat_comparative,interferenceDb__25p0__lqi,f36d0510e3dbb0d3c9adffa565c74ad2c5026b77fa1cf04b411ba46f49f4c520,triangle,2.5,lqi,1,3,9,42,10,12,114,timeout,0,0
LEO_V1_1_REQUALIFICATION_20260920,ofat_comparative,interferenceDb__25p0__lqi,f36d0510e3dbb0d3c9adffa565c74ad2c5026b77fa1cf04b411ba46f49f4c520,triangle,2.5,lqi,1,3,9,42,10,12,115,no_route,0,0
LEO_V1_1_REQUALIFICATION_20260920,ofat_comparative,interferenceDb__25p0__lqi,f36d0510e3dbb0d3c9adffa565c74ad2c5026b77fa1cf04b411ba46f49f4c520,triangle,2.5,lqi,1,3,9,42,10,12,116,timeout,0,0
LEO_V1_1_REQUALIFICATION_20260920,ofat_comparative,interferenceDb__25p0__lqi,f36d0510e3dbb0d3c9adffa565c74ad2c5026b77fa1cf04b411ba46f49f4c520,triangle,2.5,lqi,1,3,9,42,10,12,117,no_route,0,0
LEO_V1_1_REQUALIFICATION_20260920,ofat_comparative,interferenceDb__25p0__lqi,f36d0510e3dbb0d3c9adffa565c74ad2c5026b77fa1cf04b411ba46f49f4c520,triangle,2.5,lqi,1,3,9,42,10,12,118,timeout,0,0
LEO_V1_1_REQUALIFICATION_20260920,ofat_comparative,interferenceDb__25p0__lqi,f36d0510e3dbb0d3c9adffa565c74ad2c5026b77fa1cf04b411ba46f49f4c520,triangle,2.5,lqi,1,3,9,42,10,12,119,no_route,0,0
LEO_V1_1_REQUALIFICATION_20260920,ofat_comparative,interferenceDb__25p0__lqi,f36d0510e3dbb0d3c9adffa565c74ad2c5026b77fa1cf04b411ba46f49f4c520,triangle,2.5,lqi,1,3,9,42,10,13,120,no_route,0,0
LEO_V1_1_REQUALIFICATION_20260920,ofat_comparative,interferenceDb__25p0__lqi,f36d0510e3dbb0d3c9adffa565c74ad2c5026b77fa1cf04b411ba46f49f4c520,triangle,2.5,lqi,1,3,9,42,10,13,121,no_route,0,0
LEO_V1_1_REQUALIFICATION_20260920,ofat_comparative,interferenceDb__25p0__lqi,f36d0510e3dbb0d3c9adffa565c74ad2c5026b77fa1cf04b411ba46f49f4c520,triangle,2.5,lqi,1,3,9,42,10,13,122,no_route,0,0
LEO_V1_1_REQUALIFICATION_20260920,ofat_comparative,interferenceDb__25p0__lqi,f36d0510e3dbb0d3c9adffa565c74ad2c5026b77fa1cf04b411ba46f49f4c520,triangle,2.5,lqi,1,3,9,42,10,13,123,no_route,0,0
LEO_V1_1_REQUALIFICATION_20260920,ofat_comparative,interferenceDb__25p0__lqi,f36d0510e3dbb0d3c9adffa565c74ad2c5026b77fa1cf04b411ba46f49f4c520,triangle,2.5,lqi,1,3,9,42,10,13,124,no_route,0,0
LEO_V1_1_REQUALIFICATION_20260920,ofat_comparative,interferenceDb__25p0__lqi,f36d0510e3dbb0d3c9adffa565c74ad2c5026b77fa1cf04b411ba46f49f4c520,triangle,2.5,lqi,1,3,9,42,10,13,125,no_route,0,0
LEO_V1_1_REQUALIFICATION_20260920,ofat_comparative,interferenceDb__25p0__lqi,f36d0510e3dbb0d3c9adffa565c74ad2c5026b77fa1cf04b411ba46f49f4c520,triangle,2.5,lqi,1,3,9,42,10,13,126,no_route,0,0
LEO_V1_1_REQUALIFICATION_20260920,ofat_comparative,interferenceDb__25p0__lqi,f36d0510e3dbb0d3c9adffa565c74ad2c5026b77fa1cf04b411ba46f49f4c520,triangle,2.5,lqi,1,3,9,42,10,13,127,no_route,0,0
LEO_V1_1_REQUALIFICATION_20260920,ofat_comparative,interferenceDb__25p0__lqi,f36d0510e3dbb0d3c9adffa565c74ad2c5026b77fa1cf04b411ba46f49f4c520,triangle,2.5,lqi,1,3,9,42,10,13,128,no_route,0,0
LEO_V1_1_REQUALIFICATION_20260920,ofat_comparative,interferenceDb__25p0__lqi,f36d0510e3dbb0d3c9adffa565c74ad2c5026b77fa1cf04b411ba46f49f4c520,triangle,2.5,lqi,1,3,9,42,10,13,129,no_route,0,0
LEO_V1_1_REQUALIFICATION_20260920,ofat_comparative,interferenceDb__25p0__lqi,f36d0510e3dbb0d3c9adffa565c74ad2c5026b77fa1cf04b411ba46f49f4c520,triangle,2.5,lqi,1,3,9,42,10,14,130,no_route,0,0
LEO_V1_1_REQUALIFICATION_20260920,ofat_comparative,interferenceDb__25p0__lqi,f36d0510e3dbb0d3c9adffa565c74ad2c5026b77fa1cf04b411ba46f49f4c520,triangle,2.5,lqi,1,3,9,42,10,14,131,no_route,0,0
LEO_V1_1_REQUALIFICATION_20260920,ofat_comparative,interferenceDb__25p0__lqi,f36d0510e3dbb0d3c9adffa565c74ad2c5026b77fa1cf04b411ba46f49f4c520,triangle,2.5,lqi,1,3,9,42,10,14,132,no_route,0,0
LEO_V1_1_REQUALIFICATION_20260920,ofat_comparative,interferenceDb__25p0__lqi,f36d0510e3dbb0d3c9adffa565c74ad2c5026b77fa1cf04b411ba46f49f4c520,triangle,2.5,lqi,1,3,9,42,10,14,133,no_route,0,0
LEO_V1_1_REQUALIFICATION_20260920,ofat_comparative,interferenceDb__25p0__lqi,f36d0510e3dbb0d3c9adffa565c74ad2c5026b77fa1cf04b411ba46f49f4c520,triangle,2.5,lqi,1,3,9,42,10,14,134,no_route,0,0
LEO_V1_1_REQUALIFICATION_20260920,ofat_comparative,interferenceDb__25p0__lqi,f36d0510e3dbb0d3c9adffa565c74ad2c5026b77fa1cf04b411ba46f49f4c520,triangle,2.5,lqi,1,3,9,42,10,14,135,no_route,0,0
LEO_V1_1_REQUALIFICATION_20260920,ofat_comparative,interferenceDb__25p0__lqi,f36d0510e3dbb0d3c9adffa565c74ad2c5026b77fa1cf04b411ba46f49f4c520,triangle,2.5,lqi,1,3,9,42,10,14,136,no_route,0,0
LEO_V1_1_REQUALIFICATION_20260920,ofat_comparative,interferenceDb__25p0__lqi,f36d0510e3dbb0d3c9adffa565c74ad2c5026b77fa1cf04b411ba46f49f4c520,triangle,2.5,lqi,1,3,9,42,10,14,137,no_route,0,0
LEO_V1_1_REQUALIFICATION_20260920,ofat_comparative,interferenceDb__25p0__lqi,f36d0510e3dbb0d3c9adffa565c74ad2c5026b77fa1cf04b411ba46f49f4c520,triangle,2.5,lqi,1,3,9,42,10,14,138,no_route,0,0
LEO_V1_1_REQUALIFICATION_20260920,ofat_comparative,interferenceDb__25p0__lqi,f36d0510e3dbb0d3c9adffa565c74ad2c5026b77fa1cf04b411ba46f49f4c520,triangle,2.5,lqi,1,3,9,42,10,14,139,no_route,0,0
LEO_V1_1_REQUALIFICATION_20260920,ofat_comparative,interferenceDb__25p0__lqi,f36d0510e3dbb0d3c9adffa565c74ad2c5026b77fa1cf04b411ba46f49f4c520,triangle,2.5,lqi,1,3,9,42,10,15,140,no_route,0,0
LEO_V1_1_REQUALIFICATION_20260920,ofat_comparative,interferenceDb__25p0__lqi,f36d0510e3dbb0d3c9adffa565c74ad2c5026b77fa1cf04b411ba46f49f4c520,triangle,2.5,lqi,1,3,9,42,10,15,141,no_route,0,0
LEO_V1_1_REQUALIFICATION_20260920,ofat_comparative,interferenceDb__25p0__lqi,f36d0510e3dbb0d3c9adffa565c74ad2c5026b77fa1cf04b411ba46f49f4c520,triangle,2.5,lqi,1,3,9,42,10,15,142,no_route,0,0
LEO_V1_1_REQUALIFICATION_20260920,ofat_comparative,interferenceDb__25p0__lqi,f36d0510e3dbb0d3c9adffa565c74ad2c5026b77fa1cf04b411ba46f49f4c520,triangle,2.5,lqi,1,3,9,42,10,15,143,no_route,0,0
LEO_V1_1_REQUALIFICATION_20260920,ofat_comparative,interferenceDb__25p0__lqi,f36d0510e3dbb0d3c9adffa565c74ad2c5026b77fa1cf04b411ba46f49f4c520,triangle,2.5,lqi,1,3,9,42,10,15,144,no_route,0,0
LEO_V1_1_REQUALIFICATION_20260920,ofat_comparative,interferenceDb__25p0__lqi,f36d0510e3dbb0d3c9adffa565c74ad2c5026b77fa1cf04b411ba46f49f4c520,triangle,2.5,lqi,1,3,9,42,10,15,145,no_route,0,0
LEO_V1_1_REQUALIFICATION_20260920,ofat_comparative,interferenceDb__25p0__lqi,f36d0510e3dbb0d3c9adffa565c74ad2c5026b77fa1cf04b411ba46f49f4c520,triangle,2.5,lqi,1,3,9,42,10,15,146,no_route,0,0
LEO_V1_1_REQUALIFICATION_20260920,ofat_comparative,interferenceDb__25p0__lqi,f36d0510e3dbb0d3c9adffa565c74ad2c5026b77fa1cf04b411ba46f49f4c520,triangle,2.5,lqi,1,3,9,42,10,15,147,no_route,0,0
LEO_V1_1_REQUALIFICATION_20260920,ofat_comparative,interferenceDb__25p0__lqi,f36d0510e3dbb0d3c9adffa565c74ad2c5026b77fa1cf04b411ba46f49f4c520,triangle,2.5,lqi,1,3,9,42,10,15,148,no_route,0,0
LEO_V1_1_REQUALIFICATION_20260920,ofat_comparative,interferenceDb__25p0__lqi,f36d0510e3dbb0d3c9adffa565c74ad2c5026b77fa1cf04b411ba46f49f4c520,triangle,2.5,lqi,1,3,9,42,10,15,149,no_route,0,0
LEO_V1_1_REQUALIFICATION_20260920,ofat_comparative,interferenceDb__25p0__lqi,f36d0510e3dbb0d3c9adffa565c74ad2c5026b77fa1cf04b411ba46f49f4c520,triangle,2.5,lqi,1,3,9,42,10,16,150,no_route,0,0
LEO_V1_1_REQUALIFICATION_20260920,ofat_comparative,interferenceDb__25p0__lqi,f36d0510e3dbb0d3c9adffa565c74ad2c5026b77fa1cf04b411ba46f49f4c520,triangle,2.5,lqi,1,3,9,42,10,16,151,no_route,0,0
LEO_V1_1_REQUALIFICATION_20260920,ofat_comparative,interferenceDb__25p0__lqi,f36d0510e3dbb0d3c9adffa565c74ad2c5026b77fa1cf04b411ba46f49f4c520,triangle,2.5,lqi,1,3,9,42,10,16,152,no_route,0,0
LEO_V1_1_REQUALIFICATION_20260920,ofat_comparative,interferenceDb__25p0__lqi,f36d0510e3dbb0d3c9adffa565c74ad2c5026b77fa1cf04b411ba46f49f4c520,triangle,2.5,lqi,1,3,9,42,10,16,153,no_route,0,0
LEO_V1_1_REQUALIFICATION_20260920,ofat_comparative,interferenceDb__25p0__lqi,f36d0510e3dbb0d3c9adffa565c74ad2c5026b77fa1cf04b411ba46f49f4c520,triangle,2.5,lqi,1,3,9,42,10,16,154,no_route,0,0
LEO_V1_1_REQUALIFICATION_20260920,ofat_comparative,interferenceDb__25p0__lqi,f36d0510e3dbb0d3c9adffa565c74ad2c5026b77fa1cf04b411ba46f49f4c520,triangle,2.5,lqi,1,3,9,42,10,16,155,no_route,0,0
LEO_V1_1_REQUALIFICATION_20260920,ofat_comparative,interferenceDb__25p0__lqi,f36d0510e3dbb0d3c9adffa565c74ad2c5026b77fa1cf04b411ba46f49f4c520,triangle,2.5,lqi,1,3,9,42,10,16,156,no_route,0,0
LEO_V1_1_REQUALIFICATION_20260920,ofat_comparative,interferenceDb__25p0__lqi,f36d0510e3dbb0d3c9adffa565c74ad2c5026b77fa1cf04b411ba46f49f4c520,triangle,2.5,lqi,1,3,9,42,10,16,157,no_route,0,0
LEO_V1_1_REQUALIFICATION_20260920,ofat_comparative,interferenceDb__25p0__lqi,f36d0510e3dbb0d3c9adffa565c74ad2c5026b77fa1cf04b411ba46f49f4c520,triangle,2.5,lqi,1,3,9,42,10,16,158,no_route,0,0
LEO_V1_1_REQUALIFICATION_20260920,ofat_comparative,interferenceDb__25p0__lqi,f36d0510e3dbb0d3c9adffa565c74ad2c5026b77fa1cf04b411ba46f49f4c520,triangle,2.5,lqi,1,3,9,42,10,16,159,no_route,0,0
LEO_V1_1_REQUALIFICATION_20260920,ofat_comparative,interferenceDb__25p0__lqi,f36d0510e3dbb0d3c9adffa565c74ad2c5026b77fa1cf04b411ba46f49f4c520,triangle,2.5,lqi,1,3,9,42,10,17,160,no_route,0,0
LEO_V1_1_REQUALIFICATION_20260920,ofat_comparative,interferenceDb__25p0__lqi,f36d0510e3dbb0d3c9adffa565c74ad2c5026b77fa1cf04b411ba46f49f4c520,triangle,2.5,lqi,1,3,9,42,10,17,161,no_route,0,0
LEO_V1_1_REQUALIFICATION_20260920,ofat_comparative,interferenceDb__25p0__lqi,f36d0510e3dbb0d3c9adffa565c74ad2c5026b77fa1cf04b411ba46f49f4c520,triangle,2.5,lqi,1,3,9,42,10,17,162,no_route,0,0
LEO_V1_1_REQUALIFICATION_20260920,ofat_comparative,interferenceDb__25p0__lqi,f36d0510e3dbb0d3c9adffa565c74ad2c5026b77fa1cf04b411ba46f49f4c520,triangle,2.5,lqi,1,3,9,42,10,17,163,no_route,0,0
LEO_V1_1_REQUALIFICATION_20260920,ofat_comparative,interferenceDb__25p0__lqi,f36d0510e3dbb0d3c9adffa565c74ad2c5026b77fa1cf04b411ba46f49f4c520,triangle,2.5,lqi,1,3,9,42,10,17,164,no_route,0,0
LEO_V1_1_REQUALIFICATION_20260920,ofat_comparative,interferenceDb__25p0__lqi,f36d0510e3dbb0d3c9adffa565c74ad2c5026b77fa1cf04b411ba46f49f4c520,triangle,2.5,lqi,1,3,9,42,10,17,165,no_route,0,0
LEO_V1_1_REQUALIFICATION_20260920,ofat_comparative,interferenceDb__25p0__lqi,f36d0510e3dbb0d3c9adffa565c74ad2c5026b77fa1cf04b411ba46f49f4c520,triangle,2.5,lqi,1,3,9,42,10,17,166,no_route,0,0
LEO_V1_1_REQUALIFICATION_20260920,ofat_comparative,interferenceDb__25p0__lqi,f36d0510e3dbb0d3c9adffa565c74ad2c5026b77fa1cf04b411ba46f49f4c520,triangle,2.5,lqi,1,3,9,42,10,17,167,no_route,0,0
LEO_V1_1_REQUALIFICATION_20260920,ofat_comparative,interferenceDb__25p0__lqi,f36d0510e3dbb0d3c9adffa565c74ad2c5026b77fa1cf04b411ba46f49f4c520,triangle,2.5,lqi,1,3,9,42,10,17,168,no_route,0,0
LEO_V1_1_REQUALIFICATION_20260920,ofat_comparative,interferenceDb__25p0__lqi,f36d0510e3dbb0d3c9adffa565c74ad2c5026b77fa1cf04b411ba46f49f4c520,triangle,2.5,lqi,1,3,9,42,10,17,169,no_route,0,0
LEO_V1_1_REQUALIFICATION_20260920,ofat_comparative,interferenceDb__25p0__lqi,f36d0510e3dbb0d3c9adffa565c74ad2c5026b77fa1cf04b411ba46f49f4c520,triangle,2.5,lqi,1,3,9,42,10,18,170,no_route,0,0
LEO_V1_1_REQUALIFICATION_20260920,ofat_comparative,interferenceDb__25p0__lqi,f36d0510e3dbb0d3c9adffa565c74ad2c5026b77fa1cf04b411ba46f49f4c520,triangle,2.5,lqi,1,3,9,42,10,18,171,no_route,0,0
LEO_V1_1_REQUALIFICATION_20260920,ofat_comparative,interferenceDb__25p0__lqi,f36d0510e3dbb0d3c9adffa565c74ad2c5026b77fa1cf04b411ba46f49f4c520,triangle,2.5,lqi,1,3,9,42,10,18,172,no_route,0,0
LEO_V1_1_REQUALIFICATION_20260920,ofat_comparative,interferenceDb__25p0__lqi,f36d0510e3dbb0d3c9adffa565c74ad2c5026b77fa1cf04b411ba46f49f4c520,triangle,2.5,lqi,1,3,9,42,10,18,173,no_route,0,0
LEO_V1_1_REQUALIFICATION_20260920,ofat_comparative,interferenceDb__25p0__lqi,f36d0510e3dbb0d3c9adffa565c74ad2c5026b77fa1cf04b411ba46f49f4c520,triangle,2.5,lqi,1,3,9,42,10,18,174,no_route,0,0
LEO_V1_1_REQUALIFICATION_20260920,ofat_comparative,interferenceDb__25p0__lqi,f36d0510e3dbb0d3c9adffa565c74ad2c5026b77fa1cf04b411ba46f49f4c520,triangle,2.5,lqi,1,3,9,42,10,18,175,no_route,0,0
LEO_V1_1_REQUALIFICATION_20260920,ofat_comparative,interferenceDb__25p0__lqi,f36d0510e3dbb0d3c9adffa565c74ad2c5026b77fa1cf04b411ba46f49f4c520,triangle,2.5,lqi,1,3,9,42,10,18,176,no_route,0,0
LEO_V1_1_REQUALIFICATION_20260920,ofat_comparative,interferenceDb__25p0__lqi,f36d0510e3dbb0d3c9adffa565c74ad2c5026b77fa1cf04b411ba46f49f4c520,triangle,2.5,lqi,1,3,9,42,10,18,177,no_route,0,0
LEO_V1_1_REQUALIFICATION_20260920,ofat_comparative,interferenceDb__25p0__lqi,f36d0510e3dbb0d3c9adffa565c74ad2c5026b77fa1cf04b411ba46f49f4c520,triangle,2.5,lqi,1,3,9,42,10,18,178,no_route,0,0
LEO_V1_1_REQUALIFICATION_20260920,ofat_comparative,interferenceDb__25p0__lqi,f36d0510e3dbb0d3c9adffa565c74ad2c5026b77fa1cf04b411ba46f49f4c520,triangle,2.5,lqi,1,3,9,42,10,18,179,no_route,0,0
LEO_V1_1_REQUALIFICATION_20260920,ofat_comparative,interferenceDb__25p0__lqi,f36d0510e3dbb0d3c9adffa565c74ad2c5026b77fa1cf04b411ba46f49f4c520,triangle,2.5,lqi,1,3,9,42,10,19,180,no_route,0,0
LEO_V1_1_REQUALIFICATION_20260920,ofat_comparative,interferenceDb__25p0__lqi,f36d0510e3dbb0d3c9adffa565c74ad2c5026b77fa1cf04b411ba46f49f4c520,triangle,2.5,lqi,1,3,9,42,10,19,181,no_route,0,0
LEO_V1_1_REQUALIFICATION_20260920,ofat_comparative,interferenceDb__25p0__lqi,f36d0510e3dbb0d3c9adffa565c74ad2c5026b77fa1cf04b411ba46f49f4c520,triangle,2.5,lqi,1,3,9,42,10,19,182,no_route,0,0
LEO_V1_1_REQUALIFICATION_20260920,ofat_comparative,interferenceDb__25p0__lqi,f36d0510e3dbb0d3c9adffa565c74ad2c5026b77fa1cf04b411ba46f49f4c520,triangle,2.5,lqi,1,3,9,42,10,19,183,no_route,0,0
LEO_V1_1_REQUALIFICATION_20260920,ofat_comparative,interferenceDb__25p0__lqi,f36d0510e3dbb0d3c9adffa565c74ad2c5026b77fa1cf04b411ba46f49f4c520,triangle,2.5,lqi,1,3,9,42,10,19,184,no_route,0,0
LEO_V1_1_REQUALIFICATION_20260920,ofat_comparative,interferenceDb__25p0__lqi,f36d0510e3dbb0d3c9adffa565c74ad2c5026b77fa1cf04b411ba46f49f4c520,triangle,2.5,lqi,1,3,9,42,10,19,185,no_route,0,0
LEO_V1_1_REQUALIFICATION_20260920,ofat_comparative,interferenceDb__25p0__lqi,f36d0510e3dbb0d3c9adffa565c74ad2c5026b77fa1cf04b411ba46f49f4c520,triangle,2.5,lqi,1,3,9,42,10,19,186,no_route,0,0
LEO_V1_1_REQUALIFICATION_20260920,ofat_comparative,interferenceDb__25p0__lqi,f36d0510e3dbb0d3c9adffa565c74ad2c5026b77fa1cf04b411ba46f49f4c520,triangle,2.5,lqi,1,3,9,42,10,19,187,no_route,0,0
LEO_V1_1_REQUALIFICATION_20260920,ofat_comparative,interferenceDb__25p0__lqi,f36d0510e3dbb0d3c9adffa565c74ad2c5026b77fa1cf04b411ba46f49f4c520,triangle,2.5,lqi,1,3,9,42,10,19,188,no_route,0,0
LEO_V1_1_REQUALIFICATION_20260920,ofat_comparative,interferenceDb__25p0__lqi,f36d0510e3dbb0d3c9adffa565c74ad2c5026b77fa1cf04b411ba46f49f4c520,triangle,2.5,lqi,1,3,9,42,10,19,189,no_route,0,0
LEO_V1_1_REQUALIFICATION_20260920,ofat_comparative,interferenceDb__25p0__lqi,f36d0510e3dbb0d3c9adffa565c74ad2c5026b77fa1cf04b411ba46f49f4c520,triangle,2.5,lqi,1,3,10,42,11,1,0,success,12161961113530546194,1
LEO_V1_1_REQUALIFICATION_20260920,ofat_comparative,interferenceDb__25p0__lqi,f36d0510e3dbb0d3c9adffa565c74ad2c5026b77fa1cf04b411ba46f49f4c520,triangle,2.5,lqi,1,3,10,42,11,1,1,success,12161961113530546194,1
LEO_V1_1_REQUALIFICATION_20260920,ofat_comparative,interferenceDb__25p0__lqi,f36d0510e3dbb0d3c9adffa565c74ad2c5026b77fa1cf04b411ba46f49f4c520,triangle,2.5,lqi,1,3,10,42,11,1,2,success,12161961113530546194,1
LEO_V1_1_REQUALIFICATION_20260920,ofat_comparative,interferenceDb__25p0__lqi,f36d0510e3dbb0d3c9adffa565c74ad2c5026b77fa1cf04b411ba46f49f4c520,triangle,2.5,lqi,1,3,10,42,11,1,3,success,12161961113530546194,1
LEO_V1_1_REQUALIFICATION_20260920,ofat_comparative,interferenceDb__25p0__lqi,f36d0510e3dbb0d3c9adffa565c74ad2c5026b77fa1cf04b411ba46f49f4c520,triangle,2.5,lqi,1,3,10,42,11,1,4,success,12161961113530546194,1
LEO_V1_1_REQUALIFICATION_20260920,ofat_comparative,interferenceDb__25p0__lqi,f36d0510e3dbb0d3c9adffa565c74ad2c5026b77fa1cf04b411ba46f49f4c520,triangle,2.5,lqi,1,3,10,42,11,1,5,success,12161961113530546194,1
LEO_V1_1_REQUALIFICATION_20260920,ofat_comparative,interferenceDb__25p0__lqi,f36d0510e3dbb0d3c9adffa565c74ad2c5026b77fa1cf04b411ba46f49f4c520,triangle,2.5,lqi,1,3,10,42,11,1,6,success,12161961113530546194,1
LEO_V1_1_REQUALIFICATION_20260920,ofat_comparative,interferenceDb__25p0__lqi,f36d0510e3dbb0d3c9adffa565c74ad2c5026b77fa1cf04b411ba46f49f4c520,triangle,2.5,lqi,1,3,10,42,11,1,7,success,12161961113530546194,1
LEO_V1_1_REQUALIFICATION_20260920,ofat_comparative,interferenceDb__25p0__lqi,f36d0510e3dbb0d3c9adffa565c74ad2c5026b77fa1cf04b411ba46f49f4c520,triangle,2.5,lqi,1,3,10,42,11,1,8,success,12161961113530546194,1
LEO_V1_1_REQUALIFICATION_20260920,ofat_comparative,interferenceDb__25p0__lqi,f36d0510e3dbb0d3c9adffa565c74ad2c5026b77fa1cf04b411ba46f49f4c520,triangle,2.5,lqi,1,3,10,42,11,1,9,success,12161961113530546194,1
LEO_V1_1_REQUALIFICATION_20260920,ofat_comparative,interferenceDb__25p0__lqi,f36d0510e3dbb0d3c9adffa565c74ad2c5026b77fa1cf04b411ba46f49f4c520,triangle,2.5,lqi,1,3,10,42,11,2,10,success,12161960014018917983,1
LEO_V1_1_REQUALIFICATION_20260920,ofat_comparative,interferenceDb__25p0__lqi,f36d0510e3dbb0d3c9adffa565c74ad2c5026b77fa1cf04b411ba46f49f4c520,triangle,2.5,lqi,1,3,10,42,11,2,11,success,12161960014018917983,1
LEO_V1_1_REQUALIFICATION_20260920,ofat_comparative,interferenceDb__25p0__lqi,f36d0510e3dbb0d3c9adffa565c74ad2c5026b77fa1cf04b411ba46f49f4c520,triangle,2.5,lqi,1,3,10,42,11,2,12,success,12161960014018917983,1
LEO_V1_1_REQUALIFICATION_20260920,ofat_comparative,interferenceDb__25p0__lqi,f36d0510e3dbb0d3c9adffa565c74ad2c5026b77fa1cf04b411ba46f49f4c520,triangle,2.5,lqi,1,3,10,42,11,2,13,success,12161960014018917983,1
LEO_V1_1_REQUALIFICATION_20260920,ofat_comparative,interferenceDb__25p0__lqi,f36d0510e3dbb0d3c9adffa565c74ad2c5026b77fa1cf04b411ba46f49f4c520,triangle,2.5,lqi,1,3,10,42,11,2,14,success,12161960014018917983,1
LEO_V1_1_REQUALIFICATION_20260920,ofat_comparative,interferenceDb__25p0__lqi,f36d0510e3dbb0d3c9adffa565c74ad2c5026b77fa1cf04b411ba46f49f4c520,triangle,2.5,lqi,1,3,10,42,11,2,15,success,12161960014018917983,1
LEO_V1_1_REQUALIFICATION_20260920,ofat_comparative,interferenceDb__25p0__lqi,f36d0510e3dbb0d3c9adffa565c74ad2c5026b77fa1cf04b411ba46f49f4c520,triangle,2.5,lqi,1,3,10,42,11,2,16,success,12161960014018917983,1
LEO_V1_1_REQUALIFICATION_20260920,ofat_comparative,interferenceDb__25p0__lqi,f36d0510e3dbb0d3c9adffa565c74ad2c5026b77fa1cf04b411ba46f49f4c520,triangle,2.5,lqi,1,3,10,42,11,2,17,success,12161960014018917983,1
LEO_V1_1_REQUALIFICATION_20260920,ofat_comparative,interferenceDb__25p0__lqi,f36d0510e3dbb0d3c9adffa565c74ad2c5026b77fa1cf04b411ba46f49f4c520,triangle,2.5,lqi,1,3,10,42,11,2,18,success,12161960014018917983,1
LEO_V1_1_REQUALIFICATION_20260920,ofat_comparative,interferenceDb__25p0__lqi,f36d0510e3dbb0d3c9adffa565c74ad2c5026b77fa1cf04b411ba46f49f4c520,triangle,2.5,lqi,1,3,10,42,11,2,19,success,12161960014018917983,1
LEO_V1_1_REQUALIFICATION_20260920,ofat_comparative,interferenceDb__25p0__lqi,f36d0510e3dbb0d3c9adffa565c74ad2c5026b77fa1cf04b411ba46f49f4c520,triangle,2.5,lqi,1,3,10,42,11,3,20,success,5168105627079211135,2
LEO_V1_1_REQUALIFICATION_20260920,ofat_comparative,interferenceDb__25p0__lqi,f36d0510e3dbb0d3c9adffa565c74ad2c5026b77fa1cf04b411ba46f49f4c520,triangle,2.5,lqi,1,3,10,42,11,3,21,success,5168105627079211135,2
LEO_V1_1_REQUALIFICATION_20260920,ofat_comparative,interferenceDb__25p0__lqi,f36d0510e3dbb0d3c9adffa565c74ad2c5026b77fa1cf04b411ba46f49f4c520,triangle,2.5,lqi,1,3,10,42,11,3,22,success,5168105627079211135,2
LEO_V1_1_REQUALIFICATION_20260920,ofat_comparative,interferenceDb__25p0__lqi,f36d0510e3dbb0d3c9adffa565c74ad2c5026b77fa1cf04b411ba46f49f4c520,triangle,2.5,lqi,1,3,10,42,11,3,23,success,5168105627079211135,2
LEO_V1_1_REQUALIFICATION_20260920,ofat_comparative,interferenceDb__25p0__lqi,f36d0510e3dbb0d3c9adffa565c74ad2c5026b77fa1cf04b411ba46f49f4c520,triangle,2.5,lqi,1,3,10,42,11,3,24,success,5168105627079211135,2
LEO_V1_1_REQUALIFICATION_20260920,ofat_comparative,interferenceDb__25p0__lqi,f36d0510e3dbb0d3c9adffa565c74ad2c5026b77fa1cf04b411ba46f49f4c520,triangle,2.5,lqi,1,3,10,42,11,3,25,success,5168105627079211135,2
LEO_V1_1_REQUALIFICATION_20260920,ofat_comparative,interferenceDb__25p0__lqi,f36d0510e3dbb0d3c9adffa565c74ad2c5026b77fa1cf04b411ba46f49f4c520,triangle,2.5,lqi,1,3,10,42,11,3,26,success,5168105627079211135,2
LEO_V1_1_REQUALIFICATION_20260920,ofat_comparative,interferenceDb__25p0__lqi,f36d0510e3dbb0d3c9adffa565c74ad2c5026b77fa1cf04b411ba46f49f4c520,triangle,2.5,lqi,1,3,10,42,11,3,27,success,5168105627079211135,2
LEO_V1_1_REQUALIFICATION_20260920,ofat_comparative,interferenceDb__25p0__lqi,f36d0510e3dbb0d3c9adffa565c74ad2c5026b77fa1cf04b411ba46f49f4c520,triangle,2.5,lqi,1,3,10,42,11,3,28,success,5168105627079211135,2
LEO_V1_1_REQUALIFICATION_20260920,ofat_comparative,interferenceDb__25p0__lqi,f36d0510e3dbb0d3c9adffa565c74ad2c5026b77fa1cf04b411ba46f49f4c520,triangle,2.5,lqi,1,3,10,42,11,3,29,success,5168105627079211135,2
LEO_V1_1_REQUALIFICATION_20260920,ofat_comparative,interferenceDb__25p0__lqi,f36d0510e3dbb0d3c9adffa565c74ad2c5026b77fa1cf04b411ba46f49f4c520,triangle,2.5,lqi,1,3,10,42,11,4,30,success,4254184782511048963,2
LEO_V1_1_REQUALIFICATION_20260920,ofat_comparative,interferenceDb__25p0__lqi,f36d0510e3dbb0d3c9adffa565c74ad2c5026b77fa1cf04b411ba46f49f4c520,triangle,2.5,lqi,1,3,10,42,11,4,31,success,4254184782511048963,2
LEO_V1_1_REQUALIFICATION_20260920,ofat_comparative,interferenceDb__25p0__lqi,f36d0510e3dbb0d3c9adffa565c74ad2c5026b77fa1cf04b411ba46f49f4c520,triangle,2.5,lqi,1,3,10,42,11,4,32,success,4254184782511048963,2
LEO_V1_1_REQUALIFICATION_20260920,ofat_comparative,interferenceDb__25p0__lqi,f36d0510e3dbb0d3c9adffa565c74ad2c5026b77fa1cf04b411ba46f49f4c520,triangle,2.5,lqi,1,3,10,42,11,4,33,success,4254184782511048963,2
LEO_V1_1_REQUALIFICATION_20260920,ofat_comparative,interferenceDb__25p0__lqi,f36d0510e3dbb0d3c9adffa565c74ad2c5026b77fa1cf04b411ba46f49f4c520,triangle,2.5,lqi,1,3,10,42,11,4,34,success,4254184782511048963,2
LEO_V1_1_REQUALIFICATION_20260920,ofat_comparative,interferenceDb__25p0__lqi,f36d0510e3dbb0d3c9adffa565c74ad2c5026b77fa1cf04b411ba46f49f4c520,triangle,2.5,lqi,1,3,10,42,11,4,35,success,4254184782511048963,2
LEO_V1_1_REQUALIFICATION_20260920,ofat_comparative,interferenceDb__25p0__lqi,f36d0510e3dbb0d3c9adffa565c74ad2c5026b77fa1cf04b411ba46f49f4c520,triangle,2.5,lqi,1,3,10,42,11,4,36,success,4254184782511048963,2
LEO_V1_1_REQUALIFICATION_20260920,ofat_comparative,interferenceDb__25p0__lqi,f36d0510e3dbb0d3c9adffa565c74ad2c5026b77fa1cf04b411ba46f49f4c520,triangle,2.5,lqi,1,3,10,42,11,4,37,success,4254184782511048963,2
LEO_V1_1_REQUALIFICATION_20260920,ofat_comparative,interferenceDb__25p0__lqi,f36d0510e3dbb0d3c9adffa565c74ad2c5026b77fa1cf04b411ba46f49f4c520,triangle,2.5,lqi,1,3,10,42,11,4,38,success,4254184782511048963,2
LEO_V1_1_REQUALIFICATION_20260920,ofat_comparative,interferenceDb__25p0__lqi,f36d0510e3dbb0d3c9adffa565c74ad2c5026b77fa1cf04b411ba46f49f4c520,triangle,2.5,lqi,1,3,10,42,11,4,39,success,4254184782511048963,2
LEO_V1_1_REQUALIFICATION_20260920,ofat_comparative,interferenceDb__25p0__lqi,f36d0510e3dbb0d3c9adffa565c74ad2c5026b77fa1cf04b411ba46f49f4c520,triangle,2.5,lqi,1,3,10,42,11,5,40,success,16719299368067595120,3
LEO_V1_1_REQUALIFICATION_20260920,ofat_comparative,interferenceDb__25p0__lqi,f36d0510e3dbb0d3c9adffa565c74ad2c5026b77fa1cf04b411ba46f49f4c520,triangle,2.5,lqi,1,3,10,42,11,5,41,success,16719299368067595120,3
LEO_V1_1_REQUALIFICATION_20260920,ofat_comparative,interferenceDb__25p0__lqi,f36d0510e3dbb0d3c9adffa565c74ad2c5026b77fa1cf04b411ba46f49f4c520,triangle,2.5,lqi,1,3,10,42,11,5,42,success,16719299368067595120,3
LEO_V1_1_REQUALIFICATION_20260920,ofat_comparative,interferenceDb__25p0__lqi,f36d0510e3dbb0d3c9adffa565c74ad2c5026b77fa1cf04b411ba46f49f4c520,triangle,2.5,lqi,1,3,10,42,11,5,43,success,16719299368067595120,3
LEO_V1_1_REQUALIFICATION_20260920,ofat_comparative,interferenceDb__25p0__lqi,f36d0510e3dbb0d3c9adffa565c74ad2c5026b77fa1cf04b411ba46f49f4c520,triangle,2.5,lqi,1,3,10,42,11,5,44,success,16719299368067595120,3
LEO_V1_1_REQUALIFICATION_20260920,ofat_comparative,interferenceDb__25p0__lqi,f36d0510e3dbb0d3c9adffa565c74ad2c5026b77fa1cf04b411ba46f49f4c520,triangle,2.5,lqi,1,3,10,42,11,5,45,success,16719299368067595120,3
LEO_V1_1_REQUALIFICATION_20260920,ofat_comparative,interferenceDb__25p0__lqi,f36d0510e3dbb0d3c9adffa565c74ad2c5026b77fa1cf04b411ba46f49f4c520,triangle,2.5,lqi,1,3,10,42,11,5,46,success,16719299368067595120,3
LEO_V1_1_REQUALIFICATION_20260920,ofat_comparative,interferenceDb__25p0__lqi,f36d0510e3dbb0d3c9adffa565c74ad2c5026b77fa1cf04b411ba46f49f4c520,triangle,2.5,lqi,1,3,10,42,11,5,47,success,16719299368067595120,3
LEO_V1_1_REQUALIFICATION_20260920,ofat_comparative,interferenceDb__25p0__lqi,f36d0510e3dbb0d3c9adffa565c74ad2c5026b77fa1cf04b411ba46f49f4c520,triangle,2.5,lqi,1,3,10,42,11,5,48,success,16719299368067595120,3
LEO_V1_1_REQUALIFICATION_20260920,ofat_comparative,interferenceDb__25p0__lqi,f36d0510e3dbb0d3c9adffa565c74ad2c5026b77fa1cf04b411ba46f49f4c520,triangle,2.5,lqi,1,3,10,42,11,5,49,success,16719299368067595120,3
LEO_V1_1_REQUALIFICATION_20260920,ofat_comparative,interferenceDb__25p0__lqi,f36d0510e3dbb0d3c9adffa565c74ad2c5026b77fa1cf04b411ba46f49f4c520,triangle,2.5,lqi,1,3,10,42,11,6,50,success,16719302666602479753,3
LEO_V1_1_REQUALIFICATION_20260920,ofat_comparative,interferenceDb__25p0__lqi,f36d0510e3dbb0d3c9adffa565c74ad2c5026b77fa1cf04b411ba46f49f4c520,triangle,2.5,lqi,1,3,10,42,11,6,51,success,16719302666602479753,3
LEO_V1_1_REQUALIFICATION_20260920,ofat_comparative,interferenceDb__25p0__lqi,f36d0510e3dbb0d3c9adffa565c74ad2c5026b77fa1cf04b411ba46f49f4c520,triangle,2.5,lqi,1,3,10,42,11,6,52,timeout,0,0
LEO_V1_1_REQUALIFICATION_20260920,ofat_comparative,interferenceDb__25p0__lqi,f36d0510e3dbb0d3c9adffa565c74ad2c5026b77fa1cf04b411ba46f49f4c520,triangle,2.5,lqi,1,3,10,42,11,6,53,no_route,0,0
LEO_V1_1_REQUALIFICATION_20260920,ofat_comparative,interferenceDb__25p0__lqi,f36d0510e3dbb0d3c9adffa565c74ad2c5026b77fa1cf04b411ba46f49f4c520,triangle,2.5,lqi,1,3,10,42,11,6,54,no_route,0,0
LEO_V1_1_REQUALIFICATION_20260920,ofat_comparative,interferenceDb__25p0__lqi,f36d0510e3dbb0d3c9adffa565c74ad2c5026b77fa1cf04b411ba46f49f4c520,triangle,2.5,lqi,1,3,10,42,11,6,55,success,3355162293075433701,3
LEO_V1_1_REQUALIFICATION_20260920,ofat_comparative,interferenceDb__25p0__lqi,f36d0510e3dbb0d3c9adffa565c74ad2c5026b77fa1cf04b411ba46f49f4c520,triangle,2.5,lqi,1,3,10,42,11,6,56,success,3355162293075433701,3
LEO_V1_1_REQUALIFICATION_20260920,ofat_comparative,interferenceDb__25p0__lqi,f36d0510e3dbb0d3c9adffa565c74ad2c5026b77fa1cf04b411ba46f49f4c520,triangle,2.5,lqi,1,3,10,42,11,6,57,success,3355162293075433701,3
LEO_V1_1_REQUALIFICATION_20260920,ofat_comparative,interferenceDb__25p0__lqi,f36d0510e3dbb0d3c9adffa565c74ad2c5026b77fa1cf04b411ba46f49f4c520,triangle,2.5,lqi,1,3,10,42,11,6,58,success,3355162293075433701,3
LEO_V1_1_REQUALIFICATION_20260920,ofat_comparative,interferenceDb__25p0__lqi,f36d0510e3dbb0d3c9adffa565c74ad2c5026b77fa1cf04b411ba46f49f4c520,triangle,2.5,lqi,1,3,10,42,11,6,59,success,3355162293075433701,3
LEO_V1_1_REQUALIFICATION_20260920,ofat_comparative,interferenceDb__25p0__lqi,f36d0510e3dbb0d3c9adffa565c74ad2c5026b77fa1cf04b411ba46f49f4c520,triangle,2.5,lqi,1,3,10,42,11,7,60,success,12161954516460776928,1
LEO_V1_1_REQUALIFICATION_20260920,ofat_comparative,interferenceDb__25p0__lqi,f36d0510e3dbb0d3c9adffa565c74ad2c5026b77fa1cf04b411ba46f49f4c520,triangle,2.5,lqi,1,3,10,42,11,7,61,success,12161954516460776928,1
LEO_V1_1_REQUALIFICATION_20260920,ofat_comparative,interferenceDb__25p0__lqi,f36d0510e3dbb0d3c9adffa565c74ad2c5026b77fa1cf04b411ba46f49f4c520,triangle,2.5,lqi,1,3,10,42,11,7,62,success,12161954516460776928,1
LEO_V1_1_REQUALIFICATION_20260920,ofat_comparative,interferenceDb__25p0__lqi,f36d0510e3dbb0d3c9adffa565c74ad2c5026b77fa1cf04b411ba46f49f4c520,triangle,2.5,lqi,1,3,10,42,11,7,63,success,12161954516460776928,1
LEO_V1_1_REQUALIFICATION_20260920,ofat_comparative,interferenceDb__25p0__lqi,f36d0510e3dbb0d3c9adffa565c74ad2c5026b77fa1cf04b411ba46f49f4c520,triangle,2.5,lqi,1,3,10,42,11,7,64,success,12161954516460776928,1
LEO_V1_1_REQUALIFICATION_20260920,ofat_comparative,interferenceDb__25p0__lqi,f36d0510e3dbb0d3c9adffa565c74ad2c5026b77fa1cf04b411ba46f49f4c520,triangle,2.5,lqi,1,3,10,42,11,7,65,success,12161954516460776928,1
LEO_V1_1_REQUALIFICATION_20260920,ofat_comparative,interferenceDb__25p0__lqi,f36d0510e3dbb0d3c9adffa565c74ad2c5026b77fa1cf04b411ba46f49f4c520,triangle,2.5,lqi,1,3,10,42,11,7,66,success,12161954516460776928,1
LEO_V1_1_REQUALIFICATION_20260920,ofat_comparative,interferenceDb__25p0__lqi,f36d0510e3dbb0d3c9adffa565c74ad2c5026b77fa1cf04b411ba46f49f4c520,triangle,2.5,lqi,1,3,10,42,11,7,67,success,12161954516460776928,1
LEO_V1_1_REQUALIFICATION_20260920,ofat_comparative,interferenceDb__25p0__lqi,f36d0510e3dbb0d3c9adffa565c74ad2c5026b77fa1cf04b411ba46f49f4c520,triangle,2.5,lqi,1,3,10,42,11,7,68,success,12161954516460776928,1
LEO_V1_1_REQUALIFICATION_20260920,ofat_comparative,interferenceDb__25p0__lqi,f36d0510e3dbb0d3c9adffa565c74ad2c5026b77fa1cf04b411ba46f49f4c520,triangle,2.5,lqi,1,3,10,42,11,7,69,success,12161954516460776928,1
LEO_V1_1_REQUALIFICATION_20260920,ofat_comparative,interferenceDb__25p0__lqi,f36d0510e3dbb0d3c9adffa565c74ad2c5026b77fa1cf04b411ba46f49f4c520,triangle,2.5,lqi,1,3,10,42,11,8,70,success,18131354320193751416,2
LEO_V1_1_REQUALIFICATION_20260920,ofat_comparative,interferenceDb__25p0__lqi,f36d0510e3dbb0d3c9adffa565c74ad2c5026b77fa1cf04b411ba46f49f4c520,triangle,2.5,lqi,1,3,10,42,11,8,71,success,18131354320193751416,2
LEO_V1_1_REQUALIFICATION_20260920,ofat_comparative,interferenceDb__25p0__lqi,f36d0510e3dbb0d3c9adffa565c74ad2c5026b77fa1cf04b411ba46f49f4c520,triangle,2.5,lqi,1,3,10,42,11,8,72,success,18131354320193751416,2
LEO_V1_1_REQUALIFICATION_20260920,ofat_comparative,interferenceDb__25p0__lqi,f36d0510e3dbb0d3c9adffa565c74ad2c5026b77fa1cf04b411ba46f49f4c520,triangle,2.5,lqi,1,3,10,42,11,8,73,success,18131354320193751416,2
LEO_V1_1_REQUALIFICATION_20260920,ofat_comparative,interferenceDb__25p0__lqi,f36d0510e3dbb0d3c9adffa565c74ad2c5026b77fa1cf04b411ba46f49f4c520,triangle,2.5,lqi,1,3,10,42,11,8,74,success,18131354320193751416,2
LEO_V1_1_REQUALIFICATION_20260920,ofat_comparative,interferenceDb__25p0__lqi,f36d0510e3dbb0d3c9adffa565c74ad2c5026b77fa1cf04b411ba46f49f4c520,triangle,2.5,lqi,1,3,10,42,11,8,75,success,18131354320193751416,2
LEO_V1_1_REQUALIFICATION_20260920,ofat_comparative,interferenceDb__25p0__lqi,f36d0510e3dbb0d3c9adffa565c74ad2c5026b77fa1cf04b411ba46f49f4c520,triangle,2.5,lqi,1,3,10,42,11,8,76,success,18131354320193751416,2
LEO_V1_1_REQUALIFICATION_20260920,ofat_comparative,interferenceDb__25p0__lqi,f36d0510e3dbb0d3c9adffa565c74ad2c5026b77fa1cf04b411ba46f49f4c520,triangle,2.5,lqi,1,3,10,42,11,8,77,success,18131354320193751416,2
LEO_V1_1_REQUALIFICATION_20260920,ofat_comparative,interferenceDb__25p0__lqi,f36d0510e3dbb0d3c9adffa565c74ad2c5026b77fa1cf04b411ba46f49f4c520,triangle,2.5,lqi,1,3,10,42,11,8,78,success,18131354320193751416,2
LEO_V1_1_REQUALIFICATION_20260920,ofat_comparative,interferenceDb__25p0__lqi,f36d0510e3dbb0d3c9adffa565c74ad2c5026b77fa1cf04b411ba46f49f4c520,triangle,2.5,lqi,1,3,10,42,11,8,79,success,18131354320193751416,2
LEO_V1_1_REQUALIFICATION_20260920,ofat_comparative,interferenceDb__25p0__lqi,f36d0510e3dbb0d3c9adffa565c74ad2c5026b77fa1cf04b411ba46f49f4c520,triangle,2.5,lqi,1,3,10,42,11,9,80,timeout,0,0
LEO_V1_1_REQUALIFICATION_20260920,ofat_comparative,interferenceDb__25p0__lqi,f36d0510e3dbb0d3c9adffa565c74ad2c5026b77fa1cf04b411ba46f49f4c520,triangle,2.5,lqi,1,3,10,42,11,9,81,no_route,0,0
LEO_V1_1_REQUALIFICATION_20260920,ofat_comparative,interferenceDb__25p0__lqi,f36d0510e3dbb0d3c9adffa565c74ad2c5026b77fa1cf04b411ba46f49f4c520,triangle,2.5,lqi,1,3,10,42,11,9,82,success,18131355419705379627,2
LEO_V1_1_REQUALIFICATION_20260920,ofat_comparative,interferenceDb__25p0__lqi,f36d0510e3dbb0d3c9adffa565c74ad2c5026b77fa1cf04b411ba46f49f4c520,triangle,2.5,lqi,1,3,10,42,11,9,83,success,18131355419705379627,2
LEO_V1_1_REQUALIFICATION_20260920,ofat_comparative,interferenceDb__25p0__lqi,f36d0510e3dbb0d3c9adffa565c74ad2c5026b77fa1cf04b411ba46f49f4c520,triangle,2.5,lqi,1,3,10,42,11,9,84,success,18131355419705379627,2
LEO_V1_1_REQUALIFICATION_20260920,ofat_comparative,interferenceDb__25p0__lqi,f36d0510e3dbb0d3c9adffa565c74ad2c5026b77fa1cf04b411ba46f49f4c520,triangle,2.5,lqi,1,3,10,42,11,9,85,success,18131355419705379627,2
LEO_V1_1_REQUALIFICATION_20260920,ofat_comparative,interferenceDb__25p0__lqi,f36d0510e3dbb0d3c9adffa565c74ad2c5026b77fa1cf04b411ba46f49f4c520,triangle,2.5,lqi,1,3,10,42,11,9,86,success,18131355419705379627,2
LEO_V1_1_REQUALIFICATION_20260920,ofat_comparative,interferenceDb__25p0__lqi,f36d0510e3dbb0d3c9adffa565c74ad2c5026b77fa1cf04b411ba46f49f4c520,triangle,2.5,lqi,1,3,10,42,11,9,87,success,18131355419705379627,2
LEO_V1_1_REQUALIFICATION_20260920,ofat_comparative,interferenceDb__25p0__lqi,f36d0510e3dbb0d3c9adffa565c74ad2c5026b77fa1cf04b411ba46f49f4c520,triangle,2.5,lqi,1,3,10,42,11,9,88,success,18131355419705379627,2
LEO_V1_1_REQUALIFICATION_20260920,ofat_comparative,interferenceDb__25p0__lqi,f36d0510e3dbb0d3c9adffa565c74ad2c5026b77fa1cf04b411ba46f49f4c520,triangle,2.5,lqi,1,3,10,42,11,9,89,success,18131355419705379627,2
LEO_V1_1_REQUALIFICATION_20260920,ofat_comparative,interferenceDb__25p0__lqi,f36d0510e3dbb0d3c9adffa565c74ad2c5026b77fa1cf04b411ba46f49f4c520,triangle,2.5,lqi,1,3,10,42,11,10,90,success,16550409214862684870,3
LEO_V1_1_REQUALIFICATION_20260920,ofat_comparative,interferenceDb__25p0__lqi,f36d0510e3dbb0d3c9adffa565c74ad2c5026b77fa1cf04b411ba46f49f4c520,triangle,2.5,lqi,1,3,10,42,11,10,91,success,16550409214862684870,3
LEO_V1_1_REQUALIFICATION_20260920,ofat_comparative,interferenceDb__25p0__lqi,f36d0510e3dbb0d3c9adffa565c74ad2c5026b77fa1cf04b411ba46f49f4c520,triangle,2.5,lqi,1,3,10,42,11,10,92,success,16550409214862684870,3
LEO_V1_1_REQUALIFICATION_20260920,ofat_comparative,interferenceDb__25p0__lqi,f36d0510e3dbb0d3c9adffa565c74ad2c5026b77fa1cf04b411ba46f49f4c520,triangle,2.5,lqi,1,3,10,42,11,10,93,success,16550409214862684870,3
LEO_V1_1_REQUALIFICATION_20260920,ofat_comparative,interferenceDb__25p0__lqi,f36d0510e3dbb0d3c9adffa565c74ad2c5026b77fa1cf04b411ba46f49f4c520,triangle,2.5,lqi,1,3,10,42,11,10,94,success,16550409214862684870,3
LEO_V1_1_REQUALIFICATION_20260920,ofat_comparative,interferenceDb__25p0__lqi,f36d0510e3dbb0d3c9adffa565c74ad2c5026b77fa1cf04b411ba46f49f4c520,triangle,2.5,lqi,1,3,10,42,11,10,95,success,16550409214862684870,3
LEO_V1_1_REQUALIFICATION_20260920,ofat_comparative,interferenceDb__25p0__lqi,f36d0510e3dbb0d3c9adffa565c74ad2c5026b77fa1cf04b411ba46f49f4c520,triangle,2.5,lqi,1,3,10,42,11,10,96,success,16550409214862684870,3
LEO_V1_1_REQUALIFICATION_20260920,ofat_comparative,interferenceDb__25p0__lqi,f36d0510e3dbb0d3c9adffa565c74ad2c5026b77fa1cf04b411ba46f49f4c520,triangle,2.5,lqi,1,3,10,42,11,10,97,success,16550409214862684870,3
LEO_V1_1_REQUALIFICATION_20260920,ofat_comparative,interferenceDb__25p0__lqi,f36d0510e3dbb0d3c9adffa565c74ad2c5026b77fa1cf04b411ba46f49f4c520,triangle,2.5,lqi,1,3,10,42,11,10,98,success,16550409214862684870,3
LEO_V1_1_REQUALIFICATION_20260920,ofat_comparative,interferenceDb__25p0__lqi,f36d0510e3dbb0d3c9adffa565c74ad2c5026b77fa1cf04b411ba46f49f4c520,triangle,2.5,lqi,1,3,10,42,11,10,99,success,16550409214862684870,3
LEO_V1_1_REQUALIFICATION_20260920,ofat_comparative,interferenceDb__25p0__lqi,f36d0510e3dbb0d3c9adffa565c74ad2c5026b77fa1cf04b411ba46f49f4c520,triangle,2.5,lqi,1,3,10,42,11,11,100,success,13393352546262426876,2
LEO_V1_1_REQUALIFICATION_20260920,ofat_comparative,interferenceDb__25p0__lqi,f36d0510e3dbb0d3c9adffa565c74ad2c5026b77fa1cf04b411ba46f49f4c520,triangle,2.5,lqi,1,3,10,42,11,11,101,success,13393352546262426876,2
LEO_V1_1_REQUALIFICATION_20260920,ofat_comparative,interferenceDb__25p0__lqi,f36d0510e3dbb0d3c9adffa565c74ad2c5026b77fa1cf04b411ba46f49f4c520,triangle,2.5,lqi,1,3,10,42,11,11,102,timeout,0,0
LEO_V1_1_REQUALIFICATION_20260920,ofat_comparative,interferenceDb__25p0__lqi,f36d0510e3dbb0d3c9adffa565c74ad2c5026b77fa1cf04b411ba46f49f4c520,triangle,2.5,lqi,1,3,10,42,11,11,103,no_route,0,0
LEO_V1_1_REQUALIFICATION_20260920,ofat_comparative,interferenceDb__25p0__lqi,f36d0510e3dbb0d3c9adffa565c74ad2c5026b77fa1cf04b411ba46f49f4c520,triangle,2.5,lqi,1,3,10,42,11,11,104,no_route,0,0
LEO_V1_1_REQUALIFICATION_20260920,ofat_comparative,interferenceDb__25p0__lqi,f36d0510e3dbb0d3c9adffa565c74ad2c5026b77fa1cf04b411ba46f49f4c520,triangle,2.5,lqi,1,3,10,42,11,11,105,success,17464325661384334198,3
LEO_V1_1_REQUALIFICATION_20260920,ofat_comparative,interferenceDb__25p0__lqi,f36d0510e3dbb0d3c9adffa565c74ad2c5026b77fa1cf04b411ba46f49f4c520,triangle,2.5,lqi,1,3,10,42,11,11,106,success,17464325661384334198,3
LEO_V1_1_REQUALIFICATION_20260920,ofat_comparative,interferenceDb__25p0__lqi,f36d0510e3dbb0d3c9adffa565c74ad2c5026b77fa1cf04b411ba46f49f4c520,triangle,2.5,lqi,1,3,10,42,11,11,107,success,17464325661384334198,3
LEO_V1_1_REQUALIFICATION_20260920,ofat_comparative,interferenceDb__25p0__lqi,f36d0510e3dbb0d3c9adffa565c74ad2c5026b77fa1cf04b411ba46f49f4c520,triangle,2.5,lqi,1,3,10,42,11,11,108,success,17464325661384334198,3
LEO_V1_1_REQUALIFICATION_20260920,ofat_comparative,interferenceDb__25p0__lqi,f36d0510e3dbb0d3c9adffa565c74ad2c5026b77fa1cf04b411ba46f49f4c520,triangle,2.5,lqi,1,3,10,42,11,11,109,success,17464325661384334198,3
LEO_V1_1_REQUALIFICATION_20260920,ofat_comparative,interferenceDb__25p0__lqi,f36d0510e3dbb0d3c9adffa565c74ad2c5026b77fa1cf04b411ba46f49f4c520,triangle,2.5,lqi,1,3,10,42,11,12,110,timeout,0,0
LEO_V1_1_REQUALIFICATION_20260920,ofat_comparative,interferenceDb__25p0__lqi,f36d0510e3dbb0d3c9adffa565c74ad2c5026b77fa1cf04b411ba46f49f4c520,triangle,2.5,lqi,1,3,10,42,11,12,111,no_route,0,0
LEO_V1_1_REQUALIFICATION_20260920,ofat_comparative,interferenceDb__25p0__lqi,f36d0510e3dbb0d3c9adffa565c74ad2c5026b77fa1cf04b411ba46f49f4c520,triangle,2.5,lqi,1,3,10,42,11,12,112,success,8868273515269080056,4
LEO_V1_1_REQUALIFICATION_20260920,ofat_comparative,interferenceDb__25p0__lqi,f36d0510e3dbb0d3c9adffa565c74ad2c5026b77fa1cf04b411ba46f49f4c520,triangle,2.5,lqi,1,3,10,42,11,12,113,success,8868273515269080056,4
LEO_V1_1_REQUALIFICATION_20260920,ofat_comparative,interferenceDb__25p0__lqi,f36d0510e3dbb0d3c9adffa565c74ad2c5026b77fa1cf04b411ba46f49f4c520,triangle,2.5,lqi,1,3,10,42,11,12,114,success,8868273515269080056,4
LEO_V1_1_REQUALIFICATION_20260920,ofat_comparative,interferenceDb__25p0__lqi,f36d0510e3dbb0d3c9adffa565c74ad2c5026b77fa1cf04b411ba46f49f4c520,triangle,2.5,lqi,1,3,10,42,11,12,115,success,8868273515269080056,4
LEO_V1_1_REQUALIFICATION_20260920,ofat_comparative,interferenceDb__25p0__lqi,f36d0510e3dbb0d3c9adffa565c74ad2c5026b77fa1cf04b411ba46f49f4c520,triangle,2.5,lqi,1,3,10,42,11,12,116,success,8868273515269080056,4
LEO_V1_1_REQUALIFICATION_20260920,ofat_comparative,interferenceDb__25p0__lqi,f36d0510e3dbb0d3c9adffa565c74ad2c5026b77fa1cf04b411ba46f49f4c520,triangle,2.5,lqi,1,3,10,42,11,12,117,success,8868273515269080056,4
LEO_V1_1_REQUALIFICATION_20260920,ofat_comparative,interferenceDb__25p0__lqi,f36d0510e3dbb0d3c9adffa565c74ad2c5026b77fa1cf04b411ba46f49f4c520,triangle,2.5,lqi,1,3,10,42,11,12,118,success,8868273515269080056,4
LEO_V1_1_REQUALIFICATION_20260920,ofat_comparative,interferenceDb__25p0__lqi,f36d0510e3dbb0d3c9adffa565c74ad2c5026b77fa1cf04b411ba46f49f4c520,triangle,2.5,lqi,1,3,10,42,11,12,119,success,8868273515269080056,4
LEO_V1_1_REQUALIFICATION_20260920,ofat_comparative,interferenceDb__25p0__lqi,f36d0510e3dbb0d3c9adffa565c74ad2c5026b77fa1cf04b411ba46f49f4c520,triangle,2.5,lqi,1,3,10,42,11,13,120,no_route,0,0
LEO_V1_1_REQUALIFICATION_20260920,ofat_comparative,interferenceDb__25p0__lqi,f36d0510e3dbb0d3c9adffa565c74ad2c5026b77fa1cf04b411ba46f49f4c520,triangle,2.5,lqi,1,3,10,42,11,13,121,no_route,0,0
LEO_V1_1_REQUALIFICATION_20260920,ofat_comparative,interferenceDb__25p0__lqi,f36d0510e3dbb0d3c9adffa565c74ad2c5026b77fa1cf04b411ba46f49f4c520,triangle,2.5,lqi,1,3,10,42,11,13,122,no_route,0,0
LEO_V1_1_REQUALIFICATION_20260920,ofat_comparative,interferenceDb__25p0__lqi,f36d0510e3dbb0d3c9adffa565c74ad2c5026b77fa1cf04b411ba46f49f4c520,triangle,2.5,lqi,1,3,10,42,11,13,123,no_route,0,0
LEO_V1_1_REQUALIFICATION_20260920,ofat_comparative,interferenceDb__25p0__lqi,f36d0510e3dbb0d3c9adffa565c74ad2c5026b77fa1cf04b411ba46f49f4c520,triangle,2.5,lqi,1,3,10,42,11,13,124,no_route,0,0
LEO_V1_1_REQUALIFICATION_20260920,ofat_comparative,interferenceDb__25p0__lqi,f36d0510e3dbb0d3c9adffa565c74ad2c5026b77fa1cf04b411ba46f49f4c520,triangle,2.5,lqi,1,3,10,42,11,13,125,no_route,0,0
LEO_V1_1_REQUALIFICATION_20260920,ofat_comparative,interferenceDb__25p0__lqi,f36d0510e3dbb0d3c9adffa565c74ad2c5026b77fa1cf04b411ba46f49f4c520,triangle,2.5,lqi,1,3,10,42,11,13,126,no_route,0,0
LEO_V1_1_REQUALIFICATION_20260920,ofat_comparative,interferenceDb__25p0__lqi,f36d0510e3dbb0d3c9adffa565c74ad2c5026b77fa1cf04b411ba46f49f4c520,triangle,2.5,lqi,1,3,10,42,11,13,127,no_route,0,0
LEO_V1_1_REQUALIFICATION_20260920,ofat_comparative,interferenceDb__25p0__lqi,f36d0510e3dbb0d3c9adffa565c74ad2c5026b77fa1cf04b411ba46f49f4c520,triangle,2.5,lqi,1,3,10,42,11,13,128,no_route,0,0
LEO_V1_1_REQUALIFICATION_20260920,ofat_comparative,interferenceDb__25p0__lqi,f36d0510e3dbb0d3c9adffa565c74ad2c5026b77fa1cf04b411ba46f49f4c520,triangle,2.5,lqi,1,3,10,42,11,13,129,no_route,0,0
LEO_V1_1_REQUALIFICATION_20260920,ofat_comparative,interferenceDb__25p0__lqi,f36d0510e3dbb0d3c9adffa565c74ad2c5026b77fa1cf04b411ba46f49f4c520,triangle,2.5,lqi,1,3,10,42,11,14,130,no_route,0,0
LEO_V1_1_REQUALIFICATION_20260920,ofat_comparative,interferenceDb__25p0__lqi,f36d0510e3dbb0d3c9adffa565c74ad2c5026b77fa1cf04b411ba46f49f4c520,triangle,2.5,lqi,1,3,10,42,11,14,131,no_route,0,0
LEO_V1_1_REQUALIFICATION_20260920,ofat_comparative,interferenceDb__25p0__lqi,f36d0510e3dbb0d3c9adffa565c74ad2c5026b77fa1cf04b411ba46f49f4c520,triangle,2.5,lqi,1,3,10,42,11,14,132,no_route,0,0
LEO_V1_1_REQUALIFICATION_20260920,ofat_comparative,interferenceDb__25p0__lqi,f36d0510e3dbb0d3c9adffa565c74ad2c5026b77fa1cf04b411ba46f49f4c520,triangle,2.5,lqi,1,3,10,42,11,14,133,no_route,0,0
LEO_V1_1_REQUALIFICATION_20260920,ofat_comparative,interferenceDb__25p0__lqi,f36d0510e3dbb0d3c9adffa565c74ad2c5026b77fa1cf04b411ba46f49f4c520,triangle,2.5,lqi,1,3,10,42,11,14,134,no_route,0,0
LEO_V1_1_REQUALIFICATION_20260920,ofat_comparative,interferenceDb__25p0__lqi,f36d0510e3dbb0d3c9adffa565c74ad2c5026b77fa1cf04b411ba46f49f4c520,triangle,2.5,lqi,1,3,10,42,11,14,135,no_route,0,0
LEO_V1_1_REQUALIFICATION_20260920,ofat_comparative,interferenceDb__25p0__lqi,f36d0510e3dbb0d3c9adffa565c74ad2c5026b77fa1cf04b411ba46f49f4c520,triangle,2.5,lqi,1,3,10,42,11,14,136,no_route,0,0
LEO_V1_1_REQUALIFICATION_20260920,ofat_comparative,interferenceDb__25p0__lqi,f36d0510e3dbb0d3c9adffa565c74ad2c5026b77fa1cf04b411ba46f49f4c520,triangle,2.5,lqi,1,3,10,42,11,14,137,no_route,0,0
LEO_V1_1_REQUALIFICATION_20260920,ofat_comparative,interferenceDb__25p0__lqi,f36d0510e3dbb0d3c9adffa565c74ad2c5026b77fa1cf04b411ba46f49f4c520,triangle,2.5,lqi,1,3,10,42,11,14,138,no_route,0,0
LEO_V1_1_REQUALIFICATION_20260920,ofat_comparative,interferenceDb__25p0__lqi,f36d0510e3dbb0d3c9adffa565c74ad2c5026b77fa1cf04b411ba46f49f4c520,triangle,2.5,lqi,1,3,10,42,11,14,139,no_route,0,0
LEO_V1_1_REQUALIFICATION_20260920,ofat_comparative,interferenceDb__25p0__lqi,f36d0510e3dbb0d3c9adffa565c74ad2c5026b77fa1cf04b411ba46f49f4c520,triangle,2.5,lqi,1,3,10,42,11,15,140,no_route,0,0
LEO_V1_1_REQUALIFICATION_20260920,ofat_comparative,interferenceDb__25p0__lqi,f36d0510e3dbb0d3c9adffa565c74ad2c5026b77fa1cf04b411ba46f49f4c520,triangle,2.5,lqi,1,3,10,42,11,15,141,no_route,0,0
LEO_V1_1_REQUALIFICATION_20260920,ofat_comparative,interferenceDb__25p0__lqi,f36d0510e3dbb0d3c9adffa565c74ad2c5026b77fa1cf04b411ba46f49f4c520,triangle,2.5,lqi,1,3,10,42,11,15,142,no_route,0,0
LEO_V1_1_REQUALIFICATION_20260920,ofat_comparative,interferenceDb__25p0__lqi,f36d0510e3dbb0d3c9adffa565c74ad2c5026b77fa1cf04b411ba46f49f4c520,triangle,2.5,lqi,1,3,10,42,11,15,143,no_route,0,0
LEO_V1_1_REQUALIFICATION_20260920,ofat_comparative,interferenceDb__25p0__lqi,f36d0510e3dbb0d3c9adffa565c74ad2c5026b77fa1cf04b411ba46f49f4c520,triangle,2.5,lqi,1,3,10,42,11,15,144,no_route,0,0
LEO_V1_1_REQUALIFICATION_20260920,ofat_comparative,interferenceDb__25p0__lqi,f36d0510e3dbb0d3c9adffa565c74ad2c5026b77fa1cf04b411ba46f49f4c520,triangle,2.5,lqi,1,3,10,42,11,15,145,no_route,0,0
LEO_V1_1_REQUALIFICATION_20260920,ofat_comparative,interferenceDb__25p0__lqi,f36d0510e3dbb0d3c9adffa565c74ad2c5026b77fa1cf04b411ba46f49f4c520,triangle,2.5,lqi,1,3,10,42,11,15,146,no_route,0,0
LEO_V1_1_REQUALIFICATION_20260920,ofat_comparative,interferenceDb__25p0__lqi,f36d0510e3dbb0d3c9adffa565c74ad2c5026b77fa1cf04b411ba46f49f4c520,triangle,2.5,lqi,1,3,10,42,11,15,147,no_route,0,0
LEO_V1_1_REQUALIFICATION_20260920,ofat_comparative,interferenceDb__25p0__lqi,f36d0510e3dbb0d3c9adffa565c74ad2c5026b77fa1cf04b411ba46f49f4c520,triangle,2.5,lqi,1,3,10,42,11,15,148,no_route,0,0
LEO_V1_1_REQUALIFICATION_20260920,ofat_comparative,interferenceDb__25p0__lqi,f36d0510e3dbb0d3c9adffa565c74ad2c5026b77fa1cf04b411ba46f49f4c520,triangle,2.5,lqi,1,3,10,42,11,15,149,no_route,0,0
LEO_V1_1_REQUALIFICATION_20260920,ofat_comparative,interferenceDb__25p0__lqi,f36d0510e3dbb0d3c9adffa565c74ad2c5026b77fa1cf04b411ba46f49f4c520,triangle,2.5,lqi,1,3,10,42,11,16,150,no_route,0,0
LEO_V1_1_REQUALIFICATION_20260920,ofat_comparative,interferenceDb__25p0__lqi,f36d0510e3dbb0d3c9adffa565c74ad2c5026b77fa1cf04b411ba46f49f4c520,triangle,2.5,lqi,1,3,10,42,11,16,151,no_route,0,0
LEO_V1_1_REQUALIFICATION_20260920,ofat_comparative,interferenceDb__25p0__lqi,f36d0510e3dbb0d3c9adffa565c74ad2c5026b77fa1cf04b411ba46f49f4c520,triangle,2.5,lqi,1,3,10,42,11,16,152,no_route,0,0
LEO_V1_1_REQUALIFICATION_20260920,ofat_comparative,interferenceDb__25p0__lqi,f36d0510e3dbb0d3c9adffa565c74ad2c5026b77fa1cf04b411ba46f49f4c520,triangle,2.5,lqi,1,3,10,42,11,16,153,no_route,0,0
LEO_V1_1_REQUALIFICATION_20260920,ofat_comparative,interferenceDb__25p0__lqi,f36d0510e3dbb0d3c9adffa565c74ad2c5026b77fa1cf04b411ba46f49f4c520,triangle,2.5,lqi,1,3,10,42,11,16,154,no_route,0,0
LEO_V1_1_REQUALIFICATION_20260920,ofat_comparative,interferenceDb__25p0__lqi,f36d0510e3dbb0d3c9adffa565c74ad2c5026b77fa1cf04b411ba46f49f4c520,triangle,2.5,lqi,1,3,10,42,11,16,155,no_route,0,0
LEO_V1_1_REQUALIFICATION_20260920,ofat_comparative,interferenceDb__25p0__lqi,f36d0510e3dbb0d3c9adffa565c74ad2c5026b77fa1cf04b411ba46f49f4c520,triangle,2.5,lqi,1,3,10,42,11,16,156,no_route,0,0
LEO_V1_1_REQUALIFICATION_20260920,ofat_comparative,interferenceDb__25p0__lqi,f36d0510e3dbb0d3c9adffa565c74ad2c5026b77fa1cf04b411ba46f49f4c520,triangle,2.5,lqi,1,3,10,42,11,16,157,no_route,0,0
LEO_V1_1_REQUALIFICATION_20260920,ofat_comparative,interferenceDb__25p0__lqi,f36d0510e3dbb0d3c9adffa565c74ad2c5026b77fa1cf04b411ba46f49f4c520,triangle,2.5,lqi,1,3,10,42,11,16,158,no_route,0,0
LEO_V1_1_REQUALIFICATION_20260920,ofat_comparative,interferenceDb__25p0__lqi,f36d0510e3dbb0d3c9adffa565c74ad2c5026b77fa1cf04b411ba46f49f4c520,triangle,2.5,lqi,1,3,10,42,11,16,159,no_route,0,0
LEO_V1_1_REQUALIFICATION_20260920,ofat_comparative,interferenceDb__25p0__lqi,f36d0510e3dbb0d3c9adffa565c74ad2c5026b77fa1cf04b411ba46f49f4c520,triangle,2.5,lqi,1,3,10,42,11,17,160,no_route,0,0
LEO_V1_1_REQUALIFICATION_20260920,ofat_comparative,interferenceDb__25p0__lqi,f36d0510e3dbb0d3c9adffa565c74ad2c5026b77fa1cf04b411ba46f49f4c520,triangle,2.5,lqi,1,3,10,42,11,17,161,no_route,0,0
LEO_V1_1_REQUALIFICATION_20260920,ofat_comparative,interferenceDb__25p0__lqi,f36d0510e3dbb0d3c9adffa565c74ad2c5026b77fa1cf04b411ba46f49f4c520,triangle,2.5,lqi,1,3,10,42,11,17,162,no_route,0,0
LEO_V1_1_REQUALIFICATION_20260920,ofat_comparative,interferenceDb__25p0__lqi,f36d0510e3dbb0d3c9adffa565c74ad2c5026b77fa1cf04b411ba46f49f4c520,triangle,2.5,lqi,1,3,10,42,11,17,163,no_route,0,0
LEO_V1_1_REQUALIFICATION_20260920,ofat_comparative,interferenceDb__25p0__lqi,f36d0510e3dbb0d3c9adffa565c74ad2c5026b77fa1cf04b411ba46f49f4c520,triangle,2.5,lqi,1,3,10,42,11,17,164,no_route,0,0
LEO_V1_1_REQUALIFICATION_20260920,ofat_comparative,interferenceDb__25p0__lqi,f36d0510e3dbb0d3c9adffa565c74ad2c5026b77fa1cf04b411ba46f49f4c520,triangle,2.5,lqi,1,3,10,42,11,17,165,no_route,0,0
LEO_V1_1_REQUALIFICATION_20260920,ofat_comparative,interferenceDb__25p0__lqi,f36d0510e3dbb0d3c9adffa565c74ad2c5026b77fa1cf04b411ba46f49f4c520,triangle,2.5,lqi,1,3,10,42,11,17,166,no_route,0,0
LEO_V1_1_REQUALIFICATION_20260920,ofat_comparative,interferenceDb__25p0__lqi,f36d0510e3dbb0d3c9adffa565c74ad2c5026b77fa1cf04b411ba46f49f4c520,triangle,2.5,lqi,1,3,10,42,11,17,167,no_route,0,0
LEO_V1_1_REQUALIFICATION_20260920,ofat_comparative,interferenceDb__25p0__lqi,f36d0510e3dbb0d3c9adffa565c74ad2c5026b77fa1cf04b411ba46f49f4c520,triangle,2.5,lqi,1,3,10,42,11,17,168,no_route,0,0
LEO_V1_1_REQUALIFICATION_20260920,ofat_comparative,interferenceDb__25p0__lqi,f36d0510e3dbb0d3c9adffa565c74ad2c5026b77fa1cf04b411ba46f49f4c520,triangle,2.5,lqi,1,3,10,42,11,17,169,no_route,0,0
LEO_V1_1_REQUALIFICATION_20260920,ofat_comparative,interferenceDb__25p0__lqi,f36d0510e3dbb0d3c9adffa565c74ad2c5026b77fa1cf04b411ba46f49f4c520,triangle,2.5,lqi,1,3,10,42,11,18,170,no_route,0,0
LEO_V1_1_REQUALIFICATION_20260920,ofat_comparative,interferenceDb__25p0__lqi,f36d0510e3dbb0d3c9adffa565c74ad2c5026b77fa1cf04b411ba46f49f4c520,triangle,2.5,lqi,1,3,10,42,11,18,171,no_route,0,0
LEO_V1_1_REQUALIFICATION_20260920,ofat_comparative,interferenceDb__25p0__lqi,f36d0510e3dbb0d3c9adffa565c74ad2c5026b77fa1cf04b411ba46f49f4c520,triangle,2.5,lqi,1,3,10,42,11,18,172,no_route,0,0
LEO_V1_1_REQUALIFICATION_20260920,ofat_comparative,interferenceDb__25p0__lqi,f36d0510e3dbb0d3c9adffa565c74ad2c5026b77fa1cf04b411ba46f49f4c520,triangle,2.5,lqi,1,3,10,42,11,18,173,no_route,0,0
LEO_V1_1_REQUALIFICATION_20260920,ofat_comparative,interferenceDb__25p0__lqi,f36d0510e3dbb0d3c9adffa565c74ad2c5026b77fa1cf04b411ba46f49f4c520,triangle,2.5,lqi,1,3,10,42,11,18,174,no_route,0,0
LEO_V1_1_REQUALIFICATION_20260920,ofat_comparative,interferenceDb__25p0__lqi,f36d0510e3dbb0d3c9adffa565c74ad2c5026b77fa1cf04b411ba46f49f4c520,triangle,2.5,lqi,1,3,10,42,11,18,175,no_route,0,0
LEO_V1_1_REQUALIFICATION_20260920,ofat_comparative,interferenceDb__25p0__lqi,f36d0510e3dbb0d3c9adffa565c74ad2c5026b77fa1cf04b411ba46f49f4c520,triangle,2.5,lqi,1,3,10,42,11,18,176,no_route,0,0
LEO_V1_1_REQUALIFICATION_20260920,ofat_comparative,interferenceDb__25p0__lqi,f36d0510e3dbb0d3c9adffa565c74ad2c5026b77fa1cf04b411ba46f49f4c520,triangle,2.5,lqi,1,3,10,42,11,18,177,no_route,0,0
LEO_V1_1_REQUALIFICATION_20260920,ofat_comparative,interferenceDb__25p0__lqi,f36d0510e3dbb0d3c9adffa565c74ad2c5026b77fa1cf04b411ba46f49f4c520,triangle,2.5,lqi,1,3,10,42,11,18,178,no_route,0,0
LEO_V1_1_REQUALIFICATION_20260920,ofat_comparative,interferenceDb__25p0__lqi,f36d0510e3dbb0d3c9adffa565c74ad2c5026b77fa1cf04b411ba46f49f4c520,triangle,2.5,lqi,1,3,10,42,11,18,179,no_route,0,0
LEO_V1_1_REQUALIFICATION_20260920,ofat_comparative,interferenceDb__25p0__lqi,f36d0510e3dbb0d3c9adffa565c74ad2c5026b77fa1cf04b411ba46f49f4c520,triangle,2.5,lqi,1,3,10,42,11,19,180,no_route,0,0
LEO_V1_1_REQUALIFICATION_20260920,ofat_comparative,interferenceDb__25p0__lqi,f36d0510e3dbb0d3c9adffa565c74ad2c5026b77fa1cf04b411ba46f49f4c520,triangle,2.5,lqi,1,3,10,42,11,19,181,no_route,0,0
LEO_V1_1_REQUALIFICATION_20260920,ofat_comparative,interferenceDb__25p0__lqi,f36d0510e3dbb0d3c9adffa565c74ad2c5026b77fa1cf04b411ba46f49f4c520,triangle,2.5,lqi,1,3,10,42,11,19,182,no_route,0,0
LEO_V1_1_REQUALIFICATION_20260920,ofat_comparative,interferenceDb__25p0__lqi,f36d0510e3dbb0d3c9adffa565c74ad2c5026b77fa1cf04b411ba46f49f4c520,triangle,2.5,lqi,1,3,10,42,11,19,183,no_route,0,0
LEO_V1_1_REQUALIFICATION_20260920,ofat_comparative,interferenceDb__25p0__lqi,f36d0510e3dbb0d3c9adffa565c74ad2c5026b77fa1cf04b411ba46f49f4c520,triangle,2.5,lqi,1,3,10,42,11,19,184,no_route,0,0
LEO_V1_1_REQUALIFICATION_20260920,ofat_comparative,interferenceDb__25p0__lqi,f36d0510e3dbb0d3c9adffa565c74ad2c5026b77fa1cf04b411ba46f49f4c520,triangle,2.5,lqi,1,3,10,42,11,19,185,no_route,0,0
LEO_V1_1_REQUALIFICATION_20260920,ofat_comparative,interferenceDb__25p0__lqi,f36d0510e3dbb0d3c9adffa565c74ad2c5026b77fa1cf04b411ba46f49f4c520,triangle,2.5,lqi,1,3,10,42,11,19,186,no_route,0,0
LEO_V1_1_REQUALIFICATION_20260920,ofat_comparative,interferenceDb__25p0__lqi,f36d0510e3dbb0d3c9adffa565c74ad2c5026b77fa1cf04b411ba46f49f4c520,triangle,2.5,lqi,1,3,10,42,11,19,187,no_route,0,0
LEO_V1_1_REQUALIFICATION_20260920,ofat_comparative,interferenceDb__25p0__lqi,f36d0510e3dbb0d3c9adffa565c74ad2c5026b77fa1cf04b411ba46f49f4c520,triangle,2.5,lqi,1,3,10,42,11,19,188,no_route,0,0
LEO_V1_1_REQUALIFICATION_20260920,ofat_comparative,interferenceDb__25p0__lqi,f36d0510e3dbb0d3c9adffa565c74ad2c5026b77fa1cf04b411ba46f49f4c520,triangle,2.5,lqi,1,3,10,42,11,19,189,no_route,0,0
LEO_V1_1_REQUALIFICATION_20260920,ofat_comparative,interferenceDb__25p0__lqi,f36d0510e3dbb0d3c9adffa565c74ad2c5026b77fa1cf04b411ba46f49f4c520,triangle,2.5,lqi,1,3,11,42,12,1,0,success,12161961113530546194,1
LEO_V1_1_REQUALIFICATION_20260920,ofat_comparative,interferenceDb__25p0__lqi,f36d0510e3dbb0d3c9adffa565c74ad2c5026b77fa1cf04b411ba46f49f4c520,triangle,2.5,lqi,1,3,11,42,12,1,1,success,12161961113530546194,1
LEO_V1_1_REQUALIFICATION_20260920,ofat_comparative,interferenceDb__25p0__lqi,f36d0510e3dbb0d3c9adffa565c74ad2c5026b77fa1cf04b411ba46f49f4c520,triangle,2.5,lqi,1,3,11,42,12,1,2,success,12161961113530546194,1
LEO_V1_1_REQUALIFICATION_20260920,ofat_comparative,interferenceDb__25p0__lqi,f36d0510e3dbb0d3c9adffa565c74ad2c5026b77fa1cf04b411ba46f49f4c520,triangle,2.5,lqi,1,3,11,42,12,1,3,success,12161961113530546194,1
LEO_V1_1_REQUALIFICATION_20260920,ofat_comparative,interferenceDb__25p0__lqi,f36d0510e3dbb0d3c9adffa565c74ad2c5026b77fa1cf04b411ba46f49f4c520,triangle,2.5,lqi,1,3,11,42,12,1,4,success,12161961113530546194,1
LEO_V1_1_REQUALIFICATION_20260920,ofat_comparative,interferenceDb__25p0__lqi,f36d0510e3dbb0d3c9adffa565c74ad2c5026b77fa1cf04b411ba46f49f4c520,triangle,2.5,lqi,1,3,11,42,12,1,5,success,12161961113530546194,1
LEO_V1_1_REQUALIFICATION_20260920,ofat_comparative,interferenceDb__25p0__lqi,f36d0510e3dbb0d3c9adffa565c74ad2c5026b77fa1cf04b411ba46f49f4c520,triangle,2.5,lqi,1,3,11,42,12,1,6,success,12161961113530546194,1
LEO_V1_1_REQUALIFICATION_20260920,ofat_comparative,interferenceDb__25p0__lqi,f36d0510e3dbb0d3c9adffa565c74ad2c5026b77fa1cf04b411ba46f49f4c520,triangle,2.5,lqi,1,3,11,42,12,1,7,success,12161961113530546194,1
LEO_V1_1_REQUALIFICATION_20260920,ofat_comparative,interferenceDb__25p0__lqi,f36d0510e3dbb0d3c9adffa565c74ad2c5026b77fa1cf04b411ba46f49f4c520,triangle,2.5,lqi,1,3,11,42,12,1,8,success,12161961113530546194,1
LEO_V1_1_REQUALIFICATION_20260920,ofat_comparative,interferenceDb__25p0__lqi,f36d0510e3dbb0d3c9adffa565c74ad2c5026b77fa1cf04b411ba46f49f4c520,triangle,2.5,lqi,1,3,11,42,12,1,9,success,12161961113530546194,1
LEO_V1_1_REQUALIFICATION_20260920,ofat_comparative,interferenceDb__25p0__lqi,f36d0510e3dbb0d3c9adffa565c74ad2c5026b77fa1cf04b411ba46f49f4c520,triangle,2.5,lqi,1,3,11,42,12,2,10,success,12161960014018917983,1
LEO_V1_1_REQUALIFICATION_20260920,ofat_comparative,interferenceDb__25p0__lqi,f36d0510e3dbb0d3c9adffa565c74ad2c5026b77fa1cf04b411ba46f49f4c520,triangle,2.5,lqi,1,3,11,42,12,2,11,success,12161960014018917983,1
LEO_V1_1_REQUALIFICATION_20260920,ofat_comparative,interferenceDb__25p0__lqi,f36d0510e3dbb0d3c9adffa565c74ad2c5026b77fa1cf04b411ba46f49f4c520,triangle,2.5,lqi,1,3,11,42,12,2,12,success,12161960014018917983,1
LEO_V1_1_REQUALIFICATION_20260920,ofat_comparative,interferenceDb__25p0__lqi,f36d0510e3dbb0d3c9adffa565c74ad2c5026b77fa1cf04b411ba46f49f4c520,triangle,2.5,lqi,1,3,11,42,12,2,13,success,12161960014018917983,1
LEO_V1_1_REQUALIFICATION_20260920,ofat_comparative,interferenceDb__25p0__lqi,f36d0510e3dbb0d3c9adffa565c74ad2c5026b77fa1cf04b411ba46f49f4c520,triangle,2.5,lqi,1,3,11,42,12,2,14,success,12161960014018917983,1
LEO_V1_1_REQUALIFICATION_20260920,ofat_comparative,interferenceDb__25p0__lqi,f36d0510e3dbb0d3c9adffa565c74ad2c5026b77fa1cf04b411ba46f49f4c520,triangle,2.5,lqi,1,3,11,42,12,2,15,success,12161960014018917983,1
LEO_V1_1_REQUALIFICATION_20260920,ofat_comparative,interferenceDb__25p0__lqi,f36d0510e3dbb0d3c9adffa565c74ad2c5026b77fa1cf04b411ba46f49f4c520,triangle,2.5,lqi,1,3,11,42,12,2,16,success,12161960014018917983,1
LEO_V1_1_REQUALIFICATION_20260920,ofat_comparative,interferenceDb__25p0__lqi,f36d0510e3dbb0d3c9adffa565c74ad2c5026b77fa1cf04b411ba46f49f4c520,triangle,2.5,lqi,1,3,11,42,12,2,17,success,12161960014018917983,1
LEO_V1_1_REQUALIFICATION_20260920,ofat_comparative,interferenceDb__25p0__lqi,f36d0510e3dbb0d3c9adffa565c74ad2c5026b77fa1cf04b411ba46f49f4c520,triangle,2.5,lqi,1,3,11,42,12,2,18,success,12161960014018917983,1
LEO_V1_1_REQUALIFICATION_20260920,ofat_comparative,interferenceDb__25p0__lqi,f36d0510e3dbb0d3c9adffa565c74ad2c5026b77fa1cf04b411ba46f49f4c520,triangle,2.5,lqi,1,3,11,42,12,2,19,success,12161960014018917983,1
LEO_V1_1_REQUALIFICATION_20260920,ofat_comparative,interferenceDb__25p0__lqi,f36d0510e3dbb0d3c9adffa565c74ad2c5026b77fa1cf04b411ba46f49f4c520,triangle,2.5,lqi,1,3,11,42,12,3,20,success,5168105627079211135,2
LEO_V1_1_REQUALIFICATION_20260920,ofat_comparative,interferenceDb__25p0__lqi,f36d0510e3dbb0d3c9adffa565c74ad2c5026b77fa1cf04b411ba46f49f4c520,triangle,2.5,lqi,1,3,11,42,12,3,21,success,5168105627079211135,2
LEO_V1_1_REQUALIFICATION_20260920,ofat_comparative,interferenceDb__25p0__lqi,f36d0510e3dbb0d3c9adffa565c74ad2c5026b77fa1cf04b411ba46f49f4c520,triangle,2.5,lqi,1,3,11,42,12,3,22,success,5168105627079211135,2
LEO_V1_1_REQUALIFICATION_20260920,ofat_comparative,interferenceDb__25p0__lqi,f36d0510e3dbb0d3c9adffa565c74ad2c5026b77fa1cf04b411ba46f49f4c520,triangle,2.5,lqi,1,3,11,42,12,3,23,success,5168105627079211135,2
LEO_V1_1_REQUALIFICATION_20260920,ofat_comparative,interferenceDb__25p0__lqi,f36d0510e3dbb0d3c9adffa565c74ad2c5026b77fa1cf04b411ba46f49f4c520,triangle,2.5,lqi,1,3,11,42,12,3,24,success,5168105627079211135,2
LEO_V1_1_REQUALIFICATION_20260920,ofat_comparative,interferenceDb__25p0__lqi,f36d0510e3dbb0d3c9adffa565c74ad2c5026b77fa1cf04b411ba46f49f4c520,triangle,2.5,lqi,1,3,11,42,12,3,25,success,5168105627079211135,2
LEO_V1_1_REQUALIFICATION_20260920,ofat_comparative,interferenceDb__25p0__lqi,f36d0510e3dbb0d3c9adffa565c74ad2c5026b77fa1cf04b411ba46f49f4c520,triangle,2.5,lqi,1,3,11,42,12,3,26,success,5168105627079211135,2
LEO_V1_1_REQUALIFICATION_20260920,ofat_comparative,interferenceDb__25p0__lqi,f36d0510e3dbb0d3c9adffa565c74ad2c5026b77fa1cf04b411ba46f49f4c520,triangle,2.5,lqi,1,3,11,42,12,3,27,success,5168105627079211135,2
LEO_V1_1_REQUALIFICATION_20260920,ofat_comparative,interferenceDb__25p0__lqi,f36d0510e3dbb0d3c9adffa565c74ad2c5026b77fa1cf04b411ba46f49f4c520,triangle,2.5,lqi,1,3,11,42,12,3,28,success,5168105627079211135,2
LEO_V1_1_REQUALIFICATION_20260920,ofat_comparative,interferenceDb__25p0__lqi,f36d0510e3dbb0d3c9adffa565c74ad2c5026b77fa1cf04b411ba46f49f4c520,triangle,2.5,lqi,1,3,11,42,12,3,29,success,5168105627079211135,2
LEO_V1_1_REQUALIFICATION_20260920,ofat_comparative,interferenceDb__25p0__lqi,f36d0510e3dbb0d3c9adffa565c74ad2c5026b77fa1cf04b411ba46f49f4c520,triangle,2.5,lqi,1,3,11,42,12,4,30,success,4254184782511048963,2
LEO_V1_1_REQUALIFICATION_20260920,ofat_comparative,interferenceDb__25p0__lqi,f36d0510e3dbb0d3c9adffa565c74ad2c5026b77fa1cf04b411ba46f49f4c520,triangle,2.5,lqi,1,3,11,42,12,4,31,success,4254184782511048963,2
LEO_V1_1_REQUALIFICATION_20260920,ofat_comparative,interferenceDb__25p0__lqi,f36d0510e3dbb0d3c9adffa565c74ad2c5026b77fa1cf04b411ba46f49f4c520,triangle,2.5,lqi,1,3,11,42,12,4,32,success,4254184782511048963,2
LEO_V1_1_REQUALIFICATION_20260920,ofat_comparative,interferenceDb__25p0__lqi,f36d0510e3dbb0d3c9adffa565c74ad2c5026b77fa1cf04b411ba46f49f4c520,triangle,2.5,lqi,1,3,11,42,12,4,33,success,4254184782511048963,2
LEO_V1_1_REQUALIFICATION_20260920,ofat_comparative,interferenceDb__25p0__lqi,f36d0510e3dbb0d3c9adffa565c74ad2c5026b77fa1cf04b411ba46f49f4c520,triangle,2.5,lqi,1,3,11,42,12,4,34,success,4254184782511048963,2
LEO_V1_1_REQUALIFICATION_20260920,ofat_comparative,interferenceDb__25p0__lqi,f36d0510e3dbb0d3c9adffa565c74ad2c5026b77fa1cf04b411ba46f49f4c520,triangle,2.5,lqi,1,3,11,42,12,4,35,success,4254184782511048963,2
LEO_V1_1_REQUALIFICATION_20260920,ofat_comparative,interferenceDb__25p0__lqi,f36d0510e3dbb0d3c9adffa565c74ad2c5026b77fa1cf04b411ba46f49f4c520,triangle,2.5,lqi,1,3,11,42,12,4,36,success,4254184782511048963,2
LEO_V1_1_REQUALIFICATION_20260920,ofat_comparative,interferenceDb__25p0__lqi,f36d0510e3dbb0d3c9adffa565c74ad2c5026b77fa1cf04b411ba46f49f4c520,triangle,2.5,lqi,1,3,11,42,12,4,37,success,4254184782511048963,2
LEO_V1_1_REQUALIFICATION_20260920,ofat_comparative,interferenceDb__25p0__lqi,f36d0510e3dbb0d3c9adffa565c74ad2c5026b77fa1cf04b411ba46f49f4c520,triangle,2.5,lqi,1,3,11,42,12,4,38,success,4254184782511048963,2
LEO_V1_1_REQUALIFICATION_20260920,ofat_comparative,interferenceDb__25p0__lqi,f36d0510e3dbb0d3c9adffa565c74ad2c5026b77fa1cf04b411ba46f49f4c520,triangle,2.5,lqi,1,3,11,42,12,4,39,success,4254184782511048963,2
LEO_V1_1_REQUALIFICATION_20260920,ofat_comparative,interferenceDb__25p0__lqi,f36d0510e3dbb0d3c9adffa565c74ad2c5026b77fa1cf04b411ba46f49f4c520,triangle,2.5,lqi,1,3,11,42,12,5,40,success,16719299368067595120,3
LEO_V1_1_REQUALIFICATION_20260920,ofat_comparative,interferenceDb__25p0__lqi,f36d0510e3dbb0d3c9adffa565c74ad2c5026b77fa1cf04b411ba46f49f4c520,triangle,2.5,lqi,1,3,11,42,12,5,41,success,16719299368067595120,3
LEO_V1_1_REQUALIFICATION_20260920,ofat_comparative,interferenceDb__25p0__lqi,f36d0510e3dbb0d3c9adffa565c74ad2c5026b77fa1cf04b411ba46f49f4c520,triangle,2.5,lqi,1,3,11,42,12,5,42,success,16719299368067595120,3
LEO_V1_1_REQUALIFICATION_20260920,ofat_comparative,interferenceDb__25p0__lqi,f36d0510e3dbb0d3c9adffa565c74ad2c5026b77fa1cf04b411ba46f49f4c520,triangle,2.5,lqi,1,3,11,42,12,5,43,success,16719299368067595120,3
LEO_V1_1_REQUALIFICATION_20260920,ofat_comparative,interferenceDb__25p0__lqi,f36d0510e3dbb0d3c9adffa565c74ad2c5026b77fa1cf04b411ba46f49f4c520,triangle,2.5,lqi,1,3,11,42,12,5,44,success,16719299368067595120,3
LEO_V1_1_REQUALIFICATION_20260920,ofat_comparative,interferenceDb__25p0__lqi,f36d0510e3dbb0d3c9adffa565c74ad2c5026b77fa1cf04b411ba46f49f4c520,triangle,2.5,lqi,1,3,11,42,12,5,45,success,16719299368067595120,3
LEO_V1_1_REQUALIFICATION_20260920,ofat_comparative,interferenceDb__25p0__lqi,f36d0510e3dbb0d3c9adffa565c74ad2c5026b77fa1cf04b411ba46f49f4c520,triangle,2.5,lqi,1,3,11,42,12,5,46,success,16719299368067595120,3
LEO_V1_1_REQUALIFICATION_20260920,ofat_comparative,interferenceDb__25p0__lqi,f36d0510e3dbb0d3c9adffa565c74ad2c5026b77fa1cf04b411ba46f49f4c520,triangle,2.5,lqi,1,3,11,42,12,5,47,success,16719299368067595120,3
LEO_V1_1_REQUALIFICATION_20260920,ofat_comparative,interferenceDb__25p0__lqi,f36d0510e3dbb0d3c9adffa565c74ad2c5026b77fa1cf04b411ba46f49f4c520,triangle,2.5,lqi,1,3,11,42,12,5,48,success,16719299368067595120,3
LEO_V1_1_REQUALIFICATION_20260920,ofat_comparative,interferenceDb__25p0__lqi,f36d0510e3dbb0d3c9adffa565c74ad2c5026b77fa1cf04b411ba46f49f4c520,triangle,2.5,lqi,1,3,11,42,12,5,49,success,16719299368067595120,3
LEO_V1_1_REQUALIFICATION_20260920,ofat_comparative,interferenceDb__25p0__lqi,f36d0510e3dbb0d3c9adffa565c74ad2c5026b77fa1cf04b411ba46f49f4c520,triangle,2.5,lqi,1,3,11,42,12,6,50,timeout,0,0
LEO_V1_1_REQUALIFICATION_20260920,ofat_comparative,interferenceDb__25p0__lqi,f36d0510e3dbb0d3c9adffa565c74ad2c5026b77fa1cf04b411ba46f49f4c520,triangle,2.5,lqi,1,3,11,42,12,6,51,no_route,0,0
LEO_V1_1_REQUALIFICATION_20260920,ofat_comparative,interferenceDb__25p0__lqi,f36d0510e3dbb0d3c9adffa565c74ad2c5026b77fa1cf04b411ba46f49f4c520,triangle,2.5,lqi,1,3,11,42,12,6,52,success,10070015029324330146,4
LEO_V1_1_REQUALIFICATION_20260920,ofat_comparative,interferenceDb__25p0__lqi,f36d0510e3dbb0d3c9adffa565c74ad2c5026b77fa1cf04b411ba46f49f4c520,triangle,2.5,lqi,1,3,11,42,12,6,53,success,10070015029324330146,4
LEO_V1_1_REQUALIFICATION_20260920,ofat_comparative,interferenceDb__25p0__lqi,f36d0510e3dbb0d3c9adffa565c74ad2c5026b77fa1cf04b411ba46f49f4c520,triangle,2.5,lqi,1,3,11,42,12,6,54,success,10070015029324330146,4
LEO_V1_1_REQUALIFICATION_20260920,ofat_comparative,interferenceDb__25p0__lqi,f36d0510e3dbb0d3c9adffa565c74ad2c5026b77fa1cf04b411ba46f49f4c520,triangle,2.5,lqi,1,3,11,42,12,6,55,success,10070015029324330146,4
LEO_V1_1_REQUALIFICATION_20260920,ofat_comparative,interferenceDb__25p0__lqi,f36d0510e3dbb0d3c9adffa565c74ad2c5026b77fa1cf04b411ba46f49f4c520,triangle,2.5,lqi,1,3,11,42,12,6,56,success,10070015029324330146,4
LEO_V1_1_REQUALIFICATION_20260920,ofat_comparative,interferenceDb__25p0__lqi,f36d0510e3dbb0d3c9adffa565c74ad2c5026b77fa1cf04b411ba46f49f4c520,triangle,2.5,lqi,1,3,11,42,12,6,57,success,10070015029324330146,4
LEO_V1_1_REQUALIFICATION_20260920,ofat_comparative,interferenceDb__25p0__lqi,f36d0510e3dbb0d3c9adffa565c74ad2c5026b77fa1cf04b411ba46f49f4c520,triangle,2.5,lqi,1,3,11,42,12,6,58,success,10070015029324330146,4
LEO_V1_1_REQUALIFICATION_20260920,ofat_comparative,interferenceDb__25p0__lqi,f36d0510e3dbb0d3c9adffa565c74ad2c5026b77fa1cf04b411ba46f49f4c520,triangle,2.5,lqi,1,3,11,42,12,6,59,success,10070015029324330146,4
LEO_V1_1_REQUALIFICATION_20260920,ofat_comparative,interferenceDb__25p0__lqi,f36d0510e3dbb0d3c9adffa565c74ad2c5026b77fa1cf04b411ba46f49f4c520,triangle,2.5,lqi,1,3,11,42,12,7,60,success,12161954516460776928,1
LEO_V1_1_REQUALIFICATION_20260920,ofat_comparative,interferenceDb__25p0__lqi,f36d0510e3dbb0d3c9adffa565c74ad2c5026b77fa1cf04b411ba46f49f4c520,triangle,2.5,lqi,1,3,11,42,12,7,61,success,12161954516460776928,1
LEO_V1_1_REQUALIFICATION_20260920,ofat_comparative,interferenceDb__25p0__lqi,f36d0510e3dbb0d3c9adffa565c74ad2c5026b77fa1cf04b411ba46f49f4c520,triangle,2.5,lqi,1,3,11,42,12,7,62,success,12161954516460776928,1
LEO_V1_1_REQUALIFICATION_20260920,ofat_comparative,interferenceDb__25p0__lqi,f36d0510e3dbb0d3c9adffa565c74ad2c5026b77fa1cf04b411ba46f49f4c520,triangle,2.5,lqi,1,3,11,42,12,7,63,success,12161954516460776928,1
LEO_V1_1_REQUALIFICATION_20260920,ofat_comparative,interferenceDb__25p0__lqi,f36d0510e3dbb0d3c9adffa565c74ad2c5026b77fa1cf04b411ba46f49f4c520,triangle,2.5,lqi,1,3,11,42,12,7,64,success,12161954516460776928,1
LEO_V1_1_REQUALIFICATION_20260920,ofat_comparative,interferenceDb__25p0__lqi,f36d0510e3dbb0d3c9adffa565c74ad2c5026b77fa1cf04b411ba46f49f4c520,triangle,2.5,lqi,1,3,11,42,12,7,65,success,12161954516460776928,1
LEO_V1_1_REQUALIFICATION_20260920,ofat_comparative,interferenceDb__25p0__lqi,f36d0510e3dbb0d3c9adffa565c74ad2c5026b77fa1cf04b411ba46f49f4c520,triangle,2.5,lqi,1,3,11,42,12,7,66,success,12161954516460776928,1
LEO_V1_1_REQUALIFICATION_20260920,ofat_comparative,interferenceDb__25p0__lqi,f36d0510e3dbb0d3c9adffa565c74ad2c5026b77fa1cf04b411ba46f49f4c520,triangle,2.5,lqi,1,3,11,42,12,7,67,success,12161954516460776928,1
LEO_V1_1_REQUALIFICATION_20260920,ofat_comparative,interferenceDb__25p0__lqi,f36d0510e3dbb0d3c9adffa565c74ad2c5026b77fa1cf04b411ba46f49f4c520,triangle,2.5,lqi,1,3,11,42,12,7,68,success,12161954516460776928,1
LEO_V1_1_REQUALIFICATION_20260920,ofat_comparative,interferenceDb__25p0__lqi,f36d0510e3dbb0d3c9adffa565c74ad2c5026b77fa1cf04b411ba46f49f4c520,triangle,2.5,lqi,1,3,11,42,12,7,69,success,12161954516460776928,1
LEO_V1_1_REQUALIFICATION_20260920,ofat_comparative,interferenceDb__25p0__lqi,f36d0510e3dbb0d3c9adffa565c74ad2c5026b77fa1cf04b411ba46f49f4c520,triangle,2.5,lqi,1,3,11,42,12,8,70,success,12161971009135200093,1
LEO_V1_1_REQUALIFICATION_20260920,ofat_comparative,interferenceDb__25p0__lqi,f36d0510e3dbb0d3c9adffa565c74ad2c5026b77fa1cf04b411ba46f49f4c520,triangle,2.5,lqi,1,3,11,42,12,8,71,success,12161971009135200093,1
LEO_V1_1_REQUALIFICATION_20260920,ofat_comparative,interferenceDb__25p0__lqi,f36d0510e3dbb0d3c9adffa565c74ad2c5026b77fa1cf04b411ba46f49f4c520,triangle,2.5,lqi,1,3,11,42,12,8,72,success,12161971009135200093,1
LEO_V1_1_REQUALIFICATION_20260920,ofat_comparative,interferenceDb__25p0__lqi,f36d0510e3dbb0d3c9adffa565c74ad2c5026b77fa1cf04b411ba46f49f4c520,triangle,2.5,lqi,1,3,11,42,12,8,73,success,12161971009135200093,1
LEO_V1_1_REQUALIFICATION_20260920,ofat_comparative,interferenceDb__25p0__lqi,f36d0510e3dbb0d3c9adffa565c74ad2c5026b77fa1cf04b411ba46f49f4c520,triangle,2.5,lqi,1,3,11,42,12,8,74,success,12161971009135200093,1
LEO_V1_1_REQUALIFICATION_20260920,ofat_comparative,interferenceDb__25p0__lqi,f36d0510e3dbb0d3c9adffa565c74ad2c5026b77fa1cf04b411ba46f49f4c520,triangle,2.5,lqi,1,3,11,42,12,8,75,success,12161971009135200093,1
LEO_V1_1_REQUALIFICATION_20260920,ofat_comparative,interferenceDb__25p0__lqi,f36d0510e3dbb0d3c9adffa565c74ad2c5026b77fa1cf04b411ba46f49f4c520,triangle,2.5,lqi,1,3,11,42,12,8,76,success,12161971009135200093,1
LEO_V1_1_REQUALIFICATION_20260920,ofat_comparative,interferenceDb__25p0__lqi,f36d0510e3dbb0d3c9adffa565c74ad2c5026b77fa1cf04b411ba46f49f4c520,triangle,2.5,lqi,1,3,11,42,12,8,77,success,12161971009135200093,1
LEO_V1_1_REQUALIFICATION_20260920,ofat_comparative,interferenceDb__25p0__lqi,f36d0510e3dbb0d3c9adffa565c74ad2c5026b77fa1cf04b411ba46f49f4c520,triangle,2.5,lqi,1,3,11,42,12,8,78,success,12161971009135200093,1
LEO_V1_1_REQUALIFICATION_20260920,ofat_comparative,interferenceDb__25p0__lqi,f36d0510e3dbb0d3c9adffa565c74ad2c5026b77fa1cf04b411ba46f49f4c520,triangle,2.5,lqi,1,3,11,42,12,8,79,no_route,0,0
LEO_V1_1_REQUALIFICATION_20260920,ofat_comparative,interferenceDb__25p0__lqi,f36d0510e3dbb0d3c9adffa565c74ad2c5026b77fa1cf04b411ba46f49f4c520,triangle,2.5,lqi,1,3,11,42,12,9,80,success,18131355419705379627,2
LEO_V1_1_REQUALIFICATION_20260920,ofat_comparative,interferenceDb__25p0__lqi,f36d0510e3dbb0d3c9adffa565c74ad2c5026b77fa1cf04b411ba46f49f4c520,triangle,2.5,lqi,1,3,11,42,12,9,81,timeout,0,0
LEO_V1_1_REQUALIFICATION_20260920,ofat_comparative,interferenceDb__25p0__lqi,f36d0510e3dbb0d3c9adffa565c74ad2c5026b77fa1cf04b411ba46f49f4c520,triangle,2.5,lqi,1,3,11,42,12,9,82,no_route,0,0
LEO_V1_1_REQUALIFICATION_20260920,ofat_comparative,interferenceDb__25p0__lqi,f36d0510e3dbb0d3c9adffa565c74ad2c5026b77fa1cf04b411ba46f49f4c520,triangle,2.5,lqi,1,3,11,42,12,9,83,success,18131355419705379627,2
LEO_V1_1_REQUALIFICATION_20260920,ofat_comparative,interferenceDb__25p0__lqi,f36d0510e3dbb0d3c9adffa565c74ad2c5026b77fa1cf04b411ba46f49f4c520,triangle,2.5,lqi,1,3,11,42,12,9,84,success,18131355419705379627,2
LEO_V1_1_REQUALIFICATION_20260920,ofat_comparative,interferenceDb__25p0__lqi,f36d0510e3dbb0d3c9adffa565c74ad2c5026b77fa1cf04b411ba46f49f4c520,triangle,2.5,lqi,1,3,11,42,12,9,85,success,18131355419705379627,2
LEO_V1_1_REQUALIFICATION_20260920,ofat_comparative,interferenceDb__25p0__lqi,f36d0510e3dbb0d3c9adffa565c74ad2c5026b77fa1cf04b411ba46f49f4c520,triangle,2.5,lqi,1,3,11,42,12,9,86,success,18131355419705379627,2
LEO_V1_1_REQUALIFICATION_20260920,ofat_comparative,interferenceDb__25p0__lqi,f36d0510e3dbb0d3c9adffa565c74ad2c5026b77fa1cf04b411ba46f49f4c520,triangle,2.5,lqi,1,3,11,42,12,9,87,success,18131355419705379627,2
LEO_V1_1_REQUALIFICATION_20260920,ofat_comparative,interferenceDb__25p0__lqi,f36d0510e3dbb0d3c9adffa565c74ad2c5026b77fa1cf04b411ba46f49f4c520,triangle,2.5,lqi,1,3,11,42,12,9,88,success,18131355419705379627,2
LEO_V1_1_REQUALIFICATION_20260920,ofat_comparative,interferenceDb__25p0__lqi,f36d0510e3dbb0d3c9adffa565c74ad2c5026b77fa1cf04b411ba46f49f4c520,triangle,2.5,lqi,1,3,11,42,12,9,89,success,18131355419705379627,2
LEO_V1_1_REQUALIFICATION_20260920,ofat_comparative,interferenceDb__25p0__lqi,f36d0510e3dbb0d3c9adffa565c74ad2c5026b77fa1cf04b411ba46f49f4c520,triangle,2.5,lqi,1,3,11,42,12,10,90,no_route,0,0
LEO_V1_1_REQUALIFICATION_20260920,ofat_comparative,interferenceDb__25p0__lqi,f36d0510e3dbb0d3c9adffa565c74ad2c5026b77fa1cf04b411ba46f49f4c520,triangle,2.5,lqi,1,3,11,42,12,10,91,success,18131356519217007838,2
LEO_V1_1_REQUALIFICATION_20260920,ofat_comparative,interferenceDb__25p0__lqi,f36d0510e3dbb0d3c9adffa565c74ad2c5026b77fa1cf04b411ba46f49f4c520,triangle,2.5,lqi,1,3,11,42,12,10,92,timeout,0,0
LEO_V1_1_REQUALIFICATION_20260920,ofat_comparative,interferenceDb__25p0__lqi,f36d0510e3dbb0d3c9adffa565c74ad2c5026b77fa1cf04b411ba46f49f4c520,triangle,2.5,lqi,1,3,11,42,12,10,93,no_route,0,0
LEO_V1_1_REQUALIFICATION_20260920,ofat_comparative,interferenceDb__25p0__lqi,f36d0510e3dbb0d3c9adffa565c74ad2c5026b77fa1cf04b411ba46f49f4c520,triangle,2.5,lqi,1,3,11,42,12,10,94,success,17464326760895962409,3
LEO_V1_1_REQUALIFICATION_20260920,ofat_comparative,interferenceDb__25p0__lqi,f36d0510e3dbb0d3c9adffa565c74ad2c5026b77fa1cf04b411ba46f49f4c520,triangle,2.5,lqi,1,3,11,42,12,10,95,success,17464326760895962409,3
LEO_V1_1_REQUALIFICATION_20260920,ofat_comparative,interferenceDb__25p0__lqi,f36d0510e3dbb0d3c9adffa565c74ad2c5026b77fa1cf04b411ba46f49f4c520,triangle,2.5,lqi,1,3,11,42,12,10,96,success,17464326760895962409,3
LEO_V1_1_REQUALIFICATION_20260920,ofat_comparative,interferenceDb__25p0__lqi,f36d0510e3dbb0d3c9adffa565c74ad2c5026b77fa1cf04b411ba46f49f4c520,triangle,2.5,lqi,1,3,11,42,12,10,97,success,17464326760895962409,3
LEO_V1_1_REQUALIFICATION_20260920,ofat_comparative,interferenceDb__25p0__lqi,f36d0510e3dbb0d3c9adffa565c74ad2c5026b77fa1cf04b411ba46f49f4c520,triangle,2.5,lqi,1,3,11,42,12,10,98,success,17464326760895962409,3
LEO_V1_1_REQUALIFICATION_20260920,ofat_comparative,interferenceDb__25p0__lqi,f36d0510e3dbb0d3c9adffa565c74ad2c5026b77fa1cf04b411ba46f49f4c520,triangle,2.5,lqi,1,3,11,42,12,10,99,success,17464326760895962409,3
LEO_V1_1_REQUALIFICATION_20260920,ofat_comparative,interferenceDb__25p0__lqi,f36d0510e3dbb0d3c9adffa565c74ad2c5026b77fa1cf04b411ba46f49f4c520,triangle,2.5,lqi,1,3,11,42,12,11,100,success,17464325661384334198,3
LEO_V1_1_REQUALIFICATION_20260920,ofat_comparative,interferenceDb__25p0__lqi,f36d0510e3dbb0d3c9adffa565c74ad2c5026b77fa1cf04b411ba46f49f4c520,triangle,2.5,lqi,1,3,11,42,12,11,101,success,17464325661384334198,3
LEO_V1_1_REQUALIFICATION_20260920,ofat_comparative,interferenceDb__25p0__lqi,f36d0510e3dbb0d3c9adffa565c74ad2c5026b77fa1cf04b411ba46f49f4c520,triangle,2.5,lqi,1,3,11,42,12,11,102,success,17464325661384334198,3
LEO_V1_1_REQUALIFICATION_20260920,ofat_comparative,interferenceDb__25p0__lqi,f36d0510e3dbb0d3c9adffa565c74ad2c5026b77fa1cf04b411ba46f49f4c520,triangle,2.5,lqi,1,3,11,42,12,11,103,success,17464325661384334198,3
LEO_V1_1_REQUALIFICATION_20260920,ofat_comparative,interferenceDb__25p0__lqi,f36d0510e3dbb0d3c9adffa565c74ad2c5026b77fa1cf04b411ba46f49f4c520,triangle,2.5,lqi,1,3,11,42,12,11,104,success,17464325661384334198,3
LEO_V1_1_REQUALIFICATION_20260920,ofat_comparative,interferenceDb__25p0__lqi,f36d0510e3dbb0d3c9adffa565c74ad2c5026b77fa1cf04b411ba46f49f4c520,triangle,2.5,lqi,1,3,11,42,12,11,105,success,17464325661384334198,3
LEO_V1_1_REQUALIFICATION_20260920,ofat_comparative,interferenceDb__25p0__lqi,f36d0510e3dbb0d3c9adffa565c74ad2c5026b77fa1cf04b411ba46f49f4c520,triangle,2.5,lqi,1,3,11,42,12,11,106,success,17464325661384334198,3
LEO_V1_1_REQUALIFICATION_20260920,ofat_comparative,interferenceDb__25p0__lqi,f36d0510e3dbb0d3c9adffa565c74ad2c5026b77fa1cf04b411ba46f49f4c520,triangle,2.5,lqi,1,3,11,42,12,11,107,success,17464325661384334198,3
LEO_V1_1_REQUALIFICATION_20260920,ofat_comparative,interferenceDb__25p0__lqi,f36d0510e3dbb0d3c9adffa565c74ad2c5026b77fa1cf04b411ba46f49f4c520,triangle,2.5,lqi,1,3,11,42,12,11,108,success,17464325661384334198,3
LEO_V1_1_REQUALIFICATION_20260920,ofat_comparative,interferenceDb__25p0__lqi,f36d0510e3dbb0d3c9adffa565c74ad2c5026b77fa1cf04b411ba46f49f4c520,triangle,2.5,lqi,1,3,11,42,12,11,109,success,17464325661384334198,3
LEO_V1_1_REQUALIFICATION_20260920,ofat_comparative,interferenceDb__25p0__lqi,f36d0510e3dbb0d3c9adffa565c74ad2c5026b77fa1cf04b411ba46f49f4c520,triangle,2.5,lqi,1,3,11,42,12,12,110,success,17464328959919218831,3
LEO_V1_1_REQUALIFICATION_20260920,ofat_comparative,interferenceDb__25p0__lqi,f36d0510e3dbb0d3c9adffa565c74ad2c5026b77fa1cf04b411ba46f49f4c520,triangle,2.5,lqi,1,3,11,42,12,12,111,timeout,0,0
LEO_V1_1_REQUALIFICATION_20260920,ofat_comparative,interferenceDb__25p0__lqi,f36d0510e3dbb0d3c9adffa565c74ad2c5026b77fa1cf04b411ba46f49f4c520,triangle,2.5,lqi,1,3,11,42,12,12,112,no_route,0,0
LEO_V1_1_REQUALIFICATION_20260920,ofat_comparative,interferenceDb__25p0__lqi,f36d0510e3dbb0d3c9adffa565c74ad2c5026b77fa1cf04b411ba46f49f4c520,triangle,2.5,lqi,1,3,11,42,12,12,113,timeout,0,0
LEO_V1_1_REQUALIFICATION_20260920,ofat_comparative,interferenceDb__25p0__lqi,f36d0510e3dbb0d3c9adffa565c74ad2c5026b77fa1cf04b411ba46f49f4c520,triangle,2.5,lqi,1,3,11,42,12,12,114,no_route,0,0
LEO_V1_1_REQUALIFICATION_20260920,ofat_comparative,interferenceDb__25p0__lqi,f36d0510e3dbb0d3c9adffa565c74ad2c5026b77fa1cf04b411ba46f49f4c520,triangle,2.5,lqi,1,3,11,42,12,12,115,timeout,0,0
LEO_V1_1_REQUALIFICATION_20260920,ofat_comparative,interferenceDb__25p0__lqi,f36d0510e3dbb0d3c9adffa565c74ad2c5026b77fa1cf04b411ba46f49f4c520,triangle,2.5,lqi,1,3,11,42,12,12,116,no_route,0,0
LEO_V1_1_REQUALIFICATION_20260920,ofat_comparative,interferenceDb__25p0__lqi,f36d0510e3dbb0d3c9adffa565c74ad2c5026b77fa1cf04b411ba46f49f4c520,triangle,2.5,lqi,1,3,11,42,12,12,117,success,11861899764507145195,3
LEO_V1_1_REQUALIFICATION_20260920,ofat_comparative,interferenceDb__25p0__lqi,f36d0510e3dbb0d3c9adffa565c74ad2c5026b77fa1cf04b411ba46f49f4c520,triangle,2.5,lqi,1,3,11,42,12,12,118,success,11861899764507145195,3
LEO_V1_1_REQUALIFICATION_20260920,ofat_comparative,interferenceDb__25p0__lqi,f36d0510e3dbb0d3c9adffa565c74ad2c5026b77fa1cf04b411ba46f49f4c520,triangle,2.5,lqi,1,3,11,42,12,12,119,success,11861899764507145195,3
LEO_V1_1_REQUALIFICATION_20260920,ofat_comparative,interferenceDb__25p0__lqi,f36d0510e3dbb0d3c9adffa565c74ad2c5026b77fa1cf04b411ba46f49f4c520,triangle,2.5,lqi,1,3,11,42,12,13,120,no_route,0,0
LEO_V1_1_REQUALIFICATION_20260920,ofat_comparative,interferenceDb__25p0__lqi,f36d0510e3dbb0d3c9adffa565c74ad2c5026b77fa1cf04b411ba46f49f4c520,triangle,2.5,lqi,1,3,11,42,12,13,121,no_route,0,0
LEO_V1_1_REQUALIFICATION_20260920,ofat_comparative,interferenceDb__25p0__lqi,f36d0510e3dbb0d3c9adffa565c74ad2c5026b77fa1cf04b411ba46f49f4c520,triangle,2.5,lqi,1,3,11,42,12,13,122,no_route,0,0
LEO_V1_1_REQUALIFICATION_20260920,ofat_comparative,interferenceDb__25p0__lqi,f36d0510e3dbb0d3c9adffa565c74ad2c5026b77fa1cf04b411ba46f49f4c520,triangle,2.5,lqi,1,3,11,42,12,13,123,no_route,0,0
LEO_V1_1_REQUALIFICATION_20260920,ofat_comparative,interferenceDb__25p0__lqi,f36d0510e3dbb0d3c9adffa565c74ad2c5026b77fa1cf04b411ba46f49f4c520,triangle,2.5,lqi,1,3,11,42,12,13,124,no_route,0,0
LEO_V1_1_REQUALIFICATION_20260920,ofat_comparative,interferenceDb__25p0__lqi,f36d0510e3dbb0d3c9adffa565c74ad2c5026b77fa1cf04b411ba46f49f4c520,triangle,2.5,lqi,1,3,11,42,12,13,125,no_route,0,0
LEO_V1_1_REQUALIFICATION_20260920,ofat_comparative,interferenceDb__25p0__lqi,f36d0510e3dbb0d3c9adffa565c74ad2c5026b77fa1cf04b411ba46f49f4c520,triangle,2.5,lqi,1,3,11,42,12,13,126,no_route,0,0
LEO_V1_1_REQUALIFICATION_20260920,ofat_comparative,interferenceDb__25p0__lqi,f36d0510e3dbb0d3c9adffa565c74ad2c5026b77fa1cf04b411ba46f49f4c520,triangle,2.5,lqi,1,3,11,42,12,13,127,no_route,0,0
LEO_V1_1_REQUALIFICATION_20260920,ofat_comparative,interferenceDb__25p0__lqi,f36d0510e3dbb0d3c9adffa565c74ad2c5026b77fa1cf04b411ba46f49f4c520,triangle,2.5,lqi,1,3,11,42,12,13,128,no_route,0,0
LEO_V1_1_REQUALIFICATION_20260920,ofat_comparative,interferenceDb__25p0__lqi,f36d0510e3dbb0d3c9adffa565c74ad2c5026b77fa1cf04b411ba46f49f4c520,triangle,2.5,lqi,1,3,11,42,12,13,129,no_route,0,0
LEO_V1_1_REQUALIFICATION_20260920,ofat_comparative,interferenceDb__25p0__lqi,f36d0510e3dbb0d3c9adffa565c74ad2c5026b77fa1cf04b411ba46f49f4c520,triangle,2.5,lqi,1,3,11,42,12,14,130,no_route,0,0
LEO_V1_1_REQUALIFICATION_20260920,ofat_comparative,interferenceDb__25p0__lqi,f36d0510e3dbb0d3c9adffa565c74ad2c5026b77fa1cf04b411ba46f49f4c520,triangle,2.5,lqi,1,3,11,42,12,14,131,no_route,0,0
LEO_V1_1_REQUALIFICATION_20260920,ofat_comparative,interferenceDb__25p0__lqi,f36d0510e3dbb0d3c9adffa565c74ad2c5026b77fa1cf04b411ba46f49f4c520,triangle,2.5,lqi,1,3,11,42,12,14,132,no_route,0,0
LEO_V1_1_REQUALIFICATION_20260920,ofat_comparative,interferenceDb__25p0__lqi,f36d0510e3dbb0d3c9adffa565c74ad2c5026b77fa1cf04b411ba46f49f4c520,triangle,2.5,lqi,1,3,11,42,12,14,133,no_route,0,0
LEO_V1_1_REQUALIFICATION_20260920,ofat_comparative,interferenceDb__25p0__lqi,f36d0510e3dbb0d3c9adffa565c74ad2c5026b77fa1cf04b411ba46f49f4c520,triangle,2.5,lqi,1,3,11,42,12,14,134,no_route,0,0
LEO_V1_1_REQUALIFICATION_20260920,ofat_comparative,interferenceDb__25p0__lqi,f36d0510e3dbb0d3c9adffa565c74ad2c5026b77fa1cf04b411ba46f49f4c520,triangle,2.5,lqi,1,3,11,42,12,14,135,no_route,0,0
LEO_V1_1_REQUALIFICATION_20260920,ofat_comparative,interferenceDb__25p0__lqi,f36d0510e3dbb0d3c9adffa565c74ad2c5026b77fa1cf04b411ba46f49f4c520,triangle,2.5,lqi,1,3,11,42,12,14,136,no_route,0,0
LEO_V1_1_REQUALIFICATION_20260920,ofat_comparative,interferenceDb__25p0__lqi,f36d0510e3dbb0d3c9adffa565c74ad2c5026b77fa1cf04b411ba46f49f4c520,triangle,2.5,lqi,1,3,11,42,12,14,137,no_route,0,0
LEO_V1_1_REQUALIFICATION_20260920,ofat_comparative,interferenceDb__25p0__lqi,f36d0510e3dbb0d3c9adffa565c74ad2c5026b77fa1cf04b411ba46f49f4c520,triangle,2.5,lqi,1,3,11,42,12,14,138,no_route,0,0
LEO_V1_1_REQUALIFICATION_20260920,ofat_comparative,interferenceDb__25p0__lqi,f36d0510e3dbb0d3c9adffa565c74ad2c5026b77fa1cf04b411ba46f49f4c520,triangle,2.5,lqi,1,3,11,42,12,14,139,no_route,0,0
LEO_V1_1_REQUALIFICATION_20260920,ofat_comparative,interferenceDb__25p0__lqi,f36d0510e3dbb0d3c9adffa565c74ad2c5026b77fa1cf04b411ba46f49f4c520,triangle,2.5,lqi,1,3,11,42,12,15,140,no_route,0,0
LEO_V1_1_REQUALIFICATION_20260920,ofat_comparative,interferenceDb__25p0__lqi,f36d0510e3dbb0d3c9adffa565c74ad2c5026b77fa1cf04b411ba46f49f4c520,triangle,2.5,lqi,1,3,11,42,12,15,141,no_route,0,0
LEO_V1_1_REQUALIFICATION_20260920,ofat_comparative,interferenceDb__25p0__lqi,f36d0510e3dbb0d3c9adffa565c74ad2c5026b77fa1cf04b411ba46f49f4c520,triangle,2.5,lqi,1,3,11,42,12,15,142,no_route,0,0
LEO_V1_1_REQUALIFICATION_20260920,ofat_comparative,interferenceDb__25p0__lqi,f36d0510e3dbb0d3c9adffa565c74ad2c5026b77fa1cf04b411ba46f49f4c520,triangle,2.5,lqi,1,3,11,42,12,15,143,no_route,0,0
LEO_V1_1_REQUALIFICATION_20260920,ofat_comparative,interferenceDb__25p0__lqi,f36d0510e3dbb0d3c9adffa565c74ad2c5026b77fa1cf04b411ba46f49f4c520,triangle,2.5,lqi,1,3,11,42,12,15,144,no_route,0,0
LEO_V1_1_REQUALIFICATION_20260920,ofat_comparative,interferenceDb__25p0__lqi,f36d0510e3dbb0d3c9adffa565c74ad2c5026b77fa1cf04b411ba46f49f4c520,triangle,2.5,lqi,1,3,11,42,12,15,145,no_route,0,0
LEO_V1_1_REQUALIFICATION_20260920,ofat_comparative,interferenceDb__25p0__lqi,f36d0510e3dbb0d3c9adffa565c74ad2c5026b77fa1cf04b411ba46f49f4c520,triangle,2.5,lqi,1,3,11,42,12,15,146,no_route,0,0
LEO_V1_1_REQUALIFICATION_20260920,ofat_comparative,interferenceDb__25p0__lqi,f36d0510e3dbb0d3c9adffa565c74ad2c5026b77fa1cf04b411ba46f49f4c520,triangle,2.5,lqi,1,3,11,42,12,15,147,no_route,0,0
LEO_V1_1_REQUALIFICATION_20260920,ofat_comparative,interferenceDb__25p0__lqi,f36d0510e3dbb0d3c9adffa565c74ad2c5026b77fa1cf04b411ba46f49f4c520,triangle,2.5,lqi,1,3,11,42,12,15,148,no_route,0,0
LEO_V1_1_REQUALIFICATION_20260920,ofat_comparative,interferenceDb__25p0__lqi,f36d0510e3dbb0d3c9adffa565c74ad2c5026b77fa1cf04b411ba46f49f4c520,triangle,2.5,lqi,1,3,11,42,12,15,149,no_route,0,0
LEO_V1_1_REQUALIFICATION_20260920,ofat_comparative,interferenceDb__25p0__lqi,f36d0510e3dbb0d3c9adffa565c74ad2c5026b77fa1cf04b411ba46f49f4c520,triangle,2.5,lqi,1,3,11,42,12,16,150,no_route,0,0
LEO_V1_1_REQUALIFICATION_20260920,ofat_comparative,interferenceDb__25p0__lqi,f36d0510e3dbb0d3c9adffa565c74ad2c5026b77fa1cf04b411ba46f49f4c520,triangle,2.5,lqi,1,3,11,42,12,16,151,no_route,0,0
LEO_V1_1_REQUALIFICATION_20260920,ofat_comparative,interferenceDb__25p0__lqi,f36d0510e3dbb0d3c9adffa565c74ad2c5026b77fa1cf04b411ba46f49f4c520,triangle,2.5,lqi,1,3,11,42,12,16,152,no_route,0,0
LEO_V1_1_REQUALIFICATION_20260920,ofat_comparative,interferenceDb__25p0__lqi,f36d0510e3dbb0d3c9adffa565c74ad2c5026b77fa1cf04b411ba46f49f4c520,triangle,2.5,lqi,1,3,11,42,12,16,153,no_route,0,0
LEO_V1_1_REQUALIFICATION_20260920,ofat_comparative,interferenceDb__25p0__lqi,f36d0510e3dbb0d3c9adffa565c74ad2c5026b77fa1cf04b411ba46f49f4c520,triangle,2.5,lqi,1,3,11,42,12,16,154,no_route,0,0
LEO_V1_1_REQUALIFICATION_20260920,ofat_comparative,interferenceDb__25p0__lqi,f36d0510e3dbb0d3c9adffa565c74ad2c5026b77fa1cf04b411ba46f49f4c520,triangle,2.5,lqi,1,3,11,42,12,16,155,no_route,0,0
LEO_V1_1_REQUALIFICATION_20260920,ofat_comparative,interferenceDb__25p0__lqi,f36d0510e3dbb0d3c9adffa565c74ad2c5026b77fa1cf04b411ba46f49f4c520,triangle,2.5,lqi,1,3,11,42,12,16,156,no_route,0,0
LEO_V1_1_REQUALIFICATION_20260920,ofat_comparative,interferenceDb__25p0__lqi,f36d0510e3dbb0d3c9adffa565c74ad2c5026b77fa1cf04b411ba46f49f4c520,triangle,2.5,lqi,1,3,11,42,12,16,157,no_route,0,0
LEO_V1_1_REQUALIFICATION_20260920,ofat_comparative,interferenceDb__25p0__lqi,f36d0510e3dbb0d3c9adffa565c74ad2c5026b77fa1cf04b411ba46f49f4c520,triangle,2.5,lqi,1,3,11,42,12,16,158,no_route,0,0
LEO_V1_1_REQUALIFICATION_20260920,ofat_comparative,interferenceDb__25p0__lqi,f36d0510e3dbb0d3c9adffa565c74ad2c5026b77fa1cf04b411ba46f49f4c520,triangle,2.5,lqi,1,3,11,42,12,16,159,no_route,0,0
LEO_V1_1_REQUALIFICATION_20260920,ofat_comparative,interferenceDb__25p0__lqi,f36d0510e3dbb0d3c9adffa565c74ad2c5026b77fa1cf04b411ba46f49f4c520,triangle,2.5,lqi,1,3,11,42,12,17,160,no_route,0,0
LEO_V1_1_REQUALIFICATION_20260920,ofat_comparative,interferenceDb__25p0__lqi,f36d0510e3dbb0d3c9adffa565c74ad2c5026b77fa1cf04b411ba46f49f4c520,triangle,2.5,lqi,1,3,11,42,12,17,161,no_route,0,0
LEO_V1_1_REQUALIFICATION_20260920,ofat_comparative,interferenceDb__25p0__lqi,f36d0510e3dbb0d3c9adffa565c74ad2c5026b77fa1cf04b411ba46f49f4c520,triangle,2.5,lqi,1,3,11,42,12,17,162,no_route,0,0
LEO_V1_1_REQUALIFICATION_20260920,ofat_comparative,interferenceDb__25p0__lqi,f36d0510e3dbb0d3c9adffa565c74ad2c5026b77fa1cf04b411ba46f49f4c520,triangle,2.5,lqi,1,3,11,42,12,17,163,no_route,0,0
LEO_V1_1_REQUALIFICATION_20260920,ofat_comparative,interferenceDb__25p0__lqi,f36d0510e3dbb0d3c9adffa565c74ad2c5026b77fa1cf04b411ba46f49f4c520,triangle,2.5,lqi,1,3,11,42,12,17,164,no_route,0,0
LEO_V1_1_REQUALIFICATION_20260920,ofat_comparative,interferenceDb__25p0__lqi,f36d0510e3dbb0d3c9adffa565c74ad2c5026b77fa1cf04b411ba46f49f4c520,triangle,2.5,lqi,1,3,11,42,12,17,165,no_route,0,0
LEO_V1_1_REQUALIFICATION_20260920,ofat_comparative,interferenceDb__25p0__lqi,f36d0510e3dbb0d3c9adffa565c74ad2c5026b77fa1cf04b411ba46f49f4c520,triangle,2.5,lqi,1,3,11,42,12,17,166,no_route,0,0
LEO_V1_1_REQUALIFICATION_20260920,ofat_comparative,interferenceDb__25p0__lqi,f36d0510e3dbb0d3c9adffa565c74ad2c5026b77fa1cf04b411ba46f49f4c520,triangle,2.5,lqi,1,3,11,42,12,17,167,no_route,0,0
LEO_V1_1_REQUALIFICATION_20260920,ofat_comparative,interferenceDb__25p0__lqi,f36d0510e3dbb0d3c9adffa565c74ad2c5026b77fa1cf04b411ba46f49f4c520,triangle,2.5,lqi,1,3,11,42,12,17,168,no_route,0,0
LEO_V1_1_REQUALIFICATION_20260920,ofat_comparative,interferenceDb__25p0__lqi,f36d0510e3dbb0d3c9adffa565c74ad2c5026b77fa1cf04b411ba46f49f4c520,triangle,2.5,lqi,1,3,11,42,12,17,169,no_route,0,0
LEO_V1_1_REQUALIFICATION_20260920,ofat_comparative,interferenceDb__25p0__lqi,f36d0510e3dbb0d3c9adffa565c74ad2c5026b77fa1cf04b411ba46f49f4c520,triangle,2.5,lqi,1,3,11,42,12,18,170,no_route,0,0
LEO_V1_1_REQUALIFICATION_20260920,ofat_comparative,interferenceDb__25p0__lqi,f36d0510e3dbb0d3c9adffa565c74ad2c5026b77fa1cf04b411ba46f49f4c520,triangle,2.5,lqi,1,3,11,42,12,18,171,no_route,0,0
LEO_V1_1_REQUALIFICATION_20260920,ofat_comparative,interferenceDb__25p0__lqi,f36d0510e3dbb0d3c9adffa565c74ad2c5026b77fa1cf04b411ba46f49f4c520,triangle,2.5,lqi,1,3,11,42,12,18,172,no_route,0,0
LEO_V1_1_REQUALIFICATION_20260920,ofat_comparative,interferenceDb__25p0__lqi,f36d0510e3dbb0d3c9adffa565c74ad2c5026b77fa1cf04b411ba46f49f4c520,triangle,2.5,lqi,1,3,11,42,12,18,173,no_route,0,0
LEO_V1_1_REQUALIFICATION_20260920,ofat_comparative,interferenceDb__25p0__lqi,f36d0510e3dbb0d3c9adffa565c74ad2c5026b77fa1cf04b411ba46f49f4c520,triangle,2.5,lqi,1,3,11,42,12,18,174,no_route,0,0
LEO_V1_1_REQUALIFICATION_20260920,ofat_comparative,interferenceDb__25p0__lqi,f36d0510e3dbb0d3c9adffa565c74ad2c5026b77fa1cf04b411ba46f49f4c520,triangle,2.5,lqi,1,3,11,42,12,18,175,no_route,0,0
LEO_V1_1_REQUALIFICATION_20260920,ofat_comparative,interferenceDb__25p0__lqi,f36d0510e3dbb0d3c9adffa565c74ad2c5026b77fa1cf04b411ba46f49f4c520,triangle,2.5,lqi,1,3,11,42,12,18,176,no_route,0,0
LEO_V1_1_REQUALIFICATION_20260920,ofat_comparative,interferenceDb__25p0__lqi,f36d0510e3dbb0d3c9adffa565c74ad2c5026b77fa1cf04b411ba46f49f4c520,triangle,2.5,lqi,1,3,11,42,12,18,177,no_route,0,0
LEO_V1_1_REQUALIFICATION_20260920,ofat_comparative,interferenceDb__25p0__lqi,f36d0510e3dbb0d3c9adffa565c74ad2c5026b77fa1cf04b411ba46f49f4c520,triangle,2.5,lqi,1,3,11,42,12,18,178,no_route,0,0
LEO_V1_1_REQUALIFICATION_20260920,ofat_comparative,interferenceDb__25p0__lqi,f36d0510e3dbb0d3c9adffa565c74ad2c5026b77fa1cf04b411ba46f49f4c520,triangle,2.5,lqi,1,3,11,42,12,18,179,no_route,0,0
LEO_V1_1_REQUALIFICATION_20260920,ofat_comparative,interferenceDb__25p0__lqi,f36d0510e3dbb0d3c9adffa565c74ad2c5026b77fa1cf04b411ba46f49f4c520,triangle,2.5,lqi,1,3,11,42,12,19,180,no_route,0,0
LEO_V1_1_REQUALIFICATION_20260920,ofat_comparative,interferenceDb__25p0__lqi,f36d0510e3dbb0d3c9adffa565c74ad2c5026b77fa1cf04b411ba46f49f4c520,triangle,2.5,lqi,1,3,11,42,12,19,181,no_route,0,0
LEO_V1_1_REQUALIFICATION_20260920,ofat_comparative,interferenceDb__25p0__lqi,f36d0510e3dbb0d3c9adffa565c74ad2c5026b77fa1cf04b411ba46f49f4c520,triangle,2.5,lqi,1,3,11,42,12,19,182,no_route,0,0
LEO_V1_1_REQUALIFICATION_20260920,ofat_comparative,interferenceDb__25p0__lqi,f36d0510e3dbb0d3c9adffa565c74ad2c5026b77fa1cf04b411ba46f49f4c520,triangle,2.5,lqi,1,3,11,42,12,19,183,no_route,0,0
LEO_V1_1_REQUALIFICATION_20260920,ofat_comparative,interferenceDb__25p0__lqi,f36d0510e3dbb0d3c9adffa565c74ad2c5026b77fa1cf04b411ba46f49f4c520,triangle,2.5,lqi,1,3,11,42,12,19,184,no_route,0,0
LEO_V1_1_REQUALIFICATION_20260920,ofat_comparative,interferenceDb__25p0__lqi,f36d0510e3dbb0d3c9adffa565c74ad2c5026b77fa1cf04b411ba46f49f4c520,triangle,2.5,lqi,1,3,11,42,12,19,185,no_route,0,0
LEO_V1_1_REQUALIFICATION_20260920,ofat_comparative,interferenceDb__25p0__lqi,f36d0510e3dbb0d3c9adffa565c74ad2c5026b77fa1cf04b411ba46f49f4c520,triangle,2.5,lqi,1,3,11,42,12,19,186,no_route,0,0
LEO_V1_1_REQUALIFICATION_20260920,ofat_comparative,interferenceDb__25p0__lqi,f36d0510e3dbb0d3c9adffa565c74ad2c5026b77fa1cf04b411ba46f49f4c520,triangle,2.5,lqi,1,3,11,42,12,19,187,no_route,0,0
LEO_V1_1_REQUALIFICATION_20260920,ofat_comparative,interferenceDb__25p0__lqi,f36d0510e3dbb0d3c9adffa565c74ad2c5026b77fa1cf04b411ba46f49f4c520,triangle,2.5,lqi,1,3,11,42,12,19,188,no_route,0,0
LEO_V1_1_REQUALIFICATION_20260920,ofat_comparative,interferenceDb__25p0__lqi,f36d0510e3dbb0d3c9adffa565c74ad2c5026b77fa1cf04b411ba46f49f4c520,triangle,2.5,lqi,1,3,11,42,12,19,189,no_route,0,0
LEO_V1_1_REQUALIFICATION_20260920,ofat_comparative,interferenceDb__25p0__lqi,f36d0510e3dbb0d3c9adffa565c74ad2c5026b77fa1cf04b411ba46f49f4c520,triangle,2.5,lqi,1,3,12,42,13,1,0,success,12161961113530546194,1
LEO_V1_1_REQUALIFICATION_20260920,ofat_comparative,interferenceDb__25p0__lqi,f36d0510e3dbb0d3c9adffa565c74ad2c5026b77fa1cf04b411ba46f49f4c520,triangle,2.5,lqi,1,3,12,42,13,1,1,success,12161961113530546194,1
LEO_V1_1_REQUALIFICATION_20260920,ofat_comparative,interferenceDb__25p0__lqi,f36d0510e3dbb0d3c9adffa565c74ad2c5026b77fa1cf04b411ba46f49f4c520,triangle,2.5,lqi,1,3,12,42,13,1,2,success,12161961113530546194,1
LEO_V1_1_REQUALIFICATION_20260920,ofat_comparative,interferenceDb__25p0__lqi,f36d0510e3dbb0d3c9adffa565c74ad2c5026b77fa1cf04b411ba46f49f4c520,triangle,2.5,lqi,1,3,12,42,13,1,3,success,12161961113530546194,1
LEO_V1_1_REQUALIFICATION_20260920,ofat_comparative,interferenceDb__25p0__lqi,f36d0510e3dbb0d3c9adffa565c74ad2c5026b77fa1cf04b411ba46f49f4c520,triangle,2.5,lqi,1,3,12,42,13,1,4,success,12161961113530546194,1
LEO_V1_1_REQUALIFICATION_20260920,ofat_comparative,interferenceDb__25p0__lqi,f36d0510e3dbb0d3c9adffa565c74ad2c5026b77fa1cf04b411ba46f49f4c520,triangle,2.5,lqi,1,3,12,42,13,1,5,success,12161961113530546194,1
LEO_V1_1_REQUALIFICATION_20260920,ofat_comparative,interferenceDb__25p0__lqi,f36d0510e3dbb0d3c9adffa565c74ad2c5026b77fa1cf04b411ba46f49f4c520,triangle,2.5,lqi,1,3,12,42,13,1,6,success,12161961113530546194,1
LEO_V1_1_REQUALIFICATION_20260920,ofat_comparative,interferenceDb__25p0__lqi,f36d0510e3dbb0d3c9adffa565c74ad2c5026b77fa1cf04b411ba46f49f4c520,triangle,2.5,lqi,1,3,12,42,13,1,7,success,12161961113530546194,1
LEO_V1_1_REQUALIFICATION_20260920,ofat_comparative,interferenceDb__25p0__lqi,f36d0510e3dbb0d3c9adffa565c74ad2c5026b77fa1cf04b411ba46f49f4c520,triangle,2.5,lqi,1,3,12,42,13,1,8,success,12161961113530546194,1
LEO_V1_1_REQUALIFICATION_20260920,ofat_comparative,interferenceDb__25p0__lqi,f36d0510e3dbb0d3c9adffa565c74ad2c5026b77fa1cf04b411ba46f49f4c520,triangle,2.5,lqi,1,3,12,42,13,1,9,success,12161961113530546194,1
LEO_V1_1_REQUALIFICATION_20260920,ofat_comparative,interferenceDb__25p0__lqi,f36d0510e3dbb0d3c9adffa565c74ad2c5026b77fa1cf04b411ba46f49f4c520,triangle,2.5,lqi,1,3,12,42,13,2,10,success,12161960014018917983,1
LEO_V1_1_REQUALIFICATION_20260920,ofat_comparative,interferenceDb__25p0__lqi,f36d0510e3dbb0d3c9adffa565c74ad2c5026b77fa1cf04b411ba46f49f4c520,triangle,2.5,lqi,1,3,12,42,13,2,11,success,12161960014018917983,1
LEO_V1_1_REQUALIFICATION_20260920,ofat_comparative,interferenceDb__25p0__lqi,f36d0510e3dbb0d3c9adffa565c74ad2c5026b77fa1cf04b411ba46f49f4c520,triangle,2.5,lqi,1,3,12,42,13,2,12,success,12161960014018917983,1
LEO_V1_1_REQUALIFICATION_20260920,ofat_comparative,interferenceDb__25p0__lqi,f36d0510e3dbb0d3c9adffa565c74ad2c5026b77fa1cf04b411ba46f49f4c520,triangle,2.5,lqi,1,3,12,42,13,2,13,success,12161960014018917983,1
LEO_V1_1_REQUALIFICATION_20260920,ofat_comparative,interferenceDb__25p0__lqi,f36d0510e3dbb0d3c9adffa565c74ad2c5026b77fa1cf04b411ba46f49f4c520,triangle,2.5,lqi,1,3,12,42,13,2,14,success,12161960014018917983,1
LEO_V1_1_REQUALIFICATION_20260920,ofat_comparative,interferenceDb__25p0__lqi,f36d0510e3dbb0d3c9adffa565c74ad2c5026b77fa1cf04b411ba46f49f4c520,triangle,2.5,lqi,1,3,12,42,13,2,15,success,12161960014018917983,1
LEO_V1_1_REQUALIFICATION_20260920,ofat_comparative,interferenceDb__25p0__lqi,f36d0510e3dbb0d3c9adffa565c74ad2c5026b77fa1cf04b411ba46f49f4c520,triangle,2.5,lqi,1,3,12,42,13,2,16,success,12161960014018917983,1
LEO_V1_1_REQUALIFICATION_20260920,ofat_comparative,interferenceDb__25p0__lqi,f36d0510e3dbb0d3c9adffa565c74ad2c5026b77fa1cf04b411ba46f49f4c520,triangle,2.5,lqi,1,3,12,42,13,2,17,success,12161960014018917983,1
LEO_V1_1_REQUALIFICATION_20260920,ofat_comparative,interferenceDb__25p0__lqi,f36d0510e3dbb0d3c9adffa565c74ad2c5026b77fa1cf04b411ba46f49f4c520,triangle,2.5,lqi,1,3,12,42,13,2,18,success,12161960014018917983,1
LEO_V1_1_REQUALIFICATION_20260920,ofat_comparative,interferenceDb__25p0__lqi,f36d0510e3dbb0d3c9adffa565c74ad2c5026b77fa1cf04b411ba46f49f4c520,triangle,2.5,lqi,1,3,12,42,13,2,19,success,12161960014018917983,1
LEO_V1_1_REQUALIFICATION_20260920,ofat_comparative,interferenceDb__25p0__lqi,f36d0510e3dbb0d3c9adffa565c74ad2c5026b77fa1cf04b411ba46f49f4c520,triangle,2.5,lqi,1,3,12,42,13,3,20,success,5168105627079211135,2
LEO_V1_1_REQUALIFICATION_20260920,ofat_comparative,interferenceDb__25p0__lqi,f36d0510e3dbb0d3c9adffa565c74ad2c5026b77fa1cf04b411ba46f49f4c520,triangle,2.5,lqi,1,3,12,42,13,3,21,success,5168105627079211135,2
LEO_V1_1_REQUALIFICATION_20260920,ofat_comparative,interferenceDb__25p0__lqi,f36d0510e3dbb0d3c9adffa565c74ad2c5026b77fa1cf04b411ba46f49f4c520,triangle,2.5,lqi,1,3,12,42,13,3,22,success,5168105627079211135,2
LEO_V1_1_REQUALIFICATION_20260920,ofat_comparative,interferenceDb__25p0__lqi,f36d0510e3dbb0d3c9adffa565c74ad2c5026b77fa1cf04b411ba46f49f4c520,triangle,2.5,lqi,1,3,12,42,13,3,23,success,5168105627079211135,2
LEO_V1_1_REQUALIFICATION_20260920,ofat_comparative,interferenceDb__25p0__lqi,f36d0510e3dbb0d3c9adffa565c74ad2c5026b77fa1cf04b411ba46f49f4c520,triangle,2.5,lqi,1,3,12,42,13,3,24,success,5168105627079211135,2
LEO_V1_1_REQUALIFICATION_20260920,ofat_comparative,interferenceDb__25p0__lqi,f36d0510e3dbb0d3c9adffa565c74ad2c5026b77fa1cf04b411ba46f49f4c520,triangle,2.5,lqi,1,3,12,42,13,3,25,success,5168105627079211135,2
LEO_V1_1_REQUALIFICATION_20260920,ofat_comparative,interferenceDb__25p0__lqi,f36d0510e3dbb0d3c9adffa565c74ad2c5026b77fa1cf04b411ba46f49f4c520,triangle,2.5,lqi,1,3,12,42,13,3,26,success,5168105627079211135,2
LEO_V1_1_REQUALIFICATION_20260920,ofat_comparative,interferenceDb__25p0__lqi,f36d0510e3dbb0d3c9adffa565c74ad2c5026b77fa1cf04b411ba46f49f4c520,triangle,2.5,lqi,1,3,12,42,13,3,27,success,5168105627079211135,2
LEO_V1_1_REQUALIFICATION_20260920,ofat_comparative,interferenceDb__25p0__lqi,f36d0510e3dbb0d3c9adffa565c74ad2c5026b77fa1cf04b411ba46f49f4c520,triangle,2.5,lqi,1,3,12,42,13,3,28,success,5168105627079211135,2
LEO_V1_1_REQUALIFICATION_20260920,ofat_comparative,interferenceDb__25p0__lqi,f36d0510e3dbb0d3c9adffa565c74ad2c5026b77fa1cf04b411ba46f49f4c520,triangle,2.5,lqi,1,3,12,42,13,3,29,success,5168105627079211135,2
LEO_V1_1_REQUALIFICATION_20260920,ofat_comparative,interferenceDb__25p0__lqi,f36d0510e3dbb0d3c9adffa565c74ad2c5026b77fa1cf04b411ba46f49f4c520,triangle,2.5,lqi,1,3,12,42,13,4,30,success,4254184782511048963,2
LEO_V1_1_REQUALIFICATION_20260920,ofat_comparative,interferenceDb__25p0__lqi,f36d0510e3dbb0d3c9adffa565c74ad2c5026b77fa1cf04b411ba46f49f4c520,triangle,2.5,lqi,1,3,12,42,13,4,31,success,4254184782511048963,2
LEO_V1_1_REQUALIFICATION_20260920,ofat_comparative,interferenceDb__25p0__lqi,f36d0510e3dbb0d3c9adffa565c74ad2c5026b77fa1cf04b411ba46f49f4c520,triangle,2.5,lqi,1,3,12,42,13,4,32,success,4254184782511048963,2
LEO_V1_1_REQUALIFICATION_20260920,ofat_comparative,interferenceDb__25p0__lqi,f36d0510e3dbb0d3c9adffa565c74ad2c5026b77fa1cf04b411ba46f49f4c520,triangle,2.5,lqi,1,3,12,42,13,4,33,success,4254184782511048963,2
LEO_V1_1_REQUALIFICATION_20260920,ofat_comparative,interferenceDb__25p0__lqi,f36d0510e3dbb0d3c9adffa565c74ad2c5026b77fa1cf04b411ba46f49f4c520,triangle,2.5,lqi,1,3,12,42,13,4,34,success,4254184782511048963,2
LEO_V1_1_REQUALIFICATION_20260920,ofat_comparative,interferenceDb__25p0__lqi,f36d0510e3dbb0d3c9adffa565c74ad2c5026b77fa1cf04b411ba46f49f4c520,triangle,2.5,lqi,1,3,12,42,13,4,35,success,4254184782511048963,2
LEO_V1_1_REQUALIFICATION_20260920,ofat_comparative,interferenceDb__25p0__lqi,f36d0510e3dbb0d3c9adffa565c74ad2c5026b77fa1cf04b411ba46f49f4c520,triangle,2.5,lqi,1,3,12,42,13,4,36,success,4254184782511048963,2
LEO_V1_1_REQUALIFICATION_20260920,ofat_comparative,interferenceDb__25p0__lqi,f36d0510e3dbb0d3c9adffa565c74ad2c5026b77fa1cf04b411ba46f49f4c520,triangle,2.5,lqi,1,3,12,42,13,4,37,success,4254184782511048963,2
LEO_V1_1_REQUALIFICATION_20260920,ofat_comparative,interferenceDb__25p0__lqi,f36d0510e3dbb0d3c9adffa565c74ad2c5026b77fa1cf04b411ba46f49f4c520,triangle,2.5,lqi,1,3,12,42,13,4,38,success,4254184782511048963,2
LEO_V1_1_REQUALIFICATION_20260920,ofat_comparative,interferenceDb__25p0__lqi,f36d0510e3dbb0d3c9adffa565c74ad2c5026b77fa1cf04b411ba46f49f4c520,triangle,2.5,lqi,1,3,12,42,13,4,39,success,4254184782511048963,2
LEO_V1_1_REQUALIFICATION_20260920,ofat_comparative,interferenceDb__25p0__lqi,f36d0510e3dbb0d3c9adffa565c74ad2c5026b77fa1cf04b411ba46f49f4c520,triangle,2.5,lqi,1,3,12,42,13,5,40,success,16719299368067595120,3
LEO_V1_1_REQUALIFICATION_20260920,ofat_comparative,interferenceDb__25p0__lqi,f36d0510e3dbb0d3c9adffa565c74ad2c5026b77fa1cf04b411ba46f49f4c520,triangle,2.5,lqi,1,3,12,42,13,5,41,success,16719299368067595120,3
LEO_V1_1_REQUALIFICATION_20260920,ofat_comparative,interferenceDb__25p0__lqi,f36d0510e3dbb0d3c9adffa565c74ad2c5026b77fa1cf04b411ba46f49f4c520,triangle,2.5,lqi,1,3,12,42,13,5,42,success,16719299368067595120,3
LEO_V1_1_REQUALIFICATION_20260920,ofat_comparative,interferenceDb__25p0__lqi,f36d0510e3dbb0d3c9adffa565c74ad2c5026b77fa1cf04b411ba46f49f4c520,triangle,2.5,lqi,1,3,12,42,13,5,43,success,16719299368067595120,3
LEO_V1_1_REQUALIFICATION_20260920,ofat_comparative,interferenceDb__25p0__lqi,f36d0510e3dbb0d3c9adffa565c74ad2c5026b77fa1cf04b411ba46f49f4c520,triangle,2.5,lqi,1,3,12,42,13,5,44,success,16719299368067595120,3
LEO_V1_1_REQUALIFICATION_20260920,ofat_comparative,interferenceDb__25p0__lqi,f36d0510e3dbb0d3c9adffa565c74ad2c5026b77fa1cf04b411ba46f49f4c520,triangle,2.5,lqi,1,3,12,42,13,5,45,success,16719299368067595120,3
LEO_V1_1_REQUALIFICATION_20260920,ofat_comparative,interferenceDb__25p0__lqi,f36d0510e3dbb0d3c9adffa565c74ad2c5026b77fa1cf04b411ba46f49f4c520,triangle,2.5,lqi,1,3,12,42,13,5,46,success,16719299368067595120,3
LEO_V1_1_REQUALIFICATION_20260920,ofat_comparative,interferenceDb__25p0__lqi,f36d0510e3dbb0d3c9adffa565c74ad2c5026b77fa1cf04b411ba46f49f4c520,triangle,2.5,lqi,1,3,12,42,13,5,47,success,16719299368067595120,3
LEO_V1_1_REQUALIFICATION_20260920,ofat_comparative,interferenceDb__25p0__lqi,f36d0510e3dbb0d3c9adffa565c74ad2c5026b77fa1cf04b411ba46f49f4c520,triangle,2.5,lqi,1,3,12,42,13,5,48,success,16719299368067595120,3
LEO_V1_1_REQUALIFICATION_20260920,ofat_comparative,interferenceDb__25p0__lqi,f36d0510e3dbb0d3c9adffa565c74ad2c5026b77fa1cf04b411ba46f49f4c520,triangle,2.5,lqi,1,3,12,42,13,5,49,success,16719299368067595120,3
LEO_V1_1_REQUALIFICATION_20260920,ofat_comparative,interferenceDb__25p0__lqi,f36d0510e3dbb0d3c9adffa565c74ad2c5026b77fa1cf04b411ba46f49f4c520,triangle,2.5,lqi,1,3,12,42,13,6,50,timeout,0,0
LEO_V1_1_REQUALIFICATION_20260920,ofat_comparative,interferenceDb__25p0__lqi,f36d0510e3dbb0d3c9adffa565c74ad2c5026b77fa1cf04b411ba46f49f4c520,triangle,2.5,lqi,1,3,12,42,13,6,51,no_route,0,0
LEO_V1_1_REQUALIFICATION_20260920,ofat_comparative,interferenceDb__25p0__lqi,f36d0510e3dbb0d3c9adffa565c74ad2c5026b77fa1cf04b411ba46f49f4c520,triangle,2.5,lqi,1,3,12,42,13,6,52,success,11179509835264746194,3
LEO_V1_1_REQUALIFICATION_20260920,ofat_comparative,interferenceDb__25p0__lqi,f36d0510e3dbb0d3c9adffa565c74ad2c5026b77fa1cf04b411ba46f49f4c520,triangle,2.5,lqi,1,3,12,42,13,6,53,success,11179509835264746194,3
LEO_V1_1_REQUALIFICATION_20260920,ofat_comparative,interferenceDb__25p0__lqi,f36d0510e3dbb0d3c9adffa565c74ad2c5026b77fa1cf04b411ba46f49f4c520,triangle,2.5,lqi,1,3,12,42,13,6,54,no_route,0,0
LEO_V1_1_REQUALIFICATION_20260920,ofat_comparative,interferenceDb__25p0__lqi,f36d0510e3dbb0d3c9adffa565c74ad2c5026b77fa1cf04b411ba46f49f4c520,triangle,2.5,lqi,1,3,12,42,13,6,55,success,10070015029324330146,4
LEO_V1_1_REQUALIFICATION_20260920,ofat_comparative,interferenceDb__25p0__lqi,f36d0510e3dbb0d3c9adffa565c74ad2c5026b77fa1cf04b411ba46f49f4c520,triangle,2.5,lqi,1,3,12,42,13,6,56,success,10070015029324330146,4
LEO_V1_1_REQUALIFICATION_20260920,ofat_comparative,interferenceDb__25p0__lqi,f36d0510e3dbb0d3c9adffa565c74ad2c5026b77fa1cf04b411ba46f49f4c520,triangle,2.5,lqi,1,3,12,42,13,6,57,success,10070015029324330146,4
LEO_V1_1_REQUALIFICATION_20260920,ofat_comparative,interferenceDb__25p0__lqi,f36d0510e3dbb0d3c9adffa565c74ad2c5026b77fa1cf04b411ba46f49f4c520,triangle,2.5,lqi,1,3,12,42,13,6,58,success,10070015029324330146,4
LEO_V1_1_REQUALIFICATION_20260920,ofat_comparative,interferenceDb__25p0__lqi,f36d0510e3dbb0d3c9adffa565c74ad2c5026b77fa1cf04b411ba46f49f4c520,triangle,2.5,lqi,1,3,12,42,13,6,59,success,10070015029324330146,4
LEO_V1_1_REQUALIFICATION_20260920,ofat_comparative,interferenceDb__25p0__lqi,f36d0510e3dbb0d3c9adffa565c74ad2c5026b77fa1cf04b411ba46f49f4c520,triangle,2.5,lqi,1,3,12,42,13,7,60,success,12161954516460776928,1
LEO_V1_1_REQUALIFICATION_20260920,ofat_comparative,interferenceDb__25p0__lqi,f36d0510e3dbb0d3c9adffa565c74ad2c5026b77fa1cf04b411ba46f49f4c520,triangle,2.5,lqi,1,3,12,42,13,7,61,success,12161954516460776928,1
LEO_V1_1_REQUALIFICATION_20260920,ofat_comparative,interferenceDb__25p0__lqi,f36d0510e3dbb0d3c9adffa565c74ad2c5026b77fa1cf04b411ba46f49f4c520,triangle,2.5,lqi,1,3,12,42,13,7,62,success,12161954516460776928,1
LEO_V1_1_REQUALIFICATION_20260920,ofat_comparative,interferenceDb__25p0__lqi,f36d0510e3dbb0d3c9adffa565c74ad2c5026b77fa1cf04b411ba46f49f4c520,triangle,2.5,lqi,1,3,12,42,13,7,63,success,12161954516460776928,1
LEO_V1_1_REQUALIFICATION_20260920,ofat_comparative,interferenceDb__25p0__lqi,f36d0510e3dbb0d3c9adffa565c74ad2c5026b77fa1cf04b411ba46f49f4c520,triangle,2.5,lqi,1,3,12,42,13,7,64,success,12161954516460776928,1
LEO_V1_1_REQUALIFICATION_20260920,ofat_comparative,interferenceDb__25p0__lqi,f36d0510e3dbb0d3c9adffa565c74ad2c5026b77fa1cf04b411ba46f49f4c520,triangle,2.5,lqi,1,3,12,42,13,7,65,success,12161954516460776928,1
LEO_V1_1_REQUALIFICATION_20260920,ofat_comparative,interferenceDb__25p0__lqi,f36d0510e3dbb0d3c9adffa565c74ad2c5026b77fa1cf04b411ba46f49f4c520,triangle,2.5,lqi,1,3,12,42,13,7,66,success,12161954516460776928,1
LEO_V1_1_REQUALIFICATION_20260920,ofat_comparative,interferenceDb__25p0__lqi,f36d0510e3dbb0d3c9adffa565c74ad2c5026b77fa1cf04b411ba46f49f4c520,triangle,2.5,lqi,1,3,12,42,13,7,67,success,12161954516460776928,1
LEO_V1_1_REQUALIFICATION_20260920,ofat_comparative,interferenceDb__25p0__lqi,f36d0510e3dbb0d3c9adffa565c74ad2c5026b77fa1cf04b411ba46f49f4c520,triangle,2.5,lqi,1,3,12,42,13,7,68,success,12161954516460776928,1
LEO_V1_1_REQUALIFICATION_20260920,ofat_comparative,interferenceDb__25p0__lqi,f36d0510e3dbb0d3c9adffa565c74ad2c5026b77fa1cf04b411ba46f49f4c520,triangle,2.5,lqi,1,3,12,42,13,7,69,success,12161954516460776928,1
LEO_V1_1_REQUALIFICATION_20260920,ofat_comparative,interferenceDb__25p0__lqi,f36d0510e3dbb0d3c9adffa565c74ad2c5026b77fa1cf04b411ba46f49f4c520,triangle,2.5,lqi,1,3,12,42,13,8,70,success,12161971009135200093,1
LEO_V1_1_REQUALIFICATION_20260920,ofat_comparative,interferenceDb__25p0__lqi,f36d0510e3dbb0d3c9adffa565c74ad2c5026b77fa1cf04b411ba46f49f4c520,triangle,2.5,lqi,1,3,12,42,13,8,71,success,12161971009135200093,1
LEO_V1_1_REQUALIFICATION_20260920,ofat_comparative,interferenceDb__25p0__lqi,f36d0510e3dbb0d3c9adffa565c74ad2c5026b77fa1cf04b411ba46f49f4c520,triangle,2.5,lqi,1,3,12,42,13,8,72,success,12161971009135200093,1
LEO_V1_1_REQUALIFICATION_20260920,ofat_comparative,interferenceDb__25p0__lqi,f36d0510e3dbb0d3c9adffa565c74ad2c5026b77fa1cf04b411ba46f49f4c520,triangle,2.5,lqi,1,3,12,42,13,8,73,success,12161971009135200093,1
LEO_V1_1_REQUALIFICATION_20260920,ofat_comparative,interferenceDb__25p0__lqi,f36d0510e3dbb0d3c9adffa565c74ad2c5026b77fa1cf04b411ba46f49f4c520,triangle,2.5,lqi,1,3,12,42,13,8,74,success,12161971009135200093,1
LEO_V1_1_REQUALIFICATION_20260920,ofat_comparative,interferenceDb__25p0__lqi,f36d0510e3dbb0d3c9adffa565c74ad2c5026b77fa1cf04b411ba46f49f4c520,triangle,2.5,lqi,1,3,12,42,13,8,75,success,12161971009135200093,1
LEO_V1_1_REQUALIFICATION_20260920,ofat_comparative,interferenceDb__25p0__lqi,f36d0510e3dbb0d3c9adffa565c74ad2c5026b77fa1cf04b411ba46f49f4c520,triangle,2.5,lqi,1,3,12,42,13,8,76,success,12161971009135200093,1
LEO_V1_1_REQUALIFICATION_20260920,ofat_comparative,interferenceDb__25p0__lqi,f36d0510e3dbb0d3c9adffa565c74ad2c5026b77fa1cf04b411ba46f49f4c520,triangle,2.5,lqi,1,3,12,42,13,8,77,success,12161971009135200093,1
LEO_V1_1_REQUALIFICATION_20260920,ofat_comparative,interferenceDb__25p0__lqi,f36d0510e3dbb0d3c9adffa565c74ad2c5026b77fa1cf04b411ba46f49f4c520,triangle,2.5,lqi,1,3,12,42,13,8,78,success,12161971009135200093,1
LEO_V1_1_REQUALIFICATION_20260920,ofat_comparative,interferenceDb__25p0__lqi,f36d0510e3dbb0d3c9adffa565c74ad2c5026b77fa1cf04b411ba46f49f4c520,triangle,2.5,lqi,1,3,12,42,13,8,79,success,12161971009135200093,1
LEO_V1_1_REQUALIFICATION_20260920,ofat_comparative,interferenceDb__25p0__lqi,f36d0510e3dbb0d3c9adffa565c74ad2c5026b77fa1cf04b411ba46f49f4c520,triangle,2.5,lqi,1,3,12,42,13,9,80,success,18131355419705379627,2
LEO_V1_1_REQUALIFICATION_20260920,ofat_comparative,interferenceDb__25p0__lqi,f36d0510e3dbb0d3c9adffa565c74ad2c5026b77fa1cf04b411ba46f49f4c520,triangle,2.5,lqi,1,3,12,42,13,9,81,timeout,0,0
LEO_V1_1_REQUALIFICATION_20260920,ofat_comparative,interferenceDb__25p0__lqi,f36d0510e3dbb0d3c9adffa565c74ad2c5026b77fa1cf04b411ba46f49f4c520,triangle,2.5,lqi,1,3,12,42,13,9,82,no_route,0,0
LEO_V1_1_REQUALIFICATION_20260920,ofat_comparative,interferenceDb__25p0__lqi,f36d0510e3dbb0d3c9adffa565c74ad2c5026b77fa1cf04b411ba46f49f4c520,triangle,2.5,lqi,1,3,12,42,13,9,83,success,18131355419705379627,2
LEO_V1_1_REQUALIFICATION_20260920,ofat_comparative,interferenceDb__25p0__lqi,f36d0510e3dbb0d3c9adffa565c74ad2c5026b77fa1cf04b411ba46f49f4c520,triangle,2.5,lqi,1,3,12,42,13,9,84,success,18131355419705379627,2
LEO_V1_1_REQUALIFICATION_20260920,ofat_comparative,interferenceDb__25p0__lqi,f36d0510e3dbb0d3c9adffa565c74ad2c5026b77fa1cf04b411ba46f49f4c520,triangle,2.5,lqi,1,3,12,42,13,9,85,success,18131355419705379627,2
LEO_V1_1_REQUALIFICATION_20260920,ofat_comparative,interferenceDb__25p0__lqi,f36d0510e3dbb0d3c9adffa565c74ad2c5026b77fa1cf04b411ba46f49f4c520,triangle,2.5,lqi,1,3,12,42,13,9,86,success,18131355419705379627,2
LEO_V1_1_REQUALIFICATION_20260920,ofat_comparative,interferenceDb__25p0__lqi,f36d0510e3dbb0d3c9adffa565c74ad2c5026b77fa1cf04b411ba46f49f4c520,triangle,2.5,lqi,1,3,12,42,13,9,87,success,18131355419705379627,2
LEO_V1_1_REQUALIFICATION_20260920,ofat_comparative,interferenceDb__25p0__lqi,f36d0510e3dbb0d3c9adffa565c74ad2c5026b77fa1cf04b411ba46f49f4c520,triangle,2.5,lqi,1,3,12,42,13,9,88,success,18131355419705379627,2
LEO_V1_1_REQUALIFICATION_20260920,ofat_comparative,interferenceDb__25p0__lqi,f36d0510e3dbb0d3c9adffa565c74ad2c5026b77fa1cf04b411ba46f49f4c520,triangle,2.5,lqi,1,3,12,42,13,9,89,success,18131355419705379627,2
LEO_V1_1_REQUALIFICATION_20260920,ofat_comparative,interferenceDb__25p0__lqi,f36d0510e3dbb0d3c9adffa565c74ad2c5026b77fa1cf04b411ba46f49f4c520,triangle,2.5,lqi,1,3,12,42,13,10,90,success,13393353645774055087,2
LEO_V1_1_REQUALIFICATION_20260920,ofat_comparative,interferenceDb__25p0__lqi,f36d0510e3dbb0d3c9adffa565c74ad2c5026b77fa1cf04b411ba46f49f4c520,triangle,2.5,lqi,1,3,12,42,13,10,91,success,13393353645774055087,2
LEO_V1_1_REQUALIFICATION_20260920,ofat_comparative,interferenceDb__25p0__lqi,f36d0510e3dbb0d3c9adffa565c74ad2c5026b77fa1cf04b411ba46f49f4c520,triangle,2.5,lqi,1,3,12,42,13,10,92,success,13393353645774055087,2
LEO_V1_1_REQUALIFICATION_20260920,ofat_comparative,interferenceDb__25p0__lqi,f36d0510e3dbb0d3c9adffa565c74ad2c5026b77fa1cf04b411ba46f49f4c520,triangle,2.5,lqi,1,3,12,42,13,10,93,success,13393353645774055087,2
LEO_V1_1_REQUALIFICATION_20260920,ofat_comparative,interferenceDb__25p0__lqi,f36d0510e3dbb0d3c9adffa565c74ad2c5026b77fa1cf04b411ba46f49f4c520,triangle,2.5,lqi,1,3,12,42,13,10,94,success,13393353645774055087,2
LEO_V1_1_REQUALIFICATION_20260920,ofat_comparative,interferenceDb__25p0__lqi,f36d0510e3dbb0d3c9adffa565c74ad2c5026b77fa1cf04b411ba46f49f4c520,triangle,2.5,lqi,1,3,12,42,13,10,95,success,13393353645774055087,2
LEO_V1_1_REQUALIFICATION_20260920,ofat_comparative,interferenceDb__25p0__lqi,f36d0510e3dbb0d3c9adffa565c74ad2c5026b77fa1cf04b411ba46f49f4c520,triangle,2.5,lqi,1,3,12,42,13,10,96,success,13393353645774055087,2
LEO_V1_1_REQUALIFICATION_20260920,ofat_comparative,interferenceDb__25p0__lqi,f36d0510e3dbb0d3c9adffa565c74ad2c5026b77fa1cf04b411ba46f49f4c520,triangle,2.5,lqi,1,3,12,42,13,10,97,success,13393353645774055087,2
LEO_V1_1_REQUALIFICATION_20260920,ofat_comparative,interferenceDb__25p0__lqi,f36d0510e3dbb0d3c9adffa565c74ad2c5026b77fa1cf04b411ba46f49f4c520,triangle,2.5,lqi,1,3,12,42,13,10,98,success,13393353645774055087,2
LEO_V1_1_REQUALIFICATION_20260920,ofat_comparative,interferenceDb__25p0__lqi,f36d0510e3dbb0d3c9adffa565c74ad2c5026b77fa1cf04b411ba46f49f4c520,triangle,2.5,lqi,1,3,12,42,13,10,99,success,13393353645774055087,2
LEO_V1_1_REQUALIFICATION_20260920,ofat_comparative,interferenceDb__25p0__lqi,f36d0510e3dbb0d3c9adffa565c74ad2c5026b77fa1cf04b411ba46f49f4c520,triangle,2.5,lqi,1,3,12,42,13,11,100,success,17464325661384334198,3
LEO_V1_1_REQUALIFICATION_20260920,ofat_comparative,interferenceDb__25p0__lqi,f36d0510e3dbb0d3c9adffa565c74ad2c5026b77fa1cf04b411ba46f49f4c520,triangle,2.5,lqi,1,3,12,42,13,11,101,success,17464325661384334198,3
LEO_V1_1_REQUALIFICATION_20260920,ofat_comparative,interferenceDb__25p0__lqi,f36d0510e3dbb0d3c9adffa565c74ad2c5026b77fa1cf04b411ba46f49f4c520,triangle,2.5,lqi,1,3,12,42,13,11,102,success,17464325661384334198,3
LEO_V1_1_REQUALIFICATION_20260920,ofat_comparative,interferenceDb__25p0__lqi,f36d0510e3dbb0d3c9adffa565c74ad2c5026b77fa1cf04b411ba46f49f4c520,triangle,2.5,lqi,1,3,12,42,13,11,103,success,17464325661384334198,3
LEO_V1_1_REQUALIFICATION_20260920,ofat_comparative,interferenceDb__25p0__lqi,f36d0510e3dbb0d3c9adffa565c74ad2c5026b77fa1cf04b411ba46f49f4c520,triangle,2.5,lqi,1,3,12,42,13,11,104,timeout,0,0
LEO_V1_1_REQUALIFICATION_20260920,ofat_comparative,interferenceDb__25p0__lqi,f36d0510e3dbb0d3c9adffa565c74ad2c5026b77fa1cf04b411ba46f49f4c520,triangle,2.5,lqi,1,3,12,42,13,11,105,no_route,0,0
LEO_V1_1_REQUALIFICATION_20260920,ofat_comparative,interferenceDb__25p0__lqi,f36d0510e3dbb0d3c9adffa565c74ad2c5026b77fa1cf04b411ba46f49f4c520,triangle,2.5,lqi,1,3,12,42,13,11,106,success,17464325661384334198,3
LEO_V1_1_REQUALIFICATION_20260920,ofat_comparative,interferenceDb__25p0__lqi,f36d0510e3dbb0d3c9adffa565c74ad2c5026b77fa1cf04b411ba46f49f4c520,triangle,2.5,lqi,1,3,12,42,13,11,107,success,17464325661384334198,3
LEO_V1_1_REQUALIFICATION_20260920,ofat_comparative,interferenceDb__25p0__lqi,f36d0510e3dbb0d3c9adffa565c74ad2c5026b77fa1cf04b411ba46f49f4c520,triangle,2.5,lqi,1,3,12,42,13,11,108,success,17464325661384334198,3
LEO_V1_1_REQUALIFICATION_20260920,ofat_comparative,interferenceDb__25p0__lqi,f36d0510e3dbb0d3c9adffa565c74ad2c5026b77fa1cf04b411ba46f49f4c520,triangle,2.5,lqi,1,3,12,42,13,11,109,success,17464325661384334198,3
LEO_V1_1_REQUALIFICATION_20260920,ofat_comparative,interferenceDb__25p0__lqi,f36d0510e3dbb0d3c9adffa565c74ad2c5026b77fa1cf04b411ba46f49f4c520,triangle,2.5,lqi,1,3,12,42,13,12,110,success,11861899764507145195,3
LEO_V1_1_REQUALIFICATION_20260920,ofat_comparative,interferenceDb__25p0__lqi,f36d0510e3dbb0d3c9adffa565c74ad2c5026b77fa1cf04b411ba46f49f4c520,triangle,2.5,lqi,1,3,12,42,13,12,111,success,11861899764507145195,3
LEO_V1_1_REQUALIFICATION_20260920,ofat_comparative,interferenceDb__25p0__lqi,f36d0510e3dbb0d3c9adffa565c74ad2c5026b77fa1cf04b411ba46f49f4c520,triangle,2.5,lqi,1,3,12,42,13,12,112,success,11861899764507145195,3
LEO_V1_1_REQUALIFICATION_20260920,ofat_comparative,interferenceDb__25p0__lqi,f36d0510e3dbb0d3c9adffa565c74ad2c5026b77fa1cf04b411ba46f49f4c520,triangle,2.5,lqi,1,3,12,42,13,12,113,timeout,0,0
LEO_V1_1_REQUALIFICATION_20260920,ofat_comparative,interferenceDb__25p0__lqi,f36d0510e3dbb0d3c9adffa565c74ad2c5026b77fa1cf04b411ba46f49f4c520,triangle,2.5,lqi,1,3,12,42,13,12,114,no_route,0,0
LEO_V1_1_REQUALIFICATION_20260920,ofat_comparative,interferenceDb__25p0__lqi,f36d0510e3dbb0d3c9adffa565c74ad2c5026b77fa1cf04b411ba46f49f4c520,triangle,2.5,lqi,1,3,12,42,13,12,115,timeout,0,0
LEO_V1_1_REQUALIFICATION_20260920,ofat_comparative,interferenceDb__25p0__lqi,f36d0510e3dbb0d3c9adffa565c74ad2c5026b77fa1cf04b411ba46f49f4c520,triangle,2.5,lqi,1,3,12,42,13,12,116,no_route,0,0
LEO_V1_1_REQUALIFICATION_20260920,ofat_comparative,interferenceDb__25p0__lqi,f36d0510e3dbb0d3c9adffa565c74ad2c5026b77fa1cf04b411ba46f49f4c520,triangle,2.5,lqi,1,3,12,42,13,12,117,success,15339638313357773370,4
LEO_V1_1_REQUALIFICATION_20260920,ofat_comparative,interferenceDb__25p0__lqi,f36d0510e3dbb0d3c9adffa565c74ad2c5026b77fa1cf04b411ba46f49f4c520,triangle,2.5,lqi,1,3,12,42,13,12,118,success,15339638313357773370,4
LEO_V1_1_REQUALIFICATION_20260920,ofat_comparative,interferenceDb__25p0__lqi,f36d0510e3dbb0d3c9adffa565c74ad2c5026b77fa1cf04b411ba46f49f4c520,triangle,2.5,lqi,1,3,12,42,13,12,119,success,15339638313357773370,4
LEO_V1_1_REQUALIFICATION_20260920,ofat_comparative,interferenceDb__25p0__lqi,f36d0510e3dbb0d3c9adffa565c74ad2c5026b77fa1cf04b411ba46f49f4c520,triangle,2.5,lqi,1,3,12,42,13,13,120,no_route,0,0
LEO_V1_1_REQUALIFICATION_20260920,ofat_comparative,interferenceDb__25p0__lqi,f36d0510e3dbb0d3c9adffa565c74ad2c5026b77fa1cf04b411ba46f49f4c520,triangle,2.5,lqi,1,3,12,42,13,13,121,no_route,0,0
LEO_V1_1_REQUALIFICATION_20260920,ofat_comparative,interferenceDb__25p0__lqi,f36d0510e3dbb0d3c9adffa565c74ad2c5026b77fa1cf04b411ba46f49f4c520,triangle,2.5,lqi,1,3,12,42,13,13,122,no_route,0,0
LEO_V1_1_REQUALIFICATION_20260920,ofat_comparative,interferenceDb__25p0__lqi,f36d0510e3dbb0d3c9adffa565c74ad2c5026b77fa1cf04b411ba46f49f4c520,triangle,2.5,lqi,1,3,12,42,13,13,123,no_route,0,0
LEO_V1_1_REQUALIFICATION_20260920,ofat_comparative,interferenceDb__25p0__lqi,f36d0510e3dbb0d3c9adffa565c74ad2c5026b77fa1cf04b411ba46f49f4c520,triangle,2.5,lqi,1,3,12,42,13,13,124,no_route,0,0
LEO_V1_1_REQUALIFICATION_20260920,ofat_comparative,interferenceDb__25p0__lqi,f36d0510e3dbb0d3c9adffa565c74ad2c5026b77fa1cf04b411ba46f49f4c520,triangle,2.5,lqi,1,3,12,42,13,13,125,no_route,0,0
LEO_V1_1_REQUALIFICATION_20260920,ofat_comparative,interferenceDb__25p0__lqi,f36d0510e3dbb0d3c9adffa565c74ad2c5026b77fa1cf04b411ba46f49f4c520,triangle,2.5,lqi,1,3,12,42,13,13,126,no_route,0,0
LEO_V1_1_REQUALIFICATION_20260920,ofat_comparative,interferenceDb__25p0__lqi,f36d0510e3dbb0d3c9adffa565c74ad2c5026b77fa1cf04b411ba46f49f4c520,triangle,2.5,lqi,1,3,12,42,13,13,127,no_route,0,0
LEO_V1_1_REQUALIFICATION_20260920,ofat_comparative,interferenceDb__25p0__lqi,f36d0510e3dbb0d3c9adffa565c74ad2c5026b77fa1cf04b411ba46f49f4c520,triangle,2.5,lqi,1,3,12,42,13,13,128,no_route,0,0
LEO_V1_1_REQUALIFICATION_20260920,ofat_comparative,interferenceDb__25p0__lqi,f36d0510e3dbb0d3c9adffa565c74ad2c5026b77fa1cf04b411ba46f49f4c520,triangle,2.5,lqi,1,3,12,42,13,13,129,no_route,0,0
LEO_V1_1_REQUALIFICATION_20260920,ofat_comparative,interferenceDb__25p0__lqi,f36d0510e3dbb0d3c9adffa565c74ad2c5026b77fa1cf04b411ba46f49f4c520,triangle,2.5,lqi,1,3,12,42,13,14,130,no_route,0,0
LEO_V1_1_REQUALIFICATION_20260920,ofat_comparative,interferenceDb__25p0__lqi,f36d0510e3dbb0d3c9adffa565c74ad2c5026b77fa1cf04b411ba46f49f4c520,triangle,2.5,lqi,1,3,12,42,13,14,131,no_route,0,0
LEO_V1_1_REQUALIFICATION_20260920,ofat_comparative,interferenceDb__25p0__lqi,f36d0510e3dbb0d3c9adffa565c74ad2c5026b77fa1cf04b411ba46f49f4c520,triangle,2.5,lqi,1,3,12,42,13,14,132,no_route,0,0
LEO_V1_1_REQUALIFICATION_20260920,ofat_comparative,interferenceDb__25p0__lqi,f36d0510e3dbb0d3c9adffa565c74ad2c5026b77fa1cf04b411ba46f49f4c520,triangle,2.5,lqi,1,3,12,42,13,14,133,no_route,0,0
LEO_V1_1_REQUALIFICATION_20260920,ofat_comparative,interferenceDb__25p0__lqi,f36d0510e3dbb0d3c9adffa565c74ad2c5026b77fa1cf04b411ba46f49f4c520,triangle,2.5,lqi,1,3,12,42,13,14,134,no_route,0,0
LEO_V1_1_REQUALIFICATION_20260920,ofat_comparative,interferenceDb__25p0__lqi,f36d0510e3dbb0d3c9adffa565c74ad2c5026b77fa1cf04b411ba46f49f4c520,triangle,2.5,lqi,1,3,12,42,13,14,135,no_route,0,0
LEO_V1_1_REQUALIFICATION_20260920,ofat_comparative,interferenceDb__25p0__lqi,f36d0510e3dbb0d3c9adffa565c74ad2c5026b77fa1cf04b411ba46f49f4c520,triangle,2.5,lqi,1,3,12,42,13,14,136,no_route,0,0
LEO_V1_1_REQUALIFICATION_20260920,ofat_comparative,interferenceDb__25p0__lqi,f36d0510e3dbb0d3c9adffa565c74ad2c5026b77fa1cf04b411ba46f49f4c520,triangle,2.5,lqi,1,3,12,42,13,14,137,no_route,0,0
LEO_V1_1_REQUALIFICATION_20260920,ofat_comparative,interferenceDb__25p0__lqi,f36d0510e3dbb0d3c9adffa565c74ad2c5026b77fa1cf04b411ba46f49f4c520,triangle,2.5,lqi,1,3,12,42,13,14,138,no_route,0,0
LEO_V1_1_REQUALIFICATION_20260920,ofat_comparative,interferenceDb__25p0__lqi,f36d0510e3dbb0d3c9adffa565c74ad2c5026b77fa1cf04b411ba46f49f4c520,triangle,2.5,lqi,1,3,12,42,13,14,139,no_route,0,0
LEO_V1_1_REQUALIFICATION_20260920,ofat_comparative,interferenceDb__25p0__lqi,f36d0510e3dbb0d3c9adffa565c74ad2c5026b77fa1cf04b411ba46f49f4c520,triangle,2.5,lqi,1,3,12,42,13,15,140,no_route,0,0
LEO_V1_1_REQUALIFICATION_20260920,ofat_comparative,interferenceDb__25p0__lqi,f36d0510e3dbb0d3c9adffa565c74ad2c5026b77fa1cf04b411ba46f49f4c520,triangle,2.5,lqi,1,3,12,42,13,15,141,no_route,0,0
LEO_V1_1_REQUALIFICATION_20260920,ofat_comparative,interferenceDb__25p0__lqi,f36d0510e3dbb0d3c9adffa565c74ad2c5026b77fa1cf04b411ba46f49f4c520,triangle,2.5,lqi,1,3,12,42,13,15,142,no_route,0,0
LEO_V1_1_REQUALIFICATION_20260920,ofat_comparative,interferenceDb__25p0__lqi,f36d0510e3dbb0d3c9adffa565c74ad2c5026b77fa1cf04b411ba46f49f4c520,triangle,2.5,lqi,1,3,12,42,13,15,143,no_route,0,0
LEO_V1_1_REQUALIFICATION_20260920,ofat_comparative,interferenceDb__25p0__lqi,f36d0510e3dbb0d3c9adffa565c74ad2c5026b77fa1cf04b411ba46f49f4c520,triangle,2.5,lqi,1,3,12,42,13,15,144,no_route,0,0
LEO_V1_1_REQUALIFICATION_20260920,ofat_comparative,interferenceDb__25p0__lqi,f36d0510e3dbb0d3c9adffa565c74ad2c5026b77fa1cf04b411ba46f49f4c520,triangle,2.5,lqi,1,3,12,42,13,15,145,no_route,0,0
LEO_V1_1_REQUALIFICATION_20260920,ofat_comparative,interferenceDb__25p0__lqi,f36d0510e3dbb0d3c9adffa565c74ad2c5026b77fa1cf04b411ba46f49f4c520,triangle,2.5,lqi,1,3,12,42,13,15,146,no_route,0,0
LEO_V1_1_REQUALIFICATION_20260920,ofat_comparative,interferenceDb__25p0__lqi,f36d0510e3dbb0d3c9adffa565c74ad2c5026b77fa1cf04b411ba46f49f4c520,triangle,2.5,lqi,1,3,12,42,13,15,147,no_route,0,0
LEO_V1_1_REQUALIFICATION_20260920,ofat_comparative,interferenceDb__25p0__lqi,f36d0510e3dbb0d3c9adffa565c74ad2c5026b77fa1cf04b411ba46f49f4c520,triangle,2.5,lqi,1,3,12,42,13,15,148,no_route,0,0
LEO_V1_1_REQUALIFICATION_20260920,ofat_comparative,interferenceDb__25p0__lqi,f36d0510e3dbb0d3c9adffa565c74ad2c5026b77fa1cf04b411ba46f49f4c520,triangle,2.5,lqi,1,3,12,42,13,15,149,no_route,0,0
LEO_V1_1_REQUALIFICATION_20260920,ofat_comparative,interferenceDb__25p0__lqi,f36d0510e3dbb0d3c9adffa565c74ad2c5026b77fa1cf04b411ba46f49f4c520,triangle,2.5,lqi,1,3,12,42,13,16,150,no_route,0,0
LEO_V1_1_REQUALIFICATION_20260920,ofat_comparative,interferenceDb__25p0__lqi,f36d0510e3dbb0d3c9adffa565c74ad2c5026b77fa1cf04b411ba46f49f4c520,triangle,2.5,lqi,1,3,12,42,13,16,151,no_route,0,0
LEO_V1_1_REQUALIFICATION_20260920,ofat_comparative,interferenceDb__25p0__lqi,f36d0510e3dbb0d3c9adffa565c74ad2c5026b77fa1cf04b411ba46f49f4c520,triangle,2.5,lqi,1,3,12,42,13,16,152,no_route,0,0
LEO_V1_1_REQUALIFICATION_20260920,ofat_comparative,interferenceDb__25p0__lqi,f36d0510e3dbb0d3c9adffa565c74ad2c5026b77fa1cf04b411ba46f49f4c520,triangle,2.5,lqi,1,3,12,42,13,16,153,no_route,0,0
LEO_V1_1_REQUALIFICATION_20260920,ofat_comparative,interferenceDb__25p0__lqi,f36d0510e3dbb0d3c9adffa565c74ad2c5026b77fa1cf04b411ba46f49f4c520,triangle,2.5,lqi,1,3,12,42,13,16,154,no_route,0,0
LEO_V1_1_REQUALIFICATION_20260920,ofat_comparative,interferenceDb__25p0__lqi,f36d0510e3dbb0d3c9adffa565c74ad2c5026b77fa1cf04b411ba46f49f4c520,triangle,2.5,lqi,1,3,12,42,13,16,155,no_route,0,0
LEO_V1_1_REQUALIFICATION_20260920,ofat_comparative,interferenceDb__25p0__lqi,f36d0510e3dbb0d3c9adffa565c74ad2c5026b77fa1cf04b411ba46f49f4c520,triangle,2.5,lqi,1,3,12,42,13,16,156,no_route,0,0
LEO_V1_1_REQUALIFICATION_20260920,ofat_comparative,interferenceDb__25p0__lqi,f36d0510e3dbb0d3c9adffa565c74ad2c5026b77fa1cf04b411ba46f49f4c520,triangle,2.5,lqi,1,3,12,42,13,16,157,no_route,0,0
LEO_V1_1_REQUALIFICATION_20260920,ofat_comparative,interferenceDb__25p0__lqi,f36d0510e3dbb0d3c9adffa565c74ad2c5026b77fa1cf04b411ba46f49f4c520,triangle,2.5,lqi,1,3,12,42,13,16,158,no_route,0,0
LEO_V1_1_REQUALIFICATION_20260920,ofat_comparative,interferenceDb__25p0__lqi,f36d0510e3dbb0d3c9adffa565c74ad2c5026b77fa1cf04b411ba46f49f4c520,triangle,2.5,lqi,1,3,12,42,13,16,159,no_route,0,0
LEO_V1_1_REQUALIFICATION_20260920,ofat_comparative,interferenceDb__25p0__lqi,f36d0510e3dbb0d3c9adffa565c74ad2c5026b77fa1cf04b411ba46f49f4c520,triangle,2.5,lqi,1,3,12,42,13,17,160,no_route,0,0
LEO_V1_1_REQUALIFICATION_20260920,ofat_comparative,interferenceDb__25p0__lqi,f36d0510e3dbb0d3c9adffa565c74ad2c5026b77fa1cf04b411ba46f49f4c520,triangle,2.5,lqi,1,3,12,42,13,17,161,no_route,0,0
LEO_V1_1_REQUALIFICATION_20260920,ofat_comparative,interferenceDb__25p0__lqi,f36d0510e3dbb0d3c9adffa565c74ad2c5026b77fa1cf04b411ba46f49f4c520,triangle,2.5,lqi,1,3,12,42,13,17,162,no_route,0,0
LEO_V1_1_REQUALIFICATION_20260920,ofat_comparative,interferenceDb__25p0__lqi,f36d0510e3dbb0d3c9adffa565c74ad2c5026b77fa1cf04b411ba46f49f4c520,triangle,2.5,lqi,1,3,12,42,13,17,163,no_route,0,0
LEO_V1_1_REQUALIFICATION_20260920,ofat_comparative,interferenceDb__25p0__lqi,f36d0510e3dbb0d3c9adffa565c74ad2c5026b77fa1cf04b411ba46f49f4c520,triangle,2.5,lqi,1,3,12,42,13,17,164,no_route,0,0
LEO_V1_1_REQUALIFICATION_20260920,ofat_comparative,interferenceDb__25p0__lqi,f36d0510e3dbb0d3c9adffa565c74ad2c5026b77fa1cf04b411ba46f49f4c520,triangle,2.5,lqi,1,3,12,42,13,17,165,no_route,0,0
LEO_V1_1_REQUALIFICATION_20260920,ofat_comparative,interferenceDb__25p0__lqi,f36d0510e3dbb0d3c9adffa565c74ad2c5026b77fa1cf04b411ba46f49f4c520,triangle,2.5,lqi,1,3,12,42,13,17,166,no_route,0,0
LEO_V1_1_REQUALIFICATION_20260920,ofat_comparative,interferenceDb__25p0__lqi,f36d0510e3dbb0d3c9adffa565c74ad2c5026b77fa1cf04b411ba46f49f4c520,triangle,2.5,lqi,1,3,12,42,13,17,167,no_route,0,0
LEO_V1_1_REQUALIFICATION_20260920,ofat_comparative,interferenceDb__25p0__lqi,f36d0510e3dbb0d3c9adffa565c74ad2c5026b77fa1cf04b411ba46f49f4c520,triangle,2.5,lqi,1,3,12,42,13,17,168,no_route,0,0
LEO_V1_1_REQUALIFICATION_20260920,ofat_comparative,interferenceDb__25p0__lqi,f36d0510e3dbb0d3c9adffa565c74ad2c5026b77fa1cf04b411ba46f49f4c520,triangle,2.5,lqi,1,3,12,42,13,17,169,no_route,0,0
LEO_V1_1_REQUALIFICATION_20260920,ofat_comparative,interferenceDb__25p0__lqi,f36d0510e3dbb0d3c9adffa565c74ad2c5026b77fa1cf04b411ba46f49f4c520,triangle,2.5,lqi,1,3,12,42,13,18,170,no_route,0,0
LEO_V1_1_REQUALIFICATION_20260920,ofat_comparative,interferenceDb__25p0__lqi,f36d0510e3dbb0d3c9adffa565c74ad2c5026b77fa1cf04b411ba46f49f4c520,triangle,2.5,lqi,1,3,12,42,13,18,171,no_route,0,0
LEO_V1_1_REQUALIFICATION_20260920,ofat_comparative,interferenceDb__25p0__lqi,f36d0510e3dbb0d3c9adffa565c74ad2c5026b77fa1cf04b411ba46f49f4c520,triangle,2.5,lqi,1,3,12,42,13,18,172,no_route,0,0
LEO_V1_1_REQUALIFICATION_20260920,ofat_comparative,interferenceDb__25p0__lqi,f36d0510e3dbb0d3c9adffa565c74ad2c5026b77fa1cf04b411ba46f49f4c520,triangle,2.5,lqi,1,3,12,42,13,18,173,no_route,0,0
LEO_V1_1_REQUALIFICATION_20260920,ofat_comparative,interferenceDb__25p0__lqi,f36d0510e3dbb0d3c9adffa565c74ad2c5026b77fa1cf04b411ba46f49f4c520,triangle,2.5,lqi,1,3,12,42,13,18,174,no_route,0,0
LEO_V1_1_REQUALIFICATION_20260920,ofat_comparative,interferenceDb__25p0__lqi,f36d0510e3dbb0d3c9adffa565c74ad2c5026b77fa1cf04b411ba46f49f4c520,triangle,2.5,lqi,1,3,12,42,13,18,175,no_route,0,0
LEO_V1_1_REQUALIFICATION_20260920,ofat_comparative,interferenceDb__25p0__lqi,f36d0510e3dbb0d3c9adffa565c74ad2c5026b77fa1cf04b411ba46f49f4c520,triangle,2.5,lqi,1,3,12,42,13,18,176,no_route,0,0
LEO_V1_1_REQUALIFICATION_20260920,ofat_comparative,interferenceDb__25p0__lqi,f36d0510e3dbb0d3c9adffa565c74ad2c5026b77fa1cf04b411ba46f49f4c520,triangle,2.5,lqi,1,3,12,42,13,18,177,no_route,0,0
LEO_V1_1_REQUALIFICATION_20260920,ofat_comparative,interferenceDb__25p0__lqi,f36d0510e3dbb0d3c9adffa565c74ad2c5026b77fa1cf04b411ba46f49f4c520,triangle,2.5,lqi,1,3,12,42,13,18,178,no_route,0,0
LEO_V1_1_REQUALIFICATION_20260920,ofat_comparative,interferenceDb__25p0__lqi,f36d0510e3dbb0d3c9adffa565c74ad2c5026b77fa1cf04b411ba46f49f4c520,triangle,2.5,lqi,1,3,12,42,13,18,179,no_route,0,0
LEO_V1_1_REQUALIFICATION_20260920,ofat_comparative,interferenceDb__25p0__lqi,f36d0510e3dbb0d3c9adffa565c74ad2c5026b77fa1cf04b411ba46f49f4c520,triangle,2.5,lqi,1,3,12,42,13,19,180,no_route,0,0
LEO_V1_1_REQUALIFICATION_20260920,ofat_comparative,interferenceDb__25p0__lqi,f36d0510e3dbb0d3c9adffa565c74ad2c5026b77fa1cf04b411ba46f49f4c520,triangle,2.5,lqi,1,3,12,42,13,19,181,no_route,0,0
LEO_V1_1_REQUALIFICATION_20260920,ofat_comparative,interferenceDb__25p0__lqi,f36d0510e3dbb0d3c9adffa565c74ad2c5026b77fa1cf04b411ba46f49f4c520,triangle,2.5,lqi,1,3,12,42,13,19,182,no_route,0,0
LEO_V1_1_REQUALIFICATION_20260920,ofat_comparative,interferenceDb__25p0__lqi,f36d0510e3dbb0d3c9adffa565c74ad2c5026b77fa1cf04b411ba46f49f4c520,triangle,2.5,lqi,1,3,12,42,13,19,183,no_route,0,0
LEO_V1_1_REQUALIFICATION_20260920,ofat_comparative,interferenceDb__25p0__lqi,f36d0510e3dbb0d3c9adffa565c74ad2c5026b77fa1cf04b411ba46f49f4c520,triangle,2.5,lqi,1,3,12,42,13,19,184,no_route,0,0
LEO_V1_1_REQUALIFICATION_20260920,ofat_comparative,interferenceDb__25p0__lqi,f36d0510e3dbb0d3c9adffa565c74ad2c5026b77fa1cf04b411ba46f49f4c520,triangle,2.5,lqi,1,3,12,42,13,19,185,no_route,0,0
LEO_V1_1_REQUALIFICATION_20260920,ofat_comparative,interferenceDb__25p0__lqi,f36d0510e3dbb0d3c9adffa565c74ad2c5026b77fa1cf04b411ba46f49f4c520,triangle,2.5,lqi,1,3,12,42,13,19,186,no_route,0,0
LEO_V1_1_REQUALIFICATION_20260920,ofat_comparative,interferenceDb__25p0__lqi,f36d0510e3dbb0d3c9adffa565c74ad2c5026b77fa1cf04b411ba46f49f4c520,triangle,2.5,lqi,1,3,12,42,13,19,187,no_route,0,0
LEO_V1_1_REQUALIFICATION_20260920,ofat_comparative,interferenceDb__25p0__lqi,f36d0510e3dbb0d3c9adffa565c74ad2c5026b77fa1cf04b411ba46f49f4c520,triangle,2.5,lqi,1,3,12,42,13,19,188,no_route,0,0
LEO_V1_1_REQUALIFICATION_20260920,ofat_comparative,interferenceDb__25p0__lqi,f36d0510e3dbb0d3c9adffa565c74ad2c5026b77fa1cf04b411ba46f49f4c520,triangle,2.5,lqi,1,3,12,42,13,19,189,no_route,0,0
LEO_V1_1_REQUALIFICATION_20260920,ofat_comparative,interferenceDb__25p0__lqi,f36d0510e3dbb0d3c9adffa565c74ad2c5026b77fa1cf04b411ba46f49f4c520,triangle,2.5,lqi,1,3,13,42,14,1,0,success,12161961113530546194,1
LEO_V1_1_REQUALIFICATION_20260920,ofat_comparative,interferenceDb__25p0__lqi,f36d0510e3dbb0d3c9adffa565c74ad2c5026b77fa1cf04b411ba46f49f4c520,triangle,2.5,lqi,1,3,13,42,14,1,1,success,12161961113530546194,1
LEO_V1_1_REQUALIFICATION_20260920,ofat_comparative,interferenceDb__25p0__lqi,f36d0510e3dbb0d3c9adffa565c74ad2c5026b77fa1cf04b411ba46f49f4c520,triangle,2.5,lqi,1,3,13,42,14,1,2,success,12161961113530546194,1
LEO_V1_1_REQUALIFICATION_20260920,ofat_comparative,interferenceDb__25p0__lqi,f36d0510e3dbb0d3c9adffa565c74ad2c5026b77fa1cf04b411ba46f49f4c520,triangle,2.5,lqi,1,3,13,42,14,1,3,success,12161961113530546194,1
LEO_V1_1_REQUALIFICATION_20260920,ofat_comparative,interferenceDb__25p0__lqi,f36d0510e3dbb0d3c9adffa565c74ad2c5026b77fa1cf04b411ba46f49f4c520,triangle,2.5,lqi,1,3,13,42,14,1,4,success,12161961113530546194,1
LEO_V1_1_REQUALIFICATION_20260920,ofat_comparative,interferenceDb__25p0__lqi,f36d0510e3dbb0d3c9adffa565c74ad2c5026b77fa1cf04b411ba46f49f4c520,triangle,2.5,lqi,1,3,13,42,14,1,5,success,12161961113530546194,1
LEO_V1_1_REQUALIFICATION_20260920,ofat_comparative,interferenceDb__25p0__lqi,f36d0510e3dbb0d3c9adffa565c74ad2c5026b77fa1cf04b411ba46f49f4c520,triangle,2.5,lqi,1,3,13,42,14,1,6,success,12161961113530546194,1
LEO_V1_1_REQUALIFICATION_20260920,ofat_comparative,interferenceDb__25p0__lqi,f36d0510e3dbb0d3c9adffa565c74ad2c5026b77fa1cf04b411ba46f49f4c520,triangle,2.5,lqi,1,3,13,42,14,1,7,success,12161961113530546194,1
LEO_V1_1_REQUALIFICATION_20260920,ofat_comparative,interferenceDb__25p0__lqi,f36d0510e3dbb0d3c9adffa565c74ad2c5026b77fa1cf04b411ba46f49f4c520,triangle,2.5,lqi,1,3,13,42,14,1,8,success,12161961113530546194,1
LEO_V1_1_REQUALIFICATION_20260920,ofat_comparative,interferenceDb__25p0__lqi,f36d0510e3dbb0d3c9adffa565c74ad2c5026b77fa1cf04b411ba46f49f4c520,triangle,2.5,lqi,1,3,13,42,14,1,9,success,12161961113530546194,1
LEO_V1_1_REQUALIFICATION_20260920,ofat_comparative,interferenceDb__25p0__lqi,f36d0510e3dbb0d3c9adffa565c74ad2c5026b77fa1cf04b411ba46f49f4c520,triangle,2.5,lqi,1,3,13,42,14,2,10,success,12161960014018917983,1
LEO_V1_1_REQUALIFICATION_20260920,ofat_comparative,interferenceDb__25p0__lqi,f36d0510e3dbb0d3c9adffa565c74ad2c5026b77fa1cf04b411ba46f49f4c520,triangle,2.5,lqi,1,3,13,42,14,2,11,success,12161960014018917983,1
LEO_V1_1_REQUALIFICATION_20260920,ofat_comparative,interferenceDb__25p0__lqi,f36d0510e3dbb0d3c9adffa565c74ad2c5026b77fa1cf04b411ba46f49f4c520,triangle,2.5,lqi,1,3,13,42,14,2,12,success,12161960014018917983,1
LEO_V1_1_REQUALIFICATION_20260920,ofat_comparative,interferenceDb__25p0__lqi,f36d0510e3dbb0d3c9adffa565c74ad2c5026b77fa1cf04b411ba46f49f4c520,triangle,2.5,lqi,1,3,13,42,14,2,13,success,12161960014018917983,1
LEO_V1_1_REQUALIFICATION_20260920,ofat_comparative,interferenceDb__25p0__lqi,f36d0510e3dbb0d3c9adffa565c74ad2c5026b77fa1cf04b411ba46f49f4c520,triangle,2.5,lqi,1,3,13,42,14,2,14,success,12161960014018917983,1
LEO_V1_1_REQUALIFICATION_20260920,ofat_comparative,interferenceDb__25p0__lqi,f36d0510e3dbb0d3c9adffa565c74ad2c5026b77fa1cf04b411ba46f49f4c520,triangle,2.5,lqi,1,3,13,42,14,2,15,success,12161960014018917983,1
LEO_V1_1_REQUALIFICATION_20260920,ofat_comparative,interferenceDb__25p0__lqi,f36d0510e3dbb0d3c9adffa565c74ad2c5026b77fa1cf04b411ba46f49f4c520,triangle,2.5,lqi,1,3,13,42,14,2,16,success,12161960014018917983,1
LEO_V1_1_REQUALIFICATION_20260920,ofat_comparative,interferenceDb__25p0__lqi,f36d0510e3dbb0d3c9adffa565c74ad2c5026b77fa1cf04b411ba46f49f4c520,triangle,2.5,lqi,1,3,13,42,14,2,17,success,12161960014018917983,1
LEO_V1_1_REQUALIFICATION_20260920,ofat_comparative,interferenceDb__25p0__lqi,f36d0510e3dbb0d3c9adffa565c74ad2c5026b77fa1cf04b411ba46f49f4c520,triangle,2.5,lqi,1,3,13,42,14,2,18,success,12161960014018917983,1
LEO_V1_1_REQUALIFICATION_20260920,ofat_comparative,interferenceDb__25p0__lqi,f36d0510e3dbb0d3c9adffa565c74ad2c5026b77fa1cf04b411ba46f49f4c520,triangle,2.5,lqi,1,3,13,42,14,2,19,success,12161960014018917983,1
LEO_V1_1_REQUALIFICATION_20260920,ofat_comparative,interferenceDb__25p0__lqi,f36d0510e3dbb0d3c9adffa565c74ad2c5026b77fa1cf04b411ba46f49f4c520,triangle,2.5,lqi,1,3,13,42,14,3,20,success,5168105627079211135,2
LEO_V1_1_REQUALIFICATION_20260920,ofat_comparative,interferenceDb__25p0__lqi,f36d0510e3dbb0d3c9adffa565c74ad2c5026b77fa1cf04b411ba46f49f4c520,triangle,2.5,lqi,1,3,13,42,14,3,21,success,5168105627079211135,2
LEO_V1_1_REQUALIFICATION_20260920,ofat_comparative,interferenceDb__25p0__lqi,f36d0510e3dbb0d3c9adffa565c74ad2c5026b77fa1cf04b411ba46f49f4c520,triangle,2.5,lqi,1,3,13,42,14,3,22,success,5168105627079211135,2
LEO_V1_1_REQUALIFICATION_20260920,ofat_comparative,interferenceDb__25p0__lqi,f36d0510e3dbb0d3c9adffa565c74ad2c5026b77fa1cf04b411ba46f49f4c520,triangle,2.5,lqi,1,3,13,42,14,3,23,success,5168105627079211135,2
LEO_V1_1_REQUALIFICATION_20260920,ofat_comparative,interferenceDb__25p0__lqi,f36d0510e3dbb0d3c9adffa565c74ad2c5026b77fa1cf04b411ba46f49f4c520,triangle,2.5,lqi,1,3,13,42,14,3,24,success,5168105627079211135,2
LEO_V1_1_REQUALIFICATION_20260920,ofat_comparative,interferenceDb__25p0__lqi,f36d0510e3dbb0d3c9adffa565c74ad2c5026b77fa1cf04b411ba46f49f4c520,triangle,2.5,lqi,1,3,13,42,14,3,25,success,5168105627079211135,2
LEO_V1_1_REQUALIFICATION_20260920,ofat_comparative,interferenceDb__25p0__lqi,f36d0510e3dbb0d3c9adffa565c74ad2c5026b77fa1cf04b411ba46f49f4c520,triangle,2.5,lqi,1,3,13,42,14,3,26,success,5168105627079211135,2
LEO_V1_1_REQUALIFICATION_20260920,ofat_comparative,interferenceDb__25p0__lqi,f36d0510e3dbb0d3c9adffa565c74ad2c5026b77fa1cf04b411ba46f49f4c520,triangle,2.5,lqi,1,3,13,42,14,3,27,success,5168105627079211135,2
LEO_V1_1_REQUALIFICATION_20260920,ofat_comparative,interferenceDb__25p0__lqi,f36d0510e3dbb0d3c9adffa565c74ad2c5026b77fa1cf04b411ba46f49f4c520,triangle,2.5,lqi,1,3,13,42,14,3,28,success,5168105627079211135,2
LEO_V1_1_REQUALIFICATION_20260920,ofat_comparative,interferenceDb__25p0__lqi,f36d0510e3dbb0d3c9adffa565c74ad2c5026b77fa1cf04b411ba46f49f4c520,triangle,2.5,lqi,1,3,13,42,14,3,29,success,5168105627079211135,2
LEO_V1_1_REQUALIFICATION_20260920,ofat_comparative,interferenceDb__25p0__lqi,f36d0510e3dbb0d3c9adffa565c74ad2c5026b77fa1cf04b411ba46f49f4c520,triangle,2.5,lqi,1,3,13,42,14,4,30,success,4254184782511048963,2
LEO_V1_1_REQUALIFICATION_20260920,ofat_comparative,interferenceDb__25p0__lqi,f36d0510e3dbb0d3c9adffa565c74ad2c5026b77fa1cf04b411ba46f49f4c520,triangle,2.5,lqi,1,3,13,42,14,4,31,success,4254184782511048963,2
LEO_V1_1_REQUALIFICATION_20260920,ofat_comparative,interferenceDb__25p0__lqi,f36d0510e3dbb0d3c9adffa565c74ad2c5026b77fa1cf04b411ba46f49f4c520,triangle,2.5,lqi,1,3,13,42,14,4,32,success,4254184782511048963,2
LEO_V1_1_REQUALIFICATION_20260920,ofat_comparative,interferenceDb__25p0__lqi,f36d0510e3dbb0d3c9adffa565c74ad2c5026b77fa1cf04b411ba46f49f4c520,triangle,2.5,lqi,1,3,13,42,14,4,33,success,4254184782511048963,2
LEO_V1_1_REQUALIFICATION_20260920,ofat_comparative,interferenceDb__25p0__lqi,f36d0510e3dbb0d3c9adffa565c74ad2c5026b77fa1cf04b411ba46f49f4c520,triangle,2.5,lqi,1,3,13,42,14,4,34,success,4254184782511048963,2
LEO_V1_1_REQUALIFICATION_20260920,ofat_comparative,interferenceDb__25p0__lqi,f36d0510e3dbb0d3c9adffa565c74ad2c5026b77fa1cf04b411ba46f49f4c520,triangle,2.5,lqi,1,3,13,42,14,4,35,success,4254184782511048963,2
LEO_V1_1_REQUALIFICATION_20260920,ofat_comparative,interferenceDb__25p0__lqi,f36d0510e3dbb0d3c9adffa565c74ad2c5026b77fa1cf04b411ba46f49f4c520,triangle,2.5,lqi,1,3,13,42,14,4,36,success,4254184782511048963,2
LEO_V1_1_REQUALIFICATION_20260920,ofat_comparative,interferenceDb__25p0__lqi,f36d0510e3dbb0d3c9adffa565c74ad2c5026b77fa1cf04b411ba46f49f4c520,triangle,2.5,lqi,1,3,13,42,14,4,37,success,4254184782511048963,2
LEO_V1_1_REQUALIFICATION_20260920,ofat_comparative,interferenceDb__25p0__lqi,f36d0510e3dbb0d3c9adffa565c74ad2c5026b77fa1cf04b411ba46f49f4c520,triangle,2.5,lqi,1,3,13,42,14,4,38,success,4254184782511048963,2
LEO_V1_1_REQUALIFICATION_20260920,ofat_comparative,interferenceDb__25p0__lqi,f36d0510e3dbb0d3c9adffa565c74ad2c5026b77fa1cf04b411ba46f49f4c520,triangle,2.5,lqi,1,3,13,42,14,4,39,success,4254184782511048963,2
LEO_V1_1_REQUALIFICATION_20260920,ofat_comparative,interferenceDb__25p0__lqi,f36d0510e3dbb0d3c9adffa565c74ad2c5026b77fa1cf04b411ba46f49f4c520,triangle,2.5,lqi,1,3,13,42,14,5,40,success,16719299368067595120,3
LEO_V1_1_REQUALIFICATION_20260920,ofat_comparative,interferenceDb__25p0__lqi,f36d0510e3dbb0d3c9adffa565c74ad2c5026b77fa1cf04b411ba46f49f4c520,triangle,2.5,lqi,1,3,13,42,14,5,41,success,16719299368067595120,3
LEO_V1_1_REQUALIFICATION_20260920,ofat_comparative,interferenceDb__25p0__lqi,f36d0510e3dbb0d3c9adffa565c74ad2c5026b77fa1cf04b411ba46f49f4c520,triangle,2.5,lqi,1,3,13,42,14,5,42,success,16719299368067595120,3
LEO_V1_1_REQUALIFICATION_20260920,ofat_comparative,interferenceDb__25p0__lqi,f36d0510e3dbb0d3c9adffa565c74ad2c5026b77fa1cf04b411ba46f49f4c520,triangle,2.5,lqi,1,3,13,42,14,5,43,success,16719299368067595120,3
LEO_V1_1_REQUALIFICATION_20260920,ofat_comparative,interferenceDb__25p0__lqi,f36d0510e3dbb0d3c9adffa565c74ad2c5026b77fa1cf04b411ba46f49f4c520,triangle,2.5,lqi,1,3,13,42,14,5,44,success,16719299368067595120,3
LEO_V1_1_REQUALIFICATION_20260920,ofat_comparative,interferenceDb__25p0__lqi,f36d0510e3dbb0d3c9adffa565c74ad2c5026b77fa1cf04b411ba46f49f4c520,triangle,2.5,lqi,1,3,13,42,14,5,45,success,16719299368067595120,3
LEO_V1_1_REQUALIFICATION_20260920,ofat_comparative,interferenceDb__25p0__lqi,f36d0510e3dbb0d3c9adffa565c74ad2c5026b77fa1cf04b411ba46f49f4c520,triangle,2.5,lqi,1,3,13,42,14,5,46,success,16719299368067595120,3
LEO_V1_1_REQUALIFICATION_20260920,ofat_comparative,interferenceDb__25p0__lqi,f36d0510e3dbb0d3c9adffa565c74ad2c5026b77fa1cf04b411ba46f49f4c520,triangle,2.5,lqi,1,3,13,42,14,5,47,success,16719299368067595120,3
LEO_V1_1_REQUALIFICATION_20260920,ofat_comparative,interferenceDb__25p0__lqi,f36d0510e3dbb0d3c9adffa565c74ad2c5026b77fa1cf04b411ba46f49f4c520,triangle,2.5,lqi,1,3,13,42,14,5,48,success,16719299368067595120,3
LEO_V1_1_REQUALIFICATION_20260920,ofat_comparative,interferenceDb__25p0__lqi,f36d0510e3dbb0d3c9adffa565c74ad2c5026b77fa1cf04b411ba46f49f4c520,triangle,2.5,lqi,1,3,13,42,14,5,49,success,16719299368067595120,3
LEO_V1_1_REQUALIFICATION_20260920,ofat_comparative,interferenceDb__25p0__lqi,f36d0510e3dbb0d3c9adffa565c74ad2c5026b77fa1cf04b411ba46f49f4c520,triangle,2.5,lqi,1,3,13,42,14,6,50,success,3355162293075433701,3
LEO_V1_1_REQUALIFICATION_20260920,ofat_comparative,interferenceDb__25p0__lqi,f36d0510e3dbb0d3c9adffa565c74ad2c5026b77fa1cf04b411ba46f49f4c520,triangle,2.5,lqi,1,3,13,42,14,6,51,success,3355162293075433701,3
LEO_V1_1_REQUALIFICATION_20260920,ofat_comparative,interferenceDb__25p0__lqi,f36d0510e3dbb0d3c9adffa565c74ad2c5026b77fa1cf04b411ba46f49f4c520,triangle,2.5,lqi,1,3,13,42,14,6,52,success,3355162293075433701,3
LEO_V1_1_REQUALIFICATION_20260920,ofat_comparative,interferenceDb__25p0__lqi,f36d0510e3dbb0d3c9adffa565c74ad2c5026b77fa1cf04b411ba46f49f4c520,triangle,2.5,lqi,1,3,13,42,14,6,53,success,3355162293075433701,3
LEO_V1_1_REQUALIFICATION_20260920,ofat_comparative,interferenceDb__25p0__lqi,f36d0510e3dbb0d3c9adffa565c74ad2c5026b77fa1cf04b411ba46f49f4c520,triangle,2.5,lqi,1,3,13,42,14,6,54,success,3355162293075433701,3
LEO_V1_1_REQUALIFICATION_20260920,ofat_comparative,interferenceDb__25p0__lqi,f36d0510e3dbb0d3c9adffa565c74ad2c5026b77fa1cf04b411ba46f49f4c520,triangle,2.5,lqi,1,3,13,42,14,6,55,success,3355162293075433701,3
LEO_V1_1_REQUALIFICATION_20260920,ofat_comparative,interferenceDb__25p0__lqi,f36d0510e3dbb0d3c9adffa565c74ad2c5026b77fa1cf04b411ba46f49f4c520,triangle,2.5,lqi,1,3,13,42,14,6,56,success,3355162293075433701,3
LEO_V1_1_REQUALIFICATION_20260920,ofat_comparative,interferenceDb__25p0__lqi,f36d0510e3dbb0d3c9adffa565c74ad2c5026b77fa1cf04b411ba46f49f4c520,triangle,2.5,lqi,1,3,13,42,14,6,57,success,3355162293075433701,3
LEO_V1_1_REQUALIFICATION_20260920,ofat_comparative,interferenceDb__25p0__lqi,f36d0510e3dbb0d3c9adffa565c74ad2c5026b77fa1cf04b411ba46f49f4c520,triangle,2.5,lqi,1,3,13,42,14,6,58,success,3355162293075433701,3
LEO_V1_1_REQUALIFICATION_20260920,ofat_comparative,interferenceDb__25p0__lqi,f36d0510e3dbb0d3c9adffa565c74ad2c5026b77fa1cf04b411ba46f49f4c520,triangle,2.5,lqi,1,3,13,42,14,6,59,success,3355162293075433701,3
LEO_V1_1_REQUALIFICATION_20260920,ofat_comparative,interferenceDb__25p0__lqi,f36d0510e3dbb0d3c9adffa565c74ad2c5026b77fa1cf04b411ba46f49f4c520,triangle,2.5,lqi,1,3,13,42,14,7,60,success,12161954516460776928,1
LEO_V1_1_REQUALIFICATION_20260920,ofat_comparative,interferenceDb__25p0__lqi,f36d0510e3dbb0d3c9adffa565c74ad2c5026b77fa1cf04b411ba46f49f4c520,triangle,2.5,lqi,1,3,13,42,14,7,61,success,12161954516460776928,1
LEO_V1_1_REQUALIFICATION_20260920,ofat_comparative,interferenceDb__25p0__lqi,f36d0510e3dbb0d3c9adffa565c74ad2c5026b77fa1cf04b411ba46f49f4c520,triangle,2.5,lqi,1,3,13,42,14,7,62,success,12161954516460776928,1
LEO_V1_1_REQUALIFICATION_20260920,ofat_comparative,interferenceDb__25p0__lqi,f36d0510e3dbb0d3c9adffa565c74ad2c5026b77fa1cf04b411ba46f49f4c520,triangle,2.5,lqi,1,3,13,42,14,7,63,success,12161954516460776928,1
LEO_V1_1_REQUALIFICATION_20260920,ofat_comparative,interferenceDb__25p0__lqi,f36d0510e3dbb0d3c9adffa565c74ad2c5026b77fa1cf04b411ba46f49f4c520,triangle,2.5,lqi,1,3,13,42,14,7,64,success,12161954516460776928,1
LEO_V1_1_REQUALIFICATION_20260920,ofat_comparative,interferenceDb__25p0__lqi,f36d0510e3dbb0d3c9adffa565c74ad2c5026b77fa1cf04b411ba46f49f4c520,triangle,2.5,lqi,1,3,13,42,14,7,65,success,12161954516460776928,1
LEO_V1_1_REQUALIFICATION_20260920,ofat_comparative,interferenceDb__25p0__lqi,f36d0510e3dbb0d3c9adffa565c74ad2c5026b77fa1cf04b411ba46f49f4c520,triangle,2.5,lqi,1,3,13,42,14,7,66,success,12161954516460776928,1
LEO_V1_1_REQUALIFICATION_20260920,ofat_comparative,interferenceDb__25p0__lqi,f36d0510e3dbb0d3c9adffa565c74ad2c5026b77fa1cf04b411ba46f49f4c520,triangle,2.5,lqi,1,3,13,42,14,7,67,success,12161954516460776928,1
LEO_V1_1_REQUALIFICATION_20260920,ofat_comparative,interferenceDb__25p0__lqi,f36d0510e3dbb0d3c9adffa565c74ad2c5026b77fa1cf04b411ba46f49f4c520,triangle,2.5,lqi,1,3,13,42,14,7,68,success,12161954516460776928,1
LEO_V1_1_REQUALIFICATION_20260920,ofat_comparative,interferenceDb__25p0__lqi,f36d0510e3dbb0d3c9adffa565c74ad2c5026b77fa1cf04b411ba46f49f4c520,triangle,2.5,lqi,1,3,13,42,14,7,69,success,12161954516460776928,1
LEO_V1_1_REQUALIFICATION_20260920,ofat_comparative,interferenceDb__25p0__lqi,f36d0510e3dbb0d3c9adffa565c74ad2c5026b77fa1cf04b411ba46f49f4c520,triangle,2.5,lqi,1,3,13,42,14,8,70,success,12161971009135200093,1
LEO_V1_1_REQUALIFICATION_20260920,ofat_comparative,interferenceDb__25p0__lqi,f36d0510e3dbb0d3c9adffa565c74ad2c5026b77fa1cf04b411ba46f49f4c520,triangle,2.5,lqi,1,3,13,42,14,8,71,success,12161971009135200093,1
LEO_V1_1_REQUALIFICATION_20260920,ofat_comparative,interferenceDb__25p0__lqi,f36d0510e3dbb0d3c9adffa565c74ad2c5026b77fa1cf04b411ba46f49f4c520,triangle,2.5,lqi,1,3,13,42,14,8,72,success,12161971009135200093,1
LEO_V1_1_REQUALIFICATION_20260920,ofat_comparative,interferenceDb__25p0__lqi,f36d0510e3dbb0d3c9adffa565c74ad2c5026b77fa1cf04b411ba46f49f4c520,triangle,2.5,lqi,1,3,13,42,14,8,73,success,12161971009135200093,1
LEO_V1_1_REQUALIFICATION_20260920,ofat_comparative,interferenceDb__25p0__lqi,f36d0510e3dbb0d3c9adffa565c74ad2c5026b77fa1cf04b411ba46f49f4c520,triangle,2.5,lqi,1,3,13,42,14,8,74,success,12161971009135200093,1
LEO_V1_1_REQUALIFICATION_20260920,ofat_comparative,interferenceDb__25p0__lqi,f36d0510e3dbb0d3c9adffa565c74ad2c5026b77fa1cf04b411ba46f49f4c520,triangle,2.5,lqi,1,3,13,42,14,8,75,success,12161971009135200093,1
LEO_V1_1_REQUALIFICATION_20260920,ofat_comparative,interferenceDb__25p0__lqi,f36d0510e3dbb0d3c9adffa565c74ad2c5026b77fa1cf04b411ba46f49f4c520,triangle,2.5,lqi,1,3,13,42,14,8,76,success,12161971009135200093,1
LEO_V1_1_REQUALIFICATION_20260920,ofat_comparative,interferenceDb__25p0__lqi,f36d0510e3dbb0d3c9adffa565c74ad2c5026b77fa1cf04b411ba46f49f4c520,triangle,2.5,lqi,1,3,13,42,14,8,77,success,12161971009135200093,1
LEO_V1_1_REQUALIFICATION_20260920,ofat_comparative,interferenceDb__25p0__lqi,f36d0510e3dbb0d3c9adffa565c74ad2c5026b77fa1cf04b411ba46f49f4c520,triangle,2.5,lqi,1,3,13,42,14,8,78,success,12161971009135200093,1
LEO_V1_1_REQUALIFICATION_20260920,ofat_comparative,interferenceDb__25p0__lqi,f36d0510e3dbb0d3c9adffa565c74ad2c5026b77fa1cf04b411ba46f49f4c520,triangle,2.5,lqi,1,3,13,42,14,8,79,success,12161971009135200093,1
LEO_V1_1_REQUALIFICATION_20260920,ofat_comparative,interferenceDb__25p0__lqi,f36d0510e3dbb0d3c9adffa565c74ad2c5026b77fa1cf04b411ba46f49f4c520,triangle,2.5,lqi,1,3,13,42,14,9,80,success,18131355419705379627,2
LEO_V1_1_REQUALIFICATION_20260920,ofat_comparative,interferenceDb__25p0__lqi,f36d0510e3dbb0d3c9adffa565c74ad2c5026b77fa1cf04b411ba46f49f4c520,triangle,2.5,lqi,1,3,13,42,14,9,81,success,18131355419705379627,2
LEO_V1_1_REQUALIFICATION_20260920,ofat_comparative,interferenceDb__25p0__lqi,f36d0510e3dbb0d3c9adffa565c74ad2c5026b77fa1cf04b411ba46f49f4c520,triangle,2.5,lqi,1,3,13,42,14,9,82,success,18131355419705379627,2
LEO_V1_1_REQUALIFICATION_20260920,ofat_comparative,interferenceDb__25p0__lqi,f36d0510e3dbb0d3c9adffa565c74ad2c5026b77fa1cf04b411ba46f49f4c520,triangle,2.5,lqi,1,3,13,42,14,9,83,success,18131355419705379627,2
LEO_V1_1_REQUALIFICATION_20260920,ofat_comparative,interferenceDb__25p0__lqi,f36d0510e3dbb0d3c9adffa565c74ad2c5026b77fa1cf04b411ba46f49f4c520,triangle,2.5,lqi,1,3,13,42,14,9,84,success,18131355419705379627,2
LEO_V1_1_REQUALIFICATION_20260920,ofat_comparative,interferenceDb__25p0__lqi,f36d0510e3dbb0d3c9adffa565c74ad2c5026b77fa1cf04b411ba46f49f4c520,triangle,2.5,lqi,1,3,13,42,14,9,85,success,18131355419705379627,2
LEO_V1_1_REQUALIFICATION_20260920,ofat_comparative,interferenceDb__25p0__lqi,f36d0510e3dbb0d3c9adffa565c74ad2c5026b77fa1cf04b411ba46f49f4c520,triangle,2.5,lqi,1,3,13,42,14,9,86,success,18131355419705379627,2
LEO_V1_1_REQUALIFICATION_20260920,ofat_comparative,interferenceDb__25p0__lqi,f36d0510e3dbb0d3c9adffa565c74ad2c5026b77fa1cf04b411ba46f49f4c520,triangle,2.5,lqi,1,3,13,42,14,9,87,success,18131355419705379627,2
LEO_V1_1_REQUALIFICATION_20260920,ofat_comparative,interferenceDb__25p0__lqi,f36d0510e3dbb0d3c9adffa565c74ad2c5026b77fa1cf04b411ba46f49f4c520,triangle,2.5,lqi,1,3,13,42,14,9,88,success,18131355419705379627,2
LEO_V1_1_REQUALIFICATION_20260920,ofat_comparative,interferenceDb__25p0__lqi,f36d0510e3dbb0d3c9adffa565c74ad2c5026b77fa1cf04b411ba46f49f4c520,triangle,2.5,lqi,1,3,13,42,14,9,89,success,18131355419705379627,2
LEO_V1_1_REQUALIFICATION_20260920,ofat_comparative,interferenceDb__25p0__lqi,f36d0510e3dbb0d3c9adffa565c74ad2c5026b77fa1cf04b411ba46f49f4c520,triangle,2.5,lqi,1,3,13,42,14,10,90,success,13393353645774055087,2
LEO_V1_1_REQUALIFICATION_20260920,ofat_comparative,interferenceDb__25p0__lqi,f36d0510e3dbb0d3c9adffa565c74ad2c5026b77fa1cf04b411ba46f49f4c520,triangle,2.5,lqi,1,3,13,42,14,10,91,timeout,0,0
LEO_V1_1_REQUALIFICATION_20260920,ofat_comparative,interferenceDb__25p0__lqi,f36d0510e3dbb0d3c9adffa565c74ad2c5026b77fa1cf04b411ba46f49f4c520,triangle,2.5,lqi,1,3,13,42,14,10,92,no_route,0,0
LEO_V1_1_REQUALIFICATION_20260920,ofat_comparative,interferenceDb__25p0__lqi,f36d0510e3dbb0d3c9adffa565c74ad2c5026b77fa1cf04b411ba46f49f4c520,triangle,2.5,lqi,1,3,13,42,14,10,93,success,6497807711099400300,3
LEO_V1_1_REQUALIFICATION_20260920,ofat_comparative,interferenceDb__25p0__lqi,f36d0510e3dbb0d3c9adffa565c74ad2c5026b77fa1cf04b411ba46f49f4c520,triangle,2.5,lqi,1,3,13,42,14,10,94,success,6497807711099400300,3
LEO_V1_1_REQUALIFICATION_20260920,ofat_comparative,interferenceDb__25p0__lqi,f36d0510e3dbb0d3c9adffa565c74ad2c5026b77fa1cf04b411ba46f49f4c520,triangle,2.5,lqi,1,3,13,42,14,10,95,timeout,0,0
LEO_V1_1_REQUALIFICATION_20260920,ofat_comparative,interferenceDb__25p0__lqi,f36d0510e3dbb0d3c9adffa565c74ad2c5026b77fa1cf04b411ba46f49f4c520,triangle,2.5,lqi,1,3,13,42,14,10,96,no_route,0,0
LEO_V1_1_REQUALIFICATION_20260920,ofat_comparative,interferenceDb__25p0__lqi,f36d0510e3dbb0d3c9adffa565c74ad2c5026b77fa1cf04b411ba46f49f4c520,triangle,2.5,lqi,1,3,13,42,14,10,97,success,17464326760895962409,3
LEO_V1_1_REQUALIFICATION_20260920,ofat_comparative,interferenceDb__25p0__lqi,f36d0510e3dbb0d3c9adffa565c74ad2c5026b77fa1cf04b411ba46f49f4c520,triangle,2.5,lqi,1,3,13,42,14,10,98,success,17464326760895962409,3
LEO_V1_1_REQUALIFICATION_20260920,ofat_comparative,interferenceDb__25p0__lqi,f36d0510e3dbb0d3c9adffa565c74ad2c5026b77fa1cf04b411ba46f49f4c520,triangle,2.5,lqi,1,3,13,42,14,10,99,success,17464326760895962409,3
LEO_V1_1_REQUALIFICATION_20260920,ofat_comparative,interferenceDb__25p0__lqi,f36d0510e3dbb0d3c9adffa565c74ad2c5026b77fa1cf04b411ba46f49f4c520,triangle,2.5,lqi,1,3,13,42,14,11,100,success,16253548162809653432,4
LEO_V1_1_REQUALIFICATION_20260920,ofat_comparative,interferenceDb__25p0__lqi,f36d0510e3dbb0d3c9adffa565c74ad2c5026b77fa1cf04b411ba46f49f4c520,triangle,2.5,lqi,1,3,13,42,14,11,101,success,16253548162809653432,4
LEO_V1_1_REQUALIFICATION_20260920,ofat_comparative,interferenceDb__25p0__lqi,f36d0510e3dbb0d3c9adffa565c74ad2c5026b77fa1cf04b411ba46f49f4c520,triangle,2.5,lqi,1,3,13,42,14,11,102,success,16253548162809653432,4
LEO_V1_1_REQUALIFICATION_20260920,ofat_comparative,interferenceDb__25p0__lqi,f36d0510e3dbb0d3c9adffa565c74ad2c5026b77fa1cf04b411ba46f49f4c520,triangle,2.5,lqi,1,3,13,42,14,11,103,success,16253548162809653432,4
LEO_V1_1_REQUALIFICATION_20260920,ofat_comparative,interferenceDb__25p0__lqi,f36d0510e3dbb0d3c9adffa565c74ad2c5026b77fa1cf04b411ba46f49f4c520,triangle,2.5,lqi,1,3,13,42,14,11,104,success,16253548162809653432,4
LEO_V1_1_REQUALIFICATION_20260920,ofat_comparative,interferenceDb__25p0__lqi,f36d0510e3dbb0d3c9adffa565c74ad2c5026b77fa1cf04b411ba46f49f4c520,triangle,2.5,lqi,1,3,13,42,14,11,105,success,16253548162809653432,4
LEO_V1_1_REQUALIFICATION_20260920,ofat_comparative,interferenceDb__25p0__lqi,f36d0510e3dbb0d3c9adffa565c74ad2c5026b77fa1cf04b411ba46f49f4c520,triangle,2.5,lqi,1,3,13,42,14,11,106,success,16253548162809653432,4
LEO_V1_1_REQUALIFICATION_20260920,ofat_comparative,interferenceDb__25p0__lqi,f36d0510e3dbb0d3c9adffa565c74ad2c5026b77fa1cf04b411ba46f49f4c520,triangle,2.5,lqi,1,3,13,42,14,11,107,success,16253548162809653432,4
LEO_V1_1_REQUALIFICATION_20260920,ofat_comparative,interferenceDb__25p0__lqi,f36d0510e3dbb0d3c9adffa565c74ad2c5026b77fa1cf04b411ba46f49f4c520,triangle,2.5,lqi,1,3,13,42,14,11,108,success,16253548162809653432,4
LEO_V1_1_REQUALIFICATION_20260920,ofat_comparative,interferenceDb__25p0__lqi,f36d0510e3dbb0d3c9adffa565c74ad2c5026b77fa1cf04b411ba46f49f4c520,triangle,2.5,lqi,1,3,13,42,14,11,109,success,16253548162809653432,4
LEO_V1_1_REQUALIFICATION_20260920,ofat_comparative,interferenceDb__25p0__lqi,f36d0510e3dbb0d3c9adffa565c74ad2c5026b77fa1cf04b411ba46f49f4c520,triangle,2.5,lqi,1,3,13,42,14,12,110,no_route,0,0
LEO_V1_1_REQUALIFICATION_20260920,ofat_comparative,interferenceDb__25p0__lqi,f36d0510e3dbb0d3c9adffa565c74ad2c5026b77fa1cf04b411ba46f49f4c520,triangle,2.5,lqi,1,3,13,42,14,12,111,success,2153420779020183611,3
LEO_V1_1_REQUALIFICATION_20260920,ofat_comparative,interferenceDb__25p0__lqi,f36d0510e3dbb0d3c9adffa565c74ad2c5026b77fa1cf04b411ba46f49f4c520,triangle,2.5,lqi,1,3,13,42,14,12,112,success,2153420779020183611,3
LEO_V1_1_REQUALIFICATION_20260920,ofat_comparative,interferenceDb__25p0__lqi,f36d0510e3dbb0d3c9adffa565c74ad2c5026b77fa1cf04b411ba46f49f4c520,triangle,2.5,lqi,1,3,13,42,14,12,113,no_route,0,0
LEO_V1_1_REQUALIFICATION_20260920,ofat_comparative,interferenceDb__25p0__lqi,f36d0510e3dbb0d3c9adffa565c74ad2c5026b77fa1cf04b411ba46f49f4c520,triangle,2.5,lqi,1,3,13,42,14,12,114,timeout,0,0
LEO_V1_1_REQUALIFICATION_20260920,ofat_comparative,interferenceDb__25p0__lqi,f36d0510e3dbb0d3c9adffa565c74ad2c5026b77fa1cf04b411ba46f49f4c520,triangle,2.5,lqi,1,3,13,42,14,12,115,no_route,0,0
LEO_V1_1_REQUALIFICATION_20260920,ofat_comparative,interferenceDb__25p0__lqi,f36d0510e3dbb0d3c9adffa565c74ad2c5026b77fa1cf04b411ba46f49f4c520,triangle,2.5,lqi,1,3,13,42,14,12,116,success,9782191061302357595,4
LEO_V1_1_REQUALIFICATION_20260920,ofat_comparative,interferenceDb__25p0__lqi,f36d0510e3dbb0d3c9adffa565c74ad2c5026b77fa1cf04b411ba46f49f4c520,triangle,2.5,lqi,1,3,13,42,14,12,117,success,9782191061302357595,4
LEO_V1_1_REQUALIFICATION_20260920,ofat_comparative,interferenceDb__25p0__lqi,f36d0510e3dbb0d3c9adffa565c74ad2c5026b77fa1cf04b411ba46f49f4c520,triangle,2.5,lqi,1,3,13,42,14,12,118,timeout,0,0
LEO_V1_1_REQUALIFICATION_20260920,ofat_comparative,interferenceDb__25p0__lqi,f36d0510e3dbb0d3c9adffa565c74ad2c5026b77fa1cf04b411ba46f49f4c520,triangle,2.5,lqi,1,3,13,42,14,12,119,no_route,0,0
LEO_V1_1_REQUALIFICATION_20260920,ofat_comparative,interferenceDb__25p0__lqi,f36d0510e3dbb0d3c9adffa565c74ad2c5026b77fa1cf04b411ba46f49f4c520,triangle,2.5,lqi,1,3,13,42,14,13,120,no_route,0,0
LEO_V1_1_REQUALIFICATION_20260920,ofat_comparative,interferenceDb__25p0__lqi,f36d0510e3dbb0d3c9adffa565c74ad2c5026b77fa1cf04b411ba46f49f4c520,triangle,2.5,lqi,1,3,13,42,14,13,121,no_route,0,0
LEO_V1_1_REQUALIFICATION_20260920,ofat_comparative,interferenceDb__25p0__lqi,f36d0510e3dbb0d3c9adffa565c74ad2c5026b77fa1cf04b411ba46f49f4c520,triangle,2.5,lqi,1,3,13,42,14,13,122,no_route,0,0
LEO_V1_1_REQUALIFICATION_20260920,ofat_comparative,interferenceDb__25p0__lqi,f36d0510e3dbb0d3c9adffa565c74ad2c5026b77fa1cf04b411ba46f49f4c520,triangle,2.5,lqi,1,3,13,42,14,13,123,no_route,0,0
LEO_V1_1_REQUALIFICATION_20260920,ofat_comparative,interferenceDb__25p0__lqi,f36d0510e3dbb0d3c9adffa565c74ad2c5026b77fa1cf04b411ba46f49f4c520,triangle,2.5,lqi,1,3,13,42,14,13,124,no_route,0,0
LEO_V1_1_REQUALIFICATION_20260920,ofat_comparative,interferenceDb__25p0__lqi,f36d0510e3dbb0d3c9adffa565c74ad2c5026b77fa1cf04b411ba46f49f4c520,triangle,2.5,lqi,1,3,13,42,14,13,125,no_route,0,0
LEO_V1_1_REQUALIFICATION_20260920,ofat_comparative,interferenceDb__25p0__lqi,f36d0510e3dbb0d3c9adffa565c74ad2c5026b77fa1cf04b411ba46f49f4c520,triangle,2.5,lqi,1,3,13,42,14,13,126,no_route,0,0
LEO_V1_1_REQUALIFICATION_20260920,ofat_comparative,interferenceDb__25p0__lqi,f36d0510e3dbb0d3c9adffa565c74ad2c5026b77fa1cf04b411ba46f49f4c520,triangle,2.5,lqi,1,3,13,42,14,13,127,no_route,0,0
LEO_V1_1_REQUALIFICATION_20260920,ofat_comparative,interferenceDb__25p0__lqi,f36d0510e3dbb0d3c9adffa565c74ad2c5026b77fa1cf04b411ba46f49f4c520,triangle,2.5,lqi,1,3,13,42,14,13,128,no_route,0,0
LEO_V1_1_REQUALIFICATION_20260920,ofat_comparative,interferenceDb__25p0__lqi,f36d0510e3dbb0d3c9adffa565c74ad2c5026b77fa1cf04b411ba46f49f4c520,triangle,2.5,lqi,1,3,13,42,14,13,129,no_route,0,0
LEO_V1_1_REQUALIFICATION_20260920,ofat_comparative,interferenceDb__25p0__lqi,f36d0510e3dbb0d3c9adffa565c74ad2c5026b77fa1cf04b411ba46f49f4c520,triangle,2.5,lqi,1,3,13,42,14,14,130,no_route,0,0
LEO_V1_1_REQUALIFICATION_20260920,ofat_comparative,interferenceDb__25p0__lqi,f36d0510e3dbb0d3c9adffa565c74ad2c5026b77fa1cf04b411ba46f49f4c520,triangle,2.5,lqi,1,3,13,42,14,14,131,no_route,0,0
LEO_V1_1_REQUALIFICATION_20260920,ofat_comparative,interferenceDb__25p0__lqi,f36d0510e3dbb0d3c9adffa565c74ad2c5026b77fa1cf04b411ba46f49f4c520,triangle,2.5,lqi,1,3,13,42,14,14,132,no_route,0,0
LEO_V1_1_REQUALIFICATION_20260920,ofat_comparative,interferenceDb__25p0__lqi,f36d0510e3dbb0d3c9adffa565c74ad2c5026b77fa1cf04b411ba46f49f4c520,triangle,2.5,lqi,1,3,13,42,14,14,133,no_route,0,0
LEO_V1_1_REQUALIFICATION_20260920,ofat_comparative,interferenceDb__25p0__lqi,f36d0510e3dbb0d3c9adffa565c74ad2c5026b77fa1cf04b411ba46f49f4c520,triangle,2.5,lqi,1,3,13,42,14,14,134,no_route,0,0
LEO_V1_1_REQUALIFICATION_20260920,ofat_comparative,interferenceDb__25p0__lqi,f36d0510e3dbb0d3c9adffa565c74ad2c5026b77fa1cf04b411ba46f49f4c520,triangle,2.5,lqi,1,3,13,42,14,14,135,no_route,0,0
LEO_V1_1_REQUALIFICATION_20260920,ofat_comparative,interferenceDb__25p0__lqi,f36d0510e3dbb0d3c9adffa565c74ad2c5026b77fa1cf04b411ba46f49f4c520,triangle,2.5,lqi,1,3,13,42,14,14,136,no_route,0,0
LEO_V1_1_REQUALIFICATION_20260920,ofat_comparative,interferenceDb__25p0__lqi,f36d0510e3dbb0d3c9adffa565c74ad2c5026b77fa1cf04b411ba46f49f4c520,triangle,2.5,lqi,1,3,13,42,14,14,137,no_route,0,0
LEO_V1_1_REQUALIFICATION_20260920,ofat_comparative,interferenceDb__25p0__lqi,f36d0510e3dbb0d3c9adffa565c74ad2c5026b77fa1cf04b411ba46f49f4c520,triangle,2.5,lqi,1,3,13,42,14,14,138,no_route,0,0
LEO_V1_1_REQUALIFICATION_20260920,ofat_comparative,interferenceDb__25p0__lqi,f36d0510e3dbb0d3c9adffa565c74ad2c5026b77fa1cf04b411ba46f49f4c520,triangle,2.5,lqi,1,3,13,42,14,14,139,no_route,0,0
LEO_V1_1_REQUALIFICATION_20260920,ofat_comparative,interferenceDb__25p0__lqi,f36d0510e3dbb0d3c9adffa565c74ad2c5026b77fa1cf04b411ba46f49f4c520,triangle,2.5,lqi,1,3,13,42,14,15,140,no_route,0,0
LEO_V1_1_REQUALIFICATION_20260920,ofat_comparative,interferenceDb__25p0__lqi,f36d0510e3dbb0d3c9adffa565c74ad2c5026b77fa1cf04b411ba46f49f4c520,triangle,2.5,lqi,1,3,13,42,14,15,141,no_route,0,0
LEO_V1_1_REQUALIFICATION_20260920,ofat_comparative,interferenceDb__25p0__lqi,f36d0510e3dbb0d3c9adffa565c74ad2c5026b77fa1cf04b411ba46f49f4c520,triangle,2.5,lqi,1,3,13,42,14,15,142,no_route,0,0
LEO_V1_1_REQUALIFICATION_20260920,ofat_comparative,interferenceDb__25p0__lqi,f36d0510e3dbb0d3c9adffa565c74ad2c5026b77fa1cf04b411ba46f49f4c520,triangle,2.5,lqi,1,3,13,42,14,15,143,no_route,0,0
LEO_V1_1_REQUALIFICATION_20260920,ofat_comparative,interferenceDb__25p0__lqi,f36d0510e3dbb0d3c9adffa565c74ad2c5026b77fa1cf04b411ba46f49f4c520,triangle,2.5,lqi,1,3,13,42,14,15,144,no_route,0,0
LEO_V1_1_REQUALIFICATION_20260920,ofat_comparative,interferenceDb__25p0__lqi,f36d0510e3dbb0d3c9adffa565c74ad2c5026b77fa1cf04b411ba46f49f4c520,triangle,2.5,lqi,1,3,13,42,14,15,145,no_route,0,0
LEO_V1_1_REQUALIFICATION_20260920,ofat_comparative,interferenceDb__25p0__lqi,f36d0510e3dbb0d3c9adffa565c74ad2c5026b77fa1cf04b411ba46f49f4c520,triangle,2.5,lqi,1,3,13,42,14,15,146,no_route,0,0
LEO_V1_1_REQUALIFICATION_20260920,ofat_comparative,interferenceDb__25p0__lqi,f36d0510e3dbb0d3c9adffa565c74ad2c5026b77fa1cf04b411ba46f49f4c520,triangle,2.5,lqi,1,3,13,42,14,15,147,no_route,0,0
LEO_V1_1_REQUALIFICATION_20260920,ofat_comparative,interferenceDb__25p0__lqi,f36d0510e3dbb0d3c9adffa565c74ad2c5026b77fa1cf04b411ba46f49f4c520,triangle,2.5,lqi,1,3,13,42,14,15,148,no_route,0,0
LEO_V1_1_REQUALIFICATION_20260920,ofat_comparative,interferenceDb__25p0__lqi,f36d0510e3dbb0d3c9adffa565c74ad2c5026b77fa1cf04b411ba46f49f4c520,triangle,2.5,lqi,1,3,13,42,14,15,149,no_route,0,0
LEO_V1_1_REQUALIFICATION_20260920,ofat_comparative,interferenceDb__25p0__lqi,f36d0510e3dbb0d3c9adffa565c74ad2c5026b77fa1cf04b411ba46f49f4c520,triangle,2.5,lqi,1,3,13,42,14,16,150,no_route,0,0
LEO_V1_1_REQUALIFICATION_20260920,ofat_comparative,interferenceDb__25p0__lqi,f36d0510e3dbb0d3c9adffa565c74ad2c5026b77fa1cf04b411ba46f49f4c520,triangle,2.5,lqi,1,3,13,42,14,16,151,no_route,0,0
LEO_V1_1_REQUALIFICATION_20260920,ofat_comparative,interferenceDb__25p0__lqi,f36d0510e3dbb0d3c9adffa565c74ad2c5026b77fa1cf04b411ba46f49f4c520,triangle,2.5,lqi,1,3,13,42,14,16,152,no_route,0,0
LEO_V1_1_REQUALIFICATION_20260920,ofat_comparative,interferenceDb__25p0__lqi,f36d0510e3dbb0d3c9adffa565c74ad2c5026b77fa1cf04b411ba46f49f4c520,triangle,2.5,lqi,1,3,13,42,14,16,153,no_route,0,0
LEO_V1_1_REQUALIFICATION_20260920,ofat_comparative,interferenceDb__25p0__lqi,f36d0510e3dbb0d3c9adffa565c74ad2c5026b77fa1cf04b411ba46f49f4c520,triangle,2.5,lqi,1,3,13,42,14,16,154,no_route,0,0
LEO_V1_1_REQUALIFICATION_20260920,ofat_comparative,interferenceDb__25p0__lqi,f36d0510e3dbb0d3c9adffa565c74ad2c5026b77fa1cf04b411ba46f49f4c520,triangle,2.5,lqi,1,3,13,42,14,16,155,no_route,0,0
LEO_V1_1_REQUALIFICATION_20260920,ofat_comparative,interferenceDb__25p0__lqi,f36d0510e3dbb0d3c9adffa565c74ad2c5026b77fa1cf04b411ba46f49f4c520,triangle,2.5,lqi,1,3,13,42,14,16,156,no_route,0,0
LEO_V1_1_REQUALIFICATION_20260920,ofat_comparative,interferenceDb__25p0__lqi,f36d0510e3dbb0d3c9adffa565c74ad2c5026b77fa1cf04b411ba46f49f4c520,triangle,2.5,lqi,1,3,13,42,14,16,157,no_route,0,0
LEO_V1_1_REQUALIFICATION_20260920,ofat_comparative,interferenceDb__25p0__lqi,f36d0510e3dbb0d3c9adffa565c74ad2c5026b77fa1cf04b411ba46f49f4c520,triangle,2.5,lqi,1,3,13,42,14,16,158,no_route,0,0
LEO_V1_1_REQUALIFICATION_20260920,ofat_comparative,interferenceDb__25p0__lqi,f36d0510e3dbb0d3c9adffa565c74ad2c5026b77fa1cf04b411ba46f49f4c520,triangle,2.5,lqi,1,3,13,42,14,16,159,no_route,0,0
LEO_V1_1_REQUALIFICATION_20260920,ofat_comparative,interferenceDb__25p0__lqi,f36d0510e3dbb0d3c9adffa565c74ad2c5026b77fa1cf04b411ba46f49f4c520,triangle,2.5,lqi,1,3,13,42,14,17,160,no_route,0,0
LEO_V1_1_REQUALIFICATION_20260920,ofat_comparative,interferenceDb__25p0__lqi,f36d0510e3dbb0d3c9adffa565c74ad2c5026b77fa1cf04b411ba46f49f4c520,triangle,2.5,lqi,1,3,13,42,14,17,161,no_route,0,0
LEO_V1_1_REQUALIFICATION_20260920,ofat_comparative,interferenceDb__25p0__lqi,f36d0510e3dbb0d3c9adffa565c74ad2c5026b77fa1cf04b411ba46f49f4c520,triangle,2.5,lqi,1,3,13,42,14,17,162,no_route,0,0
LEO_V1_1_REQUALIFICATION_20260920,ofat_comparative,interferenceDb__25p0__lqi,f36d0510e3dbb0d3c9adffa565c74ad2c5026b77fa1cf04b411ba46f49f4c520,triangle,2.5,lqi,1,3,13,42,14,17,163,no_route,0,0
LEO_V1_1_REQUALIFICATION_20260920,ofat_comparative,interferenceDb__25p0__lqi,f36d0510e3dbb0d3c9adffa565c74ad2c5026b77fa1cf04b411ba46f49f4c520,triangle,2.5,lqi,1,3,13,42,14,17,164,no_route,0,0
LEO_V1_1_REQUALIFICATION_20260920,ofat_comparative,interferenceDb__25p0__lqi,f36d0510e3dbb0d3c9adffa565c74ad2c5026b77fa1cf04b411ba46f49f4c520,triangle,2.5,lqi,1,3,13,42,14,17,165,no_route,0,0
LEO_V1_1_REQUALIFICATION_20260920,ofat_comparative,interferenceDb__25p0__lqi,f36d0510e3dbb0d3c9adffa565c74ad2c5026b77fa1cf04b411ba46f49f4c520,triangle,2.5,lqi,1,3,13,42,14,17,166,no_route,0,0
LEO_V1_1_REQUALIFICATION_20260920,ofat_comparative,interferenceDb__25p0__lqi,f36d0510e3dbb0d3c9adffa565c74ad2c5026b77fa1cf04b411ba46f49f4c520,triangle,2.5,lqi,1,3,13,42,14,17,167,no_route,0,0
LEO_V1_1_REQUALIFICATION_20260920,ofat_comparative,interferenceDb__25p0__lqi,f36d0510e3dbb0d3c9adffa565c74ad2c5026b77fa1cf04b411ba46f49f4c520,triangle,2.5,lqi,1,3,13,42,14,17,168,no_route,0,0
LEO_V1_1_REQUALIFICATION_20260920,ofat_comparative,interferenceDb__25p0__lqi,f36d0510e3dbb0d3c9adffa565c74ad2c5026b77fa1cf04b411ba46f49f4c520,triangle,2.5,lqi,1,3,13,42,14,17,169,no_route,0,0
LEO_V1_1_REQUALIFICATION_20260920,ofat_comparative,interferenceDb__25p0__lqi,f36d0510e3dbb0d3c9adffa565c74ad2c5026b77fa1cf04b411ba46f49f4c520,triangle,2.5,lqi,1,3,13,42,14,18,170,no_route,0,0
LEO_V1_1_REQUALIFICATION_20260920,ofat_comparative,interferenceDb__25p0__lqi,f36d0510e3dbb0d3c9adffa565c74ad2c5026b77fa1cf04b411ba46f49f4c520,triangle,2.5,lqi,1,3,13,42,14,18,171,no_route,0,0
LEO_V1_1_REQUALIFICATION_20260920,ofat_comparative,interferenceDb__25p0__lqi,f36d0510e3dbb0d3c9adffa565c74ad2c5026b77fa1cf04b411ba46f49f4c520,triangle,2.5,lqi,1,3,13,42,14,18,172,no_route,0,0
LEO_V1_1_REQUALIFICATION_20260920,ofat_comparative,interferenceDb__25p0__lqi,f36d0510e3dbb0d3c9adffa565c74ad2c5026b77fa1cf04b411ba46f49f4c520,triangle,2.5,lqi,1,3,13,42,14,18,173,no_route,0,0
LEO_V1_1_REQUALIFICATION_20260920,ofat_comparative,interferenceDb__25p0__lqi,f36d0510e3dbb0d3c9adffa565c74ad2c5026b77fa1cf04b411ba46f49f4c520,triangle,2.5,lqi,1,3,13,42,14,18,174,no_route,0,0
LEO_V1_1_REQUALIFICATION_20260920,ofat_comparative,interferenceDb__25p0__lqi,f36d0510e3dbb0d3c9adffa565c74ad2c5026b77fa1cf04b411ba46f49f4c520,triangle,2.5,lqi,1,3,13,42,14,18,175,no_route,0,0
LEO_V1_1_REQUALIFICATION_20260920,ofat_comparative,interferenceDb__25p0__lqi,f36d0510e3dbb0d3c9adffa565c74ad2c5026b77fa1cf04b411ba46f49f4c520,triangle,2.5,lqi,1,3,13,42,14,18,176,no_route,0,0
LEO_V1_1_REQUALIFICATION_20260920,ofat_comparative,interferenceDb__25p0__lqi,f36d0510e3dbb0d3c9adffa565c74ad2c5026b77fa1cf04b411ba46f49f4c520,triangle,2.5,lqi,1,3,13,42,14,18,177,no_route,0,0
LEO_V1_1_REQUALIFICATION_20260920,ofat_comparative,interferenceDb__25p0__lqi,f36d0510e3dbb0d3c9adffa565c74ad2c5026b77fa1cf04b411ba46f49f4c520,triangle,2.5,lqi,1,3,13,42,14,18,178,no_route,0,0
LEO_V1_1_REQUALIFICATION_20260920,ofat_comparative,interferenceDb__25p0__lqi,f36d0510e3dbb0d3c9adffa565c74ad2c5026b77fa1cf04b411ba46f49f4c520,triangle,2.5,lqi,1,3,13,42,14,18,179,no_route,0,0
LEO_V1_1_REQUALIFICATION_20260920,ofat_comparative,interferenceDb__25p0__lqi,f36d0510e3dbb0d3c9adffa565c74ad2c5026b77fa1cf04b411ba46f49f4c520,triangle,2.5,lqi,1,3,13,42,14,19,180,no_route,0,0
LEO_V1_1_REQUALIFICATION_20260920,ofat_comparative,interferenceDb__25p0__lqi,f36d0510e3dbb0d3c9adffa565c74ad2c5026b77fa1cf04b411ba46f49f4c520,triangle,2.5,lqi,1,3,13,42,14,19,181,no_route,0,0
LEO_V1_1_REQUALIFICATION_20260920,ofat_comparative,interferenceDb__25p0__lqi,f36d0510e3dbb0d3c9adffa565c74ad2c5026b77fa1cf04b411ba46f49f4c520,triangle,2.5,lqi,1,3,13,42,14,19,182,no_route,0,0
LEO_V1_1_REQUALIFICATION_20260920,ofat_comparative,interferenceDb__25p0__lqi,f36d0510e3dbb0d3c9adffa565c74ad2c5026b77fa1cf04b411ba46f49f4c520,triangle,2.5,lqi,1,3,13,42,14,19,183,no_route,0,0
LEO_V1_1_REQUALIFICATION_20260920,ofat_comparative,interferenceDb__25p0__lqi,f36d0510e3dbb0d3c9adffa565c74ad2c5026b77fa1cf04b411ba46f49f4c520,triangle,2.5,lqi,1,3,13,42,14,19,184,no_route,0,0
LEO_V1_1_REQUALIFICATION_20260920,ofat_comparative,interferenceDb__25p0__lqi,f36d0510e3dbb0d3c9adffa565c74ad2c5026b77fa1cf04b411ba46f49f4c520,triangle,2.5,lqi,1,3,13,42,14,19,185,no_route,0,0
LEO_V1_1_REQUALIFICATION_20260920,ofat_comparative,interferenceDb__25p0__lqi,f36d0510e3dbb0d3c9adffa565c74ad2c5026b77fa1cf04b411ba46f49f4c520,triangle,2.5,lqi,1,3,13,42,14,19,186,no_route,0,0
LEO_V1_1_REQUALIFICATION_20260920,ofat_comparative,interferenceDb__25p0__lqi,f36d0510e3dbb0d3c9adffa565c74ad2c5026b77fa1cf04b411ba46f49f4c520,triangle,2.5,lqi,1,3,13,42,14,19,187,no_route,0,0
LEO_V1_1_REQUALIFICATION_20260920,ofat_comparative,interferenceDb__25p0__lqi,f36d0510e3dbb0d3c9adffa565c74ad2c5026b77fa1cf04b411ba46f49f4c520,triangle,2.5,lqi,1,3,13,42,14,19,188,no_route,0,0
LEO_V1_1_REQUALIFICATION_20260920,ofat_comparative,interferenceDb__25p0__lqi,f36d0510e3dbb0d3c9adffa565c74ad2c5026b77fa1cf04b411ba46f49f4c520,triangle,2.5,lqi,1,3,13,42,14,19,189,no_route,0,0
LEO_V1_1_REQUALIFICATION_20260920,ofat_comparative,interferenceDb__25p0__lqi,f36d0510e3dbb0d3c9adffa565c74ad2c5026b77fa1cf04b411ba46f49f4c520,triangle,2.5,lqi,1,3,14,42,15,1,0,success,12161961113530546194,1
LEO_V1_1_REQUALIFICATION_20260920,ofat_comparative,interferenceDb__25p0__lqi,f36d0510e3dbb0d3c9adffa565c74ad2c5026b77fa1cf04b411ba46f49f4c520,triangle,2.5,lqi,1,3,14,42,15,1,1,success,12161961113530546194,1
LEO_V1_1_REQUALIFICATION_20260920,ofat_comparative,interferenceDb__25p0__lqi,f36d0510e3dbb0d3c9adffa565c74ad2c5026b77fa1cf04b411ba46f49f4c520,triangle,2.5,lqi,1,3,14,42,15,1,2,success,12161961113530546194,1
LEO_V1_1_REQUALIFICATION_20260920,ofat_comparative,interferenceDb__25p0__lqi,f36d0510e3dbb0d3c9adffa565c74ad2c5026b77fa1cf04b411ba46f49f4c520,triangle,2.5,lqi,1,3,14,42,15,1,3,success,12161961113530546194,1
LEO_V1_1_REQUALIFICATION_20260920,ofat_comparative,interferenceDb__25p0__lqi,f36d0510e3dbb0d3c9adffa565c74ad2c5026b77fa1cf04b411ba46f49f4c520,triangle,2.5,lqi,1,3,14,42,15,1,4,success,12161961113530546194,1
LEO_V1_1_REQUALIFICATION_20260920,ofat_comparative,interferenceDb__25p0__lqi,f36d0510e3dbb0d3c9adffa565c74ad2c5026b77fa1cf04b411ba46f49f4c520,triangle,2.5,lqi,1,3,14,42,15,1,5,success,12161961113530546194,1
LEO_V1_1_REQUALIFICATION_20260920,ofat_comparative,interferenceDb__25p0__lqi,f36d0510e3dbb0d3c9adffa565c74ad2c5026b77fa1cf04b411ba46f49f4c520,triangle,2.5,lqi,1,3,14,42,15,1,6,success,12161961113530546194,1
LEO_V1_1_REQUALIFICATION_20260920,ofat_comparative,interferenceDb__25p0__lqi,f36d0510e3dbb0d3c9adffa565c74ad2c5026b77fa1cf04b411ba46f49f4c520,triangle,2.5,lqi,1,3,14,42,15,1,7,success,12161961113530546194,1
LEO_V1_1_REQUALIFICATION_20260920,ofat_comparative,interferenceDb__25p0__lqi,f36d0510e3dbb0d3c9adffa565c74ad2c5026b77fa1cf04b411ba46f49f4c520,triangle,2.5,lqi,1,3,14,42,15,1,8,success,12161961113530546194,1
LEO_V1_1_REQUALIFICATION_20260920,ofat_comparative,interferenceDb__25p0__lqi,f36d0510e3dbb0d3c9adffa565c74ad2c5026b77fa1cf04b411ba46f49f4c520,triangle,2.5,lqi,1,3,14,42,15,1,9,success,12161961113530546194,1
LEO_V1_1_REQUALIFICATION_20260920,ofat_comparative,interferenceDb__25p0__lqi,f36d0510e3dbb0d3c9adffa565c74ad2c5026b77fa1cf04b411ba46f49f4c520,triangle,2.5,lqi,1,3,14,42,15,2,10,success,12161960014018917983,1
LEO_V1_1_REQUALIFICATION_20260920,ofat_comparative,interferenceDb__25p0__lqi,f36d0510e3dbb0d3c9adffa565c74ad2c5026b77fa1cf04b411ba46f49f4c520,triangle,2.5,lqi,1,3,14,42,15,2,11,success,12161960014018917983,1
LEO_V1_1_REQUALIFICATION_20260920,ofat_comparative,interferenceDb__25p0__lqi,f36d0510e3dbb0d3c9adffa565c74ad2c5026b77fa1cf04b411ba46f49f4c520,triangle,2.5,lqi,1,3,14,42,15,2,12,success,12161960014018917983,1
LEO_V1_1_REQUALIFICATION_20260920,ofat_comparative,interferenceDb__25p0__lqi,f36d0510e3dbb0d3c9adffa565c74ad2c5026b77fa1cf04b411ba46f49f4c520,triangle,2.5,lqi,1,3,14,42,15,2,13,success,12161960014018917983,1
LEO_V1_1_REQUALIFICATION_20260920,ofat_comparative,interferenceDb__25p0__lqi,f36d0510e3dbb0d3c9adffa565c74ad2c5026b77fa1cf04b411ba46f49f4c520,triangle,2.5,lqi,1,3,14,42,15,2,14,no_route,0,0
LEO_V1_1_REQUALIFICATION_20260920,ofat_comparative,interferenceDb__25p0__lqi,f36d0510e3dbb0d3c9adffa565c74ad2c5026b77fa1cf04b411ba46f49f4c520,triangle,2.5,lqi,1,3,14,42,15,2,15,success,12161960014018917983,1
LEO_V1_1_REQUALIFICATION_20260920,ofat_comparative,interferenceDb__25p0__lqi,f36d0510e3dbb0d3c9adffa565c74ad2c5026b77fa1cf04b411ba46f49f4c520,triangle,2.5,lqi,1,3,14,42,15,2,16,success,12161960014018917983,1
LEO_V1_1_REQUALIFICATION_20260920,ofat_comparative,interferenceDb__25p0__lqi,f36d0510e3dbb0d3c9adffa565c74ad2c5026b77fa1cf04b411ba46f49f4c520,triangle,2.5,lqi,1,3,14,42,15,2,17,success,12161960014018917983,1
LEO_V1_1_REQUALIFICATION_20260920,ofat_comparative,interferenceDb__25p0__lqi,f36d0510e3dbb0d3c9adffa565c74ad2c5026b77fa1cf04b411ba46f49f4c520,triangle,2.5,lqi,1,3,14,42,15,2,18,success,12161960014018917983,1
LEO_V1_1_REQUALIFICATION_20260920,ofat_comparative,interferenceDb__25p0__lqi,f36d0510e3dbb0d3c9adffa565c74ad2c5026b77fa1cf04b411ba46f49f4c520,triangle,2.5,lqi,1,3,14,42,15,2,19,success,12161960014018917983,1
LEO_V1_1_REQUALIFICATION_20260920,ofat_comparative,interferenceDb__25p0__lqi,f36d0510e3dbb0d3c9adffa565c74ad2c5026b77fa1cf04b411ba46f49f4c520,triangle,2.5,lqi,1,3,14,42,15,3,20,success,5168105627079211135,2
LEO_V1_1_REQUALIFICATION_20260920,ofat_comparative,interferenceDb__25p0__lqi,f36d0510e3dbb0d3c9adffa565c74ad2c5026b77fa1cf04b411ba46f49f4c520,triangle,2.5,lqi,1,3,14,42,15,3,21,success,5168105627079211135,2
LEO_V1_1_REQUALIFICATION_20260920,ofat_comparative,interferenceDb__25p0__lqi,f36d0510e3dbb0d3c9adffa565c74ad2c5026b77fa1cf04b411ba46f49f4c520,triangle,2.5,lqi,1,3,14,42,15,3,22,timeout,0,0
LEO_V1_1_REQUALIFICATION_20260920,ofat_comparative,interferenceDb__25p0__lqi,f36d0510e3dbb0d3c9adffa565c74ad2c5026b77fa1cf04b411ba46f49f4c520,triangle,2.5,lqi,1,3,14,42,15,3,23,no_route,0,0
LEO_V1_1_REQUALIFICATION_20260920,ofat_comparative,interferenceDb__25p0__lqi,f36d0510e3dbb0d3c9adffa565c74ad2c5026b77fa1cf04b411ba46f49f4c520,triangle,2.5,lqi,1,3,14,42,15,3,24,success,5168105627079211135,2
LEO_V1_1_REQUALIFICATION_20260920,ofat_comparative,interferenceDb__25p0__lqi,f36d0510e3dbb0d3c9adffa565c74ad2c5026b77fa1cf04b411ba46f49f4c520,triangle,2.5,lqi,1,3,14,42,15,3,25,success,5168105627079211135,2
LEO_V1_1_REQUALIFICATION_20260920,ofat_comparative,interferenceDb__25p0__lqi,f36d0510e3dbb0d3c9adffa565c74ad2c5026b77fa1cf04b411ba46f49f4c520,triangle,2.5,lqi,1,3,14,42,15,3,26,success,5168105627079211135,2
LEO_V1_1_REQUALIFICATION_20260920,ofat_comparative,interferenceDb__25p0__lqi,f36d0510e3dbb0d3c9adffa565c74ad2c5026b77fa1cf04b411ba46f49f4c520,triangle,2.5,lqi,1,3,14,42,15,3,27,success,5168105627079211135,2
LEO_V1_1_REQUALIFICATION_20260920,ofat_comparative,interferenceDb__25p0__lqi,f36d0510e3dbb0d3c9adffa565c74ad2c5026b77fa1cf04b411ba46f49f4c520,triangle,2.5,lqi,1,3,14,42,15,3,28,success,5168105627079211135,2
LEO_V1_1_REQUALIFICATION_20260920,ofat_comparative,interferenceDb__25p0__lqi,f36d0510e3dbb0d3c9adffa565c74ad2c5026b77fa1cf04b411ba46f49f4c520,triangle,2.5,lqi,1,3,14,42,15,3,29,success,5168105627079211135,2
LEO_V1_1_REQUALIFICATION_20260920,ofat_comparative,interferenceDb__25p0__lqi,f36d0510e3dbb0d3c9adffa565c74ad2c5026b77fa1cf04b411ba46f49f4c520,triangle,2.5,lqi,1,3,14,42,15,4,30,no_route,0,0
LEO_V1_1_REQUALIFICATION_20260920,ofat_comparative,interferenceDb__25p0__lqi,f36d0510e3dbb0d3c9adffa565c74ad2c5026b77fa1cf04b411ba46f49f4c520,triangle,2.5,lqi,1,3,14,42,15,4,31,no_route,0,0
LEO_V1_1_REQUALIFICATION_20260920,ofat_comparative,interferenceDb__25p0__lqi,f36d0510e3dbb0d3c9adffa565c74ad2c5026b77fa1cf04b411ba46f49f4c520,triangle,2.5,lqi,1,3,14,42,15,4,32,success,16719300467579223331,3
LEO_V1_1_REQUALIFICATION_20260920,ofat_comparative,interferenceDb__25p0__lqi,f36d0510e3dbb0d3c9adffa565c74ad2c5026b77fa1cf04b411ba46f49f4c520,triangle,2.5,lqi,1,3,14,42,15,4,33,success,16719300467579223331,3
LEO_V1_1_REQUALIFICATION_20260920,ofat_comparative,interferenceDb__25p0__lqi,f36d0510e3dbb0d3c9adffa565c74ad2c5026b77fa1cf04b411ba46f49f4c520,triangle,2.5,lqi,1,3,14,42,15,4,34,success,16719300467579223331,3
LEO_V1_1_REQUALIFICATION_20260920,ofat_comparative,interferenceDb__25p0__lqi,f36d0510e3dbb0d3c9adffa565c74ad2c5026b77fa1cf04b411ba46f49f4c520,triangle,2.5,lqi,1,3,14,42,15,4,35,success,16719300467579223331,3
LEO_V1_1_REQUALIFICATION_20260920,ofat_comparative,interferenceDb__25p0__lqi,f36d0510e3dbb0d3c9adffa565c74ad2c5026b77fa1cf04b411ba46f49f4c520,triangle,2.5,lqi,1,3,14,42,15,4,36,success,16719300467579223331,3
LEO_V1_1_REQUALIFICATION_20260920,ofat_comparative,interferenceDb__25p0__lqi,f36d0510e3dbb0d3c9adffa565c74ad2c5026b77fa1cf04b411ba46f49f4c520,triangle,2.5,lqi,1,3,14,42,15,4,37,success,16719300467579223331,3
LEO_V1_1_REQUALIFICATION_20260920,ofat_comparative,interferenceDb__25p0__lqi,f36d0510e3dbb0d3c9adffa565c74ad2c5026b77fa1cf04b411ba46f49f4c520,triangle,2.5,lqi,1,3,14,42,15,4,38,success,16719300467579223331,3
LEO_V1_1_REQUALIFICATION_20260920,ofat_comparative,interferenceDb__25p0__lqi,f36d0510e3dbb0d3c9adffa565c74ad2c5026b77fa1cf04b411ba46f49f4c520,triangle,2.5,lqi,1,3,14,42,15,4,39,success,16719300467579223331,3
LEO_V1_1_REQUALIFICATION_20260920,ofat_comparative,interferenceDb__25p0__lqi,f36d0510e3dbb0d3c9adffa565c74ad2c5026b77fa1cf04b411ba46f49f4c520,triangle,2.5,lqi,1,3,14,42,15,5,40,no_route,0,0
LEO_V1_1_REQUALIFICATION_20260920,ofat_comparative,interferenceDb__25p0__lqi,f36d0510e3dbb0d3c9adffa565c74ad2c5026b77fa1cf04b411ba46f49f4c520,triangle,2.5,lqi,1,3,14,42,15,5,41,timeout,0,0
LEO_V1_1_REQUALIFICATION_20260920,ofat_comparative,interferenceDb__25p0__lqi,f36d0510e3dbb0d3c9adffa565c74ad2c5026b77fa1cf04b411ba46f49f4c520,triangle,2.5,lqi,1,3,14,42,15,5,42,no_route,0,0
LEO_V1_1_REQUALIFICATION_20260920,ofat_comparative,interferenceDb__25p0__lqi,f36d0510e3dbb0d3c9adffa565c74ad2c5026b77fa1cf04b411ba46f49f4c520,triangle,2.5,lqi,1,3,14,42,15,5,43,timeout,0,0
LEO_V1_1_REQUALIFICATION_20260920,ofat_comparative,interferenceDb__25p0__lqi,f36d0510e3dbb0d3c9adffa565c74ad2c5026b77fa1cf04b411ba46f49f4c520,triangle,2.5,lqi,1,3,14,42,15,5,44,no_route,0,0
LEO_V1_1_REQUALIFICATION_20260920,ofat_comparative,interferenceDb__25p0__lqi,f36d0510e3dbb0d3c9adffa565c74ad2c5026b77fa1cf04b411ba46f49f4c520,triangle,2.5,lqi,1,3,14,42,15,5,45,success,3355158994540549068,3
LEO_V1_1_REQUALIFICATION_20260920,ofat_comparative,interferenceDb__25p0__lqi,f36d0510e3dbb0d3c9adffa565c74ad2c5026b77fa1cf04b411ba46f49f4c520,triangle,2.5,lqi,1,3,14,42,15,5,46,success,3355158994540549068,3
LEO_V1_1_REQUALIFICATION_20260920,ofat_comparative,interferenceDb__25p0__lqi,f36d0510e3dbb0d3c9adffa565c74ad2c5026b77fa1cf04b411ba46f49f4c520,triangle,2.5,lqi,1,3,14,42,15,5,47,success,3355158994540549068,3
LEO_V1_1_REQUALIFICATION_20260920,ofat_comparative,interferenceDb__25p0__lqi,f36d0510e3dbb0d3c9adffa565c74ad2c5026b77fa1cf04b411ba46f49f4c520,triangle,2.5,lqi,1,3,14,42,15,5,48,success,3355158994540549068,3
LEO_V1_1_REQUALIFICATION_20260920,ofat_comparative,interferenceDb__25p0__lqi,f36d0510e3dbb0d3c9adffa565c74ad2c5026b77fa1cf04b411ba46f49f4c520,triangle,2.5,lqi,1,3,14,42,15,5,49,success,3355158994540549068,3
LEO_V1_1_REQUALIFICATION_20260920,ofat_comparative,interferenceDb__25p0__lqi,f36d0510e3dbb0d3c9adffa565c74ad2c5026b77fa1cf04b411ba46f49f4c520,triangle,2.5,lqi,1,3,14,42,15,6,50,timeout,0,0
LEO_V1_1_REQUALIFICATION_20260920,ofat_comparative,interferenceDb__25p0__lqi,f36d0510e3dbb0d3c9adffa565c74ad2c5026b77fa1cf04b411ba46f49f4c520,triangle,2.5,lqi,1,3,14,42,15,6,51,no_route,0,0
LEO_V1_1_REQUALIFICATION_20260920,ofat_comparative,interferenceDb__25p0__lqi,f36d0510e3dbb0d3c9adffa565c74ad2c5026b77fa1cf04b411ba46f49f4c520,triangle,2.5,lqi,1,3,14,42,15,6,52,success,3355162293075433701,3
LEO_V1_1_REQUALIFICATION_20260920,ofat_comparative,interferenceDb__25p0__lqi,f36d0510e3dbb0d3c9adffa565c74ad2c5026b77fa1cf04b411ba46f49f4c520,triangle,2.5,lqi,1,3,14,42,15,6,53,success,3355162293075433701,3
LEO_V1_1_REQUALIFICATION_20260920,ofat_comparative,interferenceDb__25p0__lqi,f36d0510e3dbb0d3c9adffa565c74ad2c5026b77fa1cf04b411ba46f49f4c520,triangle,2.5,lqi,1,3,14,42,15,6,54,success,3355162293075433701,3
LEO_V1_1_REQUALIFICATION_20260920,ofat_comparative,interferenceDb__25p0__lqi,f36d0510e3dbb0d3c9adffa565c74ad2c5026b77fa1cf04b411ba46f49f4c520,triangle,2.5,lqi,1,3,14,42,15,6,55,success,3355162293075433701,3
LEO_V1_1_REQUALIFICATION_20260920,ofat_comparative,interferenceDb__25p0__lqi,f36d0510e3dbb0d3c9adffa565c74ad2c5026b77fa1cf04b411ba46f49f4c520,triangle,2.5,lqi,1,3,14,42,15,6,56,success,3355162293075433701,3
LEO_V1_1_REQUALIFICATION_20260920,ofat_comparative,interferenceDb__25p0__lqi,f36d0510e3dbb0d3c9adffa565c74ad2c5026b77fa1cf04b411ba46f49f4c520,triangle,2.5,lqi,1,3,14,42,15,6,57,success,3355162293075433701,3
LEO_V1_1_REQUALIFICATION_20260920,ofat_comparative,interferenceDb__25p0__lqi,f36d0510e3dbb0d3c9adffa565c74ad2c5026b77fa1cf04b411ba46f49f4c520,triangle,2.5,lqi,1,3,14,42,15,6,58,success,3355162293075433701,3
LEO_V1_1_REQUALIFICATION_20260920,ofat_comparative,interferenceDb__25p0__lqi,f36d0510e3dbb0d3c9adffa565c74ad2c5026b77fa1cf04b411ba46f49f4c520,triangle,2.5,lqi,1,3,14,42,15,6,59,success,3355162293075433701,3
LEO_V1_1_REQUALIFICATION_20260920,ofat_comparative,interferenceDb__25p0__lqi,f36d0510e3dbb0d3c9adffa565c74ad2c5026b77fa1cf04b411ba46f49f4c520,triangle,2.5,lqi,1,3,14,42,15,7,60,success,12161954516460776928,1
LEO_V1_1_REQUALIFICATION_20260920,ofat_comparative,interferenceDb__25p0__lqi,f36d0510e3dbb0d3c9adffa565c74ad2c5026b77fa1cf04b411ba46f49f4c520,triangle,2.5,lqi,1,3,14,42,15,7,61,success,12161954516460776928,1
LEO_V1_1_REQUALIFICATION_20260920,ofat_comparative,interferenceDb__25p0__lqi,f36d0510e3dbb0d3c9adffa565c74ad2c5026b77fa1cf04b411ba46f49f4c520,triangle,2.5,lqi,1,3,14,42,15,7,62,success,12161954516460776928,1
LEO_V1_1_REQUALIFICATION_20260920,ofat_comparative,interferenceDb__25p0__lqi,f36d0510e3dbb0d3c9adffa565c74ad2c5026b77fa1cf04b411ba46f49f4c520,triangle,2.5,lqi,1,3,14,42,15,7,63,success,12161954516460776928,1
LEO_V1_1_REQUALIFICATION_20260920,ofat_comparative,interferenceDb__25p0__lqi,f36d0510e3dbb0d3c9adffa565c74ad2c5026b77fa1cf04b411ba46f49f4c520,triangle,2.5,lqi,1,3,14,42,15,7,64,success,12161954516460776928,1
LEO_V1_1_REQUALIFICATION_20260920,ofat_comparative,interferenceDb__25p0__lqi,f36d0510e3dbb0d3c9adffa565c74ad2c5026b77fa1cf04b411ba46f49f4c520,triangle,2.5,lqi,1,3,14,42,15,7,65,success,12161954516460776928,1
LEO_V1_1_REQUALIFICATION_20260920,ofat_comparative,interferenceDb__25p0__lqi,f36d0510e3dbb0d3c9adffa565c74ad2c5026b77fa1cf04b411ba46f49f4c520,triangle,2.5,lqi,1,3,14,42,15,7,66,success,12161954516460776928,1
LEO_V1_1_REQUALIFICATION_20260920,ofat_comparative,interferenceDb__25p0__lqi,f36d0510e3dbb0d3c9adffa565c74ad2c5026b77fa1cf04b411ba46f49f4c520,triangle,2.5,lqi,1,3,14,42,15,7,67,success,12161954516460776928,1
LEO_V1_1_REQUALIFICATION_20260920,ofat_comparative,interferenceDb__25p0__lqi,f36d0510e3dbb0d3c9adffa565c74ad2c5026b77fa1cf04b411ba46f49f4c520,triangle,2.5,lqi,1,3,14,42,15,7,68,success,12161954516460776928,1
LEO_V1_1_REQUALIFICATION_20260920,ofat_comparative,interferenceDb__25p0__lqi,f36d0510e3dbb0d3c9adffa565c74ad2c5026b77fa1cf04b411ba46f49f4c520,triangle,2.5,lqi,1,3,14,42,15,7,69,success,12161954516460776928,1
LEO_V1_1_REQUALIFICATION_20260920,ofat_comparative,interferenceDb__25p0__lqi,f36d0510e3dbb0d3c9adffa565c74ad2c5026b77fa1cf04b411ba46f49f4c520,triangle,2.5,lqi,1,3,14,42,15,8,70,success,12161971009135200093,1
LEO_V1_1_REQUALIFICATION_20260920,ofat_comparative,interferenceDb__25p0__lqi,f36d0510e3dbb0d3c9adffa565c74ad2c5026b77fa1cf04b411ba46f49f4c520,triangle,2.5,lqi,1,3,14,42,15,8,71,success,12161971009135200093,1
LEO_V1_1_REQUALIFICATION_20260920,ofat_comparative,interferenceDb__25p0__lqi,f36d0510e3dbb0d3c9adffa565c74ad2c5026b77fa1cf04b411ba46f49f4c520,triangle,2.5,lqi,1,3,14,42,15,8,72,success,12161971009135200093,1
LEO_V1_1_REQUALIFICATION_20260920,ofat_comparative,interferenceDb__25p0__lqi,f36d0510e3dbb0d3c9adffa565c74ad2c5026b77fa1cf04b411ba46f49f4c520,triangle,2.5,lqi,1,3,14,42,15,8,73,success,12161971009135200093,1
LEO_V1_1_REQUALIFICATION_20260920,ofat_comparative,interferenceDb__25p0__lqi,f36d0510e3dbb0d3c9adffa565c74ad2c5026b77fa1cf04b411ba46f49f4c520,triangle,2.5,lqi,1,3,14,42,15,8,74,success,12161971009135200093,1
LEO_V1_1_REQUALIFICATION_20260920,ofat_comparative,interferenceDb__25p0__lqi,f36d0510e3dbb0d3c9adffa565c74ad2c5026b77fa1cf04b411ba46f49f4c520,triangle,2.5,lqi,1,3,14,42,15,8,75,success,12161971009135200093,1
LEO_V1_1_REQUALIFICATION_20260920,ofat_comparative,interferenceDb__25p0__lqi,f36d0510e3dbb0d3c9adffa565c74ad2c5026b77fa1cf04b411ba46f49f4c520,triangle,2.5,lqi,1,3,14,42,15,8,76,success,12161971009135200093,1
LEO_V1_1_REQUALIFICATION_20260920,ofat_comparative,interferenceDb__25p0__lqi,f36d0510e3dbb0d3c9adffa565c74ad2c5026b77fa1cf04b411ba46f49f4c520,triangle,2.5,lqi,1,3,14,42,15,8,77,success,12161971009135200093,1
LEO_V1_1_REQUALIFICATION_20260920,ofat_comparative,interferenceDb__25p0__lqi,f36d0510e3dbb0d3c9adffa565c74ad2c5026b77fa1cf04b411ba46f49f4c520,triangle,2.5,lqi,1,3,14,42,15,8,78,success,12161971009135200093,1
LEO_V1_1_REQUALIFICATION_20260920,ofat_comparative,interferenceDb__25p0__lqi,f36d0510e3dbb0d3c9adffa565c74ad2c5026b77fa1cf04b411ba46f49f4c520,triangle,2.5,lqi,1,3,14,42,15,8,79,success,12161971009135200093,1
LEO_V1_1_REQUALIFICATION_20260920,ofat_comparative,interferenceDb__25p0__lqi,f36d0510e3dbb0d3c9adffa565c74ad2c5026b77fa1cf04b411ba46f49f4c520,triangle,2.5,lqi,1,3,14,42,15,9,80,success,18131355419705379627,2
LEO_V1_1_REQUALIFICATION_20260920,ofat_comparative,interferenceDb__25p0__lqi,f36d0510e3dbb0d3c9adffa565c74ad2c5026b77fa1cf04b411ba46f49f4c520,triangle,2.5,lqi,1,3,14,42,15,9,81,success,18131355419705379627,2
LEO_V1_1_REQUALIFICATION_20260920,ofat_comparative,interferenceDb__25p0__lqi,f36d0510e3dbb0d3c9adffa565c74ad2c5026b77fa1cf04b411ba46f49f4c520,triangle,2.5,lqi,1,3,14,42,15,9,82,success,18131355419705379627,2
LEO_V1_1_REQUALIFICATION_20260920,ofat_comparative,interferenceDb__25p0__lqi,f36d0510e3dbb0d3c9adffa565c74ad2c5026b77fa1cf04b411ba46f49f4c520,triangle,2.5,lqi,1,3,14,42,15,9,83,success,18131355419705379627,2
LEO_V1_1_REQUALIFICATION_20260920,ofat_comparative,interferenceDb__25p0__lqi,f36d0510e3dbb0d3c9adffa565c74ad2c5026b77fa1cf04b411ba46f49f4c520,triangle,2.5,lqi,1,3,14,42,15,9,84,success,18131355419705379627,2
LEO_V1_1_REQUALIFICATION_20260920,ofat_comparative,interferenceDb__25p0__lqi,f36d0510e3dbb0d3c9adffa565c74ad2c5026b77fa1cf04b411ba46f49f4c520,triangle,2.5,lqi,1,3,14,42,15,9,85,success,18131355419705379627,2
LEO_V1_1_REQUALIFICATION_20260920,ofat_comparative,interferenceDb__25p0__lqi,f36d0510e3dbb0d3c9adffa565c74ad2c5026b77fa1cf04b411ba46f49f4c520,triangle,2.5,lqi,1,3,14,42,15,9,86,success,18131355419705379627,2
LEO_V1_1_REQUALIFICATION_20260920,ofat_comparative,interferenceDb__25p0__lqi,f36d0510e3dbb0d3c9adffa565c74ad2c5026b77fa1cf04b411ba46f49f4c520,triangle,2.5,lqi,1,3,14,42,15,9,87,success,18131355419705379627,2
LEO_V1_1_REQUALIFICATION_20260920,ofat_comparative,interferenceDb__25p0__lqi,f36d0510e3dbb0d3c9adffa565c74ad2c5026b77fa1cf04b411ba46f49f4c520,triangle,2.5,lqi,1,3,14,42,15,9,88,success,18131355419705379627,2
LEO_V1_1_REQUALIFICATION_20260920,ofat_comparative,interferenceDb__25p0__lqi,f36d0510e3dbb0d3c9adffa565c74ad2c5026b77fa1cf04b411ba46f49f4c520,triangle,2.5,lqi,1,3,14,42,15,9,89,success,18131355419705379627,2
LEO_V1_1_REQUALIFICATION_20260920,ofat_comparative,interferenceDb__25p0__lqi,f36d0510e3dbb0d3c9adffa565c74ad2c5026b77fa1cf04b411ba46f49f4c520,triangle,2.5,lqi,1,3,14,42,15,10,90,success,13393353645774055087,2
LEO_V1_1_REQUALIFICATION_20260920,ofat_comparative,interferenceDb__25p0__lqi,f36d0510e3dbb0d3c9adffa565c74ad2c5026b77fa1cf04b411ba46f49f4c520,triangle,2.5,lqi,1,3,14,42,15,10,91,success,13393353645774055087,2
LEO_V1_1_REQUALIFICATION_20260920,ofat_comparative,interferenceDb__25p0__lqi,f36d0510e3dbb0d3c9adffa565c74ad2c5026b77fa1cf04b411ba46f49f4c520,triangle,2.5,lqi,1,3,14,42,15,10,92,success,13393353645774055087,2
LEO_V1_1_REQUALIFICATION_20260920,ofat_comparative,interferenceDb__25p0__lqi,f36d0510e3dbb0d3c9adffa565c74ad2c5026b77fa1cf04b411ba46f49f4c520,triangle,2.5,lqi,1,3,14,42,15,10,93,success,13393353645774055087,2
LEO_V1_1_REQUALIFICATION_20260920,ofat_comparative,interferenceDb__25p0__lqi,f36d0510e3dbb0d3c9adffa565c74ad2c5026b77fa1cf04b411ba46f49f4c520,triangle,2.5,lqi,1,3,14,42,15,10,94,success,13393353645774055087,2
LEO_V1_1_REQUALIFICATION_20260920,ofat_comparative,interferenceDb__25p0__lqi,f36d0510e3dbb0d3c9adffa565c74ad2c5026b77fa1cf04b411ba46f49f4c520,triangle,2.5,lqi,1,3,14,42,15,10,95,success,13393353645774055087,2
LEO_V1_1_REQUALIFICATION_20260920,ofat_comparative,interferenceDb__25p0__lqi,f36d0510e3dbb0d3c9adffa565c74ad2c5026b77fa1cf04b411ba46f49f4c520,triangle,2.5,lqi,1,3,14,42,15,10,96,success,13393353645774055087,2
LEO_V1_1_REQUALIFICATION_20260920,ofat_comparative,interferenceDb__25p0__lqi,f36d0510e3dbb0d3c9adffa565c74ad2c5026b77fa1cf04b411ba46f49f4c520,triangle,2.5,lqi,1,3,14,42,15,10,97,success,13393353645774055087,2
LEO_V1_1_REQUALIFICATION_20260920,ofat_comparative,interferenceDb__25p0__lqi,f36d0510e3dbb0d3c9adffa565c74ad2c5026b77fa1cf04b411ba46f49f4c520,triangle,2.5,lqi,1,3,14,42,15,10,98,success,13393353645774055087,2
LEO_V1_1_REQUALIFICATION_20260920,ofat_comparative,interferenceDb__25p0__lqi,f36d0510e3dbb0d3c9adffa565c74ad2c5026b77fa1cf04b411ba46f49f4c520,triangle,2.5,lqi,1,3,14,42,15,10,99,success,13393353645774055087,2
LEO_V1_1_REQUALIFICATION_20260920,ofat_comparative,interferenceDb__25p0__lqi,f36d0510e3dbb0d3c9adffa565c74ad2c5026b77fa1cf04b411ba46f49f4c520,triangle,2.5,lqi,1,3,14,42,15,11,100,timeout,0,0
LEO_V1_1_REQUALIFICATION_20260920,ofat_comparative,interferenceDb__25p0__lqi,f36d0510e3dbb0d3c9adffa565c74ad2c5026b77fa1cf04b411ba46f49f4c520,triangle,2.5,lqi,1,3,14,42,15,11,101,no_route,0,0
LEO_V1_1_REQUALIFICATION_20260920,ofat_comparative,interferenceDb__25p0__lqi,f36d0510e3dbb0d3c9adffa565c74ad2c5026b77fa1cf04b411ba46f49f4c520,triangle,2.5,lqi,1,3,14,42,15,11,102,success,11861905262065286250,3
LEO_V1_1_REQUALIFICATION_20260920,ofat_comparative,interferenceDb__25p0__lqi,f36d0510e3dbb0d3c9adffa565c74ad2c5026b77fa1cf04b411ba46f49f4c520,triangle,2.5,lqi,1,3,14,42,15,11,103,success,11861905262065286250,3
LEO_V1_1_REQUALIFICATION_20260920,ofat_comparative,interferenceDb__25p0__lqi,f36d0510e3dbb0d3c9adffa565c74ad2c5026b77fa1cf04b411ba46f49f4c520,triangle,2.5,lqi,1,3,14,42,15,11,104,success,11861905262065286250,3
LEO_V1_1_REQUALIFICATION_20260920,ofat_comparative,interferenceDb__25p0__lqi,f36d0510e3dbb0d3c9adffa565c74ad2c5026b77fa1cf04b411ba46f49f4c520,triangle,2.5,lqi,1,3,14,42,15,11,105,success,11861905262065286250,3
LEO_V1_1_REQUALIFICATION_20260920,ofat_comparative,interferenceDb__25p0__lqi,f36d0510e3dbb0d3c9adffa565c74ad2c5026b77fa1cf04b411ba46f49f4c520,triangle,2.5,lqi,1,3,14,42,15,11,106,success,11861905262065286250,3
LEO_V1_1_REQUALIFICATION_20260920,ofat_comparative,interferenceDb__25p0__lqi,f36d0510e3dbb0d3c9adffa565c74ad2c5026b77fa1cf04b411ba46f49f4c520,triangle,2.5,lqi,1,3,14,42,15,11,107,success,11861905262065286250,3
LEO_V1_1_REQUALIFICATION_20260920,ofat_comparative,interferenceDb__25p0__lqi,f36d0510e3dbb0d3c9adffa565c74ad2c5026b77fa1cf04b411ba46f49f4c520,triangle,2.5,lqi,1,3,14,42,15,11,108,success,11861905262065286250,3
LEO_V1_1_REQUALIFICATION_20260920,ofat_comparative,interferenceDb__25p0__lqi,f36d0510e3dbb0d3c9adffa565c74ad2c5026b77fa1cf04b411ba46f49f4c520,triangle,2.5,lqi,1,3,14,42,15,11,109,success,11861905262065286250,3
LEO_V1_1_REQUALIFICATION_20260920,ofat_comparative,interferenceDb__25p0__lqi,f36d0510e3dbb0d3c9adffa565c74ad2c5026b77fa1cf04b411ba46f49f4c520,triangle,2.5,lqi,1,3,14,42,15,12,110,success,17464328959919218831,3
LEO_V1_1_REQUALIFICATION_20260920,ofat_comparative,interferenceDb__25p0__lqi,f36d0510e3dbb0d3c9adffa565c74ad2c5026b77fa1cf04b411ba46f49f4c520,triangle,2.5,lqi,1,3,14,42,15,12,111,timeout,0,0
LEO_V1_1_REQUALIFICATION_20260920,ofat_comparative,interferenceDb__25p0__lqi,f36d0510e3dbb0d3c9adffa565c74ad2c5026b77fa1cf04b411ba46f49f4c520,triangle,2.5,lqi,1,3,14,42,15,12,112,no_route,0,0
LEO_V1_1_REQUALIFICATION_20260920,ofat_comparative,interferenceDb__25p0__lqi,f36d0510e3dbb0d3c9adffa565c74ad2c5026b77fa1cf04b411ba46f49f4c520,triangle,2.5,lqi,1,3,14,42,15,12,113,success,2166066108318792614,4
LEO_V1_1_REQUALIFICATION_20260920,ofat_comparative,interferenceDb__25p0__lqi,f36d0510e3dbb0d3c9adffa565c74ad2c5026b77fa1cf04b411ba46f49f4c520,triangle,2.5,lqi,1,3,14,42,15,12,114,success,2166066108318792614,4
LEO_V1_1_REQUALIFICATION_20260920,ofat_comparative,interferenceDb__25p0__lqi,f36d0510e3dbb0d3c9adffa565c74ad2c5026b77fa1cf04b411ba46f49f4c520,triangle,2.5,lqi,1,3,14,42,15,12,115,success,2166066108318792614,4
LEO_V1_1_REQUALIFICATION_20260920,ofat_comparative,interferenceDb__25p0__lqi,f36d0510e3dbb0d3c9adffa565c74ad2c5026b77fa1cf04b411ba46f49f4c520,triangle,2.5,lqi,1,3,14,42,15,12,116,success,2166066108318792614,4
LEO_V1_1_REQUALIFICATION_20260920,ofat_comparative,interferenceDb__25p0__lqi,f36d0510e3dbb0d3c9adffa565c74ad2c5026b77fa1cf04b411ba46f49f4c520,triangle,2.5,lqi,1,3,14,42,15,12,117,success,2166066108318792614,4
LEO_V1_1_REQUALIFICATION_20260920,ofat_comparative,interferenceDb__25p0__lqi,f36d0510e3dbb0d3c9adffa565c74ad2c5026b77fa1cf04b411ba46f49f4c520,triangle,2.5,lqi,1,3,14,42,15,12,118,success,2166066108318792614,4
LEO_V1_1_REQUALIFICATION_20260920,ofat_comparative,interferenceDb__25p0__lqi,f36d0510e3dbb0d3c9adffa565c74ad2c5026b77fa1cf04b411ba46f49f4c520,triangle,2.5,lqi,1,3,14,42,15,12,119,success,2166066108318792614,4
LEO_V1_1_REQUALIFICATION_20260920,ofat_comparative,interferenceDb__25p0__lqi,f36d0510e3dbb0d3c9adffa565c74ad2c5026b77fa1cf04b411ba46f49f4c520,triangle,2.5,lqi,1,3,14,42,15,13,120,no_route,0,0
LEO_V1_1_REQUALIFICATION_20260920,ofat_comparative,interferenceDb__25p0__lqi,f36d0510e3dbb0d3c9adffa565c74ad2c5026b77fa1cf04b411ba46f49f4c520,triangle,2.5,lqi,1,3,14,42,15,13,121,no_route,0,0
LEO_V1_1_REQUALIFICATION_20260920,ofat_comparative,interferenceDb__25p0__lqi,f36d0510e3dbb0d3c9adffa565c74ad2c5026b77fa1cf04b411ba46f49f4c520,triangle,2.5,lqi,1,3,14,42,15,13,122,no_route,0,0
LEO_V1_1_REQUALIFICATION_20260920,ofat_comparative,interferenceDb__25p0__lqi,f36d0510e3dbb0d3c9adffa565c74ad2c5026b77fa1cf04b411ba46f49f4c520,triangle,2.5,lqi,1,3,14,42,15,13,123,no_route,0,0
LEO_V1_1_REQUALIFICATION_20260920,ofat_comparative,interferenceDb__25p0__lqi,f36d0510e3dbb0d3c9adffa565c74ad2c5026b77fa1cf04b411ba46f49f4c520,triangle,2.5,lqi,1,3,14,42,15,13,124,no_route,0,0
LEO_V1_1_REQUALIFICATION_20260920,ofat_comparative,interferenceDb__25p0__lqi,f36d0510e3dbb0d3c9adffa565c74ad2c5026b77fa1cf04b411ba46f49f4c520,triangle,2.5,lqi,1,3,14,42,15,13,125,no_route,0,0
LEO_V1_1_REQUALIFICATION_20260920,ofat_comparative,interferenceDb__25p0__lqi,f36d0510e3dbb0d3c9adffa565c74ad2c5026b77fa1cf04b411ba46f49f4c520,triangle,2.5,lqi,1,3,14,42,15,13,126,no_route,0,0
LEO_V1_1_REQUALIFICATION_20260920,ofat_comparative,interferenceDb__25p0__lqi,f36d0510e3dbb0d3c9adffa565c74ad2c5026b77fa1cf04b411ba46f49f4c520,triangle,2.5,lqi,1,3,14,42,15,13,127,no_route,0,0
LEO_V1_1_REQUALIFICATION_20260920,ofat_comparative,interferenceDb__25p0__lqi,f36d0510e3dbb0d3c9adffa565c74ad2c5026b77fa1cf04b411ba46f49f4c520,triangle,2.5,lqi,1,3,14,42,15,13,128,no_route,0,0
LEO_V1_1_REQUALIFICATION_20260920,ofat_comparative,interferenceDb__25p0__lqi,f36d0510e3dbb0d3c9adffa565c74ad2c5026b77fa1cf04b411ba46f49f4c520,triangle,2.5,lqi,1,3,14,42,15,13,129,no_route,0,0
LEO_V1_1_REQUALIFICATION_20260920,ofat_comparative,interferenceDb__25p0__lqi,f36d0510e3dbb0d3c9adffa565c74ad2c5026b77fa1cf04b411ba46f49f4c520,triangle,2.5,lqi,1,3,14,42,15,14,130,no_route,0,0
LEO_V1_1_REQUALIFICATION_20260920,ofat_comparative,interferenceDb__25p0__lqi,f36d0510e3dbb0d3c9adffa565c74ad2c5026b77fa1cf04b411ba46f49f4c520,triangle,2.5,lqi,1,3,14,42,15,14,131,no_route,0,0
LEO_V1_1_REQUALIFICATION_20260920,ofat_comparative,interferenceDb__25p0__lqi,f36d0510e3dbb0d3c9adffa565c74ad2c5026b77fa1cf04b411ba46f49f4c520,triangle,2.5,lqi,1,3,14,42,15,14,132,no_route,0,0
LEO_V1_1_REQUALIFICATION_20260920,ofat_comparative,interferenceDb__25p0__lqi,f36d0510e3dbb0d3c9adffa565c74ad2c5026b77fa1cf04b411ba46f49f4c520,triangle,2.5,lqi,1,3,14,42,15,14,133,no_route,0,0
LEO_V1_1_REQUALIFICATION_20260920,ofat_comparative,interferenceDb__25p0__lqi,f36d0510e3dbb0d3c9adffa565c74ad2c5026b77fa1cf04b411ba46f49f4c520,triangle,2.5,lqi,1,3,14,42,15,14,134,no_route,0,0
LEO_V1_1_REQUALIFICATION_20260920,ofat_comparative,interferenceDb__25p0__lqi,f36d0510e3dbb0d3c9adffa565c74ad2c5026b77fa1cf04b411ba46f49f4c520,triangle,2.5,lqi,1,3,14,42,15,14,135,no_route,0,0
LEO_V1_1_REQUALIFICATION_20260920,ofat_comparative,interferenceDb__25p0__lqi,f36d0510e3dbb0d3c9adffa565c74ad2c5026b77fa1cf04b411ba46f49f4c520,triangle,2.5,lqi,1,3,14,42,15,14,136,no_route,0,0
LEO_V1_1_REQUALIFICATION_20260920,ofat_comparative,interferenceDb__25p0__lqi,f36d0510e3dbb0d3c9adffa565c74ad2c5026b77fa1cf04b411ba46f49f4c520,triangle,2.5,lqi,1,3,14,42,15,14,137,no_route,0,0
LEO_V1_1_REQUALIFICATION_20260920,ofat_comparative,interferenceDb__25p0__lqi,f36d0510e3dbb0d3c9adffa565c74ad2c5026b77fa1cf04b411ba46f49f4c520,triangle,2.5,lqi,1,3,14,42,15,14,138,no_route,0,0
LEO_V1_1_REQUALIFICATION_20260920,ofat_comparative,interferenceDb__25p0__lqi,f36d0510e3dbb0d3c9adffa565c74ad2c5026b77fa1cf04b411ba46f49f4c520,triangle,2.5,lqi,1,3,14,42,15,14,139,no_route,0,0
LEO_V1_1_REQUALIFICATION_20260920,ofat_comparative,interferenceDb__25p0__lqi,f36d0510e3dbb0d3c9adffa565c74ad2c5026b77fa1cf04b411ba46f49f4c520,triangle,2.5,lqi,1,3,14,42,15,15,140,no_route,0,0
LEO_V1_1_REQUALIFICATION_20260920,ofat_comparative,interferenceDb__25p0__lqi,f36d0510e3dbb0d3c9adffa565c74ad2c5026b77fa1cf04b411ba46f49f4c520,triangle,2.5,lqi,1,3,14,42,15,15,141,no_route,0,0
LEO_V1_1_REQUALIFICATION_20260920,ofat_comparative,interferenceDb__25p0__lqi,f36d0510e3dbb0d3c9adffa565c74ad2c5026b77fa1cf04b411ba46f49f4c520,triangle,2.5,lqi,1,3,14,42,15,15,142,no_route,0,0
LEO_V1_1_REQUALIFICATION_20260920,ofat_comparative,interferenceDb__25p0__lqi,f36d0510e3dbb0d3c9adffa565c74ad2c5026b77fa1cf04b411ba46f49f4c520,triangle,2.5,lqi,1,3,14,42,15,15,143,no_route,0,0
LEO_V1_1_REQUALIFICATION_20260920,ofat_comparative,interferenceDb__25p0__lqi,f36d0510e3dbb0d3c9adffa565c74ad2c5026b77fa1cf04b411ba46f49f4c520,triangle,2.5,lqi,1,3,14,42,15,15,144,no_route,0,0
LEO_V1_1_REQUALIFICATION_20260920,ofat_comparative,interferenceDb__25p0__lqi,f36d0510e3dbb0d3c9adffa565c74ad2c5026b77fa1cf04b411ba46f49f4c520,triangle,2.5,lqi,1,3,14,42,15,15,145,no_route,0,0
LEO_V1_1_REQUALIFICATION_20260920,ofat_comparative,interferenceDb__25p0__lqi,f36d0510e3dbb0d3c9adffa565c74ad2c5026b77fa1cf04b411ba46f49f4c520,triangle,2.5,lqi,1,3,14,42,15,15,146,no_route,0,0
LEO_V1_1_REQUALIFICATION_20260920,ofat_comparative,interferenceDb__25p0__lqi,f36d0510e3dbb0d3c9adffa565c74ad2c5026b77fa1cf04b411ba46f49f4c520,triangle,2.5,lqi,1,3,14,42,15,15,147,no_route,0,0
LEO_V1_1_REQUALIFICATION_20260920,ofat_comparative,interferenceDb__25p0__lqi,f36d0510e3dbb0d3c9adffa565c74ad2c5026b77fa1cf04b411ba46f49f4c520,triangle,2.5,lqi,1,3,14,42,15,15,148,no_route,0,0
LEO_V1_1_REQUALIFICATION_20260920,ofat_comparative,interferenceDb__25p0__lqi,f36d0510e3dbb0d3c9adffa565c74ad2c5026b77fa1cf04b411ba46f49f4c520,triangle,2.5,lqi,1,3,14,42,15,15,149,no_route,0,0
LEO_V1_1_REQUALIFICATION_20260920,ofat_comparative,interferenceDb__25p0__lqi,f36d0510e3dbb0d3c9adffa565c74ad2c5026b77fa1cf04b411ba46f49f4c520,triangle,2.5,lqi,1,3,14,42,15,16,150,no_route,0,0
LEO_V1_1_REQUALIFICATION_20260920,ofat_comparative,interferenceDb__25p0__lqi,f36d0510e3dbb0d3c9adffa565c74ad2c5026b77fa1cf04b411ba46f49f4c520,triangle,2.5,lqi,1,3,14,42,15,16,151,no_route,0,0
LEO_V1_1_REQUALIFICATION_20260920,ofat_comparative,interferenceDb__25p0__lqi,f36d0510e3dbb0d3c9adffa565c74ad2c5026b77fa1cf04b411ba46f49f4c520,triangle,2.5,lqi,1,3,14,42,15,16,152,no_route,0,0
LEO_V1_1_REQUALIFICATION_20260920,ofat_comparative,interferenceDb__25p0__lqi,f36d0510e3dbb0d3c9adffa565c74ad2c5026b77fa1cf04b411ba46f49f4c520,triangle,2.5,lqi,1,3,14,42,15,16,153,no_route,0,0
LEO_V1_1_REQUALIFICATION_20260920,ofat_comparative,interferenceDb__25p0__lqi,f36d0510e3dbb0d3c9adffa565c74ad2c5026b77fa1cf04b411ba46f49f4c520,triangle,2.5,lqi,1,3,14,42,15,16,154,no_route,0,0
LEO_V1_1_REQUALIFICATION_20260920,ofat_comparative,interferenceDb__25p0__lqi,f36d0510e3dbb0d3c9adffa565c74ad2c5026b77fa1cf04b411ba46f49f4c520,triangle,2.5,lqi,1,3,14,42,15,16,155,no_route,0,0
LEO_V1_1_REQUALIFICATION_20260920,ofat_comparative,interferenceDb__25p0__lqi,f36d0510e3dbb0d3c9adffa565c74ad2c5026b77fa1cf04b411ba46f49f4c520,triangle,2.5,lqi,1,3,14,42,15,16,156,no_route,0,0
LEO_V1_1_REQUALIFICATION_20260920,ofat_comparative,interferenceDb__25p0__lqi,f36d0510e3dbb0d3c9adffa565c74ad2c5026b77fa1cf04b411ba46f49f4c520,triangle,2.5,lqi,1,3,14,42,15,16,157,no_route,0,0
LEO_V1_1_REQUALIFICATION_20260920,ofat_comparative,interferenceDb__25p0__lqi,f36d0510e3dbb0d3c9adffa565c74ad2c5026b77fa1cf04b411ba46f49f4c520,triangle,2.5,lqi,1,3,14,42,15,16,158,no_route,0,0
LEO_V1_1_REQUALIFICATION_20260920,ofat_comparative,interferenceDb__25p0__lqi,f36d0510e3dbb0d3c9adffa565c74ad2c5026b77fa1cf04b411ba46f49f4c520,triangle,2.5,lqi,1,3,14,42,15,16,159,no_route,0,0
LEO_V1_1_REQUALIFICATION_20260920,ofat_comparative,interferenceDb__25p0__lqi,f36d0510e3dbb0d3c9adffa565c74ad2c5026b77fa1cf04b411ba46f49f4c520,triangle,2.5,lqi,1,3,14,42,15,17,160,no_route,0,0
LEO_V1_1_REQUALIFICATION_20260920,ofat_comparative,interferenceDb__25p0__lqi,f36d0510e3dbb0d3c9adffa565c74ad2c5026b77fa1cf04b411ba46f49f4c520,triangle,2.5,lqi,1,3,14,42,15,17,161,no_route,0,0
LEO_V1_1_REQUALIFICATION_20260920,ofat_comparative,interferenceDb__25p0__lqi,f36d0510e3dbb0d3c9adffa565c74ad2c5026b77fa1cf04b411ba46f49f4c520,triangle,2.5,lqi,1,3,14,42,15,17,162,no_route,0,0
LEO_V1_1_REQUALIFICATION_20260920,ofat_comparative,interferenceDb__25p0__lqi,f36d0510e3dbb0d3c9adffa565c74ad2c5026b77fa1cf04b411ba46f49f4c520,triangle,2.5,lqi,1,3,14,42,15,17,163,no_route,0,0
LEO_V1_1_REQUALIFICATION_20260920,ofat_comparative,interferenceDb__25p0__lqi,f36d0510e3dbb0d3c9adffa565c74ad2c5026b77fa1cf04b411ba46f49f4c520,triangle,2.5,lqi,1,3,14,42,15,17,164,no_route,0,0
LEO_V1_1_REQUALIFICATION_20260920,ofat_comparative,interferenceDb__25p0__lqi,f36d0510e3dbb0d3c9adffa565c74ad2c5026b77fa1cf04b411ba46f49f4c520,triangle,2.5,lqi,1,3,14,42,15,17,165,no_route,0,0
LEO_V1_1_REQUALIFICATION_20260920,ofat_comparative,interferenceDb__25p0__lqi,f36d0510e3dbb0d3c9adffa565c74ad2c5026b77fa1cf04b411ba46f49f4c520,triangle,2.5,lqi,1,3,14,42,15,17,166,no_route,0,0
LEO_V1_1_REQUALIFICATION_20260920,ofat_comparative,interferenceDb__25p0__lqi,f36d0510e3dbb0d3c9adffa565c74ad2c5026b77fa1cf04b411ba46f49f4c520,triangle,2.5,lqi,1,3,14,42,15,17,167,no_route,0,0
LEO_V1_1_REQUALIFICATION_20260920,ofat_comparative,interferenceDb__25p0__lqi,f36d0510e3dbb0d3c9adffa565c74ad2c5026b77fa1cf04b411ba46f49f4c520,triangle,2.5,lqi,1,3,14,42,15,17,168,no_route,0,0
LEO_V1_1_REQUALIFICATION_20260920,ofat_comparative,interferenceDb__25p0__lqi,f36d0510e3dbb0d3c9adffa565c74ad2c5026b77fa1cf04b411ba46f49f4c520,triangle,2.5,lqi,1,3,14,42,15,17,169,no_route,0,0
LEO_V1_1_REQUALIFICATION_20260920,ofat_comparative,interferenceDb__25p0__lqi,f36d0510e3dbb0d3c9adffa565c74ad2c5026b77fa1cf04b411ba46f49f4c520,triangle,2.5,lqi,1,3,14,42,15,18,170,no_route,0,0
LEO_V1_1_REQUALIFICATION_20260920,ofat_comparative,interferenceDb__25p0__lqi,f36d0510e3dbb0d3c9adffa565c74ad2c5026b77fa1cf04b411ba46f49f4c520,triangle,2.5,lqi,1,3,14,42,15,18,171,no_route,0,0
LEO_V1_1_REQUALIFICATION_20260920,ofat_comparative,interferenceDb__25p0__lqi,f36d0510e3dbb0d3c9adffa565c74ad2c5026b77fa1cf04b411ba46f49f4c520,triangle,2.5,lqi,1,3,14,42,15,18,172,no_route,0,0
LEO_V1_1_REQUALIFICATION_20260920,ofat_comparative,interferenceDb__25p0__lqi,f36d0510e3dbb0d3c9adffa565c74ad2c5026b77fa1cf04b411ba46f49f4c520,triangle,2.5,lqi,1,3,14,42,15,18,173,no_route,0,0
LEO_V1_1_REQUALIFICATION_20260920,ofat_comparative,interferenceDb__25p0__lqi,f36d0510e3dbb0d3c9adffa565c74ad2c5026b77fa1cf04b411ba46f49f4c520,triangle,2.5,lqi,1,3,14,42,15,18,174,no_route,0,0
LEO_V1_1_REQUALIFICATION_20260920,ofat_comparative,interferenceDb__25p0__lqi,f36d0510e3dbb0d3c9adffa565c74ad2c5026b77fa1cf04b411ba46f49f4c520,triangle,2.5,lqi,1,3,14,42,15,18,175,no_route,0,0
LEO_V1_1_REQUALIFICATION_20260920,ofat_comparative,interferenceDb__25p0__lqi,f36d0510e3dbb0d3c9adffa565c74ad2c5026b77fa1cf04b411ba46f49f4c520,triangle,2.5,lqi,1,3,14,42,15,18,176,no_route,0,0
LEO_V1_1_REQUALIFICATION_20260920,ofat_comparative,interferenceDb__25p0__lqi,f36d0510e3dbb0d3c9adffa565c74ad2c5026b77fa1cf04b411ba46f49f4c520,triangle,2.5,lqi,1,3,14,42,15,18,177,no_route,0,0
LEO_V1_1_REQUALIFICATION_20260920,ofat_comparative,interferenceDb__25p0__lqi,f36d0510e3dbb0d3c9adffa565c74ad2c5026b77fa1cf04b411ba46f49f4c520,triangle,2.5,lqi,1,3,14,42,15,18,178,no_route,0,0
LEO_V1_1_REQUALIFICATION_20260920,ofat_comparative,interferenceDb__25p0__lqi,f36d0510e3dbb0d3c9adffa565c74ad2c5026b77fa1cf04b411ba46f49f4c520,triangle,2.5,lqi,1,3,14,42,15,18,179,no_route,0,0
LEO_V1_1_REQUALIFICATION_20260920,ofat_comparative,interferenceDb__25p0__lqi,f36d0510e3dbb0d3c9adffa565c74ad2c5026b77fa1cf04b411ba46f49f4c520,triangle,2.5,lqi,1,3,14,42,15,19,180,no_route,0,0
LEO_V1_1_REQUALIFICATION_20260920,ofat_comparative,interferenceDb__25p0__lqi,f36d0510e3dbb0d3c9adffa565c74ad2c5026b77fa1cf04b411ba46f49f4c520,triangle,2.5,lqi,1,3,14,42,15,19,181,no_route,0,0
LEO_V1_1_REQUALIFICATION_20260920,ofat_comparative,interferenceDb__25p0__lqi,f36d0510e3dbb0d3c9adffa565c74ad2c5026b77fa1cf04b411ba46f49f4c520,triangle,2.5,lqi,1,3,14,42,15,19,182,no_route,0,0
LEO_V1_1_REQUALIFICATION_20260920,ofat_comparative,interferenceDb__25p0__lqi,f36d0510e3dbb0d3c9adffa565c74ad2c5026b77fa1cf04b411ba46f49f4c520,triangle,2.5,lqi,1,3,14,42,15,19,183,no_route,0,0
LEO_V1_1_REQUALIFICATION_20260920,ofat_comparative,interferenceDb__25p0__lqi,f36d0510e3dbb0d3c9adffa565c74ad2c5026b77fa1cf04b411ba46f49f4c520,triangle,2.5,lqi,1,3,14,42,15,19,184,no_route,0,0
LEO_V1_1_REQUALIFICATION_20260920,ofat_comparative,interferenceDb__25p0__lqi,f36d0510e3dbb0d3c9adffa565c74ad2c5026b77fa1cf04b411ba46f49f4c520,triangle,2.5,lqi,1,3,14,42,15,19,185,no_route,0,0
LEO_V1_1_REQUALIFICATION_20260920,ofat_comparative,interferenceDb__25p0__lqi,f36d0510e3dbb0d3c9adffa565c74ad2c5026b77fa1cf04b411ba46f49f4c520,triangle,2.5,lqi,1,3,14,42,15,19,186,no_route,0,0
LEO_V1_1_REQUALIFICATION_20260920,ofat_comparative,interferenceDb__25p0__lqi,f36d0510e3dbb0d3c9adffa565c74ad2c5026b77fa1cf04b411ba46f49f4c520,triangle,2.5,lqi,1,3,14,42,15,19,187,no_route,0,0
LEO_V1_1_REQUALIFICATION_20260920,ofat_comparative,interferenceDb__25p0__lqi,f36d0510e3dbb0d3c9adffa565c74ad2c5026b77fa1cf04b411ba46f49f4c520,triangle,2.5,lqi,1,3,14,42,15,19,188,no_route,0,0
LEO_V1_1_REQUALIFICATION_20260920,ofat_comparative,interferenceDb__25p0__lqi,f36d0510e3dbb0d3c9adffa565c74ad2c5026b77fa1cf04b411ba46f49f4c520,triangle,2.5,lqi,1,3,14,42,15,19,189,no_route,0,0
LEO_V1_1_REQUALIFICATION_20260920,ofat_comparative,interferenceDb__25p0__lqi,f36d0510e3dbb0d3c9adffa565c74ad2c5026b77fa1cf04b411ba46f49f4c520,triangle,2.5,lqi,1,3,15,42,16,1,0,success,12161961113530546194,1
LEO_V1_1_REQUALIFICATION_20260920,ofat_comparative,interferenceDb__25p0__lqi,f36d0510e3dbb0d3c9adffa565c74ad2c5026b77fa1cf04b411ba46f49f4c520,triangle,2.5,lqi,1,3,15,42,16,1,1,success,12161961113530546194,1
LEO_V1_1_REQUALIFICATION_20260920,ofat_comparative,interferenceDb__25p0__lqi,f36d0510e3dbb0d3c9adffa565c74ad2c5026b77fa1cf04b411ba46f49f4c520,triangle,2.5,lqi,1,3,15,42,16,1,2,success,12161961113530546194,1
LEO_V1_1_REQUALIFICATION_20260920,ofat_comparative,interferenceDb__25p0__lqi,f36d0510e3dbb0d3c9adffa565c74ad2c5026b77fa1cf04b411ba46f49f4c520,triangle,2.5,lqi,1,3,15,42,16,1,3,success,12161961113530546194,1
LEO_V1_1_REQUALIFICATION_20260920,ofat_comparative,interferenceDb__25p0__lqi,f36d0510e3dbb0d3c9adffa565c74ad2c5026b77fa1cf04b411ba46f49f4c520,triangle,2.5,lqi,1,3,15,42,16,1,4,success,12161961113530546194,1
LEO_V1_1_REQUALIFICATION_20260920,ofat_comparative,interferenceDb__25p0__lqi,f36d0510e3dbb0d3c9adffa565c74ad2c5026b77fa1cf04b411ba46f49f4c520,triangle,2.5,lqi,1,3,15,42,16,1,5,success,12161961113530546194,1
LEO_V1_1_REQUALIFICATION_20260920,ofat_comparative,interferenceDb__25p0__lqi,f36d0510e3dbb0d3c9adffa565c74ad2c5026b77fa1cf04b411ba46f49f4c520,triangle,2.5,lqi,1,3,15,42,16,1,6,success,12161961113530546194,1
LEO_V1_1_REQUALIFICATION_20260920,ofat_comparative,interferenceDb__25p0__lqi,f36d0510e3dbb0d3c9adffa565c74ad2c5026b77fa1cf04b411ba46f49f4c520,triangle,2.5,lqi,1,3,15,42,16,1,7,success,12161961113530546194,1
LEO_V1_1_REQUALIFICATION_20260920,ofat_comparative,interferenceDb__25p0__lqi,f36d0510e3dbb0d3c9adffa565c74ad2c5026b77fa1cf04b411ba46f49f4c520,triangle,2.5,lqi,1,3,15,42,16,1,8,success,12161961113530546194,1
LEO_V1_1_REQUALIFICATION_20260920,ofat_comparative,interferenceDb__25p0__lqi,f36d0510e3dbb0d3c9adffa565c74ad2c5026b77fa1cf04b411ba46f49f4c520,triangle,2.5,lqi,1,3,15,42,16,1,9,success,12161961113530546194,1
LEO_V1_1_REQUALIFICATION_20260920,ofat_comparative,interferenceDb__25p0__lqi,f36d0510e3dbb0d3c9adffa565c74ad2c5026b77fa1cf04b411ba46f49f4c520,triangle,2.5,lqi,1,3,15,42,16,2,10,success,12161960014018917983,1
LEO_V1_1_REQUALIFICATION_20260920,ofat_comparative,interferenceDb__25p0__lqi,f36d0510e3dbb0d3c9adffa565c74ad2c5026b77fa1cf04b411ba46f49f4c520,triangle,2.5,lqi,1,3,15,42,16,2,11,success,12161960014018917983,1
LEO_V1_1_REQUALIFICATION_20260920,ofat_comparative,interferenceDb__25p0__lqi,f36d0510e3dbb0d3c9adffa565c74ad2c5026b77fa1cf04b411ba46f49f4c520,triangle,2.5,lqi,1,3,15,42,16,2,12,success,12161960014018917983,1
LEO_V1_1_REQUALIFICATION_20260920,ofat_comparative,interferenceDb__25p0__lqi,f36d0510e3dbb0d3c9adffa565c74ad2c5026b77fa1cf04b411ba46f49f4c520,triangle,2.5,lqi,1,3,15,42,16,2,13,success,12161960014018917983,1
LEO_V1_1_REQUALIFICATION_20260920,ofat_comparative,interferenceDb__25p0__lqi,f36d0510e3dbb0d3c9adffa565c74ad2c5026b77fa1cf04b411ba46f49f4c520,triangle,2.5,lqi,1,3,15,42,16,2,14,success,12161960014018917983,1
LEO_V1_1_REQUALIFICATION_20260920,ofat_comparative,interferenceDb__25p0__lqi,f36d0510e3dbb0d3c9adffa565c74ad2c5026b77fa1cf04b411ba46f49f4c520,triangle,2.5,lqi,1,3,15,42,16,2,15,success,12161960014018917983,1
LEO_V1_1_REQUALIFICATION_20260920,ofat_comparative,interferenceDb__25p0__lqi,f36d0510e3dbb0d3c9adffa565c74ad2c5026b77fa1cf04b411ba46f49f4c520,triangle,2.5,lqi,1,3,15,42,16,2,16,success,12161960014018917983,1
LEO_V1_1_REQUALIFICATION_20260920,ofat_comparative,interferenceDb__25p0__lqi,f36d0510e3dbb0d3c9adffa565c74ad2c5026b77fa1cf04b411ba46f49f4c520,triangle,2.5,lqi,1,3,15,42,16,2,17,success,12161960014018917983,1
LEO_V1_1_REQUALIFICATION_20260920,ofat_comparative,interferenceDb__25p0__lqi,f36d0510e3dbb0d3c9adffa565c74ad2c5026b77fa1cf04b411ba46f49f4c520,triangle,2.5,lqi,1,3,15,42,16,2,18,success,12161960014018917983,1
LEO_V1_1_REQUALIFICATION_20260920,ofat_comparative,interferenceDb__25p0__lqi,f36d0510e3dbb0d3c9adffa565c74ad2c5026b77fa1cf04b411ba46f49f4c520,triangle,2.5,lqi,1,3,15,42,16,2,19,success,12161960014018917983,1
LEO_V1_1_REQUALIFICATION_20260920,ofat_comparative,interferenceDb__25p0__lqi,f36d0510e3dbb0d3c9adffa565c74ad2c5026b77fa1cf04b411ba46f49f4c520,triangle,2.5,lqi,1,3,15,42,16,3,20,success,5168105627079211135,2
LEO_V1_1_REQUALIFICATION_20260920,ofat_comparative,interferenceDb__25p0__lqi,f36d0510e3dbb0d3c9adffa565c74ad2c5026b77fa1cf04b411ba46f49f4c520,triangle,2.5,lqi,1,3,15,42,16,3,21,success,5168105627079211135,2
LEO_V1_1_REQUALIFICATION_20260920,ofat_comparative,interferenceDb__25p0__lqi,f36d0510e3dbb0d3c9adffa565c74ad2c5026b77fa1cf04b411ba46f49f4c520,triangle,2.5,lqi,1,3,15,42,16,3,22,success,5168105627079211135,2
LEO_V1_1_REQUALIFICATION_20260920,ofat_comparative,interferenceDb__25p0__lqi,f36d0510e3dbb0d3c9adffa565c74ad2c5026b77fa1cf04b411ba46f49f4c520,triangle,2.5,lqi,1,3,15,42,16,3,23,success,5168105627079211135,2
LEO_V1_1_REQUALIFICATION_20260920,ofat_comparative,interferenceDb__25p0__lqi,f36d0510e3dbb0d3c9adffa565c74ad2c5026b77fa1cf04b411ba46f49f4c520,triangle,2.5,lqi,1,3,15,42,16,3,24,success,5168105627079211135,2
LEO_V1_1_REQUALIFICATION_20260920,ofat_comparative,interferenceDb__25p0__lqi,f36d0510e3dbb0d3c9adffa565c74ad2c5026b77fa1cf04b411ba46f49f4c520,triangle,2.5,lqi,1,3,15,42,16,3,25,success,5168105627079211135,2
LEO_V1_1_REQUALIFICATION_20260920,ofat_comparative,interferenceDb__25p0__lqi,f36d0510e3dbb0d3c9adffa565c74ad2c5026b77fa1cf04b411ba46f49f4c520,triangle,2.5,lqi,1,3,15,42,16,3,26,success,5168105627079211135,2
LEO_V1_1_REQUALIFICATION_20260920,ofat_comparative,interferenceDb__25p0__lqi,f36d0510e3dbb0d3c9adffa565c74ad2c5026b77fa1cf04b411ba46f49f4c520,triangle,2.5,lqi,1,3,15,42,16,3,27,success,5168105627079211135,2
LEO_V1_1_REQUALIFICATION_20260920,ofat_comparative,interferenceDb__25p0__lqi,f36d0510e3dbb0d3c9adffa565c74ad2c5026b77fa1cf04b411ba46f49f4c520,triangle,2.5,lqi,1,3,15,42,16,3,28,success,5168105627079211135,2
LEO_V1_1_REQUALIFICATION_20260920,ofat_comparative,interferenceDb__25p0__lqi,f36d0510e3dbb0d3c9adffa565c74ad2c5026b77fa1cf04b411ba46f49f4c520,triangle,2.5,lqi,1,3,15,42,16,3,29,success,5168105627079211135,2
LEO_V1_1_REQUALIFICATION_20260920,ofat_comparative,interferenceDb__25p0__lqi,f36d0510e3dbb0d3c9adffa565c74ad2c5026b77fa1cf04b411ba46f49f4c520,triangle,2.5,lqi,1,3,15,42,16,4,30,success,4254184782511048963,2
LEO_V1_1_REQUALIFICATION_20260920,ofat_comparative,interferenceDb__25p0__lqi,f36d0510e3dbb0d3c9adffa565c74ad2c5026b77fa1cf04b411ba46f49f4c520,triangle,2.5,lqi,1,3,15,42,16,4,31,timeout,0,0
LEO_V1_1_REQUALIFICATION_20260920,ofat_comparative,interferenceDb__25p0__lqi,f36d0510e3dbb0d3c9adffa565c74ad2c5026b77fa1cf04b411ba46f49f4c520,triangle,2.5,lqi,1,3,15,42,16,4,32,no_route,0,0
LEO_V1_1_REQUALIFICATION_20260920,ofat_comparative,interferenceDb__25p0__lqi,f36d0510e3dbb0d3c9adffa565c74ad2c5026b77fa1cf04b411ba46f49f4c520,triangle,2.5,lqi,1,3,15,42,16,4,33,success,15805382921545945792,3
LEO_V1_1_REQUALIFICATION_20260920,ofat_comparative,interferenceDb__25p0__lqi,f36d0510e3dbb0d3c9adffa565c74ad2c5026b77fa1cf04b411ba46f49f4c520,triangle,2.5,lqi,1,3,15,42,16,4,34,success,15805382921545945792,3
LEO_V1_1_REQUALIFICATION_20260920,ofat_comparative,interferenceDb__25p0__lqi,f36d0510e3dbb0d3c9adffa565c74ad2c5026b77fa1cf04b411ba46f49f4c520,triangle,2.5,lqi,1,3,15,42,16,4,35,success,15805382921545945792,3
LEO_V1_1_REQUALIFICATION_20260920,ofat_comparative,interferenceDb__25p0__lqi,f36d0510e3dbb0d3c9adffa565c74ad2c5026b77fa1cf04b411ba46f49f4c520,triangle,2.5,lqi,1,3,15,42,16,4,36,success,15805382921545945792,3
LEO_V1_1_REQUALIFICATION_20260920,ofat_comparative,interferenceDb__25p0__lqi,f36d0510e3dbb0d3c9adffa565c74ad2c5026b77fa1cf04b411ba46f49f4c520,triangle,2.5,lqi,1,3,15,42,16,4,37,success,15805382921545945792,3
LEO_V1_1_REQUALIFICATION_20260920,ofat_comparative,interferenceDb__25p0__lqi,f36d0510e3dbb0d3c9adffa565c74ad2c5026b77fa1cf04b411ba46f49f4c520,triangle,2.5,lqi,1,3,15,42,16,4,38,success,15805382921545945792,3
LEO_V1_1_REQUALIFICATION_20260920,ofat_comparative,interferenceDb__25p0__lqi,f36d0510e3dbb0d3c9adffa565c74ad2c5026b77fa1cf04b411ba46f49f4c520,triangle,2.5,lqi,1,3,15,42,16,4,39,success,15805382921545945792,3
LEO_V1_1_REQUALIFICATION_20260920,ofat_comparative,interferenceDb__25p0__lqi,f36d0510e3dbb0d3c9adffa565c74ad2c5026b77fa1cf04b411ba46f49f4c520,triangle,2.5,lqi,1,3,15,42,16,5,40,success,16719299368067595120,3
LEO_V1_1_REQUALIFICATION_20260920,ofat_comparative,interferenceDb__25p0__lqi,f36d0510e3dbb0d3c9adffa565c74ad2c5026b77fa1cf04b411ba46f49f4c520,triangle,2.5,lqi,1,3,15,42,16,5,41,success,16719299368067595120,3
LEO_V1_1_REQUALIFICATION_20260920,ofat_comparative,interferenceDb__25p0__lqi,f36d0510e3dbb0d3c9adffa565c74ad2c5026b77fa1cf04b411ba46f49f4c520,triangle,2.5,lqi,1,3,15,42,16,5,42,success,16719299368067595120,3
LEO_V1_1_REQUALIFICATION_20260920,ofat_comparative,interferenceDb__25p0__lqi,f36d0510e3dbb0d3c9adffa565c74ad2c5026b77fa1cf04b411ba46f49f4c520,triangle,2.5,lqi,1,3,15,42,16,5,43,success,16719299368067595120,3
LEO_V1_1_REQUALIFICATION_20260920,ofat_comparative,interferenceDb__25p0__lqi,f36d0510e3dbb0d3c9adffa565c74ad2c5026b77fa1cf04b411ba46f49f4c520,triangle,2.5,lqi,1,3,15,42,16,5,44,timeout,0,0
LEO_V1_1_REQUALIFICATION_20260920,ofat_comparative,interferenceDb__25p0__lqi,f36d0510e3dbb0d3c9adffa565c74ad2c5026b77fa1cf04b411ba46f49f4c520,triangle,2.5,lqi,1,3,15,42,16,5,45,no_route,0,0
LEO_V1_1_REQUALIFICATION_20260920,ofat_comparative,interferenceDb__25p0__lqi,f36d0510e3dbb0d3c9adffa565c74ad2c5026b77fa1cf04b411ba46f49f4c520,triangle,2.5,lqi,1,3,15,42,16,5,46,success,16719299368067595120,3
LEO_V1_1_REQUALIFICATION_20260920,ofat_comparative,interferenceDb__25p0__lqi,f36d0510e3dbb0d3c9adffa565c74ad2c5026b77fa1cf04b411ba46f49f4c520,triangle,2.5,lqi,1,3,15,42,16,5,47,success,16719299368067595120,3
LEO_V1_1_REQUALIFICATION_20260920,ofat_comparative,interferenceDb__25p0__lqi,f36d0510e3dbb0d3c9adffa565c74ad2c5026b77fa1cf04b411ba46f49f4c520,triangle,2.5,lqi,1,3,15,42,16,5,48,success,16719299368067595120,3
LEO_V1_1_REQUALIFICATION_20260920,ofat_comparative,interferenceDb__25p0__lqi,f36d0510e3dbb0d3c9adffa565c74ad2c5026b77fa1cf04b411ba46f49f4c520,triangle,2.5,lqi,1,3,15,42,16,5,49,success,16719299368067595120,3
LEO_V1_1_REQUALIFICATION_20260920,ofat_comparative,interferenceDb__25p0__lqi,f36d0510e3dbb0d3c9adffa565c74ad2c5026b77fa1cf04b411ba46f49f4c520,triangle,2.5,lqi,1,3,15,42,16,6,50,success,13977554426549159980,3
LEO_V1_1_REQUALIFICATION_20260920,ofat_comparative,interferenceDb__25p0__lqi,f36d0510e3dbb0d3c9adffa565c74ad2c5026b77fa1cf04b411ba46f49f4c520,triangle,2.5,lqi,1,3,15,42,16,6,51,success,13977554426549159980,3
LEO_V1_1_REQUALIFICATION_20260920,ofat_comparative,interferenceDb__25p0__lqi,f36d0510e3dbb0d3c9adffa565c74ad2c5026b77fa1cf04b411ba46f49f4c520,triangle,2.5,lqi,1,3,15,42,16,6,52,timeout,0,0
LEO_V1_1_REQUALIFICATION_20260920,ofat_comparative,interferenceDb__25p0__lqi,f36d0510e3dbb0d3c9adffa565c74ad2c5026b77fa1cf04b411ba46f49f4c520,triangle,2.5,lqi,1,3,15,42,16,6,53,no_route,0,0
LEO_V1_1_REQUALIFICATION_20260920,ofat_comparative,interferenceDb__25p0__lqi,f36d0510e3dbb0d3c9adffa565c74ad2c5026b77fa1cf04b411ba46f49f4c520,triangle,2.5,lqi,1,3,15,42,16,6,54,success,11179509835264746194,3
LEO_V1_1_REQUALIFICATION_20260920,ofat_comparative,interferenceDb__25p0__lqi,f36d0510e3dbb0d3c9adffa565c74ad2c5026b77fa1cf04b411ba46f49f4c520,triangle,2.5,lqi,1,3,15,42,16,6,55,no_route,0,0
LEO_V1_1_REQUALIFICATION_20260920,ofat_comparative,interferenceDb__25p0__lqi,f36d0510e3dbb0d3c9adffa565c74ad2c5026b77fa1cf04b411ba46f49f4c520,triangle,2.5,lqi,1,3,15,42,16,6,56,no_route,0,0
LEO_V1_1_REQUALIFICATION_20260920,ofat_comparative,interferenceDb__25p0__lqi,f36d0510e3dbb0d3c9adffa565c74ad2c5026b77fa1cf04b411ba46f49f4c520,triangle,2.5,lqi,1,3,15,42,16,6,57,timeout,0,0
LEO_V1_1_REQUALIFICATION_20260920,ofat_comparative,interferenceDb__25p0__lqi,f36d0510e3dbb0d3c9adffa565c74ad2c5026b77fa1cf04b411ba46f49f4c520,triangle,2.5,lqi,1,3,15,42,16,6,58,no_route,0,0
LEO_V1_1_REQUALIFICATION_20260920,ofat_comparative,interferenceDb__25p0__lqi,f36d0510e3dbb0d3c9adffa565c74ad2c5026b77fa1cf04b411ba46f49f4c520,triangle,2.5,lqi,1,3,15,42,16,6,59,success,13977554426549159980,3
LEO_V1_1_REQUALIFICATION_20260920,ofat_comparative,interferenceDb__25p0__lqi,f36d0510e3dbb0d3c9adffa565c74ad2c5026b77fa1cf04b411ba46f49f4c520,triangle,2.5,lqi,1,3,15,42,16,7,60,success,12161954516460776928,1
LEO_V1_1_REQUALIFICATION_20260920,ofat_comparative,interferenceDb__25p0__lqi,f36d0510e3dbb0d3c9adffa565c74ad2c5026b77fa1cf04b411ba46f49f4c520,triangle,2.5,lqi,1,3,15,42,16,7,61,success,12161954516460776928,1
LEO_V1_1_REQUALIFICATION_20260920,ofat_comparative,interferenceDb__25p0__lqi,f36d0510e3dbb0d3c9adffa565c74ad2c5026b77fa1cf04b411ba46f49f4c520,triangle,2.5,lqi,1,3,15,42,16,7,62,success,12161954516460776928,1
LEO_V1_1_REQUALIFICATION_20260920,ofat_comparative,interferenceDb__25p0__lqi,f36d0510e3dbb0d3c9adffa565c74ad2c5026b77fa1cf04b411ba46f49f4c520,triangle,2.5,lqi,1,3,15,42,16,7,63,success,12161954516460776928,1
LEO_V1_1_REQUALIFICATION_20260920,ofat_comparative,interferenceDb__25p0__lqi,f36d0510e3dbb0d3c9adffa565c74ad2c5026b77fa1cf04b411ba46f49f4c520,triangle,2.5,lqi,1,3,15,42,16,7,64,success,12161954516460776928,1
LEO_V1_1_REQUALIFICATION_20260920,ofat_comparative,interferenceDb__25p0__lqi,f36d0510e3dbb0d3c9adffa565c74ad2c5026b77fa1cf04b411ba46f49f4c520,triangle,2.5,lqi,1,3,15,42,16,7,65,success,12161954516460776928,1
LEO_V1_1_REQUALIFICATION_20260920,ofat_comparative,interferenceDb__25p0__lqi,f36d0510e3dbb0d3c9adffa565c74ad2c5026b77fa1cf04b411ba46f49f4c520,triangle,2.5,lqi,1,3,15,42,16,7,66,success,12161954516460776928,1
LEO_V1_1_REQUALIFICATION_20260920,ofat_comparative,interferenceDb__25p0__lqi,f36d0510e3dbb0d3c9adffa565c74ad2c5026b77fa1cf04b411ba46f49f4c520,triangle,2.5,lqi,1,3,15,42,16,7,67,success,12161954516460776928,1
LEO_V1_1_REQUALIFICATION_20260920,ofat_comparative,interferenceDb__25p0__lqi,f36d0510e3dbb0d3c9adffa565c74ad2c5026b77fa1cf04b411ba46f49f4c520,triangle,2.5,lqi,1,3,15,42,16,7,68,success,12161954516460776928,1
LEO_V1_1_REQUALIFICATION_20260920,ofat_comparative,interferenceDb__25p0__lqi,f36d0510e3dbb0d3c9adffa565c74ad2c5026b77fa1cf04b411ba46f49f4c520,triangle,2.5,lqi,1,3,15,42,16,7,69,success,12161954516460776928,1
LEO_V1_1_REQUALIFICATION_20260920,ofat_comparative,interferenceDb__25p0__lqi,f36d0510e3dbb0d3c9adffa565c74ad2c5026b77fa1cf04b411ba46f49f4c520,triangle,2.5,lqi,1,3,15,42,16,8,70,success,12161971009135200093,1
LEO_V1_1_REQUALIFICATION_20260920,ofat_comparative,interferenceDb__25p0__lqi,f36d0510e3dbb0d3c9adffa565c74ad2c5026b77fa1cf04b411ba46f49f4c520,triangle,2.5,lqi,1,3,15,42,16,8,71,success,12161971009135200093,1
LEO_V1_1_REQUALIFICATION_20260920,ofat_comparative,interferenceDb__25p0__lqi,f36d0510e3dbb0d3c9adffa565c74ad2c5026b77fa1cf04b411ba46f49f4c520,triangle,2.5,lqi,1,3,15,42,16,8,72,success,12161971009135200093,1
LEO_V1_1_REQUALIFICATION_20260920,ofat_comparative,interferenceDb__25p0__lqi,f36d0510e3dbb0d3c9adffa565c74ad2c5026b77fa1cf04b411ba46f49f4c520,triangle,2.5,lqi,1,3,15,42,16,8,73,success,12161971009135200093,1
LEO_V1_1_REQUALIFICATION_20260920,ofat_comparative,interferenceDb__25p0__lqi,f36d0510e3dbb0d3c9adffa565c74ad2c5026b77fa1cf04b411ba46f49f4c520,triangle,2.5,lqi,1,3,15,42,16,8,74,success,12161971009135200093,1
LEO_V1_1_REQUALIFICATION_20260920,ofat_comparative,interferenceDb__25p0__lqi,f36d0510e3dbb0d3c9adffa565c74ad2c5026b77fa1cf04b411ba46f49f4c520,triangle,2.5,lqi,1,3,15,42,16,8,75,success,12161971009135200093,1
LEO_V1_1_REQUALIFICATION_20260920,ofat_comparative,interferenceDb__25p0__lqi,f36d0510e3dbb0d3c9adffa565c74ad2c5026b77fa1cf04b411ba46f49f4c520,triangle,2.5,lqi,1,3,15,42,16,8,76,success,12161971009135200093,1
LEO_V1_1_REQUALIFICATION_20260920,ofat_comparative,interferenceDb__25p0__lqi,f36d0510e3dbb0d3c9adffa565c74ad2c5026b77fa1cf04b411ba46f49f4c520,triangle,2.5,lqi,1,3,15,42,16,8,77,success,12161971009135200093,1
LEO_V1_1_REQUALIFICATION_20260920,ofat_comparative,interferenceDb__25p0__lqi,f36d0510e3dbb0d3c9adffa565c74ad2c5026b77fa1cf04b411ba46f49f4c520,triangle,2.5,lqi,1,3,15,42,16,8,78,success,12161971009135200093,1
LEO_V1_1_REQUALIFICATION_20260920,ofat_comparative,interferenceDb__25p0__lqi,f36d0510e3dbb0d3c9adffa565c74ad2c5026b77fa1cf04b411ba46f49f4c520,triangle,2.5,lqi,1,3,15,42,16,8,79,success,12161971009135200093,1
LEO_V1_1_REQUALIFICATION_20260920,ofat_comparative,interferenceDb__25p0__lqi,f36d0510e3dbb0d3c9adffa565c74ad2c5026b77fa1cf04b411ba46f49f4c520,triangle,2.5,lqi,1,3,15,42,16,9,80,success,18131355419705379627,2
LEO_V1_1_REQUALIFICATION_20260920,ofat_comparative,interferenceDb__25p0__lqi,f36d0510e3dbb0d3c9adffa565c74ad2c5026b77fa1cf04b411ba46f49f4c520,triangle,2.5,lqi,1,3,15,42,16,9,81,timeout,0,0
LEO_V1_1_REQUALIFICATION_20260920,ofat_comparative,interferenceDb__25p0__lqi,f36d0510e3dbb0d3c9adffa565c74ad2c5026b77fa1cf04b411ba46f49f4c520,triangle,2.5,lqi,1,3,15,42,16,9,82,no_route,0,0
LEO_V1_1_REQUALIFICATION_20260920,ofat_comparative,interferenceDb__25p0__lqi,f36d0510e3dbb0d3c9adffa565c74ad2c5026b77fa1cf04b411ba46f49f4c520,triangle,2.5,lqi,1,3,15,42,16,9,83,success,18131355419705379627,2
LEO_V1_1_REQUALIFICATION_20260920,ofat_comparative,interferenceDb__25p0__lqi,f36d0510e3dbb0d3c9adffa565c74ad2c5026b77fa1cf04b411ba46f49f4c520,triangle,2.5,lqi,1,3,15,42,16,9,84,success,18131355419705379627,2
LEO_V1_1_REQUALIFICATION_20260920,ofat_comparative,interferenceDb__25p0__lqi,f36d0510e3dbb0d3c9adffa565c74ad2c5026b77fa1cf04b411ba46f49f4c520,triangle,2.5,lqi,1,3,15,42,16,9,85,success,18131355419705379627,2
LEO_V1_1_REQUALIFICATION_20260920,ofat_comparative,interferenceDb__25p0__lqi,f36d0510e3dbb0d3c9adffa565c74ad2c5026b77fa1cf04b411ba46f49f4c520,triangle,2.5,lqi,1,3,15,42,16,9,86,success,18131355419705379627,2
LEO_V1_1_REQUALIFICATION_20260920,ofat_comparative,interferenceDb__25p0__lqi,f36d0510e3dbb0d3c9adffa565c74ad2c5026b77fa1cf04b411ba46f49f4c520,triangle,2.5,lqi,1,3,15,42,16,9,87,success,18131355419705379627,2
LEO_V1_1_REQUALIFICATION_20260920,ofat_comparative,interferenceDb__25p0__lqi,f36d0510e3dbb0d3c9adffa565c74ad2c5026b77fa1cf04b411ba46f49f4c520,triangle,2.5,lqi,1,3,15,42,16,9,88,success,18131355419705379627,2
LEO_V1_1_REQUALIFICATION_20260920,ofat_comparative,interferenceDb__25p0__lqi,f36d0510e3dbb0d3c9adffa565c74ad2c5026b77fa1cf04b411ba46f49f4c520,triangle,2.5,lqi,1,3,15,42,16,9,89,success,18131355419705379627,2
LEO_V1_1_REQUALIFICATION_20260920,ofat_comparative,interferenceDb__25p0__lqi,f36d0510e3dbb0d3c9adffa565c74ad2c5026b77fa1cf04b411ba46f49f4c520,triangle,2.5,lqi,1,3,15,42,16,10,90,timeout,0,0
LEO_V1_1_REQUALIFICATION_20260920,ofat_comparative,interferenceDb__25p0__lqi,f36d0510e3dbb0d3c9adffa565c74ad2c5026b77fa1cf04b411ba46f49f4c520,triangle,2.5,lqi,1,3,15,42,16,10,91,no_route,0,0
LEO_V1_1_REQUALIFICATION_20260920,ofat_comparative,interferenceDb__25p0__lqi,f36d0510e3dbb0d3c9adffa565c74ad2c5026b77fa1cf04b411ba46f49f4c520,triangle,2.5,lqi,1,3,15,42,16,10,92,success,13393353645774055087,2
LEO_V1_1_REQUALIFICATION_20260920,ofat_comparative,interferenceDb__25p0__lqi,f36d0510e3dbb0d3c9adffa565c74ad2c5026b77fa1cf04b411ba46f49f4c520,triangle,2.5,lqi,1,3,15,42,16,10,93,success,13393353645774055087,2
LEO_V1_1_REQUALIFICATION_20260920,ofat_comparative,interferenceDb__25p0__lqi,f36d0510e3dbb0d3c9adffa565c74ad2c5026b77fa1cf04b411ba46f49f4c520,triangle,2.5,lqi,1,3,15,42,16,10,94,success,13393353645774055087,2
LEO_V1_1_REQUALIFICATION_20260920,ofat_comparative,interferenceDb__25p0__lqi,f36d0510e3dbb0d3c9adffa565c74ad2c5026b77fa1cf04b411ba46f49f4c520,triangle,2.5,lqi,1,3,15,42,16,10,95,success,13393353645774055087,2
LEO_V1_1_REQUALIFICATION_20260920,ofat_comparative,interferenceDb__25p0__lqi,f36d0510e3dbb0d3c9adffa565c74ad2c5026b77fa1cf04b411ba46f49f4c520,triangle,2.5,lqi,1,3,15,42,16,10,96,success,13393353645774055087,2
LEO_V1_1_REQUALIFICATION_20260920,ofat_comparative,interferenceDb__25p0__lqi,f36d0510e3dbb0d3c9adffa565c74ad2c5026b77fa1cf04b411ba46f49f4c520,triangle,2.5,lqi,1,3,15,42,16,10,97,success,13393353645774055087,2
LEO_V1_1_REQUALIFICATION_20260920,ofat_comparative,interferenceDb__25p0__lqi,f36d0510e3dbb0d3c9adffa565c74ad2c5026b77fa1cf04b411ba46f49f4c520,triangle,2.5,lqi,1,3,15,42,16,10,98,success,13393353645774055087,2
LEO_V1_1_REQUALIFICATION_20260920,ofat_comparative,interferenceDb__25p0__lqi,f36d0510e3dbb0d3c9adffa565c74ad2c5026b77fa1cf04b411ba46f49f4c520,triangle,2.5,lqi,1,3,15,42,16,10,99,success,13393353645774055087,2
LEO_V1_1_REQUALIFICATION_20260920,ofat_comparative,interferenceDb__25p0__lqi,f36d0510e3dbb0d3c9adffa565c74ad2c5026b77fa1cf04b411ba46f49f4c520,triangle,2.5,lqi,1,3,15,42,16,11,100,timeout,0,0
LEO_V1_1_REQUALIFICATION_20260920,ofat_comparative,interferenceDb__25p0__lqi,f36d0510e3dbb0d3c9adffa565c74ad2c5026b77fa1cf04b411ba46f49f4c520,triangle,2.5,lqi,1,3,15,42,16,11,101,no_route,0,0
LEO_V1_1_REQUALIFICATION_20260920,ofat_comparative,interferenceDb__25p0__lqi,f36d0510e3dbb0d3c9adffa565c74ad2c5026b77fa1cf04b411ba46f49f4c520,triangle,2.5,lqi,1,3,15,42,16,11,102,success,11861905262065286250,3
LEO_V1_1_REQUALIFICATION_20260920,ofat_comparative,interferenceDb__25p0__lqi,f36d0510e3dbb0d3c9adffa565c74ad2c5026b77fa1cf04b411ba46f49f4c520,triangle,2.5,lqi,1,3,15,42,16,11,103,success,11861905262065286250,3
LEO_V1_1_REQUALIFICATION_20260920,ofat_comparative,interferenceDb__25p0__lqi,f36d0510e3dbb0d3c9adffa565c74ad2c5026b77fa1cf04b411ba46f49f4c520,triangle,2.5,lqi,1,3,15,42,16,11,104,success,11861905262065286250,3
LEO_V1_1_REQUALIFICATION_20260920,ofat_comparative,interferenceDb__25p0__lqi,f36d0510e3dbb0d3c9adffa565c74ad2c5026b77fa1cf04b411ba46f49f4c520,triangle,2.5,lqi,1,3,15,42,16,11,105,success,11861905262065286250,3
LEO_V1_1_REQUALIFICATION_20260920,ofat_comparative,interferenceDb__25p0__lqi,f36d0510e3dbb0d3c9adffa565c74ad2c5026b77fa1cf04b411ba46f49f4c520,triangle,2.5,lqi,1,3,15,42,16,11,106,success,11861905262065286250,3
LEO_V1_1_REQUALIFICATION_20260920,ofat_comparative,interferenceDb__25p0__lqi,f36d0510e3dbb0d3c9adffa565c74ad2c5026b77fa1cf04b411ba46f49f4c520,triangle,2.5,lqi,1,3,15,42,16,11,107,success,11861905262065286250,3
LEO_V1_1_REQUALIFICATION_20260920,ofat_comparative,interferenceDb__25p0__lqi,f36d0510e3dbb0d3c9adffa565c74ad2c5026b77fa1cf04b411ba46f49f4c520,triangle,2.5,lqi,1,3,15,42,16,11,108,success,11861905262065286250,3
LEO_V1_1_REQUALIFICATION_20260920,ofat_comparative,interferenceDb__25p0__lqi,f36d0510e3dbb0d3c9adffa565c74ad2c5026b77fa1cf04b411ba46f49f4c520,triangle,2.5,lqi,1,3,15,42,16,11,109,success,11861905262065286250,3
LEO_V1_1_REQUALIFICATION_20260920,ofat_comparative,interferenceDb__25p0__lqi,f36d0510e3dbb0d3c9adffa565c74ad2c5026b77fa1cf04b411ba46f49f4c520,triangle,2.5,lqi,1,3,15,42,16,12,110,success,11861899764507145195,3
LEO_V1_1_REQUALIFICATION_20260920,ofat_comparative,interferenceDb__25p0__lqi,f36d0510e3dbb0d3c9adffa565c74ad2c5026b77fa1cf04b411ba46f49f4c520,triangle,2.5,lqi,1,3,15,42,16,12,111,success,11861899764507145195,3
LEO_V1_1_REQUALIFICATION_20260920,ofat_comparative,interferenceDb__25p0__lqi,f36d0510e3dbb0d3c9adffa565c74ad2c5026b77fa1cf04b411ba46f49f4c520,triangle,2.5,lqi,1,3,15,42,16,12,112,success,11861899764507145195,3
LEO_V1_1_REQUALIFICATION_20260920,ofat_comparative,interferenceDb__25p0__lqi,f36d0510e3dbb0d3c9adffa565c74ad2c5026b77fa1cf04b411ba46f49f4c520,triangle,2.5,lqi,1,3,15,42,16,12,113,success,11861899764507145195,3
LEO_V1_1_REQUALIFICATION_20260920,ofat_comparative,interferenceDb__25p0__lqi,f36d0510e3dbb0d3c9adffa565c74ad2c5026b77fa1cf04b411ba46f49f4c520,triangle,2.5,lqi,1,3,15,42,16,12,114,success,11861899764507145195,3
LEO_V1_1_REQUALIFICATION_20260920,ofat_comparative,interferenceDb__25p0__lqi,f36d0510e3dbb0d3c9adffa565c74ad2c5026b77fa1cf04b411ba46f49f4c520,triangle,2.5,lqi,1,3,15,42,16,12,115,success,11861899764507145195,3
LEO_V1_1_REQUALIFICATION_20260920,ofat_comparative,interferenceDb__25p0__lqi,f36d0510e3dbb0d3c9adffa565c74ad2c5026b77fa1cf04b411ba46f49f4c520,triangle,2.5,lqi,1,3,15,42,16,12,116,success,11861899764507145195,3
LEO_V1_1_REQUALIFICATION_20260920,ofat_comparative,interferenceDb__25p0__lqi,f36d0510e3dbb0d3c9adffa565c74ad2c5026b77fa1cf04b411ba46f49f4c520,triangle,2.5,lqi,1,3,15,42,16,12,117,success,11861899764507145195,3
LEO_V1_1_REQUALIFICATION_20260920,ofat_comparative,interferenceDb__25p0__lqi,f36d0510e3dbb0d3c9adffa565c74ad2c5026b77fa1cf04b411ba46f49f4c520,triangle,2.5,lqi,1,3,15,42,16,12,118,success,11861899764507145195,3
LEO_V1_1_REQUALIFICATION_20260920,ofat_comparative,interferenceDb__25p0__lqi,f36d0510e3dbb0d3c9adffa565c74ad2c5026b77fa1cf04b411ba46f49f4c520,triangle,2.5,lqi,1,3,15,42,16,12,119,success,11861899764507145195,3
LEO_V1_1_REQUALIFICATION_20260920,ofat_comparative,interferenceDb__25p0__lqi,f36d0510e3dbb0d3c9adffa565c74ad2c5026b77fa1cf04b411ba46f49f4c520,triangle,2.5,lqi,1,3,15,42,16,13,120,no_route,0,0
LEO_V1_1_REQUALIFICATION_20260920,ofat_comparative,interferenceDb__25p0__lqi,f36d0510e3dbb0d3c9adffa565c74ad2c5026b77fa1cf04b411ba46f49f4c520,triangle,2.5,lqi,1,3,15,42,16,13,121,no_route,0,0
LEO_V1_1_REQUALIFICATION_20260920,ofat_comparative,interferenceDb__25p0__lqi,f36d0510e3dbb0d3c9adffa565c74ad2c5026b77fa1cf04b411ba46f49f4c520,triangle,2.5,lqi,1,3,15,42,16,13,122,no_route,0,0
LEO_V1_1_REQUALIFICATION_20260920,ofat_comparative,interferenceDb__25p0__lqi,f36d0510e3dbb0d3c9adffa565c74ad2c5026b77fa1cf04b411ba46f49f4c520,triangle,2.5,lqi,1,3,15,42,16,13,123,no_route,0,0
LEO_V1_1_REQUALIFICATION_20260920,ofat_comparative,interferenceDb__25p0__lqi,f36d0510e3dbb0d3c9adffa565c74ad2c5026b77fa1cf04b411ba46f49f4c520,triangle,2.5,lqi,1,3,15,42,16,13,124,no_route,0,0
LEO_V1_1_REQUALIFICATION_20260920,ofat_comparative,interferenceDb__25p0__lqi,f36d0510e3dbb0d3c9adffa565c74ad2c5026b77fa1cf04b411ba46f49f4c520,triangle,2.5,lqi,1,3,15,42,16,13,125,no_route,0,0
LEO_V1_1_REQUALIFICATION_20260920,ofat_comparative,interferenceDb__25p0__lqi,f36d0510e3dbb0d3c9adffa565c74ad2c5026b77fa1cf04b411ba46f49f4c520,triangle,2.5,lqi,1,3,15,42,16,13,126,no_route,0,0
LEO_V1_1_REQUALIFICATION_20260920,ofat_comparative,interferenceDb__25p0__lqi,f36d0510e3dbb0d3c9adffa565c74ad2c5026b77fa1cf04b411ba46f49f4c520,triangle,2.5,lqi,1,3,15,42,16,13,127,no_route,0,0
LEO_V1_1_REQUALIFICATION_20260920,ofat_comparative,interferenceDb__25p0__lqi,f36d0510e3dbb0d3c9adffa565c74ad2c5026b77fa1cf04b411ba46f49f4c520,triangle,2.5,lqi,1,3,15,42,16,13,128,no_route,0,0
LEO_V1_1_REQUALIFICATION_20260920,ofat_comparative,interferenceDb__25p0__lqi,f36d0510e3dbb0d3c9adffa565c74ad2c5026b77fa1cf04b411ba46f49f4c520,triangle,2.5,lqi,1,3,15,42,16,13,129,no_route,0,0
LEO_V1_1_REQUALIFICATION_20260920,ofat_comparative,interferenceDb__25p0__lqi,f36d0510e3dbb0d3c9adffa565c74ad2c5026b77fa1cf04b411ba46f49f4c520,triangle,2.5,lqi,1,3,15,42,16,14,130,no_route,0,0
LEO_V1_1_REQUALIFICATION_20260920,ofat_comparative,interferenceDb__25p0__lqi,f36d0510e3dbb0d3c9adffa565c74ad2c5026b77fa1cf04b411ba46f49f4c520,triangle,2.5,lqi,1,3,15,42,16,14,131,no_route,0,0
LEO_V1_1_REQUALIFICATION_20260920,ofat_comparative,interferenceDb__25p0__lqi,f36d0510e3dbb0d3c9adffa565c74ad2c5026b77fa1cf04b411ba46f49f4c520,triangle,2.5,lqi,1,3,15,42,16,14,132,no_route,0,0
LEO_V1_1_REQUALIFICATION_20260920,ofat_comparative,interferenceDb__25p0__lqi,f36d0510e3dbb0d3c9adffa565c74ad2c5026b77fa1cf04b411ba46f49f4c520,triangle,2.5,lqi,1,3,15,42,16,14,133,no_route,0,0
LEO_V1_1_REQUALIFICATION_20260920,ofat_comparative,interferenceDb__25p0__lqi,f36d0510e3dbb0d3c9adffa565c74ad2c5026b77fa1cf04b411ba46f49f4c520,triangle,2.5,lqi,1,3,15,42,16,14,134,no_route,0,0
LEO_V1_1_REQUALIFICATION_20260920,ofat_comparative,interferenceDb__25p0__lqi,f36d0510e3dbb0d3c9adffa565c74ad2c5026b77fa1cf04b411ba46f49f4c520,triangle,2.5,lqi,1,3,15,42,16,14,135,no_route,0,0
LEO_V1_1_REQUALIFICATION_20260920,ofat_comparative,interferenceDb__25p0__lqi,f36d0510e3dbb0d3c9adffa565c74ad2c5026b77fa1cf04b411ba46f49f4c520,triangle,2.5,lqi,1,3,15,42,16,14,136,no_route,0,0
LEO_V1_1_REQUALIFICATION_20260920,ofat_comparative,interferenceDb__25p0__lqi,f36d0510e3dbb0d3c9adffa565c74ad2c5026b77fa1cf04b411ba46f49f4c520,triangle,2.5,lqi,1,3,15,42,16,14,137,no_route,0,0
LEO_V1_1_REQUALIFICATION_20260920,ofat_comparative,interferenceDb__25p0__lqi,f36d0510e3dbb0d3c9adffa565c74ad2c5026b77fa1cf04b411ba46f49f4c520,triangle,2.5,lqi,1,3,15,42,16,14,138,no_route,0,0
LEO_V1_1_REQUALIFICATION_20260920,ofat_comparative,interferenceDb__25p0__lqi,f36d0510e3dbb0d3c9adffa565c74ad2c5026b77fa1cf04b411ba46f49f4c520,triangle,2.5,lqi,1,3,15,42,16,14,139,no_route,0,0
LEO_V1_1_REQUALIFICATION_20260920,ofat_comparative,interferenceDb__25p0__lqi,f36d0510e3dbb0d3c9adffa565c74ad2c5026b77fa1cf04b411ba46f49f4c520,triangle,2.5,lqi,1,3,15,42,16,15,140,no_route,0,0
LEO_V1_1_REQUALIFICATION_20260920,ofat_comparative,interferenceDb__25p0__lqi,f36d0510e3dbb0d3c9adffa565c74ad2c5026b77fa1cf04b411ba46f49f4c520,triangle,2.5,lqi,1,3,15,42,16,15,141,no_route,0,0
LEO_V1_1_REQUALIFICATION_20260920,ofat_comparative,interferenceDb__25p0__lqi,f36d0510e3dbb0d3c9adffa565c74ad2c5026b77fa1cf04b411ba46f49f4c520,triangle,2.5,lqi,1,3,15,42,16,15,142,no_route,0,0
LEO_V1_1_REQUALIFICATION_20260920,ofat_comparative,interferenceDb__25p0__lqi,f36d0510e3dbb0d3c9adffa565c74ad2c5026b77fa1cf04b411ba46f49f4c520,triangle,2.5,lqi,1,3,15,42,16,15,143,no_route,0,0
LEO_V1_1_REQUALIFICATION_20260920,ofat_comparative,interferenceDb__25p0__lqi,f36d0510e3dbb0d3c9adffa565c74ad2c5026b77fa1cf04b411ba46f49f4c520,triangle,2.5,lqi,1,3,15,42,16,15,144,no_route,0,0
LEO_V1_1_REQUALIFICATION_20260920,ofat_comparative,interferenceDb__25p0__lqi,f36d0510e3dbb0d3c9adffa565c74ad2c5026b77fa1cf04b411ba46f49f4c520,triangle,2.5,lqi,1,3,15,42,16,15,145,no_route,0,0
LEO_V1_1_REQUALIFICATION_20260920,ofat_comparative,interferenceDb__25p0__lqi,f36d0510e3dbb0d3c9adffa565c74ad2c5026b77fa1cf04b411ba46f49f4c520,triangle,2.5,lqi,1,3,15,42,16,15,146,no_route,0,0
LEO_V1_1_REQUALIFICATION_20260920,ofat_comparative,interferenceDb__25p0__lqi,f36d0510e3dbb0d3c9adffa565c74ad2c5026b77fa1cf04b411ba46f49f4c520,triangle,2.5,lqi,1,3,15,42,16,15,147,no_route,0,0
LEO_V1_1_REQUALIFICATION_20260920,ofat_comparative,interferenceDb__25p0__lqi,f36d0510e3dbb0d3c9adffa565c74ad2c5026b77fa1cf04b411ba46f49f4c520,triangle,2.5,lqi,1,3,15,42,16,15,148,no_route,0,0
LEO_V1_1_REQUALIFICATION_20260920,ofat_comparative,interferenceDb__25p0__lqi,f36d0510e3dbb0d3c9adffa565c74ad2c5026b77fa1cf04b411ba46f49f4c520,triangle,2.5,lqi,1,3,15,42,16,15,149,no_route,0,0
LEO_V1_1_REQUALIFICATION_20260920,ofat_comparative,interferenceDb__25p0__lqi,f36d0510e3dbb0d3c9adffa565c74ad2c5026b77fa1cf04b411ba46f49f4c520,triangle,2.5,lqi,1,3,15,42,16,16,150,no_route,0,0
LEO_V1_1_REQUALIFICATION_20260920,ofat_comparative,interferenceDb__25p0__lqi,f36d0510e3dbb0d3c9adffa565c74ad2c5026b77fa1cf04b411ba46f49f4c520,triangle,2.5,lqi,1,3,15,42,16,16,151,no_route,0,0
LEO_V1_1_REQUALIFICATION_20260920,ofat_comparative,interferenceDb__25p0__lqi,f36d0510e3dbb0d3c9adffa565c74ad2c5026b77fa1cf04b411ba46f49f4c520,triangle,2.5,lqi,1,3,15,42,16,16,152,no_route,0,0
LEO_V1_1_REQUALIFICATION_20260920,ofat_comparative,interferenceDb__25p0__lqi,f36d0510e3dbb0d3c9adffa565c74ad2c5026b77fa1cf04b411ba46f49f4c520,triangle,2.5,lqi,1,3,15,42,16,16,153,no_route,0,0
LEO_V1_1_REQUALIFICATION_20260920,ofat_comparative,interferenceDb__25p0__lqi,f36d0510e3dbb0d3c9adffa565c74ad2c5026b77fa1cf04b411ba46f49f4c520,triangle,2.5,lqi,1,3,15,42,16,16,154,no_route,0,0
LEO_V1_1_REQUALIFICATION_20260920,ofat_comparative,interferenceDb__25p0__lqi,f36d0510e3dbb0d3c9adffa565c74ad2c5026b77fa1cf04b411ba46f49f4c520,triangle,2.5,lqi,1,3,15,42,16,16,155,no_route,0,0
LEO_V1_1_REQUALIFICATION_20260920,ofat_comparative,interferenceDb__25p0__lqi,f36d0510e3dbb0d3c9adffa565c74ad2c5026b77fa1cf04b411ba46f49f4c520,triangle,2.5,lqi,1,3,15,42,16,16,156,no_route,0,0
LEO_V1_1_REQUALIFICATION_20260920,ofat_comparative,interferenceDb__25p0__lqi,f36d0510e3dbb0d3c9adffa565c74ad2c5026b77fa1cf04b411ba46f49f4c520,triangle,2.5,lqi,1,3,15,42,16,16,157,no_route,0,0
LEO_V1_1_REQUALIFICATION_20260920,ofat_comparative,interferenceDb__25p0__lqi,f36d0510e3dbb0d3c9adffa565c74ad2c5026b77fa1cf04b411ba46f49f4c520,triangle,2.5,lqi,1,3,15,42,16,16,158,no_route,0,0
LEO_V1_1_REQUALIFICATION_20260920,ofat_comparative,interferenceDb__25p0__lqi,f36d0510e3dbb0d3c9adffa565c74ad2c5026b77fa1cf04b411ba46f49f4c520,triangle,2.5,lqi,1,3,15,42,16,16,159,no_route,0,0
LEO_V1_1_REQUALIFICATION_20260920,ofat_comparative,interferenceDb__25p0__lqi,f36d0510e3dbb0d3c9adffa565c74ad2c5026b77fa1cf04b411ba46f49f4c520,triangle,2.5,lqi,1,3,15,42,16,17,160,no_route,0,0
LEO_V1_1_REQUALIFICATION_20260920,ofat_comparative,interferenceDb__25p0__lqi,f36d0510e3dbb0d3c9adffa565c74ad2c5026b77fa1cf04b411ba46f49f4c520,triangle,2.5,lqi,1,3,15,42,16,17,161,no_route,0,0
LEO_V1_1_REQUALIFICATION_20260920,ofat_comparative,interferenceDb__25p0__lqi,f36d0510e3dbb0d3c9adffa565c74ad2c5026b77fa1cf04b411ba46f49f4c520,triangle,2.5,lqi,1,3,15,42,16,17,162,no_route,0,0
LEO_V1_1_REQUALIFICATION_20260920,ofat_comparative,interferenceDb__25p0__lqi,f36d0510e3dbb0d3c9adffa565c74ad2c5026b77fa1cf04b411ba46f49f4c520,triangle,2.5,lqi,1,3,15,42,16,17,163,no_route,0,0
LEO_V1_1_REQUALIFICATION_20260920,ofat_comparative,interferenceDb__25p0__lqi,f36d0510e3dbb0d3c9adffa565c74ad2c5026b77fa1cf04b411ba46f49f4c520,triangle,2.5,lqi,1,3,15,42,16,17,164,no_route,0,0
LEO_V1_1_REQUALIFICATION_20260920,ofat_comparative,interferenceDb__25p0__lqi,f36d0510e3dbb0d3c9adffa565c74ad2c5026b77fa1cf04b411ba46f49f4c520,triangle,2.5,lqi,1,3,15,42,16,17,165,no_route,0,0
LEO_V1_1_REQUALIFICATION_20260920,ofat_comparative,interferenceDb__25p0__lqi,f36d0510e3dbb0d3c9adffa565c74ad2c5026b77fa1cf04b411ba46f49f4c520,triangle,2.5,lqi,1,3,15,42,16,17,166,no_route,0,0
LEO_V1_1_REQUALIFICATION_20260920,ofat_comparative,interferenceDb__25p0__lqi,f36d0510e3dbb0d3c9adffa565c74ad2c5026b77fa1cf04b411ba46f49f4c520,triangle,2.5,lqi,1,3,15,42,16,17,167,no_route,0,0
LEO_V1_1_REQUALIFICATION_20260920,ofat_comparative,interferenceDb__25p0__lqi,f36d0510e3dbb0d3c9adffa565c74ad2c5026b77fa1cf04b411ba46f49f4c520,triangle,2.5,lqi,1,3,15,42,16,17,168,no_route,0,0
LEO_V1_1_REQUALIFICATION_20260920,ofat_comparative,interferenceDb__25p0__lqi,f36d0510e3dbb0d3c9adffa565c74ad2c5026b77fa1cf04b411ba46f49f4c520,triangle,2.5,lqi,1,3,15,42,16,17,169,no_route,0,0
LEO_V1_1_REQUALIFICATION_20260920,ofat_comparative,interferenceDb__25p0__lqi,f36d0510e3dbb0d3c9adffa565c74ad2c5026b77fa1cf04b411ba46f49f4c520,triangle,2.5,lqi,1,3,15,42,16,18,170,no_route,0,0
LEO_V1_1_REQUALIFICATION_20260920,ofat_comparative,interferenceDb__25p0__lqi,f36d0510e3dbb0d3c9adffa565c74ad2c5026b77fa1cf04b411ba46f49f4c520,triangle,2.5,lqi,1,3,15,42,16,18,171,no_route,0,0
LEO_V1_1_REQUALIFICATION_20260920,ofat_comparative,interferenceDb__25p0__lqi,f36d0510e3dbb0d3c9adffa565c74ad2c5026b77fa1cf04b411ba46f49f4c520,triangle,2.5,lqi,1,3,15,42,16,18,172,no_route,0,0
LEO_V1_1_REQUALIFICATION_20260920,ofat_comparative,interferenceDb__25p0__lqi,f36d0510e3dbb0d3c9adffa565c74ad2c5026b77fa1cf04b411ba46f49f4c520,triangle,2.5,lqi,1,3,15,42,16,18,173,no_route,0,0
LEO_V1_1_REQUALIFICATION_20260920,ofat_comparative,interferenceDb__25p0__lqi,f36d0510e3dbb0d3c9adffa565c74ad2c5026b77fa1cf04b411ba46f49f4c520,triangle,2.5,lqi,1,3,15,42,16,18,174,no_route,0,0
LEO_V1_1_REQUALIFICATION_20260920,ofat_comparative,interferenceDb__25p0__lqi,f36d0510e3dbb0d3c9adffa565c74ad2c5026b77fa1cf04b411ba46f49f4c520,triangle,2.5,lqi,1,3,15,42,16,18,175,no_route,0,0
LEO_V1_1_REQUALIFICATION_20260920,ofat_comparative,interferenceDb__25p0__lqi,f36d0510e3dbb0d3c9adffa565c74ad2c5026b77fa1cf04b411ba46f49f4c520,triangle,2.5,lqi,1,3,15,42,16,18,176,no_route,0,0
LEO_V1_1_REQUALIFICATION_20260920,ofat_comparative,interferenceDb__25p0__lqi,f36d0510e3dbb0d3c9adffa565c74ad2c5026b77fa1cf04b411ba46f49f4c520,triangle,2.5,lqi,1,3,15,42,16,18,177,no_route,0,0
LEO_V1_1_REQUALIFICATION_20260920,ofat_comparative,interferenceDb__25p0__lqi,f36d0510e3dbb0d3c9adffa565c74ad2c5026b77fa1cf04b411ba46f49f4c520,triangle,2.5,lqi,1,3,15,42,16,18,178,no_route,0,0
LEO_V1_1_REQUALIFICATION_20260920,ofat_comparative,interferenceDb__25p0__lqi,f36d0510e3dbb0d3c9adffa565c74ad2c5026b77fa1cf04b411ba46f49f4c520,triangle,2.5,lqi,1,3,15,42,16,18,179,no_route,0,0
LEO_V1_1_REQUALIFICATION_20260920,ofat_comparative,interferenceDb__25p0__lqi,f36d0510e3dbb0d3c9adffa565c74ad2c5026b77fa1cf04b411ba46f49f4c520,triangle,2.5,lqi,1,3,15,42,16,19,180,no_route,0,0
LEO_V1_1_REQUALIFICATION_20260920,ofat_comparative,interferenceDb__25p0__lqi,f36d0510e3dbb0d3c9adffa565c74ad2c5026b77fa1cf04b411ba46f49f4c520,triangle,2.5,lqi,1,3,15,42,16,19,181,no_route,0,0
LEO_V1_1_REQUALIFICATION_20260920,ofat_comparative,interferenceDb__25p0__lqi,f36d0510e3dbb0d3c9adffa565c74ad2c5026b77fa1cf04b411ba46f49f4c520,triangle,2.5,lqi,1,3,15,42,16,19,182,no_route,0,0
LEO_V1_1_REQUALIFICATION_20260920,ofat_comparative,interferenceDb__25p0__lqi,f36d0510e3dbb0d3c9adffa565c74ad2c5026b77fa1cf04b411ba46f49f4c520,triangle,2.5,lqi,1,3,15,42,16,19,183,no_route,0,0
LEO_V1_1_REQUALIFICATION_20260920,ofat_comparative,interferenceDb__25p0__lqi,f36d0510e3dbb0d3c9adffa565c74ad2c5026b77fa1cf04b411ba46f49f4c520,triangle,2.5,lqi,1,3,15,42,16,19,184,no_route,0,0
LEO_V1_1_REQUALIFICATION_20260920,ofat_comparative,interferenceDb__25p0__lqi,f36d0510e3dbb0d3c9adffa565c74ad2c5026b77fa1cf04b411ba46f49f4c520,triangle,2.5,lqi,1,3,15,42,16,19,185,no_route,0,0
LEO_V1_1_REQUALIFICATION_20260920,ofat_comparative,interferenceDb__25p0__lqi,f36d0510e3dbb0d3c9adffa565c74ad2c5026b77fa1cf04b411ba46f49f4c520,triangle,2.5,lqi,1,3,15,42,16,19,186,no_route,0,0
LEO_V1_1_REQUALIFICATION_20260920,ofat_comparative,interferenceDb__25p0__lqi,f36d0510e3dbb0d3c9adffa565c74ad2c5026b77fa1cf04b411ba46f49f4c520,triangle,2.5,lqi,1,3,15,42,16,19,187,no_route,0,0
LEO_V1_1_REQUALIFICATION_20260920,ofat_comparative,interferenceDb__25p0__lqi,f36d0510e3dbb0d3c9adffa565c74ad2c5026b77fa1cf04b411ba46f49f4c520,triangle,2.5,lqi,1,3,15,42,16,19,188,no_route,0,0
LEO_V1_1_REQUALIFICATION_20260920,ofat_comparative,interferenceDb__25p0__lqi,f36d0510e3dbb0d3c9adffa565c74ad2c5026b77fa1cf04b411ba46f49f4c520,triangle,2.5,lqi,1,3,15,42,16,19,189,no_route,0,0
LEO_V1_1_REQUALIFICATION_20260920,ofat_comparative,interferenceDb__25p0__lqi,f36d0510e3dbb0d3c9adffa565c74ad2c5026b77fa1cf04b411ba46f49f4c520,triangle,2.5,lqi,1,3,16,42,17,1,0,success,12161961113530546194,1
LEO_V1_1_REQUALIFICATION_20260920,ofat_comparative,interferenceDb__25p0__lqi,f36d0510e3dbb0d3c9adffa565c74ad2c5026b77fa1cf04b411ba46f49f4c520,triangle,2.5,lqi,1,3,16,42,17,1,1,success,12161961113530546194,1
LEO_V1_1_REQUALIFICATION_20260920,ofat_comparative,interferenceDb__25p0__lqi,f36d0510e3dbb0d3c9adffa565c74ad2c5026b77fa1cf04b411ba46f49f4c520,triangle,2.5,lqi,1,3,16,42,17,1,2,success,12161961113530546194,1
LEO_V1_1_REQUALIFICATION_20260920,ofat_comparative,interferenceDb__25p0__lqi,f36d0510e3dbb0d3c9adffa565c74ad2c5026b77fa1cf04b411ba46f49f4c520,triangle,2.5,lqi,1,3,16,42,17,1,3,success,12161961113530546194,1
LEO_V1_1_REQUALIFICATION_20260920,ofat_comparative,interferenceDb__25p0__lqi,f36d0510e3dbb0d3c9adffa565c74ad2c5026b77fa1cf04b411ba46f49f4c520,triangle,2.5,lqi,1,3,16,42,17,1,4,success,12161961113530546194,1
LEO_V1_1_REQUALIFICATION_20260920,ofat_comparative,interferenceDb__25p0__lqi,f36d0510e3dbb0d3c9adffa565c74ad2c5026b77fa1cf04b411ba46f49f4c520,triangle,2.5,lqi,1,3,16,42,17,1,5,success,12161961113530546194,1
LEO_V1_1_REQUALIFICATION_20260920,ofat_comparative,interferenceDb__25p0__lqi,f36d0510e3dbb0d3c9adffa565c74ad2c5026b77fa1cf04b411ba46f49f4c520,triangle,2.5,lqi,1,3,16,42,17,1,6,success,12161961113530546194,1
LEO_V1_1_REQUALIFICATION_20260920,ofat_comparative,interferenceDb__25p0__lqi,f36d0510e3dbb0d3c9adffa565c74ad2c5026b77fa1cf04b411ba46f49f4c520,triangle,2.5,lqi,1,3,16,42,17,1,7,success,12161961113530546194,1
LEO_V1_1_REQUALIFICATION_20260920,ofat_comparative,interferenceDb__25p0__lqi,f36d0510e3dbb0d3c9adffa565c74ad2c5026b77fa1cf04b411ba46f49f4c520,triangle,2.5,lqi,1,3,16,42,17,1,8,success,12161961113530546194,1
LEO_V1_1_REQUALIFICATION_20260920,ofat_comparative,interferenceDb__25p0__lqi,f36d0510e3dbb0d3c9adffa565c74ad2c5026b77fa1cf04b411ba46f49f4c520,triangle,2.5,lqi,1,3,16,42,17,1,9,success,12161961113530546194,1
LEO_V1_1_REQUALIFICATION_20260920,ofat_comparative,interferenceDb__25p0__lqi,f36d0510e3dbb0d3c9adffa565c74ad2c5026b77fa1cf04b411ba46f49f4c520,triangle,2.5,lqi,1,3,16,42,17,2,10,success,5168104527567582924,2
LEO_V1_1_REQUALIFICATION_20260920,ofat_comparative,interferenceDb__25p0__lqi,f36d0510e3dbb0d3c9adffa565c74ad2c5026b77fa1cf04b411ba46f49f4c520,triangle,2.5,lqi,1,3,16,42,17,2,11,success,5168104527567582924,2
LEO_V1_1_REQUALIFICATION_20260920,ofat_comparative,interferenceDb__25p0__lqi,f36d0510e3dbb0d3c9adffa565c74ad2c5026b77fa1cf04b411ba46f49f4c520,triangle,2.5,lqi,1,3,16,42,17,2,12,success,5168104527567582924,2
LEO_V1_1_REQUALIFICATION_20260920,ofat_comparative,interferenceDb__25p0__lqi,f36d0510e3dbb0d3c9adffa565c74ad2c5026b77fa1cf04b411ba46f49f4c520,triangle,2.5,lqi,1,3,16,42,17,2,13,success,5168104527567582924,2
LEO_V1_1_REQUALIFICATION_20260920,ofat_comparative,interferenceDb__25p0__lqi,f36d0510e3dbb0d3c9adffa565c74ad2c5026b77fa1cf04b411ba46f49f4c520,triangle,2.5,lqi,1,3,16,42,17,2,14,success,5168104527567582924,2
LEO_V1_1_REQUALIFICATION_20260920,ofat_comparative,interferenceDb__25p0__lqi,f36d0510e3dbb0d3c9adffa565c74ad2c5026b77fa1cf04b411ba46f49f4c520,triangle,2.5,lqi,1,3,16,42,17,2,15,success,5168104527567582924,2
LEO_V1_1_REQUALIFICATION_20260920,ofat_comparative,interferenceDb__25p0__lqi,f36d0510e3dbb0d3c9adffa565c74ad2c5026b77fa1cf04b411ba46f49f4c520,triangle,2.5,lqi,1,3,16,42,17,2,16,success,5168104527567582924,2
LEO_V1_1_REQUALIFICATION_20260920,ofat_comparative,interferenceDb__25p0__lqi,f36d0510e3dbb0d3c9adffa565c74ad2c5026b77fa1cf04b411ba46f49f4c520,triangle,2.5,lqi,1,3,16,42,17,2,17,success,5168104527567582924,2
LEO_V1_1_REQUALIFICATION_20260920,ofat_comparative,interferenceDb__25p0__lqi,f36d0510e3dbb0d3c9adffa565c74ad2c5026b77fa1cf04b411ba46f49f4c520,triangle,2.5,lqi,1,3,16,42,17,2,18,success,5168104527567582924,2
LEO_V1_1_REQUALIFICATION_20260920,ofat_comparative,interferenceDb__25p0__lqi,f36d0510e3dbb0d3c9adffa565c74ad2c5026b77fa1cf04b411ba46f49f4c520,triangle,2.5,lqi,1,3,16,42,17,2,19,success,5168104527567582924,2
LEO_V1_1_REQUALIFICATION_20260920,ofat_comparative,interferenceDb__25p0__lqi,f36d0510e3dbb0d3c9adffa565c74ad2c5026b77fa1cf04b411ba46f49f4c520,triangle,2.5,lqi,1,3,16,42,17,3,20,success,15805390618127343269,3
LEO_V1_1_REQUALIFICATION_20260920,ofat_comparative,interferenceDb__25p0__lqi,f36d0510e3dbb0d3c9adffa565c74ad2c5026b77fa1cf04b411ba46f49f4c520,triangle,2.5,lqi,1,3,16,42,17,3,21,success,15805390618127343269,3
LEO_V1_1_REQUALIFICATION_20260920,ofat_comparative,interferenceDb__25p0__lqi,f36d0510e3dbb0d3c9adffa565c74ad2c5026b77fa1cf04b411ba46f49f4c520,triangle,2.5,lqi,1,3,16,42,17,3,22,success,15805390618127343269,3
LEO_V1_1_REQUALIFICATION_20260920,ofat_comparative,interferenceDb__25p0__lqi,f36d0510e3dbb0d3c9adffa565c74ad2c5026b77fa1cf04b411ba46f49f4c520,triangle,2.5,lqi,1,3,16,42,17,3,23,success,15805390618127343269,3
LEO_V1_1_REQUALIFICATION_20260920,ofat_comparative,interferenceDb__25p0__lqi,f36d0510e3dbb0d3c9adffa565c74ad2c5026b77fa1cf04b411ba46f49f4c520,triangle,2.5,lqi,1,3,16,42,17,3,24,success,15805390618127343269,3
LEO_V1_1_REQUALIFICATION_20260920,ofat_comparative,interferenceDb__25p0__lqi,f36d0510e3dbb0d3c9adffa565c74ad2c5026b77fa1cf04b411ba46f49f4c520,triangle,2.5,lqi,1,3,16,42,17,3,25,success,15805390618127343269,3
LEO_V1_1_REQUALIFICATION_20260920,ofat_comparative,interferenceDb__25p0__lqi,f36d0510e3dbb0d3c9adffa565c74ad2c5026b77fa1cf04b411ba46f49f4c520,triangle,2.5,lqi,1,3,16,42,17,3,26,success,15805390618127343269,3
LEO_V1_1_REQUALIFICATION_20260920,ofat_comparative,interferenceDb__25p0__lqi,f36d0510e3dbb0d3c9adffa565c74ad2c5026b77fa1cf04b411ba46f49f4c520,triangle,2.5,lqi,1,3,16,42,17,3,27,success,15805390618127343269,3
LEO_V1_1_REQUALIFICATION_20260920,ofat_comparative,interferenceDb__25p0__lqi,f36d0510e3dbb0d3c9adffa565c74ad2c5026b77fa1cf04b411ba46f49f4c520,triangle,2.5,lqi,1,3,16,42,17,3,28,success,15805390618127343269,3
LEO_V1_1_REQUALIFICATION_20260920,ofat_comparative,interferenceDb__25p0__lqi,f36d0510e3dbb0d3c9adffa565c74ad2c5026b77fa1cf04b411ba46f49f4c520,triangle,2.5,lqi,1,3,16,42,17,3,29,timeout,0,0
LEO_V1_1_REQUALIFICATION_20260920,ofat_comparative,interferenceDb__25p0__lqi,f36d0510e3dbb0d3c9adffa565c74ad2c5026b77fa1cf04b411ba46f49f4c520,triangle,2.5,lqi,1,3,16,42,17,4,30,success,4254184782511048963,2
LEO_V1_1_REQUALIFICATION_20260920,ofat_comparative,interferenceDb__25p0__lqi,f36d0510e3dbb0d3c9adffa565c74ad2c5026b77fa1cf04b411ba46f49f4c520,triangle,2.5,lqi,1,3,16,42,17,4,31,success,4254184782511048963,2
LEO_V1_1_REQUALIFICATION_20260920,ofat_comparative,interferenceDb__25p0__lqi,f36d0510e3dbb0d3c9adffa565c74ad2c5026b77fa1cf04b411ba46f49f4c520,triangle,2.5,lqi,1,3,16,42,17,4,32,timeout,0,0
LEO_V1_1_REQUALIFICATION_20260920,ofat_comparative,interferenceDb__25p0__lqi,f36d0510e3dbb0d3c9adffa565c74ad2c5026b77fa1cf04b411ba46f49f4c520,triangle,2.5,lqi,1,3,16,42,17,4,33,no_route,0,0
LEO_V1_1_REQUALIFICATION_20260920,ofat_comparative,interferenceDb__25p0__lqi,f36d0510e3dbb0d3c9adffa565c74ad2c5026b77fa1cf04b411ba46f49f4c520,triangle,2.5,lqi,1,3,16,42,17,4,34,success,16719300467579223331,3
LEO_V1_1_REQUALIFICATION_20260920,ofat_comparative,interferenceDb__25p0__lqi,f36d0510e3dbb0d3c9adffa565c74ad2c5026b77fa1cf04b411ba46f49f4c520,triangle,2.5,lqi,1,3,16,42,17,4,35,success,16719300467579223331,3
LEO_V1_1_REQUALIFICATION_20260920,ofat_comparative,interferenceDb__25p0__lqi,f36d0510e3dbb0d3c9adffa565c74ad2c5026b77fa1cf04b411ba46f49f4c520,triangle,2.5,lqi,1,3,16,42,17,4,36,success,16719300467579223331,3
LEO_V1_1_REQUALIFICATION_20260920,ofat_comparative,interferenceDb__25p0__lqi,f36d0510e3dbb0d3c9adffa565c74ad2c5026b77fa1cf04b411ba46f49f4c520,triangle,2.5,lqi,1,3,16,42,17,4,37,success,16719300467579223331,3
LEO_V1_1_REQUALIFICATION_20260920,ofat_comparative,interferenceDb__25p0__lqi,f36d0510e3dbb0d3c9adffa565c74ad2c5026b77fa1cf04b411ba46f49f4c520,triangle,2.5,lqi,1,3,16,42,17,4,38,success,16719300467579223331,3
LEO_V1_1_REQUALIFICATION_20260920,ofat_comparative,interferenceDb__25p0__lqi,f36d0510e3dbb0d3c9adffa565c74ad2c5026b77fa1cf04b411ba46f49f4c520,triangle,2.5,lqi,1,3,16,42,17,4,39,success,16719300467579223331,3
LEO_V1_1_REQUALIFICATION_20260920,ofat_comparative,interferenceDb__25p0__lqi,f36d0510e3dbb0d3c9adffa565c74ad2c5026b77fa1cf04b411ba46f49f4c520,triangle,2.5,lqi,1,3,16,42,17,5,40,success,4254183682999420752,2
LEO_V1_1_REQUALIFICATION_20260920,ofat_comparative,interferenceDb__25p0__lqi,f36d0510e3dbb0d3c9adffa565c74ad2c5026b77fa1cf04b411ba46f49f4c520,triangle,2.5,lqi,1,3,16,42,17,5,41,success,4254183682999420752,2
LEO_V1_1_REQUALIFICATION_20260920,ofat_comparative,interferenceDb__25p0__lqi,f36d0510e3dbb0d3c9adffa565c74ad2c5026b77fa1cf04b411ba46f49f4c520,triangle,2.5,lqi,1,3,16,42,17,5,42,timeout,0,0
LEO_V1_1_REQUALIFICATION_20260920,ofat_comparative,interferenceDb__25p0__lqi,f36d0510e3dbb0d3c9adffa565c74ad2c5026b77fa1cf04b411ba46f49f4c520,triangle,2.5,lqi,1,3,16,42,17,5,43,no_route,0,0
LEO_V1_1_REQUALIFICATION_20260920,ofat_comparative,interferenceDb__25p0__lqi,f36d0510e3dbb0d3c9adffa565c74ad2c5026b77fa1cf04b411ba46f49f4c520,triangle,2.5,lqi,1,3,16,42,17,5,44,success,361534944325740351,4
LEO_V1_1_REQUALIFICATION_20260920,ofat_comparative,interferenceDb__25p0__lqi,f36d0510e3dbb0d3c9adffa565c74ad2c5026b77fa1cf04b411ba46f49f4c520,triangle,2.5,lqi,1,3,16,42,17,5,45,success,361534944325740351,4
LEO_V1_1_REQUALIFICATION_20260920,ofat_comparative,interferenceDb__25p0__lqi,f36d0510e3dbb0d3c9adffa565c74ad2c5026b77fa1cf04b411ba46f49f4c520,triangle,2.5,lqi,1,3,16,42,17,5,46,success,361534944325740351,4
LEO_V1_1_REQUALIFICATION_20260920,ofat_comparative,interferenceDb__25p0__lqi,f36d0510e3dbb0d3c9adffa565c74ad2c5026b77fa1cf04b411ba46f49f4c520,triangle,2.5,lqi,1,3,16,42,17,5,47,success,361534944325740351,4
LEO_V1_1_REQUALIFICATION_20260920,ofat_comparative,interferenceDb__25p0__lqi,f36d0510e3dbb0d3c9adffa565c74ad2c5026b77fa1cf04b411ba46f49f4c520,triangle,2.5,lqi,1,3,16,42,17,5,48,success,361534944325740351,4
LEO_V1_1_REQUALIFICATION_20260920,ofat_comparative,interferenceDb__25p0__lqi,f36d0510e3dbb0d3c9adffa565c74ad2c5026b77fa1cf04b411ba46f49f4c520,triangle,2.5,lqi,1,3,16,42,17,5,49,success,361534944325740351,4
LEO_V1_1_REQUALIFICATION_20260920,ofat_comparative,interferenceDb__25p0__lqi,f36d0510e3dbb0d3c9adffa565c74ad2c5026b77fa1cf04b411ba46f49f4c520,triangle,2.5,lqi,1,3,16,42,17,6,50,timeout,0,0
LEO_V1_1_REQUALIFICATION_20260920,ofat_comparative,interferenceDb__25p0__lqi,f36d0510e3dbb0d3c9adffa565c74ad2c5026b77fa1cf04b411ba46f49f4c520,triangle,2.5,lqi,1,3,16,42,17,6,51,no_route,0,0
LEO_V1_1_REQUALIFICATION_20260920,ofat_comparative,interferenceDb__25p0__lqi,f36d0510e3dbb0d3c9adffa565c74ad2c5026b77fa1cf04b411ba46f49f4c520,triangle,2.5,lqi,1,3,16,42,17,6,52,timeout,0,0
LEO_V1_1_REQUALIFICATION_20260920,ofat_comparative,interferenceDb__25p0__lqi,f36d0510e3dbb0d3c9adffa565c74ad2c5026b77fa1cf04b411ba46f49f4c520,triangle,2.5,lqi,1,3,16,42,17,6,53,no_route,0,0
LEO_V1_1_REQUALIFICATION_20260920,ofat_comparative,interferenceDb__25p0__lqi,f36d0510e3dbb0d3c9adffa565c74ad2c5026b77fa1cf04b411ba46f49f4c520,triangle,2.5,lqi,1,3,16,42,17,6,54,success,361536043837368562,4
LEO_V1_1_REQUALIFICATION_20260920,ofat_comparative,interferenceDb__25p0__lqi,f36d0510e3dbb0d3c9adffa565c74ad2c5026b77fa1cf04b411ba46f49f4c520,triangle,2.5,lqi,1,3,16,42,17,6,55,success,361536043837368562,4
LEO_V1_1_REQUALIFICATION_20260920,ofat_comparative,interferenceDb__25p0__lqi,f36d0510e3dbb0d3c9adffa565c74ad2c5026b77fa1cf04b411ba46f49f4c520,triangle,2.5,lqi,1,3,16,42,17,6,56,success,361536043837368562,4
LEO_V1_1_REQUALIFICATION_20260920,ofat_comparative,interferenceDb__25p0__lqi,f36d0510e3dbb0d3c9adffa565c74ad2c5026b77fa1cf04b411ba46f49f4c520,triangle,2.5,lqi,1,3,16,42,17,6,57,success,361536043837368562,4
LEO_V1_1_REQUALIFICATION_20260920,ofat_comparative,interferenceDb__25p0__lqi,f36d0510e3dbb0d3c9adffa565c74ad2c5026b77fa1cf04b411ba46f49f4c520,triangle,2.5,lqi,1,3,16,42,17,6,58,success,361536043837368562,4
LEO_V1_1_REQUALIFICATION_20260920,ofat_comparative,interferenceDb__25p0__lqi,f36d0510e3dbb0d3c9adffa565c74ad2c5026b77fa1cf04b411ba46f49f4c520,triangle,2.5,lqi,1,3,16,42,17,6,59,success,361536043837368562,4
LEO_V1_1_REQUALIFICATION_20260920,ofat_comparative,interferenceDb__25p0__lqi,f36d0510e3dbb0d3c9adffa565c74ad2c5026b77fa1cf04b411ba46f49f4c520,triangle,2.5,lqi,1,3,16,42,17,7,60,success,12161954516460776928,1
LEO_V1_1_REQUALIFICATION_20260920,ofat_comparative,interferenceDb__25p0__lqi,f36d0510e3dbb0d3c9adffa565c74ad2c5026b77fa1cf04b411ba46f49f4c520,triangle,2.5,lqi,1,3,16,42,17,7,61,success,12161954516460776928,1
LEO_V1_1_REQUALIFICATION_20260920,ofat_comparative,interferenceDb__25p0__lqi,f36d0510e3dbb0d3c9adffa565c74ad2c5026b77fa1cf04b411ba46f49f4c520,triangle,2.5,lqi,1,3,16,42,17,7,62,success,12161954516460776928,1
LEO_V1_1_REQUALIFICATION_20260920,ofat_comparative,interferenceDb__25p0__lqi,f36d0510e3dbb0d3c9adffa565c74ad2c5026b77fa1cf04b411ba46f49f4c520,triangle,2.5,lqi,1,3,16,42,17,7,63,success,12161954516460776928,1
LEO_V1_1_REQUALIFICATION_20260920,ofat_comparative,interferenceDb__25p0__lqi,f36d0510e3dbb0d3c9adffa565c74ad2c5026b77fa1cf04b411ba46f49f4c520,triangle,2.5,lqi,1,3,16,42,17,7,64,success,12161954516460776928,1
LEO_V1_1_REQUALIFICATION_20260920,ofat_comparative,interferenceDb__25p0__lqi,f36d0510e3dbb0d3c9adffa565c74ad2c5026b77fa1cf04b411ba46f49f4c520,triangle,2.5,lqi,1,3,16,42,17,7,65,success,12161954516460776928,1
LEO_V1_1_REQUALIFICATION_20260920,ofat_comparative,interferenceDb__25p0__lqi,f36d0510e3dbb0d3c9adffa565c74ad2c5026b77fa1cf04b411ba46f49f4c520,triangle,2.5,lqi,1,3,16,42,17,7,66,success,12161954516460776928,1
LEO_V1_1_REQUALIFICATION_20260920,ofat_comparative,interferenceDb__25p0__lqi,f36d0510e3dbb0d3c9adffa565c74ad2c5026b77fa1cf04b411ba46f49f4c520,triangle,2.5,lqi,1,3,16,42,17,7,67,success,12161954516460776928,1
LEO_V1_1_REQUALIFICATION_20260920,ofat_comparative,interferenceDb__25p0__lqi,f36d0510e3dbb0d3c9adffa565c74ad2c5026b77fa1cf04b411ba46f49f4c520,triangle,2.5,lqi,1,3,16,42,17,7,68,success,12161954516460776928,1
LEO_V1_1_REQUALIFICATION_20260920,ofat_comparative,interferenceDb__25p0__lqi,f36d0510e3dbb0d3c9adffa565c74ad2c5026b77fa1cf04b411ba46f49f4c520,triangle,2.5,lqi,1,3,16,42,17,7,69,success,12161954516460776928,1
LEO_V1_1_REQUALIFICATION_20260920,ofat_comparative,interferenceDb__25p0__lqi,f36d0510e3dbb0d3c9adffa565c74ad2c5026b77fa1cf04b411ba46f49f4c520,triangle,2.5,lqi,1,3,16,42,17,8,70,success,12161971009135200093,1
LEO_V1_1_REQUALIFICATION_20260920,ofat_comparative,interferenceDb__25p0__lqi,f36d0510e3dbb0d3c9adffa565c74ad2c5026b77fa1cf04b411ba46f49f4c520,triangle,2.5,lqi,1,3,16,42,17,8,71,success,12161971009135200093,1
LEO_V1_1_REQUALIFICATION_20260920,ofat_comparative,interferenceDb__25p0__lqi,f36d0510e3dbb0d3c9adffa565c74ad2c5026b77fa1cf04b411ba46f49f4c520,triangle,2.5,lqi,1,3,16,42,17,8,72,success,12161971009135200093,1
LEO_V1_1_REQUALIFICATION_20260920,ofat_comparative,interferenceDb__25p0__lqi,f36d0510e3dbb0d3c9adffa565c74ad2c5026b77fa1cf04b411ba46f49f4c520,triangle,2.5,lqi,1,3,16,42,17,8,73,success,12161971009135200093,1
LEO_V1_1_REQUALIFICATION_20260920,ofat_comparative,interferenceDb__25p0__lqi,f36d0510e3dbb0d3c9adffa565c74ad2c5026b77fa1cf04b411ba46f49f4c520,triangle,2.5,lqi,1,3,16,42,17,8,74,success,12161971009135200093,1
LEO_V1_1_REQUALIFICATION_20260920,ofat_comparative,interferenceDb__25p0__lqi,f36d0510e3dbb0d3c9adffa565c74ad2c5026b77fa1cf04b411ba46f49f4c520,triangle,2.5,lqi,1,3,16,42,17,8,75,success,12161971009135200093,1
LEO_V1_1_REQUALIFICATION_20260920,ofat_comparative,interferenceDb__25p0__lqi,f36d0510e3dbb0d3c9adffa565c74ad2c5026b77fa1cf04b411ba46f49f4c520,triangle,2.5,lqi,1,3,16,42,17,8,76,success,12161971009135200093,1
LEO_V1_1_REQUALIFICATION_20260920,ofat_comparative,interferenceDb__25p0__lqi,f36d0510e3dbb0d3c9adffa565c74ad2c5026b77fa1cf04b411ba46f49f4c520,triangle,2.5,lqi,1,3,16,42,17,8,77,success,12161971009135200093,1
LEO_V1_1_REQUALIFICATION_20260920,ofat_comparative,interferenceDb__25p0__lqi,f36d0510e3dbb0d3c9adffa565c74ad2c5026b77fa1cf04b411ba46f49f4c520,triangle,2.5,lqi,1,3,16,42,17,8,78,success,12161971009135200093,1
LEO_V1_1_REQUALIFICATION_20260920,ofat_comparative,interferenceDb__25p0__lqi,f36d0510e3dbb0d3c9adffa565c74ad2c5026b77fa1cf04b411ba46f49f4c520,triangle,2.5,lqi,1,3,16,42,17,8,79,success,12161971009135200093,1
LEO_V1_1_REQUALIFICATION_20260920,ofat_comparative,interferenceDb__25p0__lqi,f36d0510e3dbb0d3c9adffa565c74ad2c5026b77fa1cf04b411ba46f49f4c520,triangle,2.5,lqi,1,3,16,42,17,9,80,timeout,0,0
LEO_V1_1_REQUALIFICATION_20260920,ofat_comparative,interferenceDb__25p0__lqi,f36d0510e3dbb0d3c9adffa565c74ad2c5026b77fa1cf04b411ba46f49f4c520,triangle,2.5,lqi,1,3,16,42,17,9,81,no_route,0,0
LEO_V1_1_REQUALIFICATION_20260920,ofat_comparative,interferenceDb__25p0__lqi,f36d0510e3dbb0d3c9adffa565c74ad2c5026b77fa1cf04b411ba46f49f4c520,triangle,2.5,lqi,1,3,16,42,17,9,82,success,18131355419705379627,2
LEO_V1_1_REQUALIFICATION_20260920,ofat_comparative,interferenceDb__25p0__lqi,f36d0510e3dbb0d3c9adffa565c74ad2c5026b77fa1cf04b411ba46f49f4c520,triangle,2.5,lqi,1,3,16,42,17,9,83,success,18131355419705379627,2
LEO_V1_1_REQUALIFICATION_20260920,ofat_comparative,interferenceDb__25p0__lqi,f36d0510e3dbb0d3c9adffa565c74ad2c5026b77fa1cf04b411ba46f49f4c520,triangle,2.5,lqi,1,3,16,42,17,9,84,timeout,0,0
LEO_V1_1_REQUALIFICATION_20260920,ofat_comparative,interferenceDb__25p0__lqi,f36d0510e3dbb0d3c9adffa565c74ad2c5026b77fa1cf04b411ba46f49f4c520,triangle,2.5,lqi,1,3,16,42,17,9,85,no_route,0,0
LEO_V1_1_REQUALIFICATION_20260920,ofat_comparative,interferenceDb__25p0__lqi,f36d0510e3dbb0d3c9adffa565c74ad2c5026b77fa1cf04b411ba46f49f4c520,triangle,2.5,lqi,1,3,16,42,17,9,86,success,13393354745285683298,2
LEO_V1_1_REQUALIFICATION_20260920,ofat_comparative,interferenceDb__25p0__lqi,f36d0510e3dbb0d3c9adffa565c74ad2c5026b77fa1cf04b411ba46f49f4c520,triangle,2.5,lqi,1,3,16,42,17,9,87,success,13393354745285683298,2
LEO_V1_1_REQUALIFICATION_20260920,ofat_comparative,interferenceDb__25p0__lqi,f36d0510e3dbb0d3c9adffa565c74ad2c5026b77fa1cf04b411ba46f49f4c520,triangle,2.5,lqi,1,3,16,42,17,9,88,success,13393354745285683298,2
LEO_V1_1_REQUALIFICATION_20260920,ofat_comparative,interferenceDb__25p0__lqi,f36d0510e3dbb0d3c9adffa565c74ad2c5026b77fa1cf04b411ba46f49f4c520,triangle,2.5,lqi,1,3,16,42,17,9,89,success,13393354745285683298,2
LEO_V1_1_REQUALIFICATION_20260920,ofat_comparative,interferenceDb__25p0__lqi,f36d0510e3dbb0d3c9adffa565c74ad2c5026b77fa1cf04b411ba46f49f4c520,triangle,2.5,lqi,1,3,16,42,17,10,90,success,13393353645774055087,2
LEO_V1_1_REQUALIFICATION_20260920,ofat_comparative,interferenceDb__25p0__lqi,f36d0510e3dbb0d3c9adffa565c74ad2c5026b77fa1cf04b411ba46f49f4c520,triangle,2.5,lqi,1,3,16,42,17,10,91,success,13393353645774055087,2
LEO_V1_1_REQUALIFICATION_20260920,ofat_comparative,interferenceDb__25p0__lqi,f36d0510e3dbb0d3c9adffa565c74ad2c5026b77fa1cf04b411ba46f49f4c520,triangle,2.5,lqi,1,3,16,42,17,10,92,success,13393353645774055087,2
LEO_V1_1_REQUALIFICATION_20260920,ofat_comparative,interferenceDb__25p0__lqi,f36d0510e3dbb0d3c9adffa565c74ad2c5026b77fa1cf04b411ba46f49f4c520,triangle,2.5,lqi,1,3,16,42,17,10,93,success,13393353645774055087,2
LEO_V1_1_REQUALIFICATION_20260920,ofat_comparative,interferenceDb__25p0__lqi,f36d0510e3dbb0d3c9adffa565c74ad2c5026b77fa1cf04b411ba46f49f4c520,triangle,2.5,lqi,1,3,16,42,17,10,94,success,13393353645774055087,2
LEO_V1_1_REQUALIFICATION_20260920,ofat_comparative,interferenceDb__25p0__lqi,f36d0510e3dbb0d3c9adffa565c74ad2c5026b77fa1cf04b411ba46f49f4c520,triangle,2.5,lqi,1,3,16,42,17,10,95,success,13393353645774055087,2
LEO_V1_1_REQUALIFICATION_20260920,ofat_comparative,interferenceDb__25p0__lqi,f36d0510e3dbb0d3c9adffa565c74ad2c5026b77fa1cf04b411ba46f49f4c520,triangle,2.5,lqi,1,3,16,42,17,10,96,success,13393353645774055087,2
LEO_V1_1_REQUALIFICATION_20260920,ofat_comparative,interferenceDb__25p0__lqi,f36d0510e3dbb0d3c9adffa565c74ad2c5026b77fa1cf04b411ba46f49f4c520,triangle,2.5,lqi,1,3,16,42,17,10,97,success,13393353645774055087,2
LEO_V1_1_REQUALIFICATION_20260920,ofat_comparative,interferenceDb__25p0__lqi,f36d0510e3dbb0d3c9adffa565c74ad2c5026b77fa1cf04b411ba46f49f4c520,triangle,2.5,lqi,1,3,16,42,17,10,98,success,13393353645774055087,2
LEO_V1_1_REQUALIFICATION_20260920,ofat_comparative,interferenceDb__25p0__lqi,f36d0510e3dbb0d3c9adffa565c74ad2c5026b77fa1cf04b411ba46f49f4c520,triangle,2.5,lqi,1,3,16,42,17,10,99,success,13393353645774055087,2
LEO_V1_1_REQUALIFICATION_20260920,ofat_comparative,interferenceDb__25p0__lqi,f36d0510e3dbb0d3c9adffa565c74ad2c5026b77fa1cf04b411ba46f49f4c520,triangle,2.5,lqi,1,3,16,42,17,11,100,timeout,0,0
LEO_V1_1_REQUALIFICATION_20260920,ofat_comparative,interferenceDb__25p0__lqi,f36d0510e3dbb0d3c9adffa565c74ad2c5026b77fa1cf04b411ba46f49f4c520,triangle,2.5,lqi,1,3,16,42,17,11,101,no_route,0,0
LEO_V1_1_REQUALIFICATION_20260920,ofat_comparative,interferenceDb__25p0__lqi,f36d0510e3dbb0d3c9adffa565c74ad2c5026b77fa1cf04b411ba46f49f4c520,triangle,2.5,lqi,1,3,16,42,17,11,102,success,11861905262065286250,3
LEO_V1_1_REQUALIFICATION_20260920,ofat_comparative,interferenceDb__25p0__lqi,f36d0510e3dbb0d3c9adffa565c74ad2c5026b77fa1cf04b411ba46f49f4c520,triangle,2.5,lqi,1,3,16,42,17,11,103,success,11861905262065286250,3
LEO_V1_1_REQUALIFICATION_20260920,ofat_comparative,interferenceDb__25p0__lqi,f36d0510e3dbb0d3c9adffa565c74ad2c5026b77fa1cf04b411ba46f49f4c520,triangle,2.5,lqi,1,3,16,42,17,11,104,success,11861905262065286250,3
LEO_V1_1_REQUALIFICATION_20260920,ofat_comparative,interferenceDb__25p0__lqi,f36d0510e3dbb0d3c9adffa565c74ad2c5026b77fa1cf04b411ba46f49f4c520,triangle,2.5,lqi,1,3,16,42,17,11,105,success,11861905262065286250,3
LEO_V1_1_REQUALIFICATION_20260920,ofat_comparative,interferenceDb__25p0__lqi,f36d0510e3dbb0d3c9adffa565c74ad2c5026b77fa1cf04b411ba46f49f4c520,triangle,2.5,lqi,1,3,16,42,17,11,106,success,11861905262065286250,3
LEO_V1_1_REQUALIFICATION_20260920,ofat_comparative,interferenceDb__25p0__lqi,f36d0510e3dbb0d3c9adffa565c74ad2c5026b77fa1cf04b411ba46f49f4c520,triangle,2.5,lqi,1,3,16,42,17,11,107,success,11861905262065286250,3
LEO_V1_1_REQUALIFICATION_20260920,ofat_comparative,interferenceDb__25p0__lqi,f36d0510e3dbb0d3c9adffa565c74ad2c5026b77fa1cf04b411ba46f49f4c520,triangle,2.5,lqi,1,3,16,42,17,11,108,success,11861905262065286250,3
LEO_V1_1_REQUALIFICATION_20260920,ofat_comparative,interferenceDb__25p0__lqi,f36d0510e3dbb0d3c9adffa565c74ad2c5026b77fa1cf04b411ba46f49f4c520,triangle,2.5,lqi,1,3,16,42,17,11,109,success,11861905262065286250,3
LEO_V1_1_REQUALIFICATION_20260920,ofat_comparative,interferenceDb__25p0__lqi,f36d0510e3dbb0d3c9adffa565c74ad2c5026b77fa1cf04b411ba46f49f4c520,triangle,2.5,lqi,1,3,16,42,17,12,110,timeout,0,0
LEO_V1_1_REQUALIFICATION_20260920,ofat_comparative,interferenceDb__25p0__lqi,f36d0510e3dbb0d3c9adffa565c74ad2c5026b77fa1cf04b411ba46f49f4c520,triangle,2.5,lqi,1,3,16,42,17,12,111,no_route,0,0
LEO_V1_1_REQUALIFICATION_20260920,ofat_comparative,interferenceDb__25p0__lqi,f36d0510e3dbb0d3c9adffa565c74ad2c5026b77fa1cf04b411ba46f49f4c520,triangle,2.5,lqi,1,3,16,42,17,12,112,success,11861899764507145195,3
LEO_V1_1_REQUALIFICATION_20260920,ofat_comparative,interferenceDb__25p0__lqi,f36d0510e3dbb0d3c9adffa565c74ad2c5026b77fa1cf04b411ba46f49f4c520,triangle,2.5,lqi,1,3,16,42,17,12,113,success,11861899764507145195,3
LEO_V1_1_REQUALIFICATION_20260920,ofat_comparative,interferenceDb__25p0__lqi,f36d0510e3dbb0d3c9adffa565c74ad2c5026b77fa1cf04b411ba46f49f4c520,triangle,2.5,lqi,1,3,16,42,17,12,114,success,11861899764507145195,3
LEO_V1_1_REQUALIFICATION_20260920,ofat_comparative,interferenceDb__25p0__lqi,f36d0510e3dbb0d3c9adffa565c74ad2c5026b77fa1cf04b411ba46f49f4c520,triangle,2.5,lqi,1,3,16,42,17,12,115,success,11861899764507145195,3
LEO_V1_1_REQUALIFICATION_20260920,ofat_comparative,interferenceDb__25p0__lqi,f36d0510e3dbb0d3c9adffa565c74ad2c5026b77fa1cf04b411ba46f49f4c520,triangle,2.5,lqi,1,3,16,42,17,12,116,success,11861899764507145195,3
LEO_V1_1_REQUALIFICATION_20260920,ofat_comparative,interferenceDb__25p0__lqi,f36d0510e3dbb0d3c9adffa565c74ad2c5026b77fa1cf04b411ba46f49f4c520,triangle,2.5,lqi,1,3,16,42,17,12,117,success,11861899764507145195,3
LEO_V1_1_REQUALIFICATION_20260920,ofat_comparative,interferenceDb__25p0__lqi,f36d0510e3dbb0d3c9adffa565c74ad2c5026b77fa1cf04b411ba46f49f4c520,triangle,2.5,lqi,1,3,16,42,17,12,118,success,11861899764507145195,3
LEO_V1_1_REQUALIFICATION_20260920,ofat_comparative,interferenceDb__25p0__lqi,f36d0510e3dbb0d3c9adffa565c74ad2c5026b77fa1cf04b411ba46f49f4c520,triangle,2.5,lqi,1,3,16,42,17,12,119,success,11861899764507145195,3
LEO_V1_1_REQUALIFICATION_20260920,ofat_comparative,interferenceDb__25p0__lqi,f36d0510e3dbb0d3c9adffa565c74ad2c5026b77fa1cf04b411ba46f49f4c520,triangle,2.5,lqi,1,3,16,42,17,13,120,no_route,0,0
LEO_V1_1_REQUALIFICATION_20260920,ofat_comparative,interferenceDb__25p0__lqi,f36d0510e3dbb0d3c9adffa565c74ad2c5026b77fa1cf04b411ba46f49f4c520,triangle,2.5,lqi,1,3,16,42,17,13,121,no_route,0,0
LEO_V1_1_REQUALIFICATION_20260920,ofat_comparative,interferenceDb__25p0__lqi,f36d0510e3dbb0d3c9adffa565c74ad2c5026b77fa1cf04b411ba46f49f4c520,triangle,2.5,lqi,1,3,16,42,17,13,122,no_route,0,0
LEO_V1_1_REQUALIFICATION_20260920,ofat_comparative,interferenceDb__25p0__lqi,f36d0510e3dbb0d3c9adffa565c74ad2c5026b77fa1cf04b411ba46f49f4c520,triangle,2.5,lqi,1,3,16,42,17,13,123,no_route,0,0
LEO_V1_1_REQUALIFICATION_20260920,ofat_comparative,interferenceDb__25p0__lqi,f36d0510e3dbb0d3c9adffa565c74ad2c5026b77fa1cf04b411ba46f49f4c520,triangle,2.5,lqi,1,3,16,42,17,13,124,no_route,0,0
LEO_V1_1_REQUALIFICATION_20260920,ofat_comparative,interferenceDb__25p0__lqi,f36d0510e3dbb0d3c9adffa565c74ad2c5026b77fa1cf04b411ba46f49f4c520,triangle,2.5,lqi,1,3,16,42,17,13,125,no_route,0,0
LEO_V1_1_REQUALIFICATION_20260920,ofat_comparative,interferenceDb__25p0__lqi,f36d0510e3dbb0d3c9adffa565c74ad2c5026b77fa1cf04b411ba46f49f4c520,triangle,2.5,lqi,1,3,16,42,17,13,126,no_route,0,0
LEO_V1_1_REQUALIFICATION_20260920,ofat_comparative,interferenceDb__25p0__lqi,f36d0510e3dbb0d3c9adffa565c74ad2c5026b77fa1cf04b411ba46f49f4c520,triangle,2.5,lqi,1,3,16,42,17,13,127,no_route,0,0
LEO_V1_1_REQUALIFICATION_20260920,ofat_comparative,interferenceDb__25p0__lqi,f36d0510e3dbb0d3c9adffa565c74ad2c5026b77fa1cf04b411ba46f49f4c520,triangle,2.5,lqi,1,3,16,42,17,13,128,no_route,0,0
LEO_V1_1_REQUALIFICATION_20260920,ofat_comparative,interferenceDb__25p0__lqi,f36d0510e3dbb0d3c9adffa565c74ad2c5026b77fa1cf04b411ba46f49f4c520,triangle,2.5,lqi,1,3,16,42,17,13,129,no_route,0,0
LEO_V1_1_REQUALIFICATION_20260920,ofat_comparative,interferenceDb__25p0__lqi,f36d0510e3dbb0d3c9adffa565c74ad2c5026b77fa1cf04b411ba46f49f4c520,triangle,2.5,lqi,1,3,16,42,17,14,130,no_route,0,0
LEO_V1_1_REQUALIFICATION_20260920,ofat_comparative,interferenceDb__25p0__lqi,f36d0510e3dbb0d3c9adffa565c74ad2c5026b77fa1cf04b411ba46f49f4c520,triangle,2.5,lqi,1,3,16,42,17,14,131,no_route,0,0
LEO_V1_1_REQUALIFICATION_20260920,ofat_comparative,interferenceDb__25p0__lqi,f36d0510e3dbb0d3c9adffa565c74ad2c5026b77fa1cf04b411ba46f49f4c520,triangle,2.5,lqi,1,3,16,42,17,14,132,no_route,0,0
LEO_V1_1_REQUALIFICATION_20260920,ofat_comparative,interferenceDb__25p0__lqi,f36d0510e3dbb0d3c9adffa565c74ad2c5026b77fa1cf04b411ba46f49f4c520,triangle,2.5,lqi,1,3,16,42,17,14,133,no_route,0,0
LEO_V1_1_REQUALIFICATION_20260920,ofat_comparative,interferenceDb__25p0__lqi,f36d0510e3dbb0d3c9adffa565c74ad2c5026b77fa1cf04b411ba46f49f4c520,triangle,2.5,lqi,1,3,16,42,17,14,134,no_route,0,0
LEO_V1_1_REQUALIFICATION_20260920,ofat_comparative,interferenceDb__25p0__lqi,f36d0510e3dbb0d3c9adffa565c74ad2c5026b77fa1cf04b411ba46f49f4c520,triangle,2.5,lqi,1,3,16,42,17,14,135,no_route,0,0
LEO_V1_1_REQUALIFICATION_20260920,ofat_comparative,interferenceDb__25p0__lqi,f36d0510e3dbb0d3c9adffa565c74ad2c5026b77fa1cf04b411ba46f49f4c520,triangle,2.5,lqi,1,3,16,42,17,14,136,no_route,0,0
LEO_V1_1_REQUALIFICATION_20260920,ofat_comparative,interferenceDb__25p0__lqi,f36d0510e3dbb0d3c9adffa565c74ad2c5026b77fa1cf04b411ba46f49f4c520,triangle,2.5,lqi,1,3,16,42,17,14,137,no_route,0,0
LEO_V1_1_REQUALIFICATION_20260920,ofat_comparative,interferenceDb__25p0__lqi,f36d0510e3dbb0d3c9adffa565c74ad2c5026b77fa1cf04b411ba46f49f4c520,triangle,2.5,lqi,1,3,16,42,17,14,138,no_route,0,0
LEO_V1_1_REQUALIFICATION_20260920,ofat_comparative,interferenceDb__25p0__lqi,f36d0510e3dbb0d3c9adffa565c74ad2c5026b77fa1cf04b411ba46f49f4c520,triangle,2.5,lqi,1,3,16,42,17,14,139,no_route,0,0
LEO_V1_1_REQUALIFICATION_20260920,ofat_comparative,interferenceDb__25p0__lqi,f36d0510e3dbb0d3c9adffa565c74ad2c5026b77fa1cf04b411ba46f49f4c520,triangle,2.5,lqi,1,3,16,42,17,15,140,no_route,0,0
LEO_V1_1_REQUALIFICATION_20260920,ofat_comparative,interferenceDb__25p0__lqi,f36d0510e3dbb0d3c9adffa565c74ad2c5026b77fa1cf04b411ba46f49f4c520,triangle,2.5,lqi,1,3,16,42,17,15,141,no_route,0,0
LEO_V1_1_REQUALIFICATION_20260920,ofat_comparative,interferenceDb__25p0__lqi,f36d0510e3dbb0d3c9adffa565c74ad2c5026b77fa1cf04b411ba46f49f4c520,triangle,2.5,lqi,1,3,16,42,17,15,142,no_route,0,0
LEO_V1_1_REQUALIFICATION_20260920,ofat_comparative,interferenceDb__25p0__lqi,f36d0510e3dbb0d3c9adffa565c74ad2c5026b77fa1cf04b411ba46f49f4c520,triangle,2.5,lqi,1,3,16,42,17,15,143,no_route,0,0
LEO_V1_1_REQUALIFICATION_20260920,ofat_comparative,interferenceDb__25p0__lqi,f36d0510e3dbb0d3c9adffa565c74ad2c5026b77fa1cf04b411ba46f49f4c520,triangle,2.5,lqi,1,3,16,42,17,15,144,no_route,0,0
LEO_V1_1_REQUALIFICATION_20260920,ofat_comparative,interferenceDb__25p0__lqi,f36d0510e3dbb0d3c9adffa565c74ad2c5026b77fa1cf04b411ba46f49f4c520,triangle,2.5,lqi,1,3,16,42,17,15,145,no_route,0,0
LEO_V1_1_REQUALIFICATION_20260920,ofat_comparative,interferenceDb__25p0__lqi,f36d0510e3dbb0d3c9adffa565c74ad2c5026b77fa1cf04b411ba46f49f4c520,triangle,2.5,lqi,1,3,16,42,17,15,146,no_route,0,0
LEO_V1_1_REQUALIFICATION_20260920,ofat_comparative,interferenceDb__25p0__lqi,f36d0510e3dbb0d3c9adffa565c74ad2c5026b77fa1cf04b411ba46f49f4c520,triangle,2.5,lqi,1,3,16,42,17,15,147,no_route,0,0
LEO_V1_1_REQUALIFICATION_20260920,ofat_comparative,interferenceDb__25p0__lqi,f36d0510e3dbb0d3c9adffa565c74ad2c5026b77fa1cf04b411ba46f49f4c520,triangle,2.5,lqi,1,3,16,42,17,15,148,no_route,0,0
LEO_V1_1_REQUALIFICATION_20260920,ofat_comparative,interferenceDb__25p0__lqi,f36d0510e3dbb0d3c9adffa565c74ad2c5026b77fa1cf04b411ba46f49f4c520,triangle,2.5,lqi,1,3,16,42,17,15,149,no_route,0,0
LEO_V1_1_REQUALIFICATION_20260920,ofat_comparative,interferenceDb__25p0__lqi,f36d0510e3dbb0d3c9adffa565c74ad2c5026b77fa1cf04b411ba46f49f4c520,triangle,2.5,lqi,1,3,16,42,17,16,150,no_route,0,0
LEO_V1_1_REQUALIFICATION_20260920,ofat_comparative,interferenceDb__25p0__lqi,f36d0510e3dbb0d3c9adffa565c74ad2c5026b77fa1cf04b411ba46f49f4c520,triangle,2.5,lqi,1,3,16,42,17,16,151,no_route,0,0
LEO_V1_1_REQUALIFICATION_20260920,ofat_comparative,interferenceDb__25p0__lqi,f36d0510e3dbb0d3c9adffa565c74ad2c5026b77fa1cf04b411ba46f49f4c520,triangle,2.5,lqi,1,3,16,42,17,16,152,no_route,0,0
LEO_V1_1_REQUALIFICATION_20260920,ofat_comparative,interferenceDb__25p0__lqi,f36d0510e3dbb0d3c9adffa565c74ad2c5026b77fa1cf04b411ba46f49f4c520,triangle,2.5,lqi,1,3,16,42,17,16,153,no_route,0,0
LEO_V1_1_REQUALIFICATION_20260920,ofat_comparative,interferenceDb__25p0__lqi,f36d0510e3dbb0d3c9adffa565c74ad2c5026b77fa1cf04b411ba46f49f4c520,triangle,2.5,lqi,1,3,16,42,17,16,154,no_route,0,0
LEO_V1_1_REQUALIFICATION_20260920,ofat_comparative,interferenceDb__25p0__lqi,f36d0510e3dbb0d3c9adffa565c74ad2c5026b77fa1cf04b411ba46f49f4c520,triangle,2.5,lqi,1,3,16,42,17,16,155,no_route,0,0
LEO_V1_1_REQUALIFICATION_20260920,ofat_comparative,interferenceDb__25p0__lqi,f36d0510e3dbb0d3c9adffa565c74ad2c5026b77fa1cf04b411ba46f49f4c520,triangle,2.5,lqi,1,3,16,42,17,16,156,no_route,0,0
LEO_V1_1_REQUALIFICATION_20260920,ofat_comparative,interferenceDb__25p0__lqi,f36d0510e3dbb0d3c9adffa565c74ad2c5026b77fa1cf04b411ba46f49f4c520,triangle,2.5,lqi,1,3,16,42,17,16,157,no_route,0,0
LEO_V1_1_REQUALIFICATION_20260920,ofat_comparative,interferenceDb__25p0__lqi,f36d0510e3dbb0d3c9adffa565c74ad2c5026b77fa1cf04b411ba46f49f4c520,triangle,2.5,lqi,1,3,16,42,17,16,158,no_route,0,0
LEO_V1_1_REQUALIFICATION_20260920,ofat_comparative,interferenceDb__25p0__lqi,f36d0510e3dbb0d3c9adffa565c74ad2c5026b77fa1cf04b411ba46f49f4c520,triangle,2.5,lqi,1,3,16,42,17,16,159,no_route,0,0
LEO_V1_1_REQUALIFICATION_20260920,ofat_comparative,interferenceDb__25p0__lqi,f36d0510e3dbb0d3c9adffa565c74ad2c5026b77fa1cf04b411ba46f49f4c520,triangle,2.5,lqi,1,3,16,42,17,17,160,no_route,0,0
LEO_V1_1_REQUALIFICATION_20260920,ofat_comparative,interferenceDb__25p0__lqi,f36d0510e3dbb0d3c9adffa565c74ad2c5026b77fa1cf04b411ba46f49f4c520,triangle,2.5,lqi,1,3,16,42,17,17,161,no_route,0,0
LEO_V1_1_REQUALIFICATION_20260920,ofat_comparative,interferenceDb__25p0__lqi,f36d0510e3dbb0d3c9adffa565c74ad2c5026b77fa1cf04b411ba46f49f4c520,triangle,2.5,lqi,1,3,16,42,17,17,162,no_route,0,0
LEO_V1_1_REQUALIFICATION_20260920,ofat_comparative,interferenceDb__25p0__lqi,f36d0510e3dbb0d3c9adffa565c74ad2c5026b77fa1cf04b411ba46f49f4c520,triangle,2.5,lqi,1,3,16,42,17,17,163,no_route,0,0
LEO_V1_1_REQUALIFICATION_20260920,ofat_comparative,interferenceDb__25p0__lqi,f36d0510e3dbb0d3c9adffa565c74ad2c5026b77fa1cf04b411ba46f49f4c520,triangle,2.5,lqi,1,3,16,42,17,17,164,no_route,0,0
LEO_V1_1_REQUALIFICATION_20260920,ofat_comparative,interferenceDb__25p0__lqi,f36d0510e3dbb0d3c9adffa565c74ad2c5026b77fa1cf04b411ba46f49f4c520,triangle,2.5,lqi,1,3,16,42,17,17,165,no_route,0,0
LEO_V1_1_REQUALIFICATION_20260920,ofat_comparative,interferenceDb__25p0__lqi,f36d0510e3dbb0d3c9adffa565c74ad2c5026b77fa1cf04b411ba46f49f4c520,triangle,2.5,lqi,1,3,16,42,17,17,166,no_route,0,0
LEO_V1_1_REQUALIFICATION_20260920,ofat_comparative,interferenceDb__25p0__lqi,f36d0510e3dbb0d3c9adffa565c74ad2c5026b77fa1cf04b411ba46f49f4c520,triangle,2.5,lqi,1,3,16,42,17,17,167,no_route,0,0
LEO_V1_1_REQUALIFICATION_20260920,ofat_comparative,interferenceDb__25p0__lqi,f36d0510e3dbb0d3c9adffa565c74ad2c5026b77fa1cf04b411ba46f49f4c520,triangle,2.5,lqi,1,3,16,42,17,17,168,no_route,0,0
LEO_V1_1_REQUALIFICATION_20260920,ofat_comparative,interferenceDb__25p0__lqi,f36d0510e3dbb0d3c9adffa565c74ad2c5026b77fa1cf04b411ba46f49f4c520,triangle,2.5,lqi,1,3,16,42,17,17,169,no_route,0,0
LEO_V1_1_REQUALIFICATION_20260920,ofat_comparative,interferenceDb__25p0__lqi,f36d0510e3dbb0d3c9adffa565c74ad2c5026b77fa1cf04b411ba46f49f4c520,triangle,2.5,lqi,1,3,16,42,17,18,170,no_route,0,0
LEO_V1_1_REQUALIFICATION_20260920,ofat_comparative,interferenceDb__25p0__lqi,f36d0510e3dbb0d3c9adffa565c74ad2c5026b77fa1cf04b411ba46f49f4c520,triangle,2.5,lqi,1,3,16,42,17,18,171,no_route,0,0
LEO_V1_1_REQUALIFICATION_20260920,ofat_comparative,interferenceDb__25p0__lqi,f36d0510e3dbb0d3c9adffa565c74ad2c5026b77fa1cf04b411ba46f49f4c520,triangle,2.5,lqi,1,3,16,42,17,18,172,no_route,0,0
LEO_V1_1_REQUALIFICATION_20260920,ofat_comparative,interferenceDb__25p0__lqi,f36d0510e3dbb0d3c9adffa565c74ad2c5026b77fa1cf04b411ba46f49f4c520,triangle,2.5,lqi,1,3,16,42,17,18,173,no_route,0,0
LEO_V1_1_REQUALIFICATION_20260920,ofat_comparative,interferenceDb__25p0__lqi,f36d0510e3dbb0d3c9adffa565c74ad2c5026b77fa1cf04b411ba46f49f4c520,triangle,2.5,lqi,1,3,16,42,17,18,174,no_route,0,0
LEO_V1_1_REQUALIFICATION_20260920,ofat_comparative,interferenceDb__25p0__lqi,f36d0510e3dbb0d3c9adffa565c74ad2c5026b77fa1cf04b411ba46f49f4c520,triangle,2.5,lqi,1,3,16,42,17,18,175,no_route,0,0
LEO_V1_1_REQUALIFICATION_20260920,ofat_comparative,interferenceDb__25p0__lqi,f36d0510e3dbb0d3c9adffa565c74ad2c5026b77fa1cf04b411ba46f49f4c520,triangle,2.5,lqi,1,3,16,42,17,18,176,no_route,0,0
LEO_V1_1_REQUALIFICATION_20260920,ofat_comparative,interferenceDb__25p0__lqi,f36d0510e3dbb0d3c9adffa565c74ad2c5026b77fa1cf04b411ba46f49f4c520,triangle,2.5,lqi,1,3,16,42,17,18,177,no_route,0,0
LEO_V1_1_REQUALIFICATION_20260920,ofat_comparative,interferenceDb__25p0__lqi,f36d0510e3dbb0d3c9adffa565c74ad2c5026b77fa1cf04b411ba46f49f4c520,triangle,2.5,lqi,1,3,16,42,17,18,178,no_route,0,0
LEO_V1_1_REQUALIFICATION_20260920,ofat_comparative,interferenceDb__25p0__lqi,f36d0510e3dbb0d3c9adffa565c74ad2c5026b77fa1cf04b411ba46f49f4c520,triangle,2.5,lqi,1,3,16,42,17,18,179,no_route,0,0
LEO_V1_1_REQUALIFICATION_20260920,ofat_comparative,interferenceDb__25p0__lqi,f36d0510e3dbb0d3c9adffa565c74ad2c5026b77fa1cf04b411ba46f49f4c520,triangle,2.5,lqi,1,3,16,42,17,19,180,no_route,0,0
LEO_V1_1_REQUALIFICATION_20260920,ofat_comparative,interferenceDb__25p0__lqi,f36d0510e3dbb0d3c9adffa565c74ad2c5026b77fa1cf04b411ba46f49f4c520,triangle,2.5,lqi,1,3,16,42,17,19,181,no_route,0,0
LEO_V1_1_REQUALIFICATION_20260920,ofat_comparative,interferenceDb__25p0__lqi,f36d0510e3dbb0d3c9adffa565c74ad2c5026b77fa1cf04b411ba46f49f4c520,triangle,2.5,lqi,1,3,16,42,17,19,182,no_route,0,0
LEO_V1_1_REQUALIFICATION_20260920,ofat_comparative,interferenceDb__25p0__lqi,f36d0510e3dbb0d3c9adffa565c74ad2c5026b77fa1cf04b411ba46f49f4c520,triangle,2.5,lqi,1,3,16,42,17,19,183,no_route,0,0
LEO_V1_1_REQUALIFICATION_20260920,ofat_comparative,interferenceDb__25p0__lqi,f36d0510e3dbb0d3c9adffa565c74ad2c5026b77fa1cf04b411ba46f49f4c520,triangle,2.5,lqi,1,3,16,42,17,19,184,no_route,0,0
LEO_V1_1_REQUALIFICATION_20260920,ofat_comparative,interferenceDb__25p0__lqi,f36d0510e3dbb0d3c9adffa565c74ad2c5026b77fa1cf04b411ba46f49f4c520,triangle,2.5,lqi,1,3,16,42,17,19,185,no_route,0,0
LEO_V1_1_REQUALIFICATION_20260920,ofat_comparative,interferenceDb__25p0__lqi,f36d0510e3dbb0d3c9adffa565c74ad2c5026b77fa1cf04b411ba46f49f4c520,triangle,2.5,lqi,1,3,16,42,17,19,186,no_route,0,0
LEO_V1_1_REQUALIFICATION_20260920,ofat_comparative,interferenceDb__25p0__lqi,f36d0510e3dbb0d3c9adffa565c74ad2c5026b77fa1cf04b411ba46f49f4c520,triangle,2.5,lqi,1,3,16,42,17,19,187,no_route,0,0
LEO_V1_1_REQUALIFICATION_20260920,ofat_comparative,interferenceDb__25p0__lqi,f36d0510e3dbb0d3c9adffa565c74ad2c5026b77fa1cf04b411ba46f49f4c520,triangle,2.5,lqi,1,3,16,42,17,19,188,no_route,0,0
LEO_V1_1_REQUALIFICATION_20260920,ofat_comparative,interferenceDb__25p0__lqi,f36d0510e3dbb0d3c9adffa565c74ad2c5026b77fa1cf04b411ba46f49f4c520,triangle,2.5,lqi,1,3,16,42,17,19,189,no_route,0,0
LEO_V1_1_REQUALIFICATION_20260920,ofat_comparative,interferenceDb__25p0__lqi,f36d0510e3dbb0d3c9adffa565c74ad2c5026b77fa1cf04b411ba46f49f4c520,triangle,2.5,lqi,1,3,17,42,18,1,0,success,12161961113530546194,1
LEO_V1_1_REQUALIFICATION_20260920,ofat_comparative,interferenceDb__25p0__lqi,f36d0510e3dbb0d3c9adffa565c74ad2c5026b77fa1cf04b411ba46f49f4c520,triangle,2.5,lqi,1,3,17,42,18,1,1,success,12161961113530546194,1
LEO_V1_1_REQUALIFICATION_20260920,ofat_comparative,interferenceDb__25p0__lqi,f36d0510e3dbb0d3c9adffa565c74ad2c5026b77fa1cf04b411ba46f49f4c520,triangle,2.5,lqi,1,3,17,42,18,1,2,success,12161961113530546194,1
LEO_V1_1_REQUALIFICATION_20260920,ofat_comparative,interferenceDb__25p0__lqi,f36d0510e3dbb0d3c9adffa565c74ad2c5026b77fa1cf04b411ba46f49f4c520,triangle,2.5,lqi,1,3,17,42,18,1,3,success,12161961113530546194,1
LEO_V1_1_REQUALIFICATION_20260920,ofat_comparative,interferenceDb__25p0__lqi,f36d0510e3dbb0d3c9adffa565c74ad2c5026b77fa1cf04b411ba46f49f4c520,triangle,2.5,lqi,1,3,17,42,18,1,4,success,12161961113530546194,1
LEO_V1_1_REQUALIFICATION_20260920,ofat_comparative,interferenceDb__25p0__lqi,f36d0510e3dbb0d3c9adffa565c74ad2c5026b77fa1cf04b411ba46f49f4c520,triangle,2.5,lqi,1,3,17,42,18,1,5,success,12161961113530546194,1
LEO_V1_1_REQUALIFICATION_20260920,ofat_comparative,interferenceDb__25p0__lqi,f36d0510e3dbb0d3c9adffa565c74ad2c5026b77fa1cf04b411ba46f49f4c520,triangle,2.5,lqi,1,3,17,42,18,1,6,success,12161961113530546194,1
LEO_V1_1_REQUALIFICATION_20260920,ofat_comparative,interferenceDb__25p0__lqi,f36d0510e3dbb0d3c9adffa565c74ad2c5026b77fa1cf04b411ba46f49f4c520,triangle,2.5,lqi,1,3,17,42,18,1,7,success,12161961113530546194,1
LEO_V1_1_REQUALIFICATION_20260920,ofat_comparative,interferenceDb__25p0__lqi,f36d0510e3dbb0d3c9adffa565c74ad2c5026b77fa1cf04b411ba46f49f4c520,triangle,2.5,lqi,1,3,17,42,18,1,8,success,12161961113530546194,1
LEO_V1_1_REQUALIFICATION_20260920,ofat_comparative,interferenceDb__25p0__lqi,f36d0510e3dbb0d3c9adffa565c74ad2c5026b77fa1cf04b411ba46f49f4c520,triangle,2.5,lqi,1,3,17,42,18,1,9,success,12161961113530546194,1
LEO_V1_1_REQUALIFICATION_20260920,ofat_comparative,interferenceDb__25p0__lqi,f36d0510e3dbb0d3c9adffa565c74ad2c5026b77fa1cf04b411ba46f49f4c520,triangle,2.5,lqi,1,3,17,42,18,2,10,success,5168104527567582924,2
LEO_V1_1_REQUALIFICATION_20260920,ofat_comparative,interferenceDb__25p0__lqi,f36d0510e3dbb0d3c9adffa565c74ad2c5026b77fa1cf04b411ba46f49f4c520,triangle,2.5,lqi,1,3,17,42,18,2,11,success,5168104527567582924,2
LEO_V1_1_REQUALIFICATION_20260920,ofat_comparative,interferenceDb__25p0__lqi,f36d0510e3dbb0d3c9adffa565c74ad2c5026b77fa1cf04b411ba46f49f4c520,triangle,2.5,lqi,1,3,17,42,18,2,12,success,5168104527567582924,2
LEO_V1_1_REQUALIFICATION_20260920,ofat_comparative,interferenceDb__25p0__lqi,f36d0510e3dbb0d3c9adffa565c74ad2c5026b77fa1cf04b411ba46f49f4c520,triangle,2.5,lqi,1,3,17,42,18,2,13,success,5168104527567582924,2
LEO_V1_1_REQUALIFICATION_20260920,ofat_comparative,interferenceDb__25p0__lqi,f36d0510e3dbb0d3c9adffa565c74ad2c5026b77fa1cf04b411ba46f49f4c520,triangle,2.5,lqi,1,3,17,42,18,2,14,success,5168104527567582924,2
LEO_V1_1_REQUALIFICATION_20260920,ofat_comparative,interferenceDb__25p0__lqi,f36d0510e3dbb0d3c9adffa565c74ad2c5026b77fa1cf04b411ba46f49f4c520,triangle,2.5,lqi,1,3,17,42,18,2,15,success,5168104527567582924,2
LEO_V1_1_REQUALIFICATION_20260920,ofat_comparative,interferenceDb__25p0__lqi,f36d0510e3dbb0d3c9adffa565c74ad2c5026b77fa1cf04b411ba46f49f4c520,triangle,2.5,lqi,1,3,17,42,18,2,16,success,5168104527567582924,2
LEO_V1_1_REQUALIFICATION_20260920,ofat_comparative,interferenceDb__25p0__lqi,f36d0510e3dbb0d3c9adffa565c74ad2c5026b77fa1cf04b411ba46f49f4c520,triangle,2.5,lqi,1,3,17,42,18,2,17,success,5168104527567582924,2
LEO_V1_1_REQUALIFICATION_20260920,ofat_comparative,interferenceDb__25p0__lqi,f36d0510e3dbb0d3c9adffa565c74ad2c5026b77fa1cf04b411ba46f49f4c520,triangle,2.5,lqi,1,3,17,42,18,2,18,success,5168104527567582924,2
LEO_V1_1_REQUALIFICATION_20260920,ofat_comparative,interferenceDb__25p0__lqi,f36d0510e3dbb0d3c9adffa565c74ad2c5026b77fa1cf04b411ba46f49f4c520,triangle,2.5,lqi,1,3,17,42,18,2,19,success,5168104527567582924,2
LEO_V1_1_REQUALIFICATION_20260920,ofat_comparative,interferenceDb__25p0__lqi,f36d0510e3dbb0d3c9adffa565c74ad2c5026b77fa1cf04b411ba46f49f4c520,triangle,2.5,lqi,1,3,17,42,18,3,20,success,4254190280069190018,2
LEO_V1_1_REQUALIFICATION_20260920,ofat_comparative,interferenceDb__25p0__lqi,f36d0510e3dbb0d3c9adffa565c74ad2c5026b77fa1cf04b411ba46f49f4c520,triangle,2.5,lqi,1,3,17,42,18,3,21,success,4254190280069190018,2
LEO_V1_1_REQUALIFICATION_20260920,ofat_comparative,interferenceDb__25p0__lqi,f36d0510e3dbb0d3c9adffa565c74ad2c5026b77fa1cf04b411ba46f49f4c520,triangle,2.5,lqi,1,3,17,42,18,3,22,success,4254190280069190018,2
LEO_V1_1_REQUALIFICATION_20260920,ofat_comparative,interferenceDb__25p0__lqi,f36d0510e3dbb0d3c9adffa565c74ad2c5026b77fa1cf04b411ba46f49f4c520,triangle,2.5,lqi,1,3,17,42,18,3,23,success,4254190280069190018,2
LEO_V1_1_REQUALIFICATION_20260920,ofat_comparative,interferenceDb__25p0__lqi,f36d0510e3dbb0d3c9adffa565c74ad2c5026b77fa1cf04b411ba46f49f4c520,triangle,2.5,lqi,1,3,17,42,18,3,24,success,4254190280069190018,2
LEO_V1_1_REQUALIFICATION_20260920,ofat_comparative,interferenceDb__25p0__lqi,f36d0510e3dbb0d3c9adffa565c74ad2c5026b77fa1cf04b411ba46f49f4c520,triangle,2.5,lqi,1,3,17,42,18,3,25,success,4254190280069190018,2
LEO_V1_1_REQUALIFICATION_20260920,ofat_comparative,interferenceDb__25p0__lqi,f36d0510e3dbb0d3c9adffa565c74ad2c5026b77fa1cf04b411ba46f49f4c520,triangle,2.5,lqi,1,3,17,42,18,3,26,success,4254190280069190018,2
LEO_V1_1_REQUALIFICATION_20260920,ofat_comparative,interferenceDb__25p0__lqi,f36d0510e3dbb0d3c9adffa565c74ad2c5026b77fa1cf04b411ba46f49f4c520,triangle,2.5,lqi,1,3,17,42,18,3,27,success,4254190280069190018,2
LEO_V1_1_REQUALIFICATION_20260920,ofat_comparative,interferenceDb__25p0__lqi,f36d0510e3dbb0d3c9adffa565c74ad2c5026b77fa1cf04b411ba46f49f4c520,triangle,2.5,lqi,1,3,17,42,18,3,28,success,4254190280069190018,2
LEO_V1_1_REQUALIFICATION_20260920,ofat_comparative,interferenceDb__25p0__lqi,f36d0510e3dbb0d3c9adffa565c74ad2c5026b77fa1cf04b411ba46f49f4c520,triangle,2.5,lqi,1,3,17,42,18,3,29,success,4254190280069190018,2
LEO_V1_1_REQUALIFICATION_20260920,ofat_comparative,interferenceDb__25p0__lqi,f36d0510e3dbb0d3c9adffa565c74ad2c5026b77fa1cf04b411ba46f49f4c520,triangle,2.5,lqi,1,3,17,42,18,4,30,success,4254184782511048963,2
LEO_V1_1_REQUALIFICATION_20260920,ofat_comparative,interferenceDb__25p0__lqi,f36d0510e3dbb0d3c9adffa565c74ad2c5026b77fa1cf04b411ba46f49f4c520,triangle,2.5,lqi,1,3,17,42,18,4,31,success,4254184782511048963,2
LEO_V1_1_REQUALIFICATION_20260920,ofat_comparative,interferenceDb__25p0__lqi,f36d0510e3dbb0d3c9adffa565c74ad2c5026b77fa1cf04b411ba46f49f4c520,triangle,2.5,lqi,1,3,17,42,18,4,32,success,4254184782511048963,2
LEO_V1_1_REQUALIFICATION_20260920,ofat_comparative,interferenceDb__25p0__lqi,f36d0510e3dbb0d3c9adffa565c74ad2c5026b77fa1cf04b411ba46f49f4c520,triangle,2.5,lqi,1,3,17,42,18,4,33,success,4254184782511048963,2
LEO_V1_1_REQUALIFICATION_20260920,ofat_comparative,interferenceDb__25p0__lqi,f36d0510e3dbb0d3c9adffa565c74ad2c5026b77fa1cf04b411ba46f49f4c520,triangle,2.5,lqi,1,3,17,42,18,4,34,success,4254184782511048963,2
LEO_V1_1_REQUALIFICATION_20260920,ofat_comparative,interferenceDb__25p0__lqi,f36d0510e3dbb0d3c9adffa565c74ad2c5026b77fa1cf04b411ba46f49f4c520,triangle,2.5,lqi,1,3,17,42,18,4,35,success,4254184782511048963,2
LEO_V1_1_REQUALIFICATION_20260920,ofat_comparative,interferenceDb__25p0__lqi,f36d0510e3dbb0d3c9adffa565c74ad2c5026b77fa1cf04b411ba46f49f4c520,triangle,2.5,lqi,1,3,17,42,18,4,36,success,4254184782511048963,2
LEO_V1_1_REQUALIFICATION_20260920,ofat_comparative,interferenceDb__25p0__lqi,f36d0510e3dbb0d3c9adffa565c74ad2c5026b77fa1cf04b411ba46f49f4c520,triangle,2.5,lqi,1,3,17,42,18,4,37,success,4254184782511048963,2
LEO_V1_1_REQUALIFICATION_20260920,ofat_comparative,interferenceDb__25p0__lqi,f36d0510e3dbb0d3c9adffa565c74ad2c5026b77fa1cf04b411ba46f49f4c520,triangle,2.5,lqi,1,3,17,42,18,4,38,success,4254184782511048963,2
LEO_V1_1_REQUALIFICATION_20260920,ofat_comparative,interferenceDb__25p0__lqi,f36d0510e3dbb0d3c9adffa565c74ad2c5026b77fa1cf04b411ba46f49f4c520,triangle,2.5,lqi,1,3,17,42,18,4,39,success,4254184782511048963,2
LEO_V1_1_REQUALIFICATION_20260920,ofat_comparative,interferenceDb__25p0__lqi,f36d0510e3dbb0d3c9adffa565c74ad2c5026b77fa1cf04b411ba46f49f4c520,triangle,2.5,lqi,1,3,17,42,18,5,40,success,16719299368067595120,3
LEO_V1_1_REQUALIFICATION_20260920,ofat_comparative,interferenceDb__25p0__lqi,f36d0510e3dbb0d3c9adffa565c74ad2c5026b77fa1cf04b411ba46f49f4c520,triangle,2.5,lqi,1,3,17,42,18,5,41,success,16719299368067595120,3
LEO_V1_1_REQUALIFICATION_20260920,ofat_comparative,interferenceDb__25p0__lqi,f36d0510e3dbb0d3c9adffa565c74ad2c5026b77fa1cf04b411ba46f49f4c520,triangle,2.5,lqi,1,3,17,42,18,5,42,success,16719299368067595120,3
LEO_V1_1_REQUALIFICATION_20260920,ofat_comparative,interferenceDb__25p0__lqi,f36d0510e3dbb0d3c9adffa565c74ad2c5026b77fa1cf04b411ba46f49f4c520,triangle,2.5,lqi,1,3,17,42,18,5,43,success,16719299368067595120,3
LEO_V1_1_REQUALIFICATION_20260920,ofat_comparative,interferenceDb__25p0__lqi,f36d0510e3dbb0d3c9adffa565c74ad2c5026b77fa1cf04b411ba46f49f4c520,triangle,2.5,lqi,1,3,17,42,18,5,44,success,16719299368067595120,3
LEO_V1_1_REQUALIFICATION_20260920,ofat_comparative,interferenceDb__25p0__lqi,f36d0510e3dbb0d3c9adffa565c74ad2c5026b77fa1cf04b411ba46f49f4c520,triangle,2.5,lqi,1,3,17,42,18,5,45,success,16719299368067595120,3
LEO_V1_1_REQUALIFICATION_20260920,ofat_comparative,interferenceDb__25p0__lqi,f36d0510e3dbb0d3c9adffa565c74ad2c5026b77fa1cf04b411ba46f49f4c520,triangle,2.5,lqi,1,3,17,42,18,5,46,success,16719299368067595120,3
LEO_V1_1_REQUALIFICATION_20260920,ofat_comparative,interferenceDb__25p0__lqi,f36d0510e3dbb0d3c9adffa565c74ad2c5026b77fa1cf04b411ba46f49f4c520,triangle,2.5,lqi,1,3,17,42,18,5,47,success,16719299368067595120,3
LEO_V1_1_REQUALIFICATION_20260920,ofat_comparative,interferenceDb__25p0__lqi,f36d0510e3dbb0d3c9adffa565c74ad2c5026b77fa1cf04b411ba46f49f4c520,triangle,2.5,lqi,1,3,17,42,18,5,48,success,16719299368067595120,3
LEO_V1_1_REQUALIFICATION_20260920,ofat_comparative,interferenceDb__25p0__lqi,f36d0510e3dbb0d3c9adffa565c74ad2c5026b77fa1cf04b411ba46f49f4c520,triangle,2.5,lqi,1,3,17,42,18,5,49,success,16719299368067595120,3
LEO_V1_1_REQUALIFICATION_20260920,ofat_comparative,interferenceDb__25p0__lqi,f36d0510e3dbb0d3c9adffa565c74ad2c5026b77fa1cf04b411ba46f49f4c520,triangle,2.5,lqi,1,3,17,42,18,6,50,timeout,0,0
LEO_V1_1_REQUALIFICATION_20260920,ofat_comparative,interferenceDb__25p0__lqi,f36d0510e3dbb0d3c9adffa565c74ad2c5026b77fa1cf04b411ba46f49f4c520,triangle,2.5,lqi,1,3,17,42,18,6,51,no_route,0,0
LEO_V1_1_REQUALIFICATION_20260920,ofat_comparative,interferenceDb__25p0__lqi,f36d0510e3dbb0d3c9adffa565c74ad2c5026b77fa1cf04b411ba46f49f4c520,triangle,2.5,lqi,1,3,17,42,18,6,52,success,2441244747042156162,3
LEO_V1_1_REQUALIFICATION_20260920,ofat_comparative,interferenceDb__25p0__lqi,f36d0510e3dbb0d3c9adffa565c74ad2c5026b77fa1cf04b411ba46f49f4c520,triangle,2.5,lqi,1,3,17,42,18,6,53,timeout,0,0
LEO_V1_1_REQUALIFICATION_20260920,ofat_comparative,interferenceDb__25p0__lqi,f36d0510e3dbb0d3c9adffa565c74ad2c5026b77fa1cf04b411ba46f49f4c520,triangle,2.5,lqi,1,3,17,42,18,6,54,no_route,0,0
LEO_V1_1_REQUALIFICATION_20260920,ofat_comparative,interferenceDb__25p0__lqi,f36d0510e3dbb0d3c9adffa565c74ad2c5026b77fa1cf04b411ba46f49f4c520,triangle,2.5,lqi,1,3,17,42,18,6,55,timeout,0,0
LEO_V1_1_REQUALIFICATION_20260920,ofat_comparative,interferenceDb__25p0__lqi,f36d0510e3dbb0d3c9adffa565c74ad2c5026b77fa1cf04b411ba46f49f4c520,triangle,2.5,lqi,1,3,17,42,18,6,56,no_route,0,0
LEO_V1_1_REQUALIFICATION_20260920,ofat_comparative,interferenceDb__25p0__lqi,f36d0510e3dbb0d3c9adffa565c74ad2c5026b77fa1cf04b411ba46f49f4c520,triangle,2.5,lqi,1,3,17,42,18,6,57,success,10983932575357607685,4
LEO_V1_1_REQUALIFICATION_20260920,ofat_comparative,interferenceDb__25p0__lqi,f36d0510e3dbb0d3c9adffa565c74ad2c5026b77fa1cf04b411ba46f49f4c520,triangle,2.5,lqi,1,3,17,42,18,6,58,success,10983932575357607685,4
LEO_V1_1_REQUALIFICATION_20260920,ofat_comparative,interferenceDb__25p0__lqi,f36d0510e3dbb0d3c9adffa565c74ad2c5026b77fa1cf04b411ba46f49f4c520,triangle,2.5,lqi,1,3,17,42,18,6,59,success,10983932575357607685,4
LEO_V1_1_REQUALIFICATION_20260920,ofat_comparative,interferenceDb__25p0__lqi,f36d0510e3dbb0d3c9adffa565c74ad2c5026b77fa1cf04b411ba46f49f4c520,triangle,2.5,lqi,1,3,17,42,18,7,60,success,12161954516460776928,1
LEO_V1_1_REQUALIFICATION_20260920,ofat_comparative,interferenceDb__25p0__lqi,f36d0510e3dbb0d3c9adffa565c74ad2c5026b77fa1cf04b411ba46f49f4c520,triangle,2.5,lqi,1,3,17,42,18,7,61,success,12161954516460776928,1
LEO_V1_1_REQUALIFICATION_20260920,ofat_comparative,interferenceDb__25p0__lqi,f36d0510e3dbb0d3c9adffa565c74ad2c5026b77fa1cf04b411ba46f49f4c520,triangle,2.5,lqi,1,3,17,42,18,7,62,success,12161954516460776928,1
LEO_V1_1_REQUALIFICATION_20260920,ofat_comparative,interferenceDb__25p0__lqi,f36d0510e3dbb0d3c9adffa565c74ad2c5026b77fa1cf04b411ba46f49f4c520,triangle,2.5,lqi,1,3,17,42,18,7,63,success,12161954516460776928,1
LEO_V1_1_REQUALIFICATION_20260920,ofat_comparative,interferenceDb__25p0__lqi,f36d0510e3dbb0d3c9adffa565c74ad2c5026b77fa1cf04b411ba46f49f4c520,triangle,2.5,lqi,1,3,17,42,18,7,64,success,12161954516460776928,1
LEO_V1_1_REQUALIFICATION_20260920,ofat_comparative,interferenceDb__25p0__lqi,f36d0510e3dbb0d3c9adffa565c74ad2c5026b77fa1cf04b411ba46f49f4c520,triangle,2.5,lqi,1,3,17,42,18,7,65,success,12161954516460776928,1
LEO_V1_1_REQUALIFICATION_20260920,ofat_comparative,interferenceDb__25p0__lqi,f36d0510e3dbb0d3c9adffa565c74ad2c5026b77fa1cf04b411ba46f49f4c520,triangle,2.5,lqi,1,3,17,42,18,7,66,success,12161954516460776928,1
LEO_V1_1_REQUALIFICATION_20260920,ofat_comparative,interferenceDb__25p0__lqi,f36d0510e3dbb0d3c9adffa565c74ad2c5026b77fa1cf04b411ba46f49f4c520,triangle,2.5,lqi,1,3,17,42,18,7,67,success,12161954516460776928,1
LEO_V1_1_REQUALIFICATION_20260920,ofat_comparative,interferenceDb__25p0__lqi,f36d0510e3dbb0d3c9adffa565c74ad2c5026b77fa1cf04b411ba46f49f4c520,triangle,2.5,lqi,1,3,17,42,18,7,68,success,12161954516460776928,1
LEO_V1_1_REQUALIFICATION_20260920,ofat_comparative,interferenceDb__25p0__lqi,f36d0510e3dbb0d3c9adffa565c74ad2c5026b77fa1cf04b411ba46f49f4c520,triangle,2.5,lqi,1,3,17,42,18,7,69,success,12161954516460776928,1
LEO_V1_1_REQUALIFICATION_20260920,ofat_comparative,interferenceDb__25p0__lqi,f36d0510e3dbb0d3c9adffa565c74ad2c5026b77fa1cf04b411ba46f49f4c520,triangle,2.5,lqi,1,3,17,42,18,8,70,success,5168115522683865034,2
LEO_V1_1_REQUALIFICATION_20260920,ofat_comparative,interferenceDb__25p0__lqi,f36d0510e3dbb0d3c9adffa565c74ad2c5026b77fa1cf04b411ba46f49f4c520,triangle,2.5,lqi,1,3,17,42,18,8,71,success,5168115522683865034,2
LEO_V1_1_REQUALIFICATION_20260920,ofat_comparative,interferenceDb__25p0__lqi,f36d0510e3dbb0d3c9adffa565c74ad2c5026b77fa1cf04b411ba46f49f4c520,triangle,2.5,lqi,1,3,17,42,18,8,72,success,5168115522683865034,2
LEO_V1_1_REQUALIFICATION_20260920,ofat_comparative,interferenceDb__25p0__lqi,f36d0510e3dbb0d3c9adffa565c74ad2c5026b77fa1cf04b411ba46f49f4c520,triangle,2.5,lqi,1,3,17,42,18,8,73,success,5168115522683865034,2
LEO_V1_1_REQUALIFICATION_20260920,ofat_comparative,interferenceDb__25p0__lqi,f36d0510e3dbb0d3c9adffa565c74ad2c5026b77fa1cf04b411ba46f49f4c520,triangle,2.5,lqi,1,3,17,42,18,8,74,success,5168115522683865034,2
LEO_V1_1_REQUALIFICATION_20260920,ofat_comparative,interferenceDb__25p0__lqi,f36d0510e3dbb0d3c9adffa565c74ad2c5026b77fa1cf04b411ba46f49f4c520,triangle,2.5,lqi,1,3,17,42,18,8,75,success,5168115522683865034,2
LEO_V1_1_REQUALIFICATION_20260920,ofat_comparative,interferenceDb__25p0__lqi,f36d0510e3dbb0d3c9adffa565c74ad2c5026b77fa1cf04b411ba46f49f4c520,triangle,2.5,lqi,1,3,17,42,18,8,76,success,5168115522683865034,2
LEO_V1_1_REQUALIFICATION_20260920,ofat_comparative,interferenceDb__25p0__lqi,f36d0510e3dbb0d3c9adffa565c74ad2c5026b77fa1cf04b411ba46f49f4c520,triangle,2.5,lqi,1,3,17,42,18,8,77,success,5168115522683865034,2
LEO_V1_1_REQUALIFICATION_20260920,ofat_comparative,interferenceDb__25p0__lqi,f36d0510e3dbb0d3c9adffa565c74ad2c5026b77fa1cf04b411ba46f49f4c520,triangle,2.5,lqi,1,3,17,42,18,8,78,success,5168115522683865034,2
LEO_V1_1_REQUALIFICATION_20260920,ofat_comparative,interferenceDb__25p0__lqi,f36d0510e3dbb0d3c9adffa565c74ad2c5026b77fa1cf04b411ba46f49f4c520,triangle,2.5,lqi,1,3,17,42,18,8,79,success,5168115522683865034,2
LEO_V1_1_REQUALIFICATION_20260920,ofat_comparative,interferenceDb__25p0__lqi,f36d0510e3dbb0d3c9adffa565c74ad2c5026b77fa1cf04b411ba46f49f4c520,triangle,2.5,lqi,1,3,17,42,18,9,80,success,18131355419705379627,2
LEO_V1_1_REQUALIFICATION_20260920,ofat_comparative,interferenceDb__25p0__lqi,f36d0510e3dbb0d3c9adffa565c74ad2c5026b77fa1cf04b411ba46f49f4c520,triangle,2.5,lqi,1,3,17,42,18,9,81,success,18131355419705379627,2
LEO_V1_1_REQUALIFICATION_20260920,ofat_comparative,interferenceDb__25p0__lqi,f36d0510e3dbb0d3c9adffa565c74ad2c5026b77fa1cf04b411ba46f49f4c520,triangle,2.5,lqi,1,3,17,42,18,9,82,success,18131355419705379627,2
LEO_V1_1_REQUALIFICATION_20260920,ofat_comparative,interferenceDb__25p0__lqi,f36d0510e3dbb0d3c9adffa565c74ad2c5026b77fa1cf04b411ba46f49f4c520,triangle,2.5,lqi,1,3,17,42,18,9,83,success,18131355419705379627,2
LEO_V1_1_REQUALIFICATION_20260920,ofat_comparative,interferenceDb__25p0__lqi,f36d0510e3dbb0d3c9adffa565c74ad2c5026b77fa1cf04b411ba46f49f4c520,triangle,2.5,lqi,1,3,17,42,18,9,84,success,18131355419705379627,2
LEO_V1_1_REQUALIFICATION_20260920,ofat_comparative,interferenceDb__25p0__lqi,f36d0510e3dbb0d3c9adffa565c74ad2c5026b77fa1cf04b411ba46f49f4c520,triangle,2.5,lqi,1,3,17,42,18,9,85,success,18131355419705379627,2
LEO_V1_1_REQUALIFICATION_20260920,ofat_comparative,interferenceDb__25p0__lqi,f36d0510e3dbb0d3c9adffa565c74ad2c5026b77fa1cf04b411ba46f49f4c520,triangle,2.5,lqi,1,3,17,42,18,9,86,success,18131355419705379627,2
LEO_V1_1_REQUALIFICATION_20260920,ofat_comparative,interferenceDb__25p0__lqi,f36d0510e3dbb0d3c9adffa565c74ad2c5026b77fa1cf04b411ba46f49f4c520,triangle,2.5,lqi,1,3,17,42,18,9,87,success,18131355419705379627,2
LEO_V1_1_REQUALIFICATION_20260920,ofat_comparative,interferenceDb__25p0__lqi,f36d0510e3dbb0d3c9adffa565c74ad2c5026b77fa1cf04b411ba46f49f4c520,triangle,2.5,lqi,1,3,17,42,18,9,88,success,18131355419705379627,2
LEO_V1_1_REQUALIFICATION_20260920,ofat_comparative,interferenceDb__25p0__lqi,f36d0510e3dbb0d3c9adffa565c74ad2c5026b77fa1cf04b411ba46f49f4c520,triangle,2.5,lqi,1,3,17,42,18,9,89,success,18131355419705379627,2
LEO_V1_1_REQUALIFICATION_20260920,ofat_comparative,interferenceDb__25p0__lqi,f36d0510e3dbb0d3c9adffa565c74ad2c5026b77fa1cf04b411ba46f49f4c520,triangle,2.5,lqi,1,3,17,42,18,10,90,success,17464326760895962409,3
LEO_V1_1_REQUALIFICATION_20260920,ofat_comparative,interferenceDb__25p0__lqi,f36d0510e3dbb0d3c9adffa565c74ad2c5026b77fa1cf04b411ba46f49f4c520,triangle,2.5,lqi,1,3,17,42,18,10,91,success,17464326760895962409,3
LEO_V1_1_REQUALIFICATION_20260920,ofat_comparative,interferenceDb__25p0__lqi,f36d0510e3dbb0d3c9adffa565c74ad2c5026b77fa1cf04b411ba46f49f4c520,triangle,2.5,lqi,1,3,17,42,18,10,92,success,17464326760895962409,3
LEO_V1_1_REQUALIFICATION_20260920,ofat_comparative,interferenceDb__25p0__lqi,f36d0510e3dbb0d3c9adffa565c74ad2c5026b77fa1cf04b411ba46f49f4c520,triangle,2.5,lqi,1,3,17,42,18,10,93,success,17464326760895962409,3
LEO_V1_1_REQUALIFICATION_20260920,ofat_comparative,interferenceDb__25p0__lqi,f36d0510e3dbb0d3c9adffa565c74ad2c5026b77fa1cf04b411ba46f49f4c520,triangle,2.5,lqi,1,3,17,42,18,10,94,success,17464326760895962409,3
LEO_V1_1_REQUALIFICATION_20260920,ofat_comparative,interferenceDb__25p0__lqi,f36d0510e3dbb0d3c9adffa565c74ad2c5026b77fa1cf04b411ba46f49f4c520,triangle,2.5,lqi,1,3,17,42,18,10,95,success,17464326760895962409,3
LEO_V1_1_REQUALIFICATION_20260920,ofat_comparative,interferenceDb__25p0__lqi,f36d0510e3dbb0d3c9adffa565c74ad2c5026b77fa1cf04b411ba46f49f4c520,triangle,2.5,lqi,1,3,17,42,18,10,96,success,17464326760895962409,3
LEO_V1_1_REQUALIFICATION_20260920,ofat_comparative,interferenceDb__25p0__lqi,f36d0510e3dbb0d3c9adffa565c74ad2c5026b77fa1cf04b411ba46f49f4c520,triangle,2.5,lqi,1,3,17,42,18,10,97,success,17464326760895962409,3
LEO_V1_1_REQUALIFICATION_20260920,ofat_comparative,interferenceDb__25p0__lqi,f36d0510e3dbb0d3c9adffa565c74ad2c5026b77fa1cf04b411ba46f49f4c520,triangle,2.5,lqi,1,3,17,42,18,10,98,success,17464326760895962409,3
LEO_V1_1_REQUALIFICATION_20260920,ofat_comparative,interferenceDb__25p0__lqi,f36d0510e3dbb0d3c9adffa565c74ad2c5026b77fa1cf04b411ba46f49f4c520,triangle,2.5,lqi,1,3,17,42,18,10,99,success,17464326760895962409,3
LEO_V1_1_REQUALIFICATION_20260920,ofat_comparative,interferenceDb__25p0__lqi,f36d0510e3dbb0d3c9adffa565c74ad2c5026b77fa1cf04b411ba46f49f4c520,triangle,2.5,lqi,1,3,17,42,18,11,100,timeout,0,0
LEO_V1_1_REQUALIFICATION_20260920,ofat_comparative,interferenceDb__25p0__lqi,f36d0510e3dbb0d3c9adffa565c74ad2c5026b77fa1cf04b411ba46f49f4c520,triangle,2.5,lqi,1,3,17,42,18,11,101,no_route,0,0
LEO_V1_1_REQUALIFICATION_20260920,ofat_comparative,interferenceDb__25p0__lqi,f36d0510e3dbb0d3c9adffa565c74ad2c5026b77fa1cf04b411ba46f49f4c520,triangle,2.5,lqi,1,3,17,42,18,11,102,success,17464325661384334198,3
LEO_V1_1_REQUALIFICATION_20260920,ofat_comparative,interferenceDb__25p0__lqi,f36d0510e3dbb0d3c9adffa565c74ad2c5026b77fa1cf04b411ba46f49f4c520,triangle,2.5,lqi,1,3,17,42,18,11,103,success,17464325661384334198,3
LEO_V1_1_REQUALIFICATION_20260920,ofat_comparative,interferenceDb__25p0__lqi,f36d0510e3dbb0d3c9adffa565c74ad2c5026b77fa1cf04b411ba46f49f4c520,triangle,2.5,lqi,1,3,17,42,18,11,104,success,17464325661384334198,3
LEO_V1_1_REQUALIFICATION_20260920,ofat_comparative,interferenceDb__25p0__lqi,f36d0510e3dbb0d3c9adffa565c74ad2c5026b77fa1cf04b411ba46f49f4c520,triangle,2.5,lqi,1,3,17,42,18,11,105,success,17464325661384334198,3
LEO_V1_1_REQUALIFICATION_20260920,ofat_comparative,interferenceDb__25p0__lqi,f36d0510e3dbb0d3c9adffa565c74ad2c5026b77fa1cf04b411ba46f49f4c520,triangle,2.5,lqi,1,3,17,42,18,11,106,success,17464325661384334198,3
LEO_V1_1_REQUALIFICATION_20260920,ofat_comparative,interferenceDb__25p0__lqi,f36d0510e3dbb0d3c9adffa565c74ad2c5026b77fa1cf04b411ba46f49f4c520,triangle,2.5,lqi,1,3,17,42,18,11,107,success,17464325661384334198,3
LEO_V1_1_REQUALIFICATION_20260920,ofat_comparative,interferenceDb__25p0__lqi,f36d0510e3dbb0d3c9adffa565c74ad2c5026b77fa1cf04b411ba46f49f4c520,triangle,2.5,lqi,1,3,17,42,18,11,108,success,17464325661384334198,3
LEO_V1_1_REQUALIFICATION_20260920,ofat_comparative,interferenceDb__25p0__lqi,f36d0510e3dbb0d3c9adffa565c74ad2c5026b77fa1cf04b411ba46f49f4c520,triangle,2.5,lqi,1,3,17,42,18,11,109,success,17464325661384334198,3
LEO_V1_1_REQUALIFICATION_20260920,ofat_comparative,interferenceDb__25p0__lqi,f36d0510e3dbb0d3c9adffa565c74ad2c5026b77fa1cf04b411ba46f49f4c520,triangle,2.5,lqi,1,3,17,42,18,12,110,success,11861899764507145195,3
LEO_V1_1_REQUALIFICATION_20260920,ofat_comparative,interferenceDb__25p0__lqi,f36d0510e3dbb0d3c9adffa565c74ad2c5026b77fa1cf04b411ba46f49f4c520,triangle,2.5,lqi,1,3,17,42,18,12,111,timeout,0,0
LEO_V1_1_REQUALIFICATION_20260920,ofat_comparative,interferenceDb__25p0__lqi,f36d0510e3dbb0d3c9adffa565c74ad2c5026b77fa1cf04b411ba46f49f4c520,triangle,2.5,lqi,1,3,17,42,18,12,112,no_route,0,0
LEO_V1_1_REQUALIFICATION_20260920,ofat_comparative,interferenceDb__25p0__lqi,f36d0510e3dbb0d3c9adffa565c74ad2c5026b77fa1cf04b411ba46f49f4c520,triangle,2.5,lqi,1,3,17,42,18,12,113,success,5631159327870811786,4
LEO_V1_1_REQUALIFICATION_20260920,ofat_comparative,interferenceDb__25p0__lqi,f36d0510e3dbb0d3c9adffa565c74ad2c5026b77fa1cf04b411ba46f49f4c520,triangle,2.5,lqi,1,3,17,42,18,12,114,success,5631159327870811786,4
LEO_V1_1_REQUALIFICATION_20260920,ofat_comparative,interferenceDb__25p0__lqi,f36d0510e3dbb0d3c9adffa565c74ad2c5026b77fa1cf04b411ba46f49f4c520,triangle,2.5,lqi,1,3,17,42,18,12,115,success,5631159327870811786,4
LEO_V1_1_REQUALIFICATION_20260920,ofat_comparative,interferenceDb__25p0__lqi,f36d0510e3dbb0d3c9adffa565c74ad2c5026b77fa1cf04b411ba46f49f4c520,triangle,2.5,lqi,1,3,17,42,18,12,116,success,5631159327870811786,4
LEO_V1_1_REQUALIFICATION_20260920,ofat_comparative,interferenceDb__25p0__lqi,f36d0510e3dbb0d3c9adffa565c74ad2c5026b77fa1cf04b411ba46f49f4c520,triangle,2.5,lqi,1,3,17,42,18,12,117,success,5631159327870811786,4
LEO_V1_1_REQUALIFICATION_20260920,ofat_comparative,interferenceDb__25p0__lqi,f36d0510e3dbb0d3c9adffa565c74ad2c5026b77fa1cf04b411ba46f49f4c520,triangle,2.5,lqi,1,3,17,42,18,12,118,success,5631159327870811786,4
LEO_V1_1_REQUALIFICATION_20260920,ofat_comparative,interferenceDb__25p0__lqi,f36d0510e3dbb0d3c9adffa565c74ad2c5026b77fa1cf04b411ba46f49f4c520,triangle,2.5,lqi,1,3,17,42,18,12,119,success,5631159327870811786,4
LEO_V1_1_REQUALIFICATION_20260920,ofat_comparative,interferenceDb__25p0__lqi,f36d0510e3dbb0d3c9adffa565c74ad2c5026b77fa1cf04b411ba46f49f4c520,triangle,2.5,lqi,1,3,17,42,18,13,120,no_route,0,0
LEO_V1_1_REQUALIFICATION_20260920,ofat_comparative,interferenceDb__25p0__lqi,f36d0510e3dbb0d3c9adffa565c74ad2c5026b77fa1cf04b411ba46f49f4c520,triangle,2.5,lqi,1,3,17,42,18,13,121,no_route,0,0
LEO_V1_1_REQUALIFICATION_20260920,ofat_comparative,interferenceDb__25p0__lqi,f36d0510e3dbb0d3c9adffa565c74ad2c5026b77fa1cf04b411ba46f49f4c520,triangle,2.5,lqi,1,3,17,42,18,13,122,no_route,0,0
LEO_V1_1_REQUALIFICATION_20260920,ofat_comparative,interferenceDb__25p0__lqi,f36d0510e3dbb0d3c9adffa565c74ad2c5026b77fa1cf04b411ba46f49f4c520,triangle,2.5,lqi,1,3,17,42,18,13,123,no_route,0,0
LEO_V1_1_REQUALIFICATION_20260920,ofat_comparative,interferenceDb__25p0__lqi,f36d0510e3dbb0d3c9adffa565c74ad2c5026b77fa1cf04b411ba46f49f4c520,triangle,2.5,lqi,1,3,17,42,18,13,124,no_route,0,0
LEO_V1_1_REQUALIFICATION_20260920,ofat_comparative,interferenceDb__25p0__lqi,f36d0510e3dbb0d3c9adffa565c74ad2c5026b77fa1cf04b411ba46f49f4c520,triangle,2.5,lqi,1,3,17,42,18,13,125,no_route,0,0
LEO_V1_1_REQUALIFICATION_20260920,ofat_comparative,interferenceDb__25p0__lqi,f36d0510e3dbb0d3c9adffa565c74ad2c5026b77fa1cf04b411ba46f49f4c520,triangle,2.5,lqi,1,3,17,42,18,13,126,no_route,0,0
LEO_V1_1_REQUALIFICATION_20260920,ofat_comparative,interferenceDb__25p0__lqi,f36d0510e3dbb0d3c9adffa565c74ad2c5026b77fa1cf04b411ba46f49f4c520,triangle,2.5,lqi,1,3,17,42,18,13,127,no_route,0,0
LEO_V1_1_REQUALIFICATION_20260920,ofat_comparative,interferenceDb__25p0__lqi,f36d0510e3dbb0d3c9adffa565c74ad2c5026b77fa1cf04b411ba46f49f4c520,triangle,2.5,lqi,1,3,17,42,18,13,128,no_route,0,0
LEO_V1_1_REQUALIFICATION_20260920,ofat_comparative,interferenceDb__25p0__lqi,f36d0510e3dbb0d3c9adffa565c74ad2c5026b77fa1cf04b411ba46f49f4c520,triangle,2.5,lqi,1,3,17,42,18,13,129,no_route,0,0
LEO_V1_1_REQUALIFICATION_20260920,ofat_comparative,interferenceDb__25p0__lqi,f36d0510e3dbb0d3c9adffa565c74ad2c5026b77fa1cf04b411ba46f49f4c520,triangle,2.5,lqi,1,3,17,42,18,14,130,no_route,0,0
LEO_V1_1_REQUALIFICATION_20260920,ofat_comparative,interferenceDb__25p0__lqi,f36d0510e3dbb0d3c9adffa565c74ad2c5026b77fa1cf04b411ba46f49f4c520,triangle,2.5,lqi,1,3,17,42,18,14,131,no_route,0,0
LEO_V1_1_REQUALIFICATION_20260920,ofat_comparative,interferenceDb__25p0__lqi,f36d0510e3dbb0d3c9adffa565c74ad2c5026b77fa1cf04b411ba46f49f4c520,triangle,2.5,lqi,1,3,17,42,18,14,132,no_route,0,0
LEO_V1_1_REQUALIFICATION_20260920,ofat_comparative,interferenceDb__25p0__lqi,f36d0510e3dbb0d3c9adffa565c74ad2c5026b77fa1cf04b411ba46f49f4c520,triangle,2.5,lqi,1,3,17,42,18,14,133,no_route,0,0
LEO_V1_1_REQUALIFICATION_20260920,ofat_comparative,interferenceDb__25p0__lqi,f36d0510e3dbb0d3c9adffa565c74ad2c5026b77fa1cf04b411ba46f49f4c520,triangle,2.5,lqi,1,3,17,42,18,14,134,no_route,0,0
LEO_V1_1_REQUALIFICATION_20260920,ofat_comparative,interferenceDb__25p0__lqi,f36d0510e3dbb0d3c9adffa565c74ad2c5026b77fa1cf04b411ba46f49f4c520,triangle,2.5,lqi,1,3,17,42,18,14,135,no_route,0,0
LEO_V1_1_REQUALIFICATION_20260920,ofat_comparative,interferenceDb__25p0__lqi,f36d0510e3dbb0d3c9adffa565c74ad2c5026b77fa1cf04b411ba46f49f4c520,triangle,2.5,lqi,1,3,17,42,18,14,136,no_route,0,0
LEO_V1_1_REQUALIFICATION_20260920,ofat_comparative,interferenceDb__25p0__lqi,f36d0510e3dbb0d3c9adffa565c74ad2c5026b77fa1cf04b411ba46f49f4c520,triangle,2.5,lqi,1,3,17,42,18,14,137,no_route,0,0
LEO_V1_1_REQUALIFICATION_20260920,ofat_comparative,interferenceDb__25p0__lqi,f36d0510e3dbb0d3c9adffa565c74ad2c5026b77fa1cf04b411ba46f49f4c520,triangle,2.5,lqi,1,3,17,42,18,14,138,no_route,0,0
LEO_V1_1_REQUALIFICATION_20260920,ofat_comparative,interferenceDb__25p0__lqi,f36d0510e3dbb0d3c9adffa565c74ad2c5026b77fa1cf04b411ba46f49f4c520,triangle,2.5,lqi,1,3,17,42,18,14,139,no_route,0,0
LEO_V1_1_REQUALIFICATION_20260920,ofat_comparative,interferenceDb__25p0__lqi,f36d0510e3dbb0d3c9adffa565c74ad2c5026b77fa1cf04b411ba46f49f4c520,triangle,2.5,lqi,1,3,17,42,18,15,140,no_route,0,0
LEO_V1_1_REQUALIFICATION_20260920,ofat_comparative,interferenceDb__25p0__lqi,f36d0510e3dbb0d3c9adffa565c74ad2c5026b77fa1cf04b411ba46f49f4c520,triangle,2.5,lqi,1,3,17,42,18,15,141,no_route,0,0
LEO_V1_1_REQUALIFICATION_20260920,ofat_comparative,interferenceDb__25p0__lqi,f36d0510e3dbb0d3c9adffa565c74ad2c5026b77fa1cf04b411ba46f49f4c520,triangle,2.5,lqi,1,3,17,42,18,15,142,no_route,0,0
LEO_V1_1_REQUALIFICATION_20260920,ofat_comparative,interferenceDb__25p0__lqi,f36d0510e3dbb0d3c9adffa565c74ad2c5026b77fa1cf04b411ba46f49f4c520,triangle,2.5,lqi,1,3,17,42,18,15,143,no_route,0,0
LEO_V1_1_REQUALIFICATION_20260920,ofat_comparative,interferenceDb__25p0__lqi,f36d0510e3dbb0d3c9adffa565c74ad2c5026b77fa1cf04b411ba46f49f4c520,triangle,2.5,lqi,1,3,17,42,18,15,144,no_route,0,0
LEO_V1_1_REQUALIFICATION_20260920,ofat_comparative,interferenceDb__25p0__lqi,f36d0510e3dbb0d3c9adffa565c74ad2c5026b77fa1cf04b411ba46f49f4c520,triangle,2.5,lqi,1,3,17,42,18,15,145,no_route,0,0
LEO_V1_1_REQUALIFICATION_20260920,ofat_comparative,interferenceDb__25p0__lqi,f36d0510e3dbb0d3c9adffa565c74ad2c5026b77fa1cf04b411ba46f49f4c520,triangle,2.5,lqi,1,3,17,42,18,15,146,no_route,0,0
LEO_V1_1_REQUALIFICATION_20260920,ofat_comparative,interferenceDb__25p0__lqi,f36d0510e3dbb0d3c9adffa565c74ad2c5026b77fa1cf04b411ba46f49f4c520,triangle,2.5,lqi,1,3,17,42,18,15,147,no_route,0,0
LEO_V1_1_REQUALIFICATION_20260920,ofat_comparative,interferenceDb__25p0__lqi,f36d0510e3dbb0d3c9adffa565c74ad2c5026b77fa1cf04b411ba46f49f4c520,triangle,2.5,lqi,1,3,17,42,18,15,148,no_route,0,0
LEO_V1_1_REQUALIFICATION_20260920,ofat_comparative,interferenceDb__25p0__lqi,f36d0510e3dbb0d3c9adffa565c74ad2c5026b77fa1cf04b411ba46f49f4c520,triangle,2.5,lqi,1,3,17,42,18,15,149,no_route,0,0
LEO_V1_1_REQUALIFICATION_20260920,ofat_comparative,interferenceDb__25p0__lqi,f36d0510e3dbb0d3c9adffa565c74ad2c5026b77fa1cf04b411ba46f49f4c520,triangle,2.5,lqi,1,3,17,42,18,16,150,no_route,0,0
LEO_V1_1_REQUALIFICATION_20260920,ofat_comparative,interferenceDb__25p0__lqi,f36d0510e3dbb0d3c9adffa565c74ad2c5026b77fa1cf04b411ba46f49f4c520,triangle,2.5,lqi,1,3,17,42,18,16,151,no_route,0,0
LEO_V1_1_REQUALIFICATION_20260920,ofat_comparative,interferenceDb__25p0__lqi,f36d0510e3dbb0d3c9adffa565c74ad2c5026b77fa1cf04b411ba46f49f4c520,triangle,2.5,lqi,1,3,17,42,18,16,152,no_route,0,0
LEO_V1_1_REQUALIFICATION_20260920,ofat_comparative,interferenceDb__25p0__lqi,f36d0510e3dbb0d3c9adffa565c74ad2c5026b77fa1cf04b411ba46f49f4c520,triangle,2.5,lqi,1,3,17,42,18,16,153,no_route,0,0
LEO_V1_1_REQUALIFICATION_20260920,ofat_comparative,interferenceDb__25p0__lqi,f36d0510e3dbb0d3c9adffa565c74ad2c5026b77fa1cf04b411ba46f49f4c520,triangle,2.5,lqi,1,3,17,42,18,16,154,no_route,0,0
LEO_V1_1_REQUALIFICATION_20260920,ofat_comparative,interferenceDb__25p0__lqi,f36d0510e3dbb0d3c9adffa565c74ad2c5026b77fa1cf04b411ba46f49f4c520,triangle,2.5,lqi,1,3,17,42,18,16,155,no_route,0,0
LEO_V1_1_REQUALIFICATION_20260920,ofat_comparative,interferenceDb__25p0__lqi,f36d0510e3dbb0d3c9adffa565c74ad2c5026b77fa1cf04b411ba46f49f4c520,triangle,2.5,lqi,1,3,17,42,18,16,156,no_route,0,0
LEO_V1_1_REQUALIFICATION_20260920,ofat_comparative,interferenceDb__25p0__lqi,f36d0510e3dbb0d3c9adffa565c74ad2c5026b77fa1cf04b411ba46f49f4c520,triangle,2.5,lqi,1,3,17,42,18,16,157,no_route,0,0
LEO_V1_1_REQUALIFICATION_20260920,ofat_comparative,interferenceDb__25p0__lqi,f36d0510e3dbb0d3c9adffa565c74ad2c5026b77fa1cf04b411ba46f49f4c520,triangle,2.5,lqi,1,3,17,42,18,16,158,no_route,0,0
LEO_V1_1_REQUALIFICATION_20260920,ofat_comparative,interferenceDb__25p0__lqi,f36d0510e3dbb0d3c9adffa565c74ad2c5026b77fa1cf04b411ba46f49f4c520,triangle,2.5,lqi,1,3,17,42,18,16,159,no_route,0,0
LEO_V1_1_REQUALIFICATION_20260920,ofat_comparative,interferenceDb__25p0__lqi,f36d0510e3dbb0d3c9adffa565c74ad2c5026b77fa1cf04b411ba46f49f4c520,triangle,2.5,lqi,1,3,17,42,18,17,160,no_route,0,0
LEO_V1_1_REQUALIFICATION_20260920,ofat_comparative,interferenceDb__25p0__lqi,f36d0510e3dbb0d3c9adffa565c74ad2c5026b77fa1cf04b411ba46f49f4c520,triangle,2.5,lqi,1,3,17,42,18,17,161,no_route,0,0
LEO_V1_1_REQUALIFICATION_20260920,ofat_comparative,interferenceDb__25p0__lqi,f36d0510e3dbb0d3c9adffa565c74ad2c5026b77fa1cf04b411ba46f49f4c520,triangle,2.5,lqi,1,3,17,42,18,17,162,no_route,0,0
LEO_V1_1_REQUALIFICATION_20260920,ofat_comparative,interferenceDb__25p0__lqi,f36d0510e3dbb0d3c9adffa565c74ad2c5026b77fa1cf04b411ba46f49f4c520,triangle,2.5,lqi,1,3,17,42,18,17,163,no_route,0,0
LEO_V1_1_REQUALIFICATION_20260920,ofat_comparative,interferenceDb__25p0__lqi,f36d0510e3dbb0d3c9adffa565c74ad2c5026b77fa1cf04b411ba46f49f4c520,triangle,2.5,lqi,1,3,17,42,18,17,164,no_route,0,0
LEO_V1_1_REQUALIFICATION_20260920,ofat_comparative,interferenceDb__25p0__lqi,f36d0510e3dbb0d3c9adffa565c74ad2c5026b77fa1cf04b411ba46f49f4c520,triangle,2.5,lqi,1,3,17,42,18,17,165,no_route,0,0
LEO_V1_1_REQUALIFICATION_20260920,ofat_comparative,interferenceDb__25p0__lqi,f36d0510e3dbb0d3c9adffa565c74ad2c5026b77fa1cf04b411ba46f49f4c520,triangle,2.5,lqi,1,3,17,42,18,17,166,no_route,0,0
LEO_V1_1_REQUALIFICATION_20260920,ofat_comparative,interferenceDb__25p0__lqi,f36d0510e3dbb0d3c9adffa565c74ad2c5026b77fa1cf04b411ba46f49f4c520,triangle,2.5,lqi,1,3,17,42,18,17,167,no_route,0,0
LEO_V1_1_REQUALIFICATION_20260920,ofat_comparative,interferenceDb__25p0__lqi,f36d0510e3dbb0d3c9adffa565c74ad2c5026b77fa1cf04b411ba46f49f4c520,triangle,2.5,lqi,1,3,17,42,18,17,168,no_route,0,0
LEO_V1_1_REQUALIFICATION_20260920,ofat_comparative,interferenceDb__25p0__lqi,f36d0510e3dbb0d3c9adffa565c74ad2c5026b77fa1cf04b411ba46f49f4c520,triangle,2.5,lqi,1,3,17,42,18,17,169,no_route,0,0
LEO_V1_1_REQUALIFICATION_20260920,ofat_comparative,interferenceDb__25p0__lqi,f36d0510e3dbb0d3c9adffa565c74ad2c5026b77fa1cf04b411ba46f49f4c520,triangle,2.5,lqi,1,3,17,42,18,18,170,no_route,0,0
LEO_V1_1_REQUALIFICATION_20260920,ofat_comparative,interferenceDb__25p0__lqi,f36d0510e3dbb0d3c9adffa565c74ad2c5026b77fa1cf04b411ba46f49f4c520,triangle,2.5,lqi,1,3,17,42,18,18,171,no_route,0,0
LEO_V1_1_REQUALIFICATION_20260920,ofat_comparative,interferenceDb__25p0__lqi,f36d0510e3dbb0d3c9adffa565c74ad2c5026b77fa1cf04b411ba46f49f4c520,triangle,2.5,lqi,1,3,17,42,18,18,172,no_route,0,0
LEO_V1_1_REQUALIFICATION_20260920,ofat_comparative,interferenceDb__25p0__lqi,f36d0510e3dbb0d3c9adffa565c74ad2c5026b77fa1cf04b411ba46f49f4c520,triangle,2.5,lqi,1,3,17,42,18,18,173,no_route,0,0
LEO_V1_1_REQUALIFICATION_20260920,ofat_comparative,interferenceDb__25p0__lqi,f36d0510e3dbb0d3c9adffa565c74ad2c5026b77fa1cf04b411ba46f49f4c520,triangle,2.5,lqi,1,3,17,42,18,18,174,no_route,0,0
LEO_V1_1_REQUALIFICATION_20260920,ofat_comparative,interferenceDb__25p0__lqi,f36d0510e3dbb0d3c9adffa565c74ad2c5026b77fa1cf04b411ba46f49f4c520,triangle,2.5,lqi,1,3,17,42,18,18,175,no_route,0,0
LEO_V1_1_REQUALIFICATION_20260920,ofat_comparative,interferenceDb__25p0__lqi,f36d0510e3dbb0d3c9adffa565c74ad2c5026b77fa1cf04b411ba46f49f4c520,triangle,2.5,lqi,1,3,17,42,18,18,176,no_route,0,0
LEO_V1_1_REQUALIFICATION_20260920,ofat_comparative,interferenceDb__25p0__lqi,f36d0510e3dbb0d3c9adffa565c74ad2c5026b77fa1cf04b411ba46f49f4c520,triangle,2.5,lqi,1,3,17,42,18,18,177,no_route,0,0
LEO_V1_1_REQUALIFICATION_20260920,ofat_comparative,interferenceDb__25p0__lqi,f36d0510e3dbb0d3c9adffa565c74ad2c5026b77fa1cf04b411ba46f49f4c520,triangle,2.5,lqi,1,3,17,42,18,18,178,no_route,0,0
LEO_V1_1_REQUALIFICATION_20260920,ofat_comparative,interferenceDb__25p0__lqi,f36d0510e3dbb0d3c9adffa565c74ad2c5026b77fa1cf04b411ba46f49f4c520,triangle,2.5,lqi,1,3,17,42,18,18,179,no_route,0,0
LEO_V1_1_REQUALIFICATION_20260920,ofat_comparative,interferenceDb__25p0__lqi,f36d0510e3dbb0d3c9adffa565c74ad2c5026b77fa1cf04b411ba46f49f4c520,triangle,2.5,lqi,1,3,17,42,18,19,180,no_route,0,0
LEO_V1_1_REQUALIFICATION_20260920,ofat_comparative,interferenceDb__25p0__lqi,f36d0510e3dbb0d3c9adffa565c74ad2c5026b77fa1cf04b411ba46f49f4c520,triangle,2.5,lqi,1,3,17,42,18,19,181,no_route,0,0
LEO_V1_1_REQUALIFICATION_20260920,ofat_comparative,interferenceDb__25p0__lqi,f36d0510e3dbb0d3c9adffa565c74ad2c5026b77fa1cf04b411ba46f49f4c520,triangle,2.5,lqi,1,3,17,42,18,19,182,no_route,0,0
LEO_V1_1_REQUALIFICATION_20260920,ofat_comparative,interferenceDb__25p0__lqi,f36d0510e3dbb0d3c9adffa565c74ad2c5026b77fa1cf04b411ba46f49f4c520,triangle,2.5,lqi,1,3,17,42,18,19,183,no_route,0,0
LEO_V1_1_REQUALIFICATION_20260920,ofat_comparative,interferenceDb__25p0__lqi,f36d0510e3dbb0d3c9adffa565c74ad2c5026b77fa1cf04b411ba46f49f4c520,triangle,2.5,lqi,1,3,17,42,18,19,184,no_route,0,0
LEO_V1_1_REQUALIFICATION_20260920,ofat_comparative,interferenceDb__25p0__lqi,f36d0510e3dbb0d3c9adffa565c74ad2c5026b77fa1cf04b411ba46f49f4c520,triangle,2.5,lqi,1,3,17,42,18,19,185,no_route,0,0
LEO_V1_1_REQUALIFICATION_20260920,ofat_comparative,interferenceDb__25p0__lqi,f36d0510e3dbb0d3c9adffa565c74ad2c5026b77fa1cf04b411ba46f49f4c520,triangle,2.5,lqi,1,3,17,42,18,19,186,no_route,0,0
LEO_V1_1_REQUALIFICATION_20260920,ofat_comparative,interferenceDb__25p0__lqi,f36d0510e3dbb0d3c9adffa565c74ad2c5026b77fa1cf04b411ba46f49f4c520,triangle,2.5,lqi,1,3,17,42,18,19,187,no_route,0,0
LEO_V1_1_REQUALIFICATION_20260920,ofat_comparative,interferenceDb__25p0__lqi,f36d0510e3dbb0d3c9adffa565c74ad2c5026b77fa1cf04b411ba46f49f4c520,triangle,2.5,lqi,1,3,17,42,18,19,188,no_route,0,0
LEO_V1_1_REQUALIFICATION_20260920,ofat_comparative,interferenceDb__25p0__lqi,f36d0510e3dbb0d3c9adffa565c74ad2c5026b77fa1cf04b411ba46f49f4c520,triangle,2.5,lqi,1,3,17,42,18,19,189,no_route,0,0
LEO_V1_1_REQUALIFICATION_20260920,ofat_comparative,interferenceDb__25p0__lqi,f36d0510e3dbb0d3c9adffa565c74ad2c5026b77fa1cf04b411ba46f49f4c520,triangle,2.5,lqi,1,3,18,42,19,1,0,success,12161961113530546194,1
LEO_V1_1_REQUALIFICATION_20260920,ofat_comparative,interferenceDb__25p0__lqi,f36d0510e3dbb0d3c9adffa565c74ad2c5026b77fa1cf04b411ba46f49f4c520,triangle,2.5,lqi,1,3,18,42,19,1,1,success,12161961113530546194,1
LEO_V1_1_REQUALIFICATION_20260920,ofat_comparative,interferenceDb__25p0__lqi,f36d0510e3dbb0d3c9adffa565c74ad2c5026b77fa1cf04b411ba46f49f4c520,triangle,2.5,lqi,1,3,18,42,19,1,2,success,12161961113530546194,1
LEO_V1_1_REQUALIFICATION_20260920,ofat_comparative,interferenceDb__25p0__lqi,f36d0510e3dbb0d3c9adffa565c74ad2c5026b77fa1cf04b411ba46f49f4c520,triangle,2.5,lqi,1,3,18,42,19,1,3,success,12161961113530546194,1
LEO_V1_1_REQUALIFICATION_20260920,ofat_comparative,interferenceDb__25p0__lqi,f36d0510e3dbb0d3c9adffa565c74ad2c5026b77fa1cf04b411ba46f49f4c520,triangle,2.5,lqi,1,3,18,42,19,1,4,success,12161961113530546194,1
LEO_V1_1_REQUALIFICATION_20260920,ofat_comparative,interferenceDb__25p0__lqi,f36d0510e3dbb0d3c9adffa565c74ad2c5026b77fa1cf04b411ba46f49f4c520,triangle,2.5,lqi,1,3,18,42,19,1,5,success,12161961113530546194,1
LEO_V1_1_REQUALIFICATION_20260920,ofat_comparative,interferenceDb__25p0__lqi,f36d0510e3dbb0d3c9adffa565c74ad2c5026b77fa1cf04b411ba46f49f4c520,triangle,2.5,lqi,1,3,18,42,19,1,6,success,12161961113530546194,1
LEO_V1_1_REQUALIFICATION_20260920,ofat_comparative,interferenceDb__25p0__lqi,f36d0510e3dbb0d3c9adffa565c74ad2c5026b77fa1cf04b411ba46f49f4c520,triangle,2.5,lqi,1,3,18,42,19,1,7,success,12161961113530546194,1
LEO_V1_1_REQUALIFICATION_20260920,ofat_comparative,interferenceDb__25p0__lqi,f36d0510e3dbb0d3c9adffa565c74ad2c5026b77fa1cf04b411ba46f49f4c520,triangle,2.5,lqi,1,3,18,42,19,1,8,success,12161961113530546194,1
LEO_V1_1_REQUALIFICATION_20260920,ofat_comparative,interferenceDb__25p0__lqi,f36d0510e3dbb0d3c9adffa565c74ad2c5026b77fa1cf04b411ba46f49f4c520,triangle,2.5,lqi,1,3,18,42,19,1,9,success,12161961113530546194,1
LEO_V1_1_REQUALIFICATION_20260920,ofat_comparative,interferenceDb__25p0__lqi,f36d0510e3dbb0d3c9adffa565c74ad2c5026b77fa1cf04b411ba46f49f4c520,triangle,2.5,lqi,1,3,18,42,19,2,10,success,5168104527567582924,2
LEO_V1_1_REQUALIFICATION_20260920,ofat_comparative,interferenceDb__25p0__lqi,f36d0510e3dbb0d3c9adffa565c74ad2c5026b77fa1cf04b411ba46f49f4c520,triangle,2.5,lqi,1,3,18,42,19,2,11,success,5168104527567582924,2
LEO_V1_1_REQUALIFICATION_20260920,ofat_comparative,interferenceDb__25p0__lqi,f36d0510e3dbb0d3c9adffa565c74ad2c5026b77fa1cf04b411ba46f49f4c520,triangle,2.5,lqi,1,3,18,42,19,2,12,success,5168104527567582924,2
LEO_V1_1_REQUALIFICATION_20260920,ofat_comparative,interferenceDb__25p0__lqi,f36d0510e3dbb0d3c9adffa565c74ad2c5026b77fa1cf04b411ba46f49f4c520,triangle,2.5,lqi,1,3,18,42,19,2,13,success,5168104527567582924,2
LEO_V1_1_REQUALIFICATION_20260920,ofat_comparative,interferenceDb__25p0__lqi,f36d0510e3dbb0d3c9adffa565c74ad2c5026b77fa1cf04b411ba46f49f4c520,triangle,2.5,lqi,1,3,18,42,19,2,14,success,5168104527567582924,2
LEO_V1_1_REQUALIFICATION_20260920,ofat_comparative,interferenceDb__25p0__lqi,f36d0510e3dbb0d3c9adffa565c74ad2c5026b77fa1cf04b411ba46f49f4c520,triangle,2.5,lqi,1,3,18,42,19,2,15,success,5168104527567582924,2
LEO_V1_1_REQUALIFICATION_20260920,ofat_comparative,interferenceDb__25p0__lqi,f36d0510e3dbb0d3c9adffa565c74ad2c5026b77fa1cf04b411ba46f49f4c520,triangle,2.5,lqi,1,3,18,42,19,2,16,success,5168104527567582924,2
LEO_V1_1_REQUALIFICATION_20260920,ofat_comparative,interferenceDb__25p0__lqi,f36d0510e3dbb0d3c9adffa565c74ad2c5026b77fa1cf04b411ba46f49f4c520,triangle,2.5,lqi,1,3,18,42,19,2,17,success,5168104527567582924,2
LEO_V1_1_REQUALIFICATION_20260920,ofat_comparative,interferenceDb__25p0__lqi,f36d0510e3dbb0d3c9adffa565c74ad2c5026b77fa1cf04b411ba46f49f4c520,triangle,2.5,lqi,1,3,18,42,19,2,18,success,5168104527567582924,2
LEO_V1_1_REQUALIFICATION_20260920,ofat_comparative,interferenceDb__25p0__lqi,f36d0510e3dbb0d3c9adffa565c74ad2c5026b77fa1cf04b411ba46f49f4c520,triangle,2.5,lqi,1,3,18,42,19,2,19,success,5168104527567582924,2
LEO_V1_1_REQUALIFICATION_20260920,ofat_comparative,interferenceDb__25p0__lqi,f36d0510e3dbb0d3c9adffa565c74ad2c5026b77fa1cf04b411ba46f49f4c520,triangle,2.5,lqi,1,3,18,42,19,3,20,success,5168105627079211135,2
LEO_V1_1_REQUALIFICATION_20260920,ofat_comparative,interferenceDb__25p0__lqi,f36d0510e3dbb0d3c9adffa565c74ad2c5026b77fa1cf04b411ba46f49f4c520,triangle,2.5,lqi,1,3,18,42,19,3,21,success,5168105627079211135,2
LEO_V1_1_REQUALIFICATION_20260920,ofat_comparative,interferenceDb__25p0__lqi,f36d0510e3dbb0d3c9adffa565c74ad2c5026b77fa1cf04b411ba46f49f4c520,triangle,2.5,lqi,1,3,18,42,19,3,22,success,5168105627079211135,2
LEO_V1_1_REQUALIFICATION_20260920,ofat_comparative,interferenceDb__25p0__lqi,f36d0510e3dbb0d3c9adffa565c74ad2c5026b77fa1cf04b411ba46f49f4c520,triangle,2.5,lqi,1,3,18,42,19,3,23,success,5168105627079211135,2
LEO_V1_1_REQUALIFICATION_20260920,ofat_comparative,interferenceDb__25p0__lqi,f36d0510e3dbb0d3c9adffa565c74ad2c5026b77fa1cf04b411ba46f49f4c520,triangle,2.5,lqi,1,3,18,42,19,3,24,success,5168105627079211135,2
LEO_V1_1_REQUALIFICATION_20260920,ofat_comparative,interferenceDb__25p0__lqi,f36d0510e3dbb0d3c9adffa565c74ad2c5026b77fa1cf04b411ba46f49f4c520,triangle,2.5,lqi,1,3,18,42,19,3,25,success,5168105627079211135,2
LEO_V1_1_REQUALIFICATION_20260920,ofat_comparative,interferenceDb__25p0__lqi,f36d0510e3dbb0d3c9adffa565c74ad2c5026b77fa1cf04b411ba46f49f4c520,triangle,2.5,lqi,1,3,18,42,19,3,26,success,5168105627079211135,2
LEO_V1_1_REQUALIFICATION_20260920,ofat_comparative,interferenceDb__25p0__lqi,f36d0510e3dbb0d3c9adffa565c74ad2c5026b77fa1cf04b411ba46f49f4c520,triangle,2.5,lqi,1,3,18,42,19,3,27,success,5168105627079211135,2
LEO_V1_1_REQUALIFICATION_20260920,ofat_comparative,interferenceDb__25p0__lqi,f36d0510e3dbb0d3c9adffa565c74ad2c5026b77fa1cf04b411ba46f49f4c520,triangle,2.5,lqi,1,3,18,42,19,3,28,success,5168105627079211135,2
LEO_V1_1_REQUALIFICATION_20260920,ofat_comparative,interferenceDb__25p0__lqi,f36d0510e3dbb0d3c9adffa565c74ad2c5026b77fa1cf04b411ba46f49f4c520,triangle,2.5,lqi,1,3,18,42,19,3,29,success,5168105627079211135,2
LEO_V1_1_REQUALIFICATION_20260920,ofat_comparative,interferenceDb__25p0__lqi,f36d0510e3dbb0d3c9adffa565c74ad2c5026b77fa1cf04b411ba46f49f4c520,triangle,2.5,lqi,1,3,18,42,19,4,30,success,4254184782511048963,2
LEO_V1_1_REQUALIFICATION_20260920,ofat_comparative,interferenceDb__25p0__lqi,f36d0510e3dbb0d3c9adffa565c74ad2c5026b77fa1cf04b411ba46f49f4c520,triangle,2.5,lqi,1,3,18,42,19,4,31,success,4254184782511048963,2
LEO_V1_1_REQUALIFICATION_20260920,ofat_comparative,interferenceDb__25p0__lqi,f36d0510e3dbb0d3c9adffa565c74ad2c5026b77fa1cf04b411ba46f49f4c520,triangle,2.5,lqi,1,3,18,42,19,4,32,success,4254184782511048963,2
LEO_V1_1_REQUALIFICATION_20260920,ofat_comparative,interferenceDb__25p0__lqi,f36d0510e3dbb0d3c9adffa565c74ad2c5026b77fa1cf04b411ba46f49f4c520,triangle,2.5,lqi,1,3,18,42,19,4,33,success,4254184782511048963,2
LEO_V1_1_REQUALIFICATION_20260920,ofat_comparative,interferenceDb__25p0__lqi,f36d0510e3dbb0d3c9adffa565c74ad2c5026b77fa1cf04b411ba46f49f4c520,triangle,2.5,lqi,1,3,18,42,19,4,34,success,4254184782511048963,2
LEO_V1_1_REQUALIFICATION_20260920,ofat_comparative,interferenceDb__25p0__lqi,f36d0510e3dbb0d3c9adffa565c74ad2c5026b77fa1cf04b411ba46f49f4c520,triangle,2.5,lqi,1,3,18,42,19,4,35,success,4254184782511048963,2
LEO_V1_1_REQUALIFICATION_20260920,ofat_comparative,interferenceDb__25p0__lqi,f36d0510e3dbb0d3c9adffa565c74ad2c5026b77fa1cf04b411ba46f49f4c520,triangle,2.5,lqi,1,3,18,42,19,4,36,success,4254184782511048963,2
LEO_V1_1_REQUALIFICATION_20260920,ofat_comparative,interferenceDb__25p0__lqi,f36d0510e3dbb0d3c9adffa565c74ad2c5026b77fa1cf04b411ba46f49f4c520,triangle,2.5,lqi,1,3,18,42,19,4,37,success,4254184782511048963,2
LEO_V1_1_REQUALIFICATION_20260920,ofat_comparative,interferenceDb__25p0__lqi,f36d0510e3dbb0d3c9adffa565c74ad2c5026b77fa1cf04b411ba46f49f4c520,triangle,2.5,lqi,1,3,18,42,19,4,38,success,4254184782511048963,2
LEO_V1_1_REQUALIFICATION_20260920,ofat_comparative,interferenceDb__25p0__lqi,f36d0510e3dbb0d3c9adffa565c74ad2c5026b77fa1cf04b411ba46f49f4c520,triangle,2.5,lqi,1,3,18,42,19,4,39,success,4254184782511048963,2
LEO_V1_1_REQUALIFICATION_20260920,ofat_comparative,interferenceDb__25p0__lqi,f36d0510e3dbb0d3c9adffa565c74ad2c5026b77fa1cf04b411ba46f49f4c520,triangle,2.5,lqi,1,3,18,42,19,5,40,success,16719299368067595120,3
LEO_V1_1_REQUALIFICATION_20260920,ofat_comparative,interferenceDb__25p0__lqi,f36d0510e3dbb0d3c9adffa565c74ad2c5026b77fa1cf04b411ba46f49f4c520,triangle,2.5,lqi,1,3,18,42,19,5,41,success,16719299368067595120,3
LEO_V1_1_REQUALIFICATION_20260920,ofat_comparative,interferenceDb__25p0__lqi,f36d0510e3dbb0d3c9adffa565c74ad2c5026b77fa1cf04b411ba46f49f4c520,triangle,2.5,lqi,1,3,18,42,19,5,42,success,16719299368067595120,3
LEO_V1_1_REQUALIFICATION_20260920,ofat_comparative,interferenceDb__25p0__lqi,f36d0510e3dbb0d3c9adffa565c74ad2c5026b77fa1cf04b411ba46f49f4c520,triangle,2.5,lqi,1,3,18,42,19,5,43,success,16719299368067595120,3
LEO_V1_1_REQUALIFICATION_20260920,ofat_comparative,interferenceDb__25p0__lqi,f36d0510e3dbb0d3c9adffa565c74ad2c5026b77fa1cf04b411ba46f49f4c520,triangle,2.5,lqi,1,3,18,42,19,5,44,success,16719299368067595120,3
LEO_V1_1_REQUALIFICATION_20260920,ofat_comparative,interferenceDb__25p0__lqi,f36d0510e3dbb0d3c9adffa565c74ad2c5026b77fa1cf04b411ba46f49f4c520,triangle,2.5,lqi,1,3,18,42,19,5,45,success,16719299368067595120,3
LEO_V1_1_REQUALIFICATION_20260920,ofat_comparative,interferenceDb__25p0__lqi,f36d0510e3dbb0d3c9adffa565c74ad2c5026b77fa1cf04b411ba46f49f4c520,triangle,2.5,lqi,1,3,18,42,19,5,46,success,16719299368067595120,3
LEO_V1_1_REQUALIFICATION_20260920,ofat_comparative,interferenceDb__25p0__lqi,f36d0510e3dbb0d3c9adffa565c74ad2c5026b77fa1cf04b411ba46f49f4c520,triangle,2.5,lqi,1,3,18,42,19,5,47,success,16719299368067595120,3
LEO_V1_1_REQUALIFICATION_20260920,ofat_comparative,interferenceDb__25p0__lqi,f36d0510e3dbb0d3c9adffa565c74ad2c5026b77fa1cf04b411ba46f49f4c520,triangle,2.5,lqi,1,3,18,42,19,5,48,success,16719299368067595120,3
LEO_V1_1_REQUALIFICATION_20260920,ofat_comparative,interferenceDb__25p0__lqi,f36d0510e3dbb0d3c9adffa565c74ad2c5026b77fa1cf04b411ba46f49f4c520,triangle,2.5,lqi,1,3,18,42,19,5,49,success,16719299368067595120,3
LEO_V1_1_REQUALIFICATION_20260920,ofat_comparative,interferenceDb__25p0__lqi,f36d0510e3dbb0d3c9adffa565c74ad2c5026b77fa1cf04b411ba46f49f4c520,triangle,2.5,lqi,1,3,18,42,19,6,50,success,3355162293075433701,3
LEO_V1_1_REQUALIFICATION_20260920,ofat_comparative,interferenceDb__25p0__lqi,f36d0510e3dbb0d3c9adffa565c74ad2c5026b77fa1cf04b411ba46f49f4c520,triangle,2.5,lqi,1,3,18,42,19,6,51,success,3355162293075433701,3
LEO_V1_1_REQUALIFICATION_20260920,ofat_comparative,interferenceDb__25p0__lqi,f36d0510e3dbb0d3c9adffa565c74ad2c5026b77fa1cf04b411ba46f49f4c520,triangle,2.5,lqi,1,3,18,42,19,6,52,success,3355162293075433701,3
LEO_V1_1_REQUALIFICATION_20260920,ofat_comparative,interferenceDb__25p0__lqi,f36d0510e3dbb0d3c9adffa565c74ad2c5026b77fa1cf04b411ba46f49f4c520,triangle,2.5,lqi,1,3,18,42,19,6,53,success,3355162293075433701,3
LEO_V1_1_REQUALIFICATION_20260920,ofat_comparative,interferenceDb__25p0__lqi,f36d0510e3dbb0d3c9adffa565c74ad2c5026b77fa1cf04b411ba46f49f4c520,triangle,2.5,lqi,1,3,18,42,19,6,54,success,3355162293075433701,3
LEO_V1_1_REQUALIFICATION_20260920,ofat_comparative,interferenceDb__25p0__lqi,f36d0510e3dbb0d3c9adffa565c74ad2c5026b77fa1cf04b411ba46f49f4c520,triangle,2.5,lqi,1,3,18,42,19,6,55,success,3355162293075433701,3
LEO_V1_1_REQUALIFICATION_20260920,ofat_comparative,interferenceDb__25p0__lqi,f36d0510e3dbb0d3c9adffa565c74ad2c5026b77fa1cf04b411ba46f49f4c520,triangle,2.5,lqi,1,3,18,42,19,6,56,success,3355162293075433701,3
LEO_V1_1_REQUALIFICATION_20260920,ofat_comparative,interferenceDb__25p0__lqi,f36d0510e3dbb0d3c9adffa565c74ad2c5026b77fa1cf04b411ba46f49f4c520,triangle,2.5,lqi,1,3,18,42,19,6,57,success,3355162293075433701,3
LEO_V1_1_REQUALIFICATION_20260920,ofat_comparative,interferenceDb__25p0__lqi,f36d0510e3dbb0d3c9adffa565c74ad2c5026b77fa1cf04b411ba46f49f4c520,triangle,2.5,lqi,1,3,18,42,19,6,58,success,3355162293075433701,3
LEO_V1_1_REQUALIFICATION_20260920,ofat_comparative,interferenceDb__25p0__lqi,f36d0510e3dbb0d3c9adffa565c74ad2c5026b77fa1cf04b411ba46f49f4c520,triangle,2.5,lqi,1,3,18,42,19,6,59,success,3355162293075433701,3
LEO_V1_1_REQUALIFICATION_20260920,ofat_comparative,interferenceDb__25p0__lqi,f36d0510e3dbb0d3c9adffa565c74ad2c5026b77fa1cf04b411ba46f49f4c520,triangle,2.5,lqi,1,3,18,42,19,7,60,success,12161954516460776928,1
LEO_V1_1_REQUALIFICATION_20260920,ofat_comparative,interferenceDb__25p0__lqi,f36d0510e3dbb0d3c9adffa565c74ad2c5026b77fa1cf04b411ba46f49f4c520,triangle,2.5,lqi,1,3,18,42,19,7,61,success,12161954516460776928,1
LEO_V1_1_REQUALIFICATION_20260920,ofat_comparative,interferenceDb__25p0__lqi,f36d0510e3dbb0d3c9adffa565c74ad2c5026b77fa1cf04b411ba46f49f4c520,triangle,2.5,lqi,1,3,18,42,19,7,62,success,12161954516460776928,1
LEO_V1_1_REQUALIFICATION_20260920,ofat_comparative,interferenceDb__25p0__lqi,f36d0510e3dbb0d3c9adffa565c74ad2c5026b77fa1cf04b411ba46f49f4c520,triangle,2.5,lqi,1,3,18,42,19,7,63,success,12161954516460776928,1
LEO_V1_1_REQUALIFICATION_20260920,ofat_comparative,interferenceDb__25p0__lqi,f36d0510e3dbb0d3c9adffa565c74ad2c5026b77fa1cf04b411ba46f49f4c520,triangle,2.5,lqi,1,3,18,42,19,7,64,success,12161954516460776928,1
LEO_V1_1_REQUALIFICATION_20260920,ofat_comparative,interferenceDb__25p0__lqi,f36d0510e3dbb0d3c9adffa565c74ad2c5026b77fa1cf04b411ba46f49f4c520,triangle,2.5,lqi,1,3,18,42,19,7,65,success,12161954516460776928,1
LEO_V1_1_REQUALIFICATION_20260920,ofat_comparative,interferenceDb__25p0__lqi,f36d0510e3dbb0d3c9adffa565c74ad2c5026b77fa1cf04b411ba46f49f4c520,triangle,2.5,lqi,1,3,18,42,19,7,66,success,12161954516460776928,1
LEO_V1_1_REQUALIFICATION_20260920,ofat_comparative,interferenceDb__25p0__lqi,f36d0510e3dbb0d3c9adffa565c74ad2c5026b77fa1cf04b411ba46f49f4c520,triangle,2.5,lqi,1,3,18,42,19,7,67,success,12161954516460776928,1
LEO_V1_1_REQUALIFICATION_20260920,ofat_comparative,interferenceDb__25p0__lqi,f36d0510e3dbb0d3c9adffa565c74ad2c5026b77fa1cf04b411ba46f49f4c520,triangle,2.5,lqi,1,3,18,42,19,7,68,success,12161954516460776928,1
LEO_V1_1_REQUALIFICATION_20260920,ofat_comparative,interferenceDb__25p0__lqi,f36d0510e3dbb0d3c9adffa565c74ad2c5026b77fa1cf04b411ba46f49f4c520,triangle,2.5,lqi,1,3,18,42,19,7,69,success,12161954516460776928,1
LEO_V1_1_REQUALIFICATION_20260920,ofat_comparative,interferenceDb__25p0__lqi,f36d0510e3dbb0d3c9adffa565c74ad2c5026b77fa1cf04b411ba46f49f4c520,triangle,2.5,lqi,1,3,18,42,19,8,70,success,12161971009135200093,1
LEO_V1_1_REQUALIFICATION_20260920,ofat_comparative,interferenceDb__25p0__lqi,f36d0510e3dbb0d3c9adffa565c74ad2c5026b77fa1cf04b411ba46f49f4c520,triangle,2.5,lqi,1,3,18,42,19,8,71,success,12161971009135200093,1
LEO_V1_1_REQUALIFICATION_20260920,ofat_comparative,interferenceDb__25p0__lqi,f36d0510e3dbb0d3c9adffa565c74ad2c5026b77fa1cf04b411ba46f49f4c520,triangle,2.5,lqi,1,3,18,42,19,8,72,success,12161971009135200093,1
LEO_V1_1_REQUALIFICATION_20260920,ofat_comparative,interferenceDb__25p0__lqi,f36d0510e3dbb0d3c9adffa565c74ad2c5026b77fa1cf04b411ba46f49f4c520,triangle,2.5,lqi,1,3,18,42,19,8,73,success,12161971009135200093,1
LEO_V1_1_REQUALIFICATION_20260920,ofat_comparative,interferenceDb__25p0__lqi,f36d0510e3dbb0d3c9adffa565c74ad2c5026b77fa1cf04b411ba46f49f4c520,triangle,2.5,lqi,1,3,18,42,19,8,74,success,12161971009135200093,1
LEO_V1_1_REQUALIFICATION_20260920,ofat_comparative,interferenceDb__25p0__lqi,f36d0510e3dbb0d3c9adffa565c74ad2c5026b77fa1cf04b411ba46f49f4c520,triangle,2.5,lqi,1,3,18,42,19,8,75,success,12161971009135200093,1
LEO_V1_1_REQUALIFICATION_20260920,ofat_comparative,interferenceDb__25p0__lqi,f36d0510e3dbb0d3c9adffa565c74ad2c5026b77fa1cf04b411ba46f49f4c520,triangle,2.5,lqi,1,3,18,42,19,8,76,success,12161971009135200093,1
LEO_V1_1_REQUALIFICATION_20260920,ofat_comparative,interferenceDb__25p0__lqi,f36d0510e3dbb0d3c9adffa565c74ad2c5026b77fa1cf04b411ba46f49f4c520,triangle,2.5,lqi,1,3,18,42,19,8,77,success,12161971009135200093,1
LEO_V1_1_REQUALIFICATION_20260920,ofat_comparative,interferenceDb__25p0__lqi,f36d0510e3dbb0d3c9adffa565c74ad2c5026b77fa1cf04b411ba46f49f4c520,triangle,2.5,lqi,1,3,18,42,19,8,78,success,12161971009135200093,1
LEO_V1_1_REQUALIFICATION_20260920,ofat_comparative,interferenceDb__25p0__lqi,f36d0510e3dbb0d3c9adffa565c74ad2c5026b77fa1cf04b411ba46f49f4c520,triangle,2.5,lqi,1,3,18,42,19,8,79,success,12161971009135200093,1
LEO_V1_1_REQUALIFICATION_20260920,ofat_comparative,interferenceDb__25p0__lqi,f36d0510e3dbb0d3c9adffa565c74ad2c5026b77fa1cf04b411ba46f49f4c520,triangle,2.5,lqi,1,3,18,42,19,9,80,success,18131355419705379627,2
LEO_V1_1_REQUALIFICATION_20260920,ofat_comparative,interferenceDb__25p0__lqi,f36d0510e3dbb0d3c9adffa565c74ad2c5026b77fa1cf04b411ba46f49f4c520,triangle,2.5,lqi,1,3,18,42,19,9,81,timeout,0,0
LEO_V1_1_REQUALIFICATION_20260920,ofat_comparative,interferenceDb__25p0__lqi,f36d0510e3dbb0d3c9adffa565c74ad2c5026b77fa1cf04b411ba46f49f4c520,triangle,2.5,lqi,1,3,18,42,19,9,82,no_route,0,0
LEO_V1_1_REQUALIFICATION_20260920,ofat_comparative,interferenceDb__25p0__lqi,f36d0510e3dbb0d3c9adffa565c74ad2c5026b77fa1cf04b411ba46f49f4c520,triangle,2.5,lqi,1,3,18,42,19,9,83,success,18131355419705379627,2
LEO_V1_1_REQUALIFICATION_20260920,ofat_comparative,interferenceDb__25p0__lqi,f36d0510e3dbb0d3c9adffa565c74ad2c5026b77fa1cf04b411ba46f49f4c520,triangle,2.5,lqi,1,3,18,42,19,9,84,success,18131355419705379627,2
LEO_V1_1_REQUALIFICATION_20260920,ofat_comparative,interferenceDb__25p0__lqi,f36d0510e3dbb0d3c9adffa565c74ad2c5026b77fa1cf04b411ba46f49f4c520,triangle,2.5,lqi,1,3,18,42,19,9,85,success,18131355419705379627,2
LEO_V1_1_REQUALIFICATION_20260920,ofat_comparative,interferenceDb__25p0__lqi,f36d0510e3dbb0d3c9adffa565c74ad2c5026b77fa1cf04b411ba46f49f4c520,triangle,2.5,lqi,1,3,18,42,19,9,86,success,18131355419705379627,2
LEO_V1_1_REQUALIFICATION_20260920,ofat_comparative,interferenceDb__25p0__lqi,f36d0510e3dbb0d3c9adffa565c74ad2c5026b77fa1cf04b411ba46f49f4c520,triangle,2.5,lqi,1,3,18,42,19,9,87,success,18131355419705379627,2
LEO_V1_1_REQUALIFICATION_20260920,ofat_comparative,interferenceDb__25p0__lqi,f36d0510e3dbb0d3c9adffa565c74ad2c5026b77fa1cf04b411ba46f49f4c520,triangle,2.5,lqi,1,3,18,42,19,9,88,success,18131355419705379627,2
LEO_V1_1_REQUALIFICATION_20260920,ofat_comparative,interferenceDb__25p0__lqi,f36d0510e3dbb0d3c9adffa565c74ad2c5026b77fa1cf04b411ba46f49f4c520,triangle,2.5,lqi,1,3,18,42,19,9,89,success,18131355419705379627,2
LEO_V1_1_REQUALIFICATION_20260920,ofat_comparative,interferenceDb__25p0__lqi,f36d0510e3dbb0d3c9adffa565c74ad2c5026b77fa1cf04b411ba46f49f4c520,triangle,2.5,lqi,1,3,18,42,19,10,90,success,13393353645774055087,2
LEO_V1_1_REQUALIFICATION_20260920,ofat_comparative,interferenceDb__25p0__lqi,f36d0510e3dbb0d3c9adffa565c74ad2c5026b77fa1cf04b411ba46f49f4c520,triangle,2.5,lqi,1,3,18,42,19,10,91,timeout,0,0
LEO_V1_1_REQUALIFICATION_20260920,ofat_comparative,interferenceDb__25p0__lqi,f36d0510e3dbb0d3c9adffa565c74ad2c5026b77fa1cf04b411ba46f49f4c520,triangle,2.5,lqi,1,3,18,42,19,10,92,no_route,0,0
LEO_V1_1_REQUALIFICATION_20260920,ofat_comparative,interferenceDb__25p0__lqi,f36d0510e3dbb0d3c9adffa565c74ad2c5026b77fa1cf04b411ba46f49f4c520,triangle,2.5,lqi,1,3,18,42,19,10,93,success,13393353645774055087,2
LEO_V1_1_REQUALIFICATION_20260920,ofat_comparative,interferenceDb__25p0__lqi,f36d0510e3dbb0d3c9adffa565c74ad2c5026b77fa1cf04b411ba46f49f4c520,triangle,2.5,lqi,1,3,18,42,19,10,94,success,13393353645774055087,2
LEO_V1_1_REQUALIFICATION_20260920,ofat_comparative,interferenceDb__25p0__lqi,f36d0510e3dbb0d3c9adffa565c74ad2c5026b77fa1cf04b411ba46f49f4c520,triangle,2.5,lqi,1,3,18,42,19,10,95,success,13393353645774055087,2
LEO_V1_1_REQUALIFICATION_20260920,ofat_comparative,interferenceDb__25p0__lqi,f36d0510e3dbb0d3c9adffa565c74ad2c5026b77fa1cf04b411ba46f49f4c520,triangle,2.5,lqi,1,3,18,42,19,10,96,success,13393353645774055087,2
LEO_V1_1_REQUALIFICATION_20260920,ofat_comparative,interferenceDb__25p0__lqi,f36d0510e3dbb0d3c9adffa565c74ad2c5026b77fa1cf04b411ba46f49f4c520,triangle,2.5,lqi,1,3,18,42,19,10,97,success,13393353645774055087,2
LEO_V1_1_REQUALIFICATION_20260920,ofat_comparative,interferenceDb__25p0__lqi,f36d0510e3dbb0d3c9adffa565c74ad2c5026b77fa1cf04b411ba46f49f4c520,triangle,2.5,lqi,1,3,18,42,19,10,98,success,13393353645774055087,2
LEO_V1_1_REQUALIFICATION_20260920,ofat_comparative,interferenceDb__25p0__lqi,f36d0510e3dbb0d3c9adffa565c74ad2c5026b77fa1cf04b411ba46f49f4c520,triangle,2.5,lqi,1,3,18,42,19,10,99,success,13393353645774055087,2
LEO_V1_1_REQUALIFICATION_20260920,ofat_comparative,interferenceDb__25p0__lqi,f36d0510e3dbb0d3c9adffa565c74ad2c5026b77fa1cf04b411ba46f49f4c520,triangle,2.5,lqi,1,3,18,42,19,11,100,timeout,0,0
LEO_V1_1_REQUALIFICATION_20260920,ofat_comparative,interferenceDb__25p0__lqi,f36d0510e3dbb0d3c9adffa565c74ad2c5026b77fa1cf04b411ba46f49f4c520,triangle,2.5,lqi,1,3,18,42,19,11,101,no_route,0,0
LEO_V1_1_REQUALIFICATION_20260920,ofat_comparative,interferenceDb__25p0__lqi,f36d0510e3dbb0d3c9adffa565c74ad2c5026b77fa1cf04b411ba46f49f4c520,triangle,2.5,lqi,1,3,18,42,19,11,102,success,12479437199252405759,2
LEO_V1_1_REQUALIFICATION_20260920,ofat_comparative,interferenceDb__25p0__lqi,f36d0510e3dbb0d3c9adffa565c74ad2c5026b77fa1cf04b411ba46f49f4c520,triangle,2.5,lqi,1,3,18,42,19,11,103,no_route,0,0
LEO_V1_1_REQUALIFICATION_20260920,ofat_comparative,interferenceDb__25p0__lqi,f36d0510e3dbb0d3c9adffa565c74ad2c5026b77fa1cf04b411ba46f49f4c520,triangle,2.5,lqi,1,3,18,42,19,11,104,timeout,0,0
LEO_V1_1_REQUALIFICATION_20260920,ofat_comparative,interferenceDb__25p0__lqi,f36d0510e3dbb0d3c9adffa565c74ad2c5026b77fa1cf04b411ba46f49f4c520,triangle,2.5,lqi,1,3,18,42,19,11,105,no_route,0,0
LEO_V1_1_REQUALIFICATION_20260920,ofat_comparative,interferenceDb__25p0__lqi,f36d0510e3dbb0d3c9adffa565c74ad2c5026b77fa1cf04b411ba46f49f4c520,triangle,2.5,lqi,1,3,18,42,19,11,106,no_route,0,0
LEO_V1_1_REQUALIFICATION_20260920,ofat_comparative,interferenceDb__25p0__lqi,f36d0510e3dbb0d3c9adffa565c74ad2c5026b77fa1cf04b411ba46f49f4c520,triangle,2.5,lqi,1,3,18,42,19,11,107,success,11861905262065286250,3
LEO_V1_1_REQUALIFICATION_20260920,ofat_comparative,interferenceDb__25p0__lqi,f36d0510e3dbb0d3c9adffa565c74ad2c5026b77fa1cf04b411ba46f49f4c520,triangle,2.5,lqi,1,3,18,42,19,11,108,success,11861905262065286250,3
LEO_V1_1_REQUALIFICATION_20260920,ofat_comparative,interferenceDb__25p0__lqi,f36d0510e3dbb0d3c9adffa565c74ad2c5026b77fa1cf04b411ba46f49f4c520,triangle,2.5,lqi,1,3,18,42,19,11,109,success,11861905262065286250,3
LEO_V1_1_REQUALIFICATION_20260920,ofat_comparative,interferenceDb__25p0__lqi,f36d0510e3dbb0d3c9adffa565c74ad2c5026b77fa1cf04b411ba46f49f4c520,triangle,2.5,lqi,1,3,18,42,19,12,110,timeout,0,0
LEO_V1_1_REQUALIFICATION_20260920,ofat_comparative,interferenceDb__25p0__lqi,f36d0510e3dbb0d3c9adffa565c74ad2c5026b77fa1cf04b411ba46f49f4c520,triangle,2.5,lqi,1,3,18,42,19,12,111,no_route,0,0
LEO_V1_1_REQUALIFICATION_20260920,ofat_comparative,interferenceDb__25p0__lqi,f36d0510e3dbb0d3c9adffa565c74ad2c5026b77fa1cf04b411ba46f49f4c520,triangle,2.5,lqi,1,3,18,42,19,12,112,no_route,0,0
LEO_V1_1_REQUALIFICATION_20260920,ofat_comparative,interferenceDb__25p0__lqi,f36d0510e3dbb0d3c9adffa565c74ad2c5026b77fa1cf04b411ba46f49f4c520,triangle,2.5,lqi,1,3,18,42,19,12,113,success,18378246505952496370,3
LEO_V1_1_REQUALIFICATION_20260920,ofat_comparative,interferenceDb__25p0__lqi,f36d0510e3dbb0d3c9adffa565c74ad2c5026b77fa1cf04b411ba46f49f4c520,triangle,2.5,lqi,1,3,18,42,19,12,114,timeout,0,0
LEO_V1_1_REQUALIFICATION_20260920,ofat_comparative,interferenceDb__25p0__lqi,f36d0510e3dbb0d3c9adffa565c74ad2c5026b77fa1cf04b411ba46f49f4c520,triangle,2.5,lqi,1,3,18,42,19,12,115,no_route,0,0
LEO_V1_1_REQUALIFICATION_20260920,ofat_comparative,interferenceDb__25p0__lqi,f36d0510e3dbb0d3c9adffa565c74ad2c5026b77fa1cf04b411ba46f49f4c520,triangle,2.5,lqi,1,3,18,42,19,12,116,success,11861899764507145195,3
LEO_V1_1_REQUALIFICATION_20260920,ofat_comparative,interferenceDb__25p0__lqi,f36d0510e3dbb0d3c9adffa565c74ad2c5026b77fa1cf04b411ba46f49f4c520,triangle,2.5,lqi,1,3,18,42,19,12,117,success,11861899764507145195,3
LEO_V1_1_REQUALIFICATION_20260920,ofat_comparative,interferenceDb__25p0__lqi,f36d0510e3dbb0d3c9adffa565c74ad2c5026b77fa1cf04b411ba46f49f4c520,triangle,2.5,lqi,1,3,18,42,19,12,118,success,11861899764507145195,3
LEO_V1_1_REQUALIFICATION_20260920,ofat_comparative,interferenceDb__25p0__lqi,f36d0510e3dbb0d3c9adffa565c74ad2c5026b77fa1cf04b411ba46f49f4c520,triangle,2.5,lqi,1,3,18,42,19,12,119,success,11861899764507145195,3
LEO_V1_1_REQUALIFICATION_20260920,ofat_comparative,interferenceDb__25p0__lqi,f36d0510e3dbb0d3c9adffa565c74ad2c5026b77fa1cf04b411ba46f49f4c520,triangle,2.5,lqi,1,3,18,42,19,13,120,no_route,0,0
LEO_V1_1_REQUALIFICATION_20260920,ofat_comparative,interferenceDb__25p0__lqi,f36d0510e3dbb0d3c9adffa565c74ad2c5026b77fa1cf04b411ba46f49f4c520,triangle,2.5,lqi,1,3,18,42,19,13,121,no_route,0,0
LEO_V1_1_REQUALIFICATION_20260920,ofat_comparative,interferenceDb__25p0__lqi,f36d0510e3dbb0d3c9adffa565c74ad2c5026b77fa1cf04b411ba46f49f4c520,triangle,2.5,lqi,1,3,18,42,19,13,122,no_route,0,0
LEO_V1_1_REQUALIFICATION_20260920,ofat_comparative,interferenceDb__25p0__lqi,f36d0510e3dbb0d3c9adffa565c74ad2c5026b77fa1cf04b411ba46f49f4c520,triangle,2.5,lqi,1,3,18,42,19,13,123,no_route,0,0
LEO_V1_1_REQUALIFICATION_20260920,ofat_comparative,interferenceDb__25p0__lqi,f36d0510e3dbb0d3c9adffa565c74ad2c5026b77fa1cf04b411ba46f49f4c520,triangle,2.5,lqi,1,3,18,42,19,13,124,no_route,0,0
LEO_V1_1_REQUALIFICATION_20260920,ofat_comparative,interferenceDb__25p0__lqi,f36d0510e3dbb0d3c9adffa565c74ad2c5026b77fa1cf04b411ba46f49f4c520,triangle,2.5,lqi,1,3,18,42,19,13,125,no_route,0,0
LEO_V1_1_REQUALIFICATION_20260920,ofat_comparative,interferenceDb__25p0__lqi,f36d0510e3dbb0d3c9adffa565c74ad2c5026b77fa1cf04b411ba46f49f4c520,triangle,2.5,lqi,1,3,18,42,19,13,126,no_route,0,0
LEO_V1_1_REQUALIFICATION_20260920,ofat_comparative,interferenceDb__25p0__lqi,f36d0510e3dbb0d3c9adffa565c74ad2c5026b77fa1cf04b411ba46f49f4c520,triangle,2.5,lqi,1,3,18,42,19,13,127,no_route,0,0
LEO_V1_1_REQUALIFICATION_20260920,ofat_comparative,interferenceDb__25p0__lqi,f36d0510e3dbb0d3c9adffa565c74ad2c5026b77fa1cf04b411ba46f49f4c520,triangle,2.5,lqi,1,3,18,42,19,13,128,no_route,0,0
LEO_V1_1_REQUALIFICATION_20260920,ofat_comparative,interferenceDb__25p0__lqi,f36d0510e3dbb0d3c9adffa565c74ad2c5026b77fa1cf04b411ba46f49f4c520,triangle,2.5,lqi,1,3,18,42,19,13,129,no_route,0,0
LEO_V1_1_REQUALIFICATION_20260920,ofat_comparative,interferenceDb__25p0__lqi,f36d0510e3dbb0d3c9adffa565c74ad2c5026b77fa1cf04b411ba46f49f4c520,triangle,2.5,lqi,1,3,18,42,19,14,130,no_route,0,0
LEO_V1_1_REQUALIFICATION_20260920,ofat_comparative,interferenceDb__25p0__lqi,f36d0510e3dbb0d3c9adffa565c74ad2c5026b77fa1cf04b411ba46f49f4c520,triangle,2.5,lqi,1,3,18,42,19,14,131,no_route,0,0
LEO_V1_1_REQUALIFICATION_20260920,ofat_comparative,interferenceDb__25p0__lqi,f36d0510e3dbb0d3c9adffa565c74ad2c5026b77fa1cf04b411ba46f49f4c520,triangle,2.5,lqi,1,3,18,42,19,14,132,no_route,0,0
LEO_V1_1_REQUALIFICATION_20260920,ofat_comparative,interferenceDb__25p0__lqi,f36d0510e3dbb0d3c9adffa565c74ad2c5026b77fa1cf04b411ba46f49f4c520,triangle,2.5,lqi,1,3,18,42,19,14,133,no_route,0,0
LEO_V1_1_REQUALIFICATION_20260920,ofat_comparative,interferenceDb__25p0__lqi,f36d0510e3dbb0d3c9adffa565c74ad2c5026b77fa1cf04b411ba46f49f4c520,triangle,2.5,lqi,1,3,18,42,19,14,134,no_route,0,0
LEO_V1_1_REQUALIFICATION_20260920,ofat_comparative,interferenceDb__25p0__lqi,f36d0510e3dbb0d3c9adffa565c74ad2c5026b77fa1cf04b411ba46f49f4c520,triangle,2.5,lqi,1,3,18,42,19,14,135,no_route,0,0
LEO_V1_1_REQUALIFICATION_20260920,ofat_comparative,interferenceDb__25p0__lqi,f36d0510e3dbb0d3c9adffa565c74ad2c5026b77fa1cf04b411ba46f49f4c520,triangle,2.5,lqi,1,3,18,42,19,14,136,no_route,0,0
LEO_V1_1_REQUALIFICATION_20260920,ofat_comparative,interferenceDb__25p0__lqi,f36d0510e3dbb0d3c9adffa565c74ad2c5026b77fa1cf04b411ba46f49f4c520,triangle,2.5,lqi,1,3,18,42,19,14,137,no_route,0,0
LEO_V1_1_REQUALIFICATION_20260920,ofat_comparative,interferenceDb__25p0__lqi,f36d0510e3dbb0d3c9adffa565c74ad2c5026b77fa1cf04b411ba46f49f4c520,triangle,2.5,lqi,1,3,18,42,19,14,138,no_route,0,0
LEO_V1_1_REQUALIFICATION_20260920,ofat_comparative,interferenceDb__25p0__lqi,f36d0510e3dbb0d3c9adffa565c74ad2c5026b77fa1cf04b411ba46f49f4c520,triangle,2.5,lqi,1,3,18,42,19,14,139,no_route,0,0
LEO_V1_1_REQUALIFICATION_20260920,ofat_comparative,interferenceDb__25p0__lqi,f36d0510e3dbb0d3c9adffa565c74ad2c5026b77fa1cf04b411ba46f49f4c520,triangle,2.5,lqi,1,3,18,42,19,15,140,no_route,0,0
LEO_V1_1_REQUALIFICATION_20260920,ofat_comparative,interferenceDb__25p0__lqi,f36d0510e3dbb0d3c9adffa565c74ad2c5026b77fa1cf04b411ba46f49f4c520,triangle,2.5,lqi,1,3,18,42,19,15,141,no_route,0,0
LEO_V1_1_REQUALIFICATION_20260920,ofat_comparative,interferenceDb__25p0__lqi,f36d0510e3dbb0d3c9adffa565c74ad2c5026b77fa1cf04b411ba46f49f4c520,triangle,2.5,lqi,1,3,18,42,19,15,142,no_route,0,0
LEO_V1_1_REQUALIFICATION_20260920,ofat_comparative,interferenceDb__25p0__lqi,f36d0510e3dbb0d3c9adffa565c74ad2c5026b77fa1cf04b411ba46f49f4c520,triangle,2.5,lqi,1,3,18,42,19,15,143,no_route,0,0
LEO_V1_1_REQUALIFICATION_20260920,ofat_comparative,interferenceDb__25p0__lqi,f36d0510e3dbb0d3c9adffa565c74ad2c5026b77fa1cf04b411ba46f49f4c520,triangle,2.5,lqi,1,3,18,42,19,15,144,no_route,0,0
LEO_V1_1_REQUALIFICATION_20260920,ofat_comparative,interferenceDb__25p0__lqi,f36d0510e3dbb0d3c9adffa565c74ad2c5026b77fa1cf04b411ba46f49f4c520,triangle,2.5,lqi,1,3,18,42,19,15,145,no_route,0,0
LEO_V1_1_REQUALIFICATION_20260920,ofat_comparative,interferenceDb__25p0__lqi,f36d0510e3dbb0d3c9adffa565c74ad2c5026b77fa1cf04b411ba46f49f4c520,triangle,2.5,lqi,1,3,18,42,19,15,146,no_route,0,0
LEO_V1_1_REQUALIFICATION_20260920,ofat_comparative,interferenceDb__25p0__lqi,f36d0510e3dbb0d3c9adffa565c74ad2c5026b77fa1cf04b411ba46f49f4c520,triangle,2.5,lqi,1,3,18,42,19,15,147,no_route,0,0
LEO_V1_1_REQUALIFICATION_20260920,ofat_comparative,interferenceDb__25p0__lqi,f36d0510e3dbb0d3c9adffa565c74ad2c5026b77fa1cf04b411ba46f49f4c520,triangle,2.5,lqi,1,3,18,42,19,15,148,no_route,0,0
LEO_V1_1_REQUALIFICATION_20260920,ofat_comparative,interferenceDb__25p0__lqi,f36d0510e3dbb0d3c9adffa565c74ad2c5026b77fa1cf04b411ba46f49f4c520,triangle,2.5,lqi,1,3,18,42,19,15,149,no_route,0,0
LEO_V1_1_REQUALIFICATION_20260920,ofat_comparative,interferenceDb__25p0__lqi,f36d0510e3dbb0d3c9adffa565c74ad2c5026b77fa1cf04b411ba46f49f4c520,triangle,2.5,lqi,1,3,18,42,19,16,150,no_route,0,0
LEO_V1_1_REQUALIFICATION_20260920,ofat_comparative,interferenceDb__25p0__lqi,f36d0510e3dbb0d3c9adffa565c74ad2c5026b77fa1cf04b411ba46f49f4c520,triangle,2.5,lqi,1,3,18,42,19,16,151,no_route,0,0
LEO_V1_1_REQUALIFICATION_20260920,ofat_comparative,interferenceDb__25p0__lqi,f36d0510e3dbb0d3c9adffa565c74ad2c5026b77fa1cf04b411ba46f49f4c520,triangle,2.5,lqi,1,3,18,42,19,16,152,no_route,0,0
LEO_V1_1_REQUALIFICATION_20260920,ofat_comparative,interferenceDb__25p0__lqi,f36d0510e3dbb0d3c9adffa565c74ad2c5026b77fa1cf04b411ba46f49f4c520,triangle,2.5,lqi,1,3,18,42,19,16,153,no_route,0,0
LEO_V1_1_REQUALIFICATION_20260920,ofat_comparative,interferenceDb__25p0__lqi,f36d0510e3dbb0d3c9adffa565c74ad2c5026b77fa1cf04b411ba46f49f4c520,triangle,2.5,lqi,1,3,18,42,19,16,154,no_route,0,0
LEO_V1_1_REQUALIFICATION_20260920,ofat_comparative,interferenceDb__25p0__lqi,f36d0510e3dbb0d3c9adffa565c74ad2c5026b77fa1cf04b411ba46f49f4c520,triangle,2.5,lqi,1,3,18,42,19,16,155,no_route,0,0
LEO_V1_1_REQUALIFICATION_20260920,ofat_comparative,interferenceDb__25p0__lqi,f36d0510e3dbb0d3c9adffa565c74ad2c5026b77fa1cf04b411ba46f49f4c520,triangle,2.5,lqi,1,3,18,42,19,16,156,no_route,0,0
LEO_V1_1_REQUALIFICATION_20260920,ofat_comparative,interferenceDb__25p0__lqi,f36d0510e3dbb0d3c9adffa565c74ad2c5026b77fa1cf04b411ba46f49f4c520,triangle,2.5,lqi,1,3,18,42,19,16,157,no_route,0,0
LEO_V1_1_REQUALIFICATION_20260920,ofat_comparative,interferenceDb__25p0__lqi,f36d0510e3dbb0d3c9adffa565c74ad2c5026b77fa1cf04b411ba46f49f4c520,triangle,2.5,lqi,1,3,18,42,19,16,158,no_route,0,0
LEO_V1_1_REQUALIFICATION_20260920,ofat_comparative,interferenceDb__25p0__lqi,f36d0510e3dbb0d3c9adffa565c74ad2c5026b77fa1cf04b411ba46f49f4c520,triangle,2.5,lqi,1,3,18,42,19,16,159,no_route,0,0
LEO_V1_1_REQUALIFICATION_20260920,ofat_comparative,interferenceDb__25p0__lqi,f36d0510e3dbb0d3c9adffa565c74ad2c5026b77fa1cf04b411ba46f49f4c520,triangle,2.5,lqi,1,3,18,42,19,17,160,no_route,0,0
LEO_V1_1_REQUALIFICATION_20260920,ofat_comparative,interferenceDb__25p0__lqi,f36d0510e3dbb0d3c9adffa565c74ad2c5026b77fa1cf04b411ba46f49f4c520,triangle,2.5,lqi,1,3,18,42,19,17,161,no_route,0,0
LEO_V1_1_REQUALIFICATION_20260920,ofat_comparative,interferenceDb__25p0__lqi,f36d0510e3dbb0d3c9adffa565c74ad2c5026b77fa1cf04b411ba46f49f4c520,triangle,2.5,lqi,1,3,18,42,19,17,162,no_route,0,0
LEO_V1_1_REQUALIFICATION_20260920,ofat_comparative,interferenceDb__25p0__lqi,f36d0510e3dbb0d3c9adffa565c74ad2c5026b77fa1cf04b411ba46f49f4c520,triangle,2.5,lqi,1,3,18,42,19,17,163,no_route,0,0
LEO_V1_1_REQUALIFICATION_20260920,ofat_comparative,interferenceDb__25p0__lqi,f36d0510e3dbb0d3c9adffa565c74ad2c5026b77fa1cf04b411ba46f49f4c520,triangle,2.5,lqi,1,3,18,42,19,17,164,no_route,0,0
LEO_V1_1_REQUALIFICATION_20260920,ofat_comparative,interferenceDb__25p0__lqi,f36d0510e3dbb0d3c9adffa565c74ad2c5026b77fa1cf04b411ba46f49f4c520,triangle,2.5,lqi,1,3,18,42,19,17,165,no_route,0,0
LEO_V1_1_REQUALIFICATION_20260920,ofat_comparative,interferenceDb__25p0__lqi,f36d0510e3dbb0d3c9adffa565c74ad2c5026b77fa1cf04b411ba46f49f4c520,triangle,2.5,lqi,1,3,18,42,19,17,166,no_route,0,0
LEO_V1_1_REQUALIFICATION_20260920,ofat_comparative,interferenceDb__25p0__lqi,f36d0510e3dbb0d3c9adffa565c74ad2c5026b77fa1cf04b411ba46f49f4c520,triangle,2.5,lqi,1,3,18,42,19,17,167,no_route,0,0
LEO_V1_1_REQUALIFICATION_20260920,ofat_comparative,interferenceDb__25p0__lqi,f36d0510e3dbb0d3c9adffa565c74ad2c5026b77fa1cf04b411ba46f49f4c520,triangle,2.5,lqi,1,3,18,42,19,17,168,no_route,0,0
LEO_V1_1_REQUALIFICATION_20260920,ofat_comparative,interferenceDb__25p0__lqi,f36d0510e3dbb0d3c9adffa565c74ad2c5026b77fa1cf04b411ba46f49f4c520,triangle,2.5,lqi,1,3,18,42,19,17,169,no_route,0,0
LEO_V1_1_REQUALIFICATION_20260920,ofat_comparative,interferenceDb__25p0__lqi,f36d0510e3dbb0d3c9adffa565c74ad2c5026b77fa1cf04b411ba46f49f4c520,triangle,2.5,lqi,1,3,18,42,19,18,170,no_route,0,0
LEO_V1_1_REQUALIFICATION_20260920,ofat_comparative,interferenceDb__25p0__lqi,f36d0510e3dbb0d3c9adffa565c74ad2c5026b77fa1cf04b411ba46f49f4c520,triangle,2.5,lqi,1,3,18,42,19,18,171,no_route,0,0
LEO_V1_1_REQUALIFICATION_20260920,ofat_comparative,interferenceDb__25p0__lqi,f36d0510e3dbb0d3c9adffa565c74ad2c5026b77fa1cf04b411ba46f49f4c520,triangle,2.5,lqi,1,3,18,42,19,18,172,no_route,0,0
LEO_V1_1_REQUALIFICATION_20260920,ofat_comparative,interferenceDb__25p0__lqi,f36d0510e3dbb0d3c9adffa565c74ad2c5026b77fa1cf04b411ba46f49f4c520,triangle,2.5,lqi,1,3,18,42,19,18,173,no_route,0,0
LEO_V1_1_REQUALIFICATION_20260920,ofat_comparative,interferenceDb__25p0__lqi,f36d0510e3dbb0d3c9adffa565c74ad2c5026b77fa1cf04b411ba46f49f4c520,triangle,2.5,lqi,1,3,18,42,19,18,174,no_route,0,0
LEO_V1_1_REQUALIFICATION_20260920,ofat_comparative,interferenceDb__25p0__lqi,f36d0510e3dbb0d3c9adffa565c74ad2c5026b77fa1cf04b411ba46f49f4c520,triangle,2.5,lqi,1,3,18,42,19,18,175,no_route,0,0
LEO_V1_1_REQUALIFICATION_20260920,ofat_comparative,interferenceDb__25p0__lqi,f36d0510e3dbb0d3c9adffa565c74ad2c5026b77fa1cf04b411ba46f49f4c520,triangle,2.5,lqi,1,3,18,42,19,18,176,no_route,0,0
LEO_V1_1_REQUALIFICATION_20260920,ofat_comparative,interferenceDb__25p0__lqi,f36d0510e3dbb0d3c9adffa565c74ad2c5026b77fa1cf04b411ba46f49f4c520,triangle,2.5,lqi,1,3,18,42,19,18,177,no_route,0,0
LEO_V1_1_REQUALIFICATION_20260920,ofat_comparative,interferenceDb__25p0__lqi,f36d0510e3dbb0d3c9adffa565c74ad2c5026b77fa1cf04b411ba46f49f4c520,triangle,2.5,lqi,1,3,18,42,19,18,178,no_route,0,0
LEO_V1_1_REQUALIFICATION_20260920,ofat_comparative,interferenceDb__25p0__lqi,f36d0510e3dbb0d3c9adffa565c74ad2c5026b77fa1cf04b411ba46f49f4c520,triangle,2.5,lqi,1,3,18,42,19,18,179,no_route,0,0
LEO_V1_1_REQUALIFICATION_20260920,ofat_comparative,interferenceDb__25p0__lqi,f36d0510e3dbb0d3c9adffa565c74ad2c5026b77fa1cf04b411ba46f49f4c520,triangle,2.5,lqi,1,3,18,42,19,19,180,no_route,0,0
LEO_V1_1_REQUALIFICATION_20260920,ofat_comparative,interferenceDb__25p0__lqi,f36d0510e3dbb0d3c9adffa565c74ad2c5026b77fa1cf04b411ba46f49f4c520,triangle,2.5,lqi,1,3,18,42,19,19,181,no_route,0,0
LEO_V1_1_REQUALIFICATION_20260920,ofat_comparative,interferenceDb__25p0__lqi,f36d0510e3dbb0d3c9adffa565c74ad2c5026b77fa1cf04b411ba46f49f4c520,triangle,2.5,lqi,1,3,18,42,19,19,182,no_route,0,0
LEO_V1_1_REQUALIFICATION_20260920,ofat_comparative,interferenceDb__25p0__lqi,f36d0510e3dbb0d3c9adffa565c74ad2c5026b77fa1cf04b411ba46f49f4c520,triangle,2.5,lqi,1,3,18,42,19,19,183,no_route,0,0
LEO_V1_1_REQUALIFICATION_20260920,ofat_comparative,interferenceDb__25p0__lqi,f36d0510e3dbb0d3c9adffa565c74ad2c5026b77fa1cf04b411ba46f49f4c520,triangle,2.5,lqi,1,3,18,42,19,19,184,no_route,0,0
LEO_V1_1_REQUALIFICATION_20260920,ofat_comparative,interferenceDb__25p0__lqi,f36d0510e3dbb0d3c9adffa565c74ad2c5026b77fa1cf04b411ba46f49f4c520,triangle,2.5,lqi,1,3,18,42,19,19,185,no_route,0,0
LEO_V1_1_REQUALIFICATION_20260920,ofat_comparative,interferenceDb__25p0__lqi,f36d0510e3dbb0d3c9adffa565c74ad2c5026b77fa1cf04b411ba46f49f4c520,triangle,2.5,lqi,1,3,18,42,19,19,186,no_route,0,0
LEO_V1_1_REQUALIFICATION_20260920,ofat_comparative,interferenceDb__25p0__lqi,f36d0510e3dbb0d3c9adffa565c74ad2c5026b77fa1cf04b411ba46f49f4c520,triangle,2.5,lqi,1,3,18,42,19,19,187,no_route,0,0
LEO_V1_1_REQUALIFICATION_20260920,ofat_comparative,interferenceDb__25p0__lqi,f36d0510e3dbb0d3c9adffa565c74ad2c5026b77fa1cf04b411ba46f49f4c520,triangle,2.5,lqi,1,3,18,42,19,19,188,no_route,0,0
LEO_V1_1_REQUALIFICATION_20260920,ofat_comparative,interferenceDb__25p0__lqi,f36d0510e3dbb0d3c9adffa565c74ad2c5026b77fa1cf04b411ba46f49f4c520,triangle,2.5,lqi,1,3,18,42,19,19,189,no_route,0,0
LEO_V1_1_REQUALIFICATION_20260920,ofat_comparative,interferenceDb__25p0__lqi,f36d0510e3dbb0d3c9adffa565c74ad2c5026b77fa1cf04b411ba46f49f4c520,triangle,2.5,lqi,1,3,19,42,20,1,0,success,12161961113530546194,1
LEO_V1_1_REQUALIFICATION_20260920,ofat_comparative,interferenceDb__25p0__lqi,f36d0510e3dbb0d3c9adffa565c74ad2c5026b77fa1cf04b411ba46f49f4c520,triangle,2.5,lqi,1,3,19,42,20,1,1,success,12161961113530546194,1
LEO_V1_1_REQUALIFICATION_20260920,ofat_comparative,interferenceDb__25p0__lqi,f36d0510e3dbb0d3c9adffa565c74ad2c5026b77fa1cf04b411ba46f49f4c520,triangle,2.5,lqi,1,3,19,42,20,1,2,success,12161961113530546194,1
LEO_V1_1_REQUALIFICATION_20260920,ofat_comparative,interferenceDb__25p0__lqi,f36d0510e3dbb0d3c9adffa565c74ad2c5026b77fa1cf04b411ba46f49f4c520,triangle,2.5,lqi,1,3,19,42,20,1,3,success,12161961113530546194,1
LEO_V1_1_REQUALIFICATION_20260920,ofat_comparative,interferenceDb__25p0__lqi,f36d0510e3dbb0d3c9adffa565c74ad2c5026b77fa1cf04b411ba46f49f4c520,triangle,2.5,lqi,1,3,19,42,20,1,4,success,12161961113530546194,1
LEO_V1_1_REQUALIFICATION_20260920,ofat_comparative,interferenceDb__25p0__lqi,f36d0510e3dbb0d3c9adffa565c74ad2c5026b77fa1cf04b411ba46f49f4c520,triangle,2.5,lqi,1,3,19,42,20,1,5,success,12161961113530546194,1
LEO_V1_1_REQUALIFICATION_20260920,ofat_comparative,interferenceDb__25p0__lqi,f36d0510e3dbb0d3c9adffa565c74ad2c5026b77fa1cf04b411ba46f49f4c520,triangle,2.5,lqi,1,3,19,42,20,1,6,success,12161961113530546194,1
LEO_V1_1_REQUALIFICATION_20260920,ofat_comparative,interferenceDb__25p0__lqi,f36d0510e3dbb0d3c9adffa565c74ad2c5026b77fa1cf04b411ba46f49f4c520,triangle,2.5,lqi,1,3,19,42,20,1,7,success,12161961113530546194,1
LEO_V1_1_REQUALIFICATION_20260920,ofat_comparative,interferenceDb__25p0__lqi,f36d0510e3dbb0d3c9adffa565c74ad2c5026b77fa1cf04b411ba46f49f4c520,triangle,2.5,lqi,1,3,19,42,20,1,8,success,12161961113530546194,1
LEO_V1_1_REQUALIFICATION_20260920,ofat_comparative,interferenceDb__25p0__lqi,f36d0510e3dbb0d3c9adffa565c74ad2c5026b77fa1cf04b411ba46f49f4c520,triangle,2.5,lqi,1,3,19,42,20,1,9,success,12161961113530546194,1
LEO_V1_1_REQUALIFICATION_20260920,ofat_comparative,interferenceDb__25p0__lqi,f36d0510e3dbb0d3c9adffa565c74ad2c5026b77fa1cf04b411ba46f49f4c520,triangle,2.5,lqi,1,3,19,42,20,2,10,success,12161960014018917983,1
LEO_V1_1_REQUALIFICATION_20260920,ofat_comparative,interferenceDb__25p0__lqi,f36d0510e3dbb0d3c9adffa565c74ad2c5026b77fa1cf04b411ba46f49f4c520,triangle,2.5,lqi,1,3,19,42,20,2,11,success,12161960014018917983,1
LEO_V1_1_REQUALIFICATION_20260920,ofat_comparative,interferenceDb__25p0__lqi,f36d0510e3dbb0d3c9adffa565c74ad2c5026b77fa1cf04b411ba46f49f4c520,triangle,2.5,lqi,1,3,19,42,20,2,12,success,12161960014018917983,1
LEO_V1_1_REQUALIFICATION_20260920,ofat_comparative,interferenceDb__25p0__lqi,f36d0510e3dbb0d3c9adffa565c74ad2c5026b77fa1cf04b411ba46f49f4c520,triangle,2.5,lqi,1,3,19,42,20,2,13,success,12161960014018917983,1
LEO_V1_1_REQUALIFICATION_20260920,ofat_comparative,interferenceDb__25p0__lqi,f36d0510e3dbb0d3c9adffa565c74ad2c5026b77fa1cf04b411ba46f49f4c520,triangle,2.5,lqi,1,3,19,42,20,2,14,success,12161960014018917983,1
LEO_V1_1_REQUALIFICATION_20260920,ofat_comparative,interferenceDb__25p0__lqi,f36d0510e3dbb0d3c9adffa565c74ad2c5026b77fa1cf04b411ba46f49f4c520,triangle,2.5,lqi,1,3,19,42,20,2,15,success,12161960014018917983,1
LEO_V1_1_REQUALIFICATION_20260920,ofat_comparative,interferenceDb__25p0__lqi,f36d0510e3dbb0d3c9adffa565c74ad2c5026b77fa1cf04b411ba46f49f4c520,triangle,2.5,lqi,1,3,19,42,20,2,16,success,12161960014018917983,1
LEO_V1_1_REQUALIFICATION_20260920,ofat_comparative,interferenceDb__25p0__lqi,f36d0510e3dbb0d3c9adffa565c74ad2c5026b77fa1cf04b411ba46f49f4c520,triangle,2.5,lqi,1,3,19,42,20,2,17,success,12161960014018917983,1
LEO_V1_1_REQUALIFICATION_20260920,ofat_comparative,interferenceDb__25p0__lqi,f36d0510e3dbb0d3c9adffa565c74ad2c5026b77fa1cf04b411ba46f49f4c520,triangle,2.5,lqi,1,3,19,42,20,2,18,success,12161960014018917983,1
LEO_V1_1_REQUALIFICATION_20260920,ofat_comparative,interferenceDb__25p0__lqi,f36d0510e3dbb0d3c9adffa565c74ad2c5026b77fa1cf04b411ba46f49f4c520,triangle,2.5,lqi,1,3,19,42,20,2,19,success,12161960014018917983,1
LEO_V1_1_REQUALIFICATION_20260920,ofat_comparative,interferenceDb__25p0__lqi,f36d0510e3dbb0d3c9adffa565c74ad2c5026b77fa1cf04b411ba46f49f4c520,triangle,2.5,lqi,1,3,19,42,20,3,20,success,5168105627079211135,2
LEO_V1_1_REQUALIFICATION_20260920,ofat_comparative,interferenceDb__25p0__lqi,f36d0510e3dbb0d3c9adffa565c74ad2c5026b77fa1cf04b411ba46f49f4c520,triangle,2.5,lqi,1,3,19,42,20,3,21,success,5168105627079211135,2
LEO_V1_1_REQUALIFICATION_20260920,ofat_comparative,interferenceDb__25p0__lqi,f36d0510e3dbb0d3c9adffa565c74ad2c5026b77fa1cf04b411ba46f49f4c520,triangle,2.5,lqi,1,3,19,42,20,3,22,success,5168105627079211135,2
LEO_V1_1_REQUALIFICATION_20260920,ofat_comparative,interferenceDb__25p0__lqi,f36d0510e3dbb0d3c9adffa565c74ad2c5026b77fa1cf04b411ba46f49f4c520,triangle,2.5,lqi,1,3,19,42,20,3,23,success,5168105627079211135,2
LEO_V1_1_REQUALIFICATION_20260920,ofat_comparative,interferenceDb__25p0__lqi,f36d0510e3dbb0d3c9adffa565c74ad2c5026b77fa1cf04b411ba46f49f4c520,triangle,2.5,lqi,1,3,19,42,20,3,24,success,5168105627079211135,2
LEO_V1_1_REQUALIFICATION_20260920,ofat_comparative,interferenceDb__25p0__lqi,f36d0510e3dbb0d3c9adffa565c74ad2c5026b77fa1cf04b411ba46f49f4c520,triangle,2.5,lqi,1,3,19,42,20,3,25,success,5168105627079211135,2
LEO_V1_1_REQUALIFICATION_20260920,ofat_comparative,interferenceDb__25p0__lqi,f36d0510e3dbb0d3c9adffa565c74ad2c5026b77fa1cf04b411ba46f49f4c520,triangle,2.5,lqi,1,3,19,42,20,3,26,success,5168105627079211135,2
LEO_V1_1_REQUALIFICATION_20260920,ofat_comparative,interferenceDb__25p0__lqi,f36d0510e3dbb0d3c9adffa565c74ad2c5026b77fa1cf04b411ba46f49f4c520,triangle,2.5,lqi,1,3,19,42,20,3,27,success,5168105627079211135,2
LEO_V1_1_REQUALIFICATION_20260920,ofat_comparative,interferenceDb__25p0__lqi,f36d0510e3dbb0d3c9adffa565c74ad2c5026b77fa1cf04b411ba46f49f4c520,triangle,2.5,lqi,1,3,19,42,20,3,28,success,5168105627079211135,2
LEO_V1_1_REQUALIFICATION_20260920,ofat_comparative,interferenceDb__25p0__lqi,f36d0510e3dbb0d3c9adffa565c74ad2c5026b77fa1cf04b411ba46f49f4c520,triangle,2.5,lqi,1,3,19,42,20,3,29,success,5168105627079211135,2
LEO_V1_1_REQUALIFICATION_20260920,ofat_comparative,interferenceDb__25p0__lqi,f36d0510e3dbb0d3c9adffa565c74ad2c5026b77fa1cf04b411ba46f49f4c520,triangle,2.5,lqi,1,3,19,42,20,4,30,success,15805382921545945792,3
LEO_V1_1_REQUALIFICATION_20260920,ofat_comparative,interferenceDb__25p0__lqi,f36d0510e3dbb0d3c9adffa565c74ad2c5026b77fa1cf04b411ba46f49f4c520,triangle,2.5,lqi,1,3,19,42,20,4,31,success,15805382921545945792,3
LEO_V1_1_REQUALIFICATION_20260920,ofat_comparative,interferenceDb__25p0__lqi,f36d0510e3dbb0d3c9adffa565c74ad2c5026b77fa1cf04b411ba46f49f4c520,triangle,2.5,lqi,1,3,19,42,20,4,32,success,15805382921545945792,3
LEO_V1_1_REQUALIFICATION_20260920,ofat_comparative,interferenceDb__25p0__lqi,f36d0510e3dbb0d3c9adffa565c74ad2c5026b77fa1cf04b411ba46f49f4c520,triangle,2.5,lqi,1,3,19,42,20,4,33,success,15805382921545945792,3
LEO_V1_1_REQUALIFICATION_20260920,ofat_comparative,interferenceDb__25p0__lqi,f36d0510e3dbb0d3c9adffa565c74ad2c5026b77fa1cf04b411ba46f49f4c520,triangle,2.5,lqi,1,3,19,42,20,4,34,success,15805382921545945792,3
LEO_V1_1_REQUALIFICATION_20260920,ofat_comparative,interferenceDb__25p0__lqi,f36d0510e3dbb0d3c9adffa565c74ad2c5026b77fa1cf04b411ba46f49f4c520,triangle,2.5,lqi,1,3,19,42,20,4,35,success,15805382921545945792,3
LEO_V1_1_REQUALIFICATION_20260920,ofat_comparative,interferenceDb__25p0__lqi,f36d0510e3dbb0d3c9adffa565c74ad2c5026b77fa1cf04b411ba46f49f4c520,triangle,2.5,lqi,1,3,19,42,20,4,36,success,15805382921545945792,3
LEO_V1_1_REQUALIFICATION_20260920,ofat_comparative,interferenceDb__25p0__lqi,f36d0510e3dbb0d3c9adffa565c74ad2c5026b77fa1cf04b411ba46f49f4c520,triangle,2.5,lqi,1,3,19,42,20,4,37,success,15805382921545945792,3
LEO_V1_1_REQUALIFICATION_20260920,ofat_comparative,interferenceDb__25p0__lqi,f36d0510e3dbb0d3c9adffa565c74ad2c5026b77fa1cf04b411ba46f49f4c520,triangle,2.5,lqi,1,3,19,42,20,4,38,success,15805382921545945792,3
LEO_V1_1_REQUALIFICATION_20260920,ofat_comparative,interferenceDb__25p0__lqi,f36d0510e3dbb0d3c9adffa565c74ad2c5026b77fa1cf04b411ba46f49f4c520,triangle,2.5,lqi,1,3,19,42,20,4,39,success,15805382921545945792,3
LEO_V1_1_REQUALIFICATION_20260920,ofat_comparative,interferenceDb__25p0__lqi,f36d0510e3dbb0d3c9adffa565c74ad2c5026b77fa1cf04b411ba46f49f4c520,triangle,2.5,lqi,1,3,19,42,20,5,40,success,7924740127637167497,3
LEO_V1_1_REQUALIFICATION_20260920,ofat_comparative,interferenceDb__25p0__lqi,f36d0510e3dbb0d3c9adffa565c74ad2c5026b77fa1cf04b411ba46f49f4c520,triangle,2.5,lqi,1,3,19,42,20,5,41,success,7924740127637167497,3
LEO_V1_1_REQUALIFICATION_20260920,ofat_comparative,interferenceDb__25p0__lqi,f36d0510e3dbb0d3c9adffa565c74ad2c5026b77fa1cf04b411ba46f49f4c520,triangle,2.5,lqi,1,3,19,42,20,5,42,timeout,0,0
LEO_V1_1_REQUALIFICATION_20260920,ofat_comparative,interferenceDb__25p0__lqi,f36d0510e3dbb0d3c9adffa565c74ad2c5026b77fa1cf04b411ba46f49f4c520,triangle,2.5,lqi,1,3,19,42,20,5,43,no_route,0,0
LEO_V1_1_REQUALIFICATION_20260920,ofat_comparative,interferenceDb__25p0__lqi,f36d0510e3dbb0d3c9adffa565c74ad2c5026b77fa1cf04b411ba46f49f4c520,triangle,2.5,lqi,1,3,19,42,20,5,44,success,16719299368067595120,3
LEO_V1_1_REQUALIFICATION_20260920,ofat_comparative,interferenceDb__25p0__lqi,f36d0510e3dbb0d3c9adffa565c74ad2c5026b77fa1cf04b411ba46f49f4c520,triangle,2.5,lqi,1,3,19,42,20,5,45,success,16719299368067595120,3
LEO_V1_1_REQUALIFICATION_20260920,ofat_comparative,interferenceDb__25p0__lqi,f36d0510e3dbb0d3c9adffa565c74ad2c5026b77fa1cf04b411ba46f49f4c520,triangle,2.5,lqi,1,3,19,42,20,5,46,success,16719299368067595120,3
LEO_V1_1_REQUALIFICATION_20260920,ofat_comparative,interferenceDb__25p0__lqi,f36d0510e3dbb0d3c9adffa565c74ad2c5026b77fa1cf04b411ba46f49f4c520,triangle,2.5,lqi,1,3,19,42,20,5,47,success,16719299368067595120,3
LEO_V1_1_REQUALIFICATION_20260920,ofat_comparative,interferenceDb__25p0__lqi,f36d0510e3dbb0d3c9adffa565c74ad2c5026b77fa1cf04b411ba46f49f4c520,triangle,2.5,lqi,1,3,19,42,20,5,48,success,16719299368067595120,3
LEO_V1_1_REQUALIFICATION_20260920,ofat_comparative,interferenceDb__25p0__lqi,f36d0510e3dbb0d3c9adffa565c74ad2c5026b77fa1cf04b411ba46f49f4c520,triangle,2.5,lqi,1,3,19,42,20,5,49,success,16719299368067595120,3
LEO_V1_1_REQUALIFICATION_20260920,ofat_comparative,interferenceDb__25p0__lqi,f36d0510e3dbb0d3c9adffa565c74ad2c5026b77fa1cf04b411ba46f49f4c520,triangle,2.5,lqi,1,3,19,42,20,6,50,timeout,0,0
LEO_V1_1_REQUALIFICATION_20260920,ofat_comparative,interferenceDb__25p0__lqi,f36d0510e3dbb0d3c9adffa565c74ad2c5026b77fa1cf04b411ba46f49f4c520,triangle,2.5,lqi,1,3,19,42,20,6,51,no_route,0,0
LEO_V1_1_REQUALIFICATION_20260920,ofat_comparative,interferenceDb__25p0__lqi,f36d0510e3dbb0d3c9adffa565c74ad2c5026b77fa1cf04b411ba46f49f4c520,triangle,2.5,lqi,1,3,19,42,20,6,52,timeout,0,0
LEO_V1_1_REQUALIFICATION_20260920,ofat_comparative,interferenceDb__25p0__lqi,f36d0510e3dbb0d3c9adffa565c74ad2c5026b77fa1cf04b411ba46f49f4c520,triangle,2.5,lqi,1,3,19,42,20,6,53,no_route,0,0
LEO_V1_1_REQUALIFICATION_20260920,ofat_comparative,interferenceDb__25p0__lqi,f36d0510e3dbb0d3c9adffa565c74ad2c5026b77fa1cf04b411ba46f49f4c520,triangle,2.5,lqi,1,3,19,42,20,6,54,success,3355162293075433701,3
LEO_V1_1_REQUALIFICATION_20260920,ofat_comparative,interferenceDb__25p0__lqi,f36d0510e3dbb0d3c9adffa565c74ad2c5026b77fa1cf04b411ba46f49f4c520,triangle,2.5,lqi,1,3,19,42,20,6,55,success,3355162293075433701,3
LEO_V1_1_REQUALIFICATION_20260920,ofat_comparative,interferenceDb__25p0__lqi,f36d0510e3dbb0d3c9adffa565c74ad2c5026b77fa1cf04b411ba46f49f4c520,triangle,2.5,lqi,1,3,19,42,20,6,56,success,3355162293075433701,3
LEO_V1_1_REQUALIFICATION_20260920,ofat_comparative,interferenceDb__25p0__lqi,f36d0510e3dbb0d3c9adffa565c74ad2c5026b77fa1cf04b411ba46f49f4c520,triangle,2.5,lqi,1,3,19,42,20,6,57,success,3355162293075433701,3
LEO_V1_1_REQUALIFICATION_20260920,ofat_comparative,interferenceDb__25p0__lqi,f36d0510e3dbb0d3c9adffa565c74ad2c5026b77fa1cf04b411ba46f49f4c520,triangle,2.5,lqi,1,3,19,42,20,6,58,success,3355162293075433701,3
LEO_V1_1_REQUALIFICATION_20260920,ofat_comparative,interferenceDb__25p0__lqi,f36d0510e3dbb0d3c9adffa565c74ad2c5026b77fa1cf04b411ba46f49f4c520,triangle,2.5,lqi,1,3,19,42,20,6,59,success,3355162293075433701,3
LEO_V1_1_REQUALIFICATION_20260920,ofat_comparative,interferenceDb__25p0__lqi,f36d0510e3dbb0d3c9adffa565c74ad2c5026b77fa1cf04b411ba46f49f4c520,triangle,2.5,lqi,1,3,19,42,20,7,60,success,12161954516460776928,1
LEO_V1_1_REQUALIFICATION_20260920,ofat_comparative,interferenceDb__25p0__lqi,f36d0510e3dbb0d3c9adffa565c74ad2c5026b77fa1cf04b411ba46f49f4c520,triangle,2.5,lqi,1,3,19,42,20,7,61,success,12161954516460776928,1
LEO_V1_1_REQUALIFICATION_20260920,ofat_comparative,interferenceDb__25p0__lqi,f36d0510e3dbb0d3c9adffa565c74ad2c5026b77fa1cf04b411ba46f49f4c520,triangle,2.5,lqi,1,3,19,42,20,7,62,success,12161954516460776928,1
LEO_V1_1_REQUALIFICATION_20260920,ofat_comparative,interferenceDb__25p0__lqi,f36d0510e3dbb0d3c9adffa565c74ad2c5026b77fa1cf04b411ba46f49f4c520,triangle,2.5,lqi,1,3,19,42,20,7,63,success,12161954516460776928,1
LEO_V1_1_REQUALIFICATION_20260920,ofat_comparative,interferenceDb__25p0__lqi,f36d0510e3dbb0d3c9adffa565c74ad2c5026b77fa1cf04b411ba46f49f4c520,triangle,2.5,lqi,1,3,19,42,20,7,64,success,12161954516460776928,1
LEO_V1_1_REQUALIFICATION_20260920,ofat_comparative,interferenceDb__25p0__lqi,f36d0510e3dbb0d3c9adffa565c74ad2c5026b77fa1cf04b411ba46f49f4c520,triangle,2.5,lqi,1,3,19,42,20,7,65,success,12161954516460776928,1
LEO_V1_1_REQUALIFICATION_20260920,ofat_comparative,interferenceDb__25p0__lqi,f36d0510e3dbb0d3c9adffa565c74ad2c5026b77fa1cf04b411ba46f49f4c520,triangle,2.5,lqi,1,3,19,42,20,7,66,success,12161954516460776928,1
LEO_V1_1_REQUALIFICATION_20260920,ofat_comparative,interferenceDb__25p0__lqi,f36d0510e3dbb0d3c9adffa565c74ad2c5026b77fa1cf04b411ba46f49f4c520,triangle,2.5,lqi,1,3,19,42,20,7,67,success,12161954516460776928,1
LEO_V1_1_REQUALIFICATION_20260920,ofat_comparative,interferenceDb__25p0__lqi,f36d0510e3dbb0d3c9adffa565c74ad2c5026b77fa1cf04b411ba46f49f4c520,triangle,2.5,lqi,1,3,19,42,20,7,68,success,12161954516460776928,1
LEO_V1_1_REQUALIFICATION_20260920,ofat_comparative,interferenceDb__25p0__lqi,f36d0510e3dbb0d3c9adffa565c74ad2c5026b77fa1cf04b411ba46f49f4c520,triangle,2.5,lqi,1,3,19,42,20,7,69,success,12161954516460776928,1
LEO_V1_1_REQUALIFICATION_20260920,ofat_comparative,interferenceDb__25p0__lqi,f36d0510e3dbb0d3c9adffa565c74ad2c5026b77fa1cf04b411ba46f49f4c520,triangle,2.5,lqi,1,3,19,42,20,8,70,success,12161971009135200093,1
LEO_V1_1_REQUALIFICATION_20260920,ofat_comparative,interferenceDb__25p0__lqi,f36d0510e3dbb0d3c9adffa565c74ad2c5026b77fa1cf04b411ba46f49f4c520,triangle,2.5,lqi,1,3,19,42,20,8,71,success,12161971009135200093,1
LEO_V1_1_REQUALIFICATION_20260920,ofat_comparative,interferenceDb__25p0__lqi,f36d0510e3dbb0d3c9adffa565c74ad2c5026b77fa1cf04b411ba46f49f4c520,triangle,2.5,lqi,1,3,19,42,20,8,72,success,12161971009135200093,1
LEO_V1_1_REQUALIFICATION_20260920,ofat_comparative,interferenceDb__25p0__lqi,f36d0510e3dbb0d3c9adffa565c74ad2c5026b77fa1cf04b411ba46f49f4c520,triangle,2.5,lqi,1,3,19,42,20,8,73,success,12161971009135200093,1
LEO_V1_1_REQUALIFICATION_20260920,ofat_comparative,interferenceDb__25p0__lqi,f36d0510e3dbb0d3c9adffa565c74ad2c5026b77fa1cf04b411ba46f49f4c520,triangle,2.5,lqi,1,3,19,42,20,8,74,success,12161971009135200093,1
LEO_V1_1_REQUALIFICATION_20260920,ofat_comparative,interferenceDb__25p0__lqi,f36d0510e3dbb0d3c9adffa565c74ad2c5026b77fa1cf04b411ba46f49f4c520,triangle,2.5,lqi,1,3,19,42,20,8,75,success,12161971009135200093,1
LEO_V1_1_REQUALIFICATION_20260920,ofat_comparative,interferenceDb__25p0__lqi,f36d0510e3dbb0d3c9adffa565c74ad2c5026b77fa1cf04b411ba46f49f4c520,triangle,2.5,lqi,1,3,19,42,20,8,76,success,12161971009135200093,1
LEO_V1_1_REQUALIFICATION_20260920,ofat_comparative,interferenceDb__25p0__lqi,f36d0510e3dbb0d3c9adffa565c74ad2c5026b77fa1cf04b411ba46f49f4c520,triangle,2.5,lqi,1,3,19,42,20,8,77,success,12161971009135200093,1
LEO_V1_1_REQUALIFICATION_20260920,ofat_comparative,interferenceDb__25p0__lqi,f36d0510e3dbb0d3c9adffa565c74ad2c5026b77fa1cf04b411ba46f49f4c520,triangle,2.5,lqi,1,3,19,42,20,8,78,success,12161971009135200093,1
LEO_V1_1_REQUALIFICATION_20260920,ofat_comparative,interferenceDb__25p0__lqi,f36d0510e3dbb0d3c9adffa565c74ad2c5026b77fa1cf04b411ba46f49f4c520,triangle,2.5,lqi,1,3,19,42,20,8,79,success,12161971009135200093,1
LEO_V1_1_REQUALIFICATION_20260920,ofat_comparative,interferenceDb__25p0__lqi,f36d0510e3dbb0d3c9adffa565c74ad2c5026b77fa1cf04b411ba46f49f4c520,triangle,2.5,lqi,1,3,19,42,20,9,80,success,13393354745285683298,2
LEO_V1_1_REQUALIFICATION_20260920,ofat_comparative,interferenceDb__25p0__lqi,f36d0510e3dbb0d3c9adffa565c74ad2c5026b77fa1cf04b411ba46f49f4c520,triangle,2.5,lqi,1,3,19,42,20,9,81,timeout,0,0
LEO_V1_1_REQUALIFICATION_20260920,ofat_comparative,interferenceDb__25p0__lqi,f36d0510e3dbb0d3c9adffa565c74ad2c5026b77fa1cf04b411ba46f49f4c520,triangle,2.5,lqi,1,3,19,42,20,9,82,no_route,0,0
LEO_V1_1_REQUALIFICATION_20260920,ofat_comparative,interferenceDb__25p0__lqi,f36d0510e3dbb0d3c9adffa565c74ad2c5026b77fa1cf04b411ba46f49f4c520,triangle,2.5,lqi,1,3,19,42,20,9,83,success,18131355419705379627,2
LEO_V1_1_REQUALIFICATION_20260920,ofat_comparative,interferenceDb__25p0__lqi,f36d0510e3dbb0d3c9adffa565c74ad2c5026b77fa1cf04b411ba46f49f4c520,triangle,2.5,lqi,1,3,19,42,20,9,84,success,18131355419705379627,2
LEO_V1_1_REQUALIFICATION_20260920,ofat_comparative,interferenceDb__25p0__lqi,f36d0510e3dbb0d3c9adffa565c74ad2c5026b77fa1cf04b411ba46f49f4c520,triangle,2.5,lqi,1,3,19,42,20,9,85,success,18131355419705379627,2
LEO_V1_1_REQUALIFICATION_20260920,ofat_comparative,interferenceDb__25p0__lqi,f36d0510e3dbb0d3c9adffa565c74ad2c5026b77fa1cf04b411ba46f49f4c520,triangle,2.5,lqi,1,3,19,42,20,9,86,success,18131355419705379627,2
LEO_V1_1_REQUALIFICATION_20260920,ofat_comparative,interferenceDb__25p0__lqi,f36d0510e3dbb0d3c9adffa565c74ad2c5026b77fa1cf04b411ba46f49f4c520,triangle,2.5,lqi,1,3,19,42,20,9,87,success,18131355419705379627,2
LEO_V1_1_REQUALIFICATION_20260920,ofat_comparative,interferenceDb__25p0__lqi,f36d0510e3dbb0d3c9adffa565c74ad2c5026b77fa1cf04b411ba46f49f4c520,triangle,2.5,lqi,1,3,19,42,20,9,88,success,18131355419705379627,2
LEO_V1_1_REQUALIFICATION_20260920,ofat_comparative,interferenceDb__25p0__lqi,f36d0510e3dbb0d3c9adffa565c74ad2c5026b77fa1cf04b411ba46f49f4c520,triangle,2.5,lqi,1,3,19,42,20,9,89,success,18131355419705379627,2
LEO_V1_1_REQUALIFICATION_20260920,ofat_comparative,interferenceDb__25p0__lqi,f36d0510e3dbb0d3c9adffa565c74ad2c5026b77fa1cf04b411ba46f49f4c520,triangle,2.5,lqi,1,3,19,42,20,10,90,success,17464326760895962409,3
LEO_V1_1_REQUALIFICATION_20260920,ofat_comparative,interferenceDb__25p0__lqi,f36d0510e3dbb0d3c9adffa565c74ad2c5026b77fa1cf04b411ba46f49f4c520,triangle,2.5,lqi,1,3,19,42,20,10,91,success,17464326760895962409,3
LEO_V1_1_REQUALIFICATION_20260920,ofat_comparative,interferenceDb__25p0__lqi,f36d0510e3dbb0d3c9adffa565c74ad2c5026b77fa1cf04b411ba46f49f4c520,triangle,2.5,lqi,1,3,19,42,20,10,92,success,17464326760895962409,3
LEO_V1_1_REQUALIFICATION_20260920,ofat_comparative,interferenceDb__25p0__lqi,f36d0510e3dbb0d3c9adffa565c74ad2c5026b77fa1cf04b411ba46f49f4c520,triangle,2.5,lqi,1,3,19,42,20,10,93,success,17464326760895962409,3
LEO_V1_1_REQUALIFICATION_20260920,ofat_comparative,interferenceDb__25p0__lqi,f36d0510e3dbb0d3c9adffa565c74ad2c5026b77fa1cf04b411ba46f49f4c520,triangle,2.5,lqi,1,3,19,42,20,10,94,success,17464326760895962409,3
LEO_V1_1_REQUALIFICATION_20260920,ofat_comparative,interferenceDb__25p0__lqi,f36d0510e3dbb0d3c9adffa565c74ad2c5026b77fa1cf04b411ba46f49f4c520,triangle,2.5,lqi,1,3,19,42,20,10,95,timeout,0,0
LEO_V1_1_REQUALIFICATION_20260920,ofat_comparative,interferenceDb__25p0__lqi,f36d0510e3dbb0d3c9adffa565c74ad2c5026b77fa1cf04b411ba46f49f4c520,triangle,2.5,lqi,1,3,19,42,20,10,96,no_route,0,0
LEO_V1_1_REQUALIFICATION_20260920,ofat_comparative,interferenceDb__25p0__lqi,f36d0510e3dbb0d3c9adffa565c74ad2c5026b77fa1cf04b411ba46f49f4c520,triangle,2.5,lqi,1,3,19,42,20,10,97,success,13393353645774055087,2
LEO_V1_1_REQUALIFICATION_20260920,ofat_comparative,interferenceDb__25p0__lqi,f36d0510e3dbb0d3c9adffa565c74ad2c5026b77fa1cf04b411ba46f49f4c520,triangle,2.5,lqi,1,3,19,42,20,10,98,success,13393353645774055087,2
LEO_V1_1_REQUALIFICATION_20260920,ofat_comparative,interferenceDb__25p0__lqi,f36d0510e3dbb0d3c9adffa565c74ad2c5026b77fa1cf04b411ba46f49f4c520,triangle,2.5,lqi,1,3,19,42,20,10,99,success,13393353645774055087,2
LEO_V1_1_REQUALIFICATION_20260920,ofat_comparative,interferenceDb__25p0__lqi,f36d0510e3dbb0d3c9adffa565c74ad2c5026b77fa1cf04b411ba46f49f4c520,triangle,2.5,lqi,1,3,19,42,20,11,100,timeout,0,0
LEO_V1_1_REQUALIFICATION_20260920,ofat_comparative,interferenceDb__25p0__lqi,f36d0510e3dbb0d3c9adffa565c74ad2c5026b77fa1cf04b411ba46f49f4c520,triangle,2.5,lqi,1,3,19,42,20,11,101,no_route,0,0
LEO_V1_1_REQUALIFICATION_20260920,ofat_comparative,interferenceDb__25p0__lqi,f36d0510e3dbb0d3c9adffa565c74ad2c5026b77fa1cf04b411ba46f49f4c520,triangle,2.5,lqi,1,3,19,42,20,11,102,success,11861905262065286250,3
LEO_V1_1_REQUALIFICATION_20260920,ofat_comparative,interferenceDb__25p0__lqi,f36d0510e3dbb0d3c9adffa565c74ad2c5026b77fa1cf04b411ba46f49f4c520,triangle,2.5,lqi,1,3,19,42,20,11,103,success,11861905262065286250,3
LEO_V1_1_REQUALIFICATION_20260920,ofat_comparative,interferenceDb__25p0__lqi,f36d0510e3dbb0d3c9adffa565c74ad2c5026b77fa1cf04b411ba46f49f4c520,triangle,2.5,lqi,1,3,19,42,20,11,104,success,11861905262065286250,3
LEO_V1_1_REQUALIFICATION_20260920,ofat_comparative,interferenceDb__25p0__lqi,f36d0510e3dbb0d3c9adffa565c74ad2c5026b77fa1cf04b411ba46f49f4c520,triangle,2.5,lqi,1,3,19,42,20,11,105,success,11861905262065286250,3
LEO_V1_1_REQUALIFICATION_20260920,ofat_comparative,interferenceDb__25p0__lqi,f36d0510e3dbb0d3c9adffa565c74ad2c5026b77fa1cf04b411ba46f49f4c520,triangle,2.5,lqi,1,3,19,42,20,11,106,success,11861905262065286250,3
LEO_V1_1_REQUALIFICATION_20260920,ofat_comparative,interferenceDb__25p0__lqi,f36d0510e3dbb0d3c9adffa565c74ad2c5026b77fa1cf04b411ba46f49f4c520,triangle,2.5,lqi,1,3,19,42,20,11,107,success,11861905262065286250,3
LEO_V1_1_REQUALIFICATION_20260920,ofat_comparative,interferenceDb__25p0__lqi,f36d0510e3dbb0d3c9adffa565c74ad2c5026b77fa1cf04b411ba46f49f4c520,triangle,2.5,lqi,1,3,19,42,20,11,108,success,11861905262065286250,3
LEO_V1_1_REQUALIFICATION_20260920,ofat_comparative,interferenceDb__25p0__lqi,f36d0510e3dbb0d3c9adffa565c74ad2c5026b77fa1cf04b411ba46f49f4c520,triangle,2.5,lqi,1,3,19,42,20,11,109,success,11861905262065286250,3
LEO_V1_1_REQUALIFICATION_20260920,ofat_comparative,interferenceDb__25p0__lqi,f36d0510e3dbb0d3c9adffa565c74ad2c5026b77fa1cf04b411ba46f49f4c520,triangle,2.5,lqi,1,3,19,42,20,12,110,success,11861899764507145195,3
LEO_V1_1_REQUALIFICATION_20260920,ofat_comparative,interferenceDb__25p0__lqi,f36d0510e3dbb0d3c9adffa565c74ad2c5026b77fa1cf04b411ba46f49f4c520,triangle,2.5,lqi,1,3,19,42,20,12,111,timeout,0,0
LEO_V1_1_REQUALIFICATION_20260920,ofat_comparative,interferenceDb__25p0__lqi,f36d0510e3dbb0d3c9adffa565c74ad2c5026b77fa1cf04b411ba46f49f4c520,triangle,2.5,lqi,1,3,19,42,20,12,112,no_route,0,0
LEO_V1_1_REQUALIFICATION_20260920,ofat_comparative,interferenceDb__25p0__lqi,f36d0510e3dbb0d3c9adffa565c74ad2c5026b77fa1cf04b411ba46f49f4c520,triangle,2.5,lqi,1,3,19,42,20,12,113,success,11861899764507145195,3
LEO_V1_1_REQUALIFICATION_20260920,ofat_comparative,interferenceDb__25p0__lqi,f36d0510e3dbb0d3c9adffa565c74ad2c5026b77fa1cf04b411ba46f49f4c520,triangle,2.5,lqi,1,3,19,42,20,12,114,success,11861899764507145195,3
LEO_V1_1_REQUALIFICATION_20260920,ofat_comparative,interferenceDb__25p0__lqi,f36d0510e3dbb0d3c9adffa565c74ad2c5026b77fa1cf04b411ba46f49f4c520,triangle,2.5,lqi,1,3,19,42,20,12,115,success,11861899764507145195,3
LEO_V1_1_REQUALIFICATION_20260920,ofat_comparative,interferenceDb__25p0__lqi,f36d0510e3dbb0d3c9adffa565c74ad2c5026b77fa1cf04b411ba46f49f4c520,triangle,2.5,lqi,1,3,19,42,20,12,116,success,11861899764507145195,3
LEO_V1_1_REQUALIFICATION_20260920,ofat_comparative,interferenceDb__25p0__lqi,f36d0510e3dbb0d3c9adffa565c74ad2c5026b77fa1cf04b411ba46f49f4c520,triangle,2.5,lqi,1,3,19,42,20,12,117,success,11861899764507145195,3
LEO_V1_1_REQUALIFICATION_20260920,ofat_comparative,interferenceDb__25p0__lqi,f36d0510e3dbb0d3c9adffa565c74ad2c5026b77fa1cf04b411ba46f49f4c520,triangle,2.5,lqi,1,3,19,42,20,12,118,success,11861899764507145195,3
LEO_V1_1_REQUALIFICATION_20260920,ofat_comparative,interferenceDb__25p0__lqi,f36d0510e3dbb0d3c9adffa565c74ad2c5026b77fa1cf04b411ba46f49f4c520,triangle,2.5,lqi,1,3,19,42,20,12,119,success,11861899764507145195,3
LEO_V1_1_REQUALIFICATION_20260920,ofat_comparative,interferenceDb__25p0__lqi,f36d0510e3dbb0d3c9adffa565c74ad2c5026b77fa1cf04b411ba46f49f4c520,triangle,2.5,lqi,1,3,19,42,20,13,120,no_route,0,0
LEO_V1_1_REQUALIFICATION_20260920,ofat_comparative,interferenceDb__25p0__lqi,f36d0510e3dbb0d3c9adffa565c74ad2c5026b77fa1cf04b411ba46f49f4c520,triangle,2.5,lqi,1,3,19,42,20,13,121,no_route,0,0
LEO_V1_1_REQUALIFICATION_20260920,ofat_comparative,interferenceDb__25p0__lqi,f36d0510e3dbb0d3c9adffa565c74ad2c5026b77fa1cf04b411ba46f49f4c520,triangle,2.5,lqi,1,3,19,42,20,13,122,no_route,0,0
LEO_V1_1_REQUALIFICATION_20260920,ofat_comparative,interferenceDb__25p0__lqi,f36d0510e3dbb0d3c9adffa565c74ad2c5026b77fa1cf04b411ba46f49f4c520,triangle,2.5,lqi,1,3,19,42,20,13,123,no_route,0,0
LEO_V1_1_REQUALIFICATION_20260920,ofat_comparative,interferenceDb__25p0__lqi,f36d0510e3dbb0d3c9adffa565c74ad2c5026b77fa1cf04b411ba46f49f4c520,triangle,2.5,lqi,1,3,19,42,20,13,124,no_route,0,0
LEO_V1_1_REQUALIFICATION_20260920,ofat_comparative,interferenceDb__25p0__lqi,f36d0510e3dbb0d3c9adffa565c74ad2c5026b77fa1cf04b411ba46f49f4c520,triangle,2.5,lqi,1,3,19,42,20,13,125,no_route,0,0
LEO_V1_1_REQUALIFICATION_20260920,ofat_comparative,interferenceDb__25p0__lqi,f36d0510e3dbb0d3c9adffa565c74ad2c5026b77fa1cf04b411ba46f49f4c520,triangle,2.5,lqi,1,3,19,42,20,13,126,no_route,0,0
LEO_V1_1_REQUALIFICATION_20260920,ofat_comparative,interferenceDb__25p0__lqi,f36d0510e3dbb0d3c9adffa565c74ad2c5026b77fa1cf04b411ba46f49f4c520,triangle,2.5,lqi,1,3,19,42,20,13,127,no_route,0,0
LEO_V1_1_REQUALIFICATION_20260920,ofat_comparative,interferenceDb__25p0__lqi,f36d0510e3dbb0d3c9adffa565c74ad2c5026b77fa1cf04b411ba46f49f4c520,triangle,2.5,lqi,1,3,19,42,20,13,128,no_route,0,0
LEO_V1_1_REQUALIFICATION_20260920,ofat_comparative,interferenceDb__25p0__lqi,f36d0510e3dbb0d3c9adffa565c74ad2c5026b77fa1cf04b411ba46f49f4c520,triangle,2.5,lqi,1,3,19,42,20,13,129,no_route,0,0
LEO_V1_1_REQUALIFICATION_20260920,ofat_comparative,interferenceDb__25p0__lqi,f36d0510e3dbb0d3c9adffa565c74ad2c5026b77fa1cf04b411ba46f49f4c520,triangle,2.5,lqi,1,3,19,42,20,14,130,no_route,0,0
LEO_V1_1_REQUALIFICATION_20260920,ofat_comparative,interferenceDb__25p0__lqi,f36d0510e3dbb0d3c9adffa565c74ad2c5026b77fa1cf04b411ba46f49f4c520,triangle,2.5,lqi,1,3,19,42,20,14,131,no_route,0,0
LEO_V1_1_REQUALIFICATION_20260920,ofat_comparative,interferenceDb__25p0__lqi,f36d0510e3dbb0d3c9adffa565c74ad2c5026b77fa1cf04b411ba46f49f4c520,triangle,2.5,lqi,1,3,19,42,20,14,132,no_route,0,0
LEO_V1_1_REQUALIFICATION_20260920,ofat_comparative,interferenceDb__25p0__lqi,f36d0510e3dbb0d3c9adffa565c74ad2c5026b77fa1cf04b411ba46f49f4c520,triangle,2.5,lqi,1,3,19,42,20,14,133,no_route,0,0
LEO_V1_1_REQUALIFICATION_20260920,ofat_comparative,interferenceDb__25p0__lqi,f36d0510e3dbb0d3c9adffa565c74ad2c5026b77fa1cf04b411ba46f49f4c520,triangle,2.5,lqi,1,3,19,42,20,14,134,no_route,0,0
LEO_V1_1_REQUALIFICATION_20260920,ofat_comparative,interferenceDb__25p0__lqi,f36d0510e3dbb0d3c9adffa565c74ad2c5026b77fa1cf04b411ba46f49f4c520,triangle,2.5,lqi,1,3,19,42,20,14,135,no_route,0,0
LEO_V1_1_REQUALIFICATION_20260920,ofat_comparative,interferenceDb__25p0__lqi,f36d0510e3dbb0d3c9adffa565c74ad2c5026b77fa1cf04b411ba46f49f4c520,triangle,2.5,lqi,1,3,19,42,20,14,136,no_route,0,0
LEO_V1_1_REQUALIFICATION_20260920,ofat_comparative,interferenceDb__25p0__lqi,f36d0510e3dbb0d3c9adffa565c74ad2c5026b77fa1cf04b411ba46f49f4c520,triangle,2.5,lqi,1,3,19,42,20,14,137,no_route,0,0
LEO_V1_1_REQUALIFICATION_20260920,ofat_comparative,interferenceDb__25p0__lqi,f36d0510e3dbb0d3c9adffa565c74ad2c5026b77fa1cf04b411ba46f49f4c520,triangle,2.5,lqi,1,3,19,42,20,14,138,no_route,0,0
LEO_V1_1_REQUALIFICATION_20260920,ofat_comparative,interferenceDb__25p0__lqi,f36d0510e3dbb0d3c9adffa565c74ad2c5026b77fa1cf04b411ba46f49f4c520,triangle,2.5,lqi,1,3,19,42,20,14,139,no_route,0,0
LEO_V1_1_REQUALIFICATION_20260920,ofat_comparative,interferenceDb__25p0__lqi,f36d0510e3dbb0d3c9adffa565c74ad2c5026b77fa1cf04b411ba46f49f4c520,triangle,2.5,lqi,1,3,19,42,20,15,140,no_route,0,0
LEO_V1_1_REQUALIFICATION_20260920,ofat_comparative,interferenceDb__25p0__lqi,f36d0510e3dbb0d3c9adffa565c74ad2c5026b77fa1cf04b411ba46f49f4c520,triangle,2.5,lqi,1,3,19,42,20,15,141,no_route,0,0
LEO_V1_1_REQUALIFICATION_20260920,ofat_comparative,interferenceDb__25p0__lqi,f36d0510e3dbb0d3c9adffa565c74ad2c5026b77fa1cf04b411ba46f49f4c520,triangle,2.5,lqi,1,3,19,42,20,15,142,no_route,0,0
LEO_V1_1_REQUALIFICATION_20260920,ofat_comparative,interferenceDb__25p0__lqi,f36d0510e3dbb0d3c9adffa565c74ad2c5026b77fa1cf04b411ba46f49f4c520,triangle,2.5,lqi,1,3,19,42,20,15,143,no_route,0,0
LEO_V1_1_REQUALIFICATION_20260920,ofat_comparative,interferenceDb__25p0__lqi,f36d0510e3dbb0d3c9adffa565c74ad2c5026b77fa1cf04b411ba46f49f4c520,triangle,2.5,lqi,1,3,19,42,20,15,144,no_route,0,0
LEO_V1_1_REQUALIFICATION_20260920,ofat_comparative,interferenceDb__25p0__lqi,f36d0510e3dbb0d3c9adffa565c74ad2c5026b77fa1cf04b411ba46f49f4c520,triangle,2.5,lqi,1,3,19,42,20,15,145,no_route,0,0
LEO_V1_1_REQUALIFICATION_20260920,ofat_comparative,interferenceDb__25p0__lqi,f36d0510e3dbb0d3c9adffa565c74ad2c5026b77fa1cf04b411ba46f49f4c520,triangle,2.5,lqi,1,3,19,42,20,15,146,no_route,0,0
LEO_V1_1_REQUALIFICATION_20260920,ofat_comparative,interferenceDb__25p0__lqi,f36d0510e3dbb0d3c9adffa565c74ad2c5026b77fa1cf04b411ba46f49f4c520,triangle,2.5,lqi,1,3,19,42,20,15,147,no_route,0,0
LEO_V1_1_REQUALIFICATION_20260920,ofat_comparative,interferenceDb__25p0__lqi,f36d0510e3dbb0d3c9adffa565c74ad2c5026b77fa1cf04b411ba46f49f4c520,triangle,2.5,lqi,1,3,19,42,20,15,148,no_route,0,0
LEO_V1_1_REQUALIFICATION_20260920,ofat_comparative,interferenceDb__25p0__lqi,f36d0510e3dbb0d3c9adffa565c74ad2c5026b77fa1cf04b411ba46f49f4c520,triangle,2.5,lqi,1,3,19,42,20,15,149,no_route,0,0
LEO_V1_1_REQUALIFICATION_20260920,ofat_comparative,interferenceDb__25p0__lqi,f36d0510e3dbb0d3c9adffa565c74ad2c5026b77fa1cf04b411ba46f49f4c520,triangle,2.5,lqi,1,3,19,42,20,16,150,no_route,0,0
LEO_V1_1_REQUALIFICATION_20260920,ofat_comparative,interferenceDb__25p0__lqi,f36d0510e3dbb0d3c9adffa565c74ad2c5026b77fa1cf04b411ba46f49f4c520,triangle,2.5,lqi,1,3,19,42,20,16,151,no_route,0,0
LEO_V1_1_REQUALIFICATION_20260920,ofat_comparative,interferenceDb__25p0__lqi,f36d0510e3dbb0d3c9adffa565c74ad2c5026b77fa1cf04b411ba46f49f4c520,triangle,2.5,lqi,1,3,19,42,20,16,152,no_route,0,0
LEO_V1_1_REQUALIFICATION_20260920,ofat_comparative,interferenceDb__25p0__lqi,f36d0510e3dbb0d3c9adffa565c74ad2c5026b77fa1cf04b411ba46f49f4c520,triangle,2.5,lqi,1,3,19,42,20,16,153,no_route,0,0
LEO_V1_1_REQUALIFICATION_20260920,ofat_comparative,interferenceDb__25p0__lqi,f36d0510e3dbb0d3c9adffa565c74ad2c5026b77fa1cf04b411ba46f49f4c520,triangle,2.5,lqi,1,3,19,42,20,16,154,no_route,0,0
LEO_V1_1_REQUALIFICATION_20260920,ofat_comparative,interferenceDb__25p0__lqi,f36d0510e3dbb0d3c9adffa565c74ad2c5026b77fa1cf04b411ba46f49f4c520,triangle,2.5,lqi,1,3,19,42,20,16,155,no_route,0,0
LEO_V1_1_REQUALIFICATION_20260920,ofat_comparative,interferenceDb__25p0__lqi,f36d0510e3dbb0d3c9adffa565c74ad2c5026b77fa1cf04b411ba46f49f4c520,triangle,2.5,lqi,1,3,19,42,20,16,156,no_route,0,0
LEO_V1_1_REQUALIFICATION_20260920,ofat_comparative,interferenceDb__25p0__lqi,f36d0510e3dbb0d3c9adffa565c74ad2c5026b77fa1cf04b411ba46f49f4c520,triangle,2.5,lqi,1,3,19,42,20,16,157,no_route,0,0
LEO_V1_1_REQUALIFICATION_20260920,ofat_comparative,interferenceDb__25p0__lqi,f36d0510e3dbb0d3c9adffa565c74ad2c5026b77fa1cf04b411ba46f49f4c520,triangle,2.5,lqi,1,3,19,42,20,16,158,no_route,0,0
LEO_V1_1_REQUALIFICATION_20260920,ofat_comparative,interferenceDb__25p0__lqi,f36d0510e3dbb0d3c9adffa565c74ad2c5026b77fa1cf04b411ba46f49f4c520,triangle,2.5,lqi,1,3,19,42,20,16,159,no_route,0,0
LEO_V1_1_REQUALIFICATION_20260920,ofat_comparative,interferenceDb__25p0__lqi,f36d0510e3dbb0d3c9adffa565c74ad2c5026b77fa1cf04b411ba46f49f4c520,triangle,2.5,lqi,1,3,19,42,20,17,160,no_route,0,0
LEO_V1_1_REQUALIFICATION_20260920,ofat_comparative,interferenceDb__25p0__lqi,f36d0510e3dbb0d3c9adffa565c74ad2c5026b77fa1cf04b411ba46f49f4c520,triangle,2.5,lqi,1,3,19,42,20,17,161,no_route,0,0
LEO_V1_1_REQUALIFICATION_20260920,ofat_comparative,interferenceDb__25p0__lqi,f36d0510e3dbb0d3c9adffa565c74ad2c5026b77fa1cf04b411ba46f49f4c520,triangle,2.5,lqi,1,3,19,42,20,17,162,no_route,0,0
LEO_V1_1_REQUALIFICATION_20260920,ofat_comparative,interferenceDb__25p0__lqi,f36d0510e3dbb0d3c9adffa565c74ad2c5026b77fa1cf04b411ba46f49f4c520,triangle,2.5,lqi,1,3,19,42,20,17,163,no_route,0,0
LEO_V1_1_REQUALIFICATION_20260920,ofat_comparative,interferenceDb__25p0__lqi,f36d0510e3dbb0d3c9adffa565c74ad2c5026b77fa1cf04b411ba46f49f4c520,triangle,2.5,lqi,1,3,19,42,20,17,164,no_route,0,0
LEO_V1_1_REQUALIFICATION_20260920,ofat_comparative,interferenceDb__25p0__lqi,f36d0510e3dbb0d3c9adffa565c74ad2c5026b77fa1cf04b411ba46f49f4c520,triangle,2.5,lqi,1,3,19,42,20,17,165,no_route,0,0
LEO_V1_1_REQUALIFICATION_20260920,ofat_comparative,interferenceDb__25p0__lqi,f36d0510e3dbb0d3c9adffa565c74ad2c5026b77fa1cf04b411ba46f49f4c520,triangle,2.5,lqi,1,3,19,42,20,17,166,no_route,0,0
LEO_V1_1_REQUALIFICATION_20260920,ofat_comparative,interferenceDb__25p0__lqi,f36d0510e3dbb0d3c9adffa565c74ad2c5026b77fa1cf04b411ba46f49f4c520,triangle,2.5,lqi,1,3,19,42,20,17,167,no_route,0,0
LEO_V1_1_REQUALIFICATION_20260920,ofat_comparative,interferenceDb__25p0__lqi,f36d0510e3dbb0d3c9adffa565c74ad2c5026b77fa1cf04b411ba46f49f4c520,triangle,2.5,lqi,1,3,19,42,20,17,168,no_route,0,0
LEO_V1_1_REQUALIFICATION_20260920,ofat_comparative,interferenceDb__25p0__lqi,f36d0510e3dbb0d3c9adffa565c74ad2c5026b77fa1cf04b411ba46f49f4c520,triangle,2.5,lqi,1,3,19,42,20,17,169,no_route,0,0
LEO_V1_1_REQUALIFICATION_20260920,ofat_comparative,interferenceDb__25p0__lqi,f36d0510e3dbb0d3c9adffa565c74ad2c5026b77fa1cf04b411ba46f49f4c520,triangle,2.5,lqi,1,3,19,42,20,18,170,no_route,0,0
LEO_V1_1_REQUALIFICATION_20260920,ofat_comparative,interferenceDb__25p0__lqi,f36d0510e3dbb0d3c9adffa565c74ad2c5026b77fa1cf04b411ba46f49f4c520,triangle,2.5,lqi,1,3,19,42,20,18,171,no_route,0,0
LEO_V1_1_REQUALIFICATION_20260920,ofat_comparative,interferenceDb__25p0__lqi,f36d0510e3dbb0d3c9adffa565c74ad2c5026b77fa1cf04b411ba46f49f4c520,triangle,2.5,lqi,1,3,19,42,20,18,172,no_route,0,0
LEO_V1_1_REQUALIFICATION_20260920,ofat_comparative,interferenceDb__25p0__lqi,f36d0510e3dbb0d3c9adffa565c74ad2c5026b77fa1cf04b411ba46f49f4c520,triangle,2.5,lqi,1,3,19,42,20,18,173,no_route,0,0
LEO_V1_1_REQUALIFICATION_20260920,ofat_comparative,interferenceDb__25p0__lqi,f36d0510e3dbb0d3c9adffa565c74ad2c5026b77fa1cf04b411ba46f49f4c520,triangle,2.5,lqi,1,3,19,42,20,18,174,no_route,0,0
LEO_V1_1_REQUALIFICATION_20260920,ofat_comparative,interferenceDb__25p0__lqi,f36d0510e3dbb0d3c9adffa565c74ad2c5026b77fa1cf04b411ba46f49f4c520,triangle,2.5,lqi,1,3,19,42,20,18,175,no_route,0,0
LEO_V1_1_REQUALIFICATION_20260920,ofat_comparative,interferenceDb__25p0__lqi,f36d0510e3dbb0d3c9adffa565c74ad2c5026b77fa1cf04b411ba46f49f4c520,triangle,2.5,lqi,1,3,19,42,20,18,176,no_route,0,0
LEO_V1_1_REQUALIFICATION_20260920,ofat_comparative,interferenceDb__25p0__lqi,f36d0510e3dbb0d3c9adffa565c74ad2c5026b77fa1cf04b411ba46f49f4c520,triangle,2.5,lqi,1,3,19,42,20,18,177,no_route,0,0
LEO_V1_1_REQUALIFICATION_20260920,ofat_comparative,interferenceDb__25p0__lqi,f36d0510e3dbb0d3c9adffa565c74ad2c5026b77fa1cf04b411ba46f49f4c520,triangle,2.5,lqi,1,3,19,42,20,18,178,no_route,0,0
LEO_V1_1_REQUALIFICATION_20260920,ofat_comparative,interferenceDb__25p0__lqi,f36d0510e3dbb0d3c9adffa565c74ad2c5026b77fa1cf04b411ba46f49f4c520,triangle,2.5,lqi,1,3,19,42,20,18,179,no_route,0,0
LEO_V1_1_REQUALIFICATION_20260920,ofat_comparative,interferenceDb__25p0__lqi,f36d0510e3dbb0d3c9adffa565c74ad2c5026b77fa1cf04b411ba46f49f4c520,triangle,2.5,lqi,1,3,19,42,20,19,180,no_route,0,0
LEO_V1_1_REQUALIFICATION_20260920,ofat_comparative,interferenceDb__25p0__lqi,f36d0510e3dbb0d3c9adffa565c74ad2c5026b77fa1cf04b411ba46f49f4c520,triangle,2.5,lqi,1,3,19,42,20,19,181,no_route,0,0
LEO_V1_1_REQUALIFICATION_20260920,ofat_comparative,interferenceDb__25p0__lqi,f36d0510e3dbb0d3c9adffa565c74ad2c5026b77fa1cf04b411ba46f49f4c520,triangle,2.5,lqi,1,3,19,42,20,19,182,no_route,0,0
LEO_V1_1_REQUALIFICATION_20260920,ofat_comparative,interferenceDb__25p0__lqi,f36d0510e3dbb0d3c9adffa565c74ad2c5026b77fa1cf04b411ba46f49f4c520,triangle,2.5,lqi,1,3,19,42,20,19,183,no_route,0,0
LEO_V1_1_REQUALIFICATION_20260920,ofat_comparative,interferenceDb__25p0__lqi,f36d0510e3dbb0d3c9adffa565c74ad2c5026b77fa1cf04b411ba46f49f4c520,triangle,2.5,lqi,1,3,19,42,20,19,184,no_route,0,0
LEO_V1_1_REQUALIFICATION_20260920,ofat_comparative,interferenceDb__25p0__lqi,f36d0510e3dbb0d3c9adffa565c74ad2c5026b77fa1cf04b411ba46f49f4c520,triangle,2.5,lqi,1,3,19,42,20,19,185,no_route,0,0
LEO_V1_1_REQUALIFICATION_20260920,ofat_comparative,interferenceDb__25p0__lqi,f36d0510e3dbb0d3c9adffa565c74ad2c5026b77fa1cf04b411ba46f49f4c520,triangle,2.5,lqi,1,3,19,42,20,19,186,no_route,0,0
LEO_V1_1_REQUALIFICATION_20260920,ofat_comparative,interferenceDb__25p0__lqi,f36d0510e3dbb0d3c9adffa565c74ad2c5026b77fa1cf04b411ba46f49f4c520,triangle,2.5,lqi,1,3,19,42,20,19,187,no_route,0,0
LEO_V1_1_REQUALIFICATION_20260920,ofat_comparative,interferenceDb__25p0__lqi,f36d0510e3dbb0d3c9adffa565c74ad2c5026b77fa1cf04b411ba46f49f4c520,triangle,2.5,lqi,1,3,19,42,20,19,188,no_route,0,0
LEO_V1_1_REQUALIFICATION_20260920,ofat_comparative,interferenceDb__25p0__lqi,f36d0510e3dbb0d3c9adffa565c74ad2c5026b77fa1cf04b411ba46f49f4c520,triangle,2.5,lqi,1,3,19,42,20,19,189,no_route,0,0
