layout,envFactor,metric,interference,run,totalEnergyMWs,pingTimeouts,pingNoRoute,pingSent,energy_netScan,energy_connect,energy_pathDiscovery,energy_pathDiscoveryReply,energy_ping,energy_pingReply,energy_ack
around,2,hopcount,0,0,7.55008,0,0,190,0.259687,0.256947,4.86008,0.0818969,0.640195,0.782514,0.668762
around,2,hopcount,0,1,7.74403,0,0,190,0.255303,0.255303,4.86227,0.0847365,0.72689,0.846532,0.713
around,2,hopcount,0,2,7.61325,0,0,190,0.258043,0.255851,4.86885,0.0910339,0.633617,0.835189,0.670669
around,2,hopcount,0,3,7.43584,0,0,190,0.255851,0.252015,4.86939,0.0795649,0.580136,0.782173,0.616701
around,2,hopcount,0,4,7.42922,0,0,190,0.256947,0.256947,4.85624,0.0830226,0.622491,0.745455,0.608112
around,2,hopcount,0,5,7.4944,0,0,190,0.256399,0.256947,4.87049,0.0801129,0.660483,0.734551,0.635416
around,2,hopcount,0,6,7.62772,0,0,190,0.255851,0.258043,4.85953,0.0795649,0.673277,0.842812,0.658641
around,2,hopcount,0,7,7.50418,0,0,190,0.253659,0.254207,4.87761,0.0870282,0.622491,0.782173,0.627004
around,2,hopcount,0,8,7.44303,0,0,190,0.256399,0.256399,4.86885,0.0875762,0.596975,0.758104,0.618735
around,2,hopcount,0,9,7.49608,0,0,190,0.255851,0.255303,4.8672,0.0915819,0.656512,0.73695,0.632683
around,2,hopcount,0,10,7.41919,0,0,190,0.253111,0.256947,4.86446,0.0801129,0.632344,0.718862,0.613354
around,2,hopcount,0,11,7.58313,0,0,190,0.256947,0.257495,4.87707,0.0784392,0.638544,0.784739,0.689897
around,2,hopcount,0,12,7.63276,0,0,190,0.252563,0.257495,4.86227,0.0852845,0.68791,0.798269,0.688969
around,2,hopcount,0,13,7.61423,0,0,190,0.258043,0.256399,4.86611,0.0841186,0.687248,0.80367,0.658641
around,2,hopcount,0,14,7.39457,0,0,190,0.259687,0.258591,4.86885,0.0835706,0.578788,0.742759,0.602322
around,2,hopcount,0,15,7.44767,0,0,190,0.258043,0.254755,4.88255,0.0830226,0.596975,0.759525,0.612806
around,2,hopcount,0,16,7.4704,0,0,190,0.255851,0.258043,4.86008,0.0761073,0.625458,0.764184,0.630682
around,2,hopcount,0,17,7.66389,0,0,190,0.252015,0.255851,4.86172,0.0910339,0.706838,0.797125,0.699302
around,2,hopcount,0,18,7.54276,0,0,190,0.257495,0.256399,4.86994,0.0830628,0.631271,0.762573,0.682014
around,2,hopcount,0,19,7.6232,0,0,190,0.254755,0.257495,4.86282,0.0887422,0.644605,0.825694,0.689086
around,2,lqi,0,0,7.55008,0,0,190,0.259687,0.256947,4.86008,0.0818969,0.640195,0.782514,0.668762
around,2,lqi,0,1,7.74403,0,0,190,0.255303,0.255303,4.86227,0.0847365,0.72689,0.846532,0.713
around,2,lqi,0,2,7.61325,0,0,190,0.258043,0.255851,4.86885,0.0910339,0.633617,0.835189,0.670669
around,2,lqi,0,3,7.43584,0,0,190,0.255851,0.252015,4.86939,0.0795649,0.580136,0.782173,0.616701
around,2,lqi,0,4,7.42922,0,0,190,0.256947,0.256947,4.85624,0.0830226,0.622491,0.745455,0.608112
around,2,lqi,0,5,7.4944,0,0,190,0.256399,0.256947,4.87049,0.0801129,0.660483,0.734551,0.635416
around,2,lqi,0,6,7.62772,0,0,190,0.255851,0.258043,4.85953,0.0795649,0.673277,0.842812,0.658641
around,2,lqi,0,7,7.50418,0,0,190,0.253659,0.254207,4.87761,0.0870282,0.622491,0.782173,0.627004
around,2,lqi,0,8,7.44303,0,0,190,0.256399,0.256399,4.86885,0.0875762,0.596975,0.758104,0.618735
around,2,lqi,0,9,7.49608,0,0,190,0.255851,0.255303,4.8672,0.0915819,0.656512,0.73695,0.632683
around,2,lqi,0,10,7.41919,0,0,190,0.253111,0.256947,4.86446,0.0801129,0.632344,0.718862,0.613354
around,2,lqi,0,11,7.58313,0,0,190,0.256947,0.257495,4.87707,0.0784392,0.638544,0.784739,0.689897
around,2,lqi,0,12,7.63276,0,0,190,0.252563,0.257495,4.86227,0.0852845,0.68791,0.798269,0.688969
around,2,lqi,0,13,7.61423,0,0,190,0.258043,0.256399,4.86611,0.0841186,0.687248,0.80367,0.658641
around,2,lqi,0,14,7.39457,0,0,190,0.259687,0.258591,4.86885,0.0835706,0.578788,0.742759,0.602322
around,2,lqi,0,15,7.44767,0,0,190,0.258043,0.254755,4.88255,0.0830226,0.596975,0.759525,0.612806
around,2,lqi,0,16,7.4704,0,0,190,0.255851,0.258043,4.86008,0.0761073,0.625458,0.764184,0.630682
around,2,lqi,0,17,7.66389,0,0,190,0.252015,0.255851,4.86172,0.0910339,0.706838,0.797125,0.699302
around,2,lqi,0,18,7.54276,0,0,190,0.257495,0.256399,4.86994,0.0830628,0.631271,0.762573,0.682014
around,2,lqi,0,19,7.6232,0,0,190,0.254755,0.257495,4.86282,0.0887422,0.644605,0.825694,0.689086
around,2,leo,0,0,7.55008,0,0,190,0.259687,0.256947,4.86008,0.0818969,0.640195,0.782514,0.668762
around,2,leo,0,1,7.74403,0,0,190,0.255303,0.255303,4.86227,0.0847365,0.72689,0.846532,0.713
around,2,leo,0,2,7.61325,0,0,190,0.258043,0.255851,4.86885,0.0910339,0.633617,0.835189,0.670669
around,2,leo,0,3,7.43584,0,0,190,0.255851,0.252015,4.86939,0.0795649,0.580136,0.782173,0.616701
around,2,leo,0,4,7.42922,0,0,190,0.256947,0.256947,4.85624,0.0830226,0.622491,0.745455,0.608112
around,2,leo,0,5,7.4944,0,0,190,0.256399,0.256947,4.87049,0.0801129,0.660483,0.734551,0.635416
around,2,leo,0,6,7.62772,0,0,190,0.255851,0.258043,4.85953,0.0795649,0.673277,0.842812,0.658641
around,2,leo,0,7,7.50418,0,0,190,0.253659,0.254207,4.87761,0.0870282,0.622491,0.782173,0.627004
around,2,leo,0,8,7.44303,0,0,190,0.256399,0.256399,4.86885,0.0875762,0.596975,0.758104,0.618735
around,2,leo,0,9,7.49608,0,0,190,0.255851,0.255303,4.8672,0.0915819,0.656512,0.73695,0.632683
around,2,leo,0,10,7.41919,0,0,190,0.253111,0.256947,4.86446,0.0801129,0.632344,0.718862,0.613354
around,2,leo,0,11,7.58313,0,0,190,0.256947,0.257495,4.87707,0.0784392,0.638544,0.784739,0.689897
around,2,leo,0,12,7.63276,0,0,190,0.252563,0.257495,4.86227,0.0852845,0.68791,0.798269,0.688969
around,2,leo,0,13,7.61423,0,0,190,0.258043,0.256399,4.86611,0.0841186,0.687248,0.80367,0.658641
around,2,leo,0,14,7.39457,0,0,190,0.259687,0.258591,4.86885,0.0835706,0.578788,0.742759,0.602322
around,2,leo,0,15,7.44767,0,0,190,0.258043,0.254755,4.88255,0.0830226,0.596975,0.759525,0.612806
around,2,leo,0,16,7.4704,0,0,190,0.255851,0.258043,4.86008,0.0761073,0.625458,0.764184,0.630682
around,2,leo,0,17,7.66389,0,0,190,0.252015,0.255851,4.86172,0.0910339,0.706838,0.797125,0.699302
around,2,leo,0,18,7.54276,0,0,190,0.257495,0.256399,4.86994,0.0830628,0.631271,0.762573,0.682014
around,2,leo,0,19,7.6232,0,0,190,0.254755,0.257495,4.86282,0.0887422,0.644605,0.825694,0.689086
around,2.25,hopcount,0,0,8.39065,0,0,190,0.255851,0.254207,4.82884,0.0830932,0.945052,1.1,0.923598
around,2.25,hopcount,0,1,8.5039,0,0,190,0.253111,0.254207,4.81514,0.0830932,0.969962,1.15693,0.971459
around,2.25,hopcount,0,2,8.35962,0,0,190,0.252563,0.252015,4.81788,0.0870282,0.947622,1.09165,0.910859
around,2.25,hopcount,0,3,8.11859,0,0,190,0.255303,0.249823,4.82117,0.0795649,0.86123,1.02124,0.830252
around,2.25,hopcount,0,4,8.14026,0,0,190,0.257495,0.251467,4.82172,0.0830226,0.907801,0.98769,0.831062
around,2.25,hopcount,0,5,8.19966,0,0,190,0.252563,0.249823,4.82007,0.0801129,0.940057,1.00088,0.856145
around,2.25,hopcount,0,6,8.33617,0,0,190,0.255303,0.252563,4.8272,0.0795649,0.95138,1.09737,0.872791
around,2.25,hopcount,0,7,8.18303,0,0,190,0.252563,0.253659,4.83049,0.0904859,0.918655,1.00171,0.835474
around,2.25,hopcount,0,8,8.14673,0,0,190,0.252015,0.253111,4.82775,0.0875762,0.873606,1.01561,0.837072
around,2.25,hopcount,0,9,8.24035,0,0,190,0.252563,0.251467,4.82391,0.0915819,0.938657,1.02511,0.857054
around,2.25,hopcount,0,10,8.36396,0,0,190,0.253111,0.254755,4.83651,0.0796356,0.972662,1.04809,0.919186
around,2.25,hopcount,0,11,8.37902,0,0,190,0.253111,0.254755,4.82884,0.0796356,0.91372,1.10783,0.941129
around,2.25,hopcount,0,12,8.56881,0,0,190,0.253659,0.255303,4.82117,0.088863,1.00558,1.14176,1.00248
around,2.25,hopcount,0,13,8.33397,0,0,190,0.254755,0.253659,4.81898,0.0841186,0.969565,1.07514,0.877751
around,2.25,hopcount,0,14,8.11601,0,0,190,0.256947,0.256399,4.82555,0.0835706,0.866744,1.0057,0.821095
around,2.25,hopcount,0,15,8.14962,0,0,190,0.256399,0.254207,4.83268,0.0870282,0.869266,1.0196,0.830443
around,2.25,hopcount,0,16,8.23983,0,0,190,0.256399,0.256399,4.81624,0.0875762,0.921524,1.04411,0.857577
around,2.25,hopcount,0,17,8.48018,0,0,190,0.246535,0.255303,4.81953,0.0950395,0.978137,1.1427,0.942937
around,2.25,hopcount,0,18,8.37618,0,0,190,0.252563,0.253111,4.82117,0.0848574,0.944603,1.06884,0.951031
around,2.25,hopcount,0,19,8.41422,0,0,190,0.252015,0.256399,4.80089,0.0893404,0.94269,1.12604,0.946847
around,2.25,lqi,0,0,8.39065,0,0,190,0.255851,0.254207,4.82884,0.0830932,0.945052,1.1,0.923598
around,2.25,lqi,0,1,8.5039,0,0,190,0.253111,0.254207,4.81514,0.0830932,0.969962,1.15693,0.971459
around,2.25,lqi,0,2,8.35962,0,0,190,0.252563,0.252015,4.81788,0.0870282,0.947622,1.09165,0.910859
around,2.25,lqi,0,3,8.11859,0,0,190,0.255303,0.249823,4.82117,0.0795649,0.86123,1.02124,0.830252
around,2.25,lqi,0,4,8.14026,0,0,190,0.257495,0.251467,4.82172,0.0830226,0.907801,0.98769,0.831062
around,2.25,lqi,0,5,8.19966,0,0,190,0.252563,0.249823,4.82007,0.0801129,0.940057,1.00088,0.856145
around,2.25,lqi,0,6,8.33617,0,0,190,0.255303,0.252563,4.8272,0.0795649,0.95138,1.09737,0.872791
around,2.25,lqi,0,7,8.18303,0,0,190,0.252563,0.253659,4.83049,0.0904859,0.918655,1.00171,0.835474
around,2.25,lqi,0,8,8.14673,0,0,190,0.252015,0.253111,4.82775,0.0875762,0.873606,1.01561,0.837072
around,2.25,lqi,0,9,8.24035,0,0,190,0.252563,0.251467,4.82391,0.0915819,0.938657,1.02511,0.857054
around,2.25,lqi,0,10,8.36396,0,0,190,0.253111,0.254755,4.83651,0.0796356,0.972662,1.04809,0.919186
around,2.25,lqi,0,11,8.37902,0,0,190,0.253111,0.254755,4.82884,0.0796356,0.91372,1.10783,0.941129
around,2.25,lqi,0,12,8.56881,0,0,190,0.253659,0.255303,4.82117,0.088863,1.00558,1.14176,1.00248
around,2.25,lqi,0,13,8.33397,0,0,190,0.254755,0.253659,4.81898,0.0841186,0.969565,1.07514,0.877751
around,2.25,lqi,0,14,8.11601,0,0,190,0.256947,0.256399,4.82555,0.0835706,0.866744,1.0057,0.821095
around,2.25,lqi,0,15,8.14962,0,0,190,0.256399,0.254207,4.83268,0.0870282,0.869266,1.0196,0.830443
around,2.25,lqi,0,16,8.23983,0,0,190,0.256399,0.256399,4.81624,0.0875762,0.921524,1.04411,0.857577
around,2.25,lqi,0,17,8.48018,0,0,190,0.246535,0.255303,4.81953,0.0950395,0.978137,1.1427,0.942937
around,2.25,lqi,0,18,8.37618,0,0,190,0.252563,0.253111,4.82117,0.0848574,0.944603,1.06884,0.951031
around,2.25,lqi,0,19,8.41422,0,0,190,0.252015,0.256399,4.80089,0.0893404,0.94269,1.12604,0.946847
around,2.25,leo,0,0,8.39065,0,0,190,0.255851,0.254207,4.82884,0.0830932,0.945052,1.1,0.923598
around,2.25,leo,0,1,8.5039,0,0,190,0.253111,0.254207,4.81514,0.0830932,0.969962,1.15693,0.971459
around,2.25,leo,0,2,8.35962,0,0,190,0.252563,0.252015,4.81788,0.0870282,0.947622,1.09165,0.910859
around,2.25,leo,0,3,8.11859,0,0,190,0.255303,0.249823,4.82117,0.0795649,0.86123,1.02124,0.830252
around,2.25,leo,0,4,8.14026,0,0,190,0.257495,0.251467,4.82172,0.0830226,0.907801,0.98769,0.831062
around,2.25,leo,0,5,8.19966,0,0,190,0.252563,0.249823,4.82007,0.0801129,0.940057,1.00088,0.856145
around,2.25,leo,0,6,8.33617,0,0,190,0.255303,0.252563,4.8272,0.0795649,0.95138,1.09737,0.872791
around,2.25,leo,0,7,8.18303,0,0,190,0.252563,0.253659,4.83049,0.0904859,0.918655,1.00171,0.835474
around,2.25,leo,0,8,8.14673,0,0,190,0.252015,0.253111,4.82775,0.0875762,0.873606,1.01561,0.837072
around,2.25,leo,0,9,8.24035,0,0,190,0.252563,0.251467,4.82391,0.0915819,0.938657,1.02511,0.857054
around,2.25,leo,0,10,8.36396,0,0,190,0.253111,0.254755,4.83651,0.0796356,0.972662,1.04809,0.919186
around,2.25,leo,0,11,8.37902,0,0,190,0.253111,0.254755,4.82884,0.0796356,0.91372,1.10783,0.941129
around,2.25,leo,0,12,8.56881,0,0,190,0.253659,0.255303,4.82117,0.088863,1.00558,1.14176,1.00248
around,2.25,leo,0,13,8.33397,0,0,190,0.254755,0.253659,4.81898,0.0841186,0.969565,1.07514,0.877751
around,2.25,leo,0,14,8.11601,0,0,190,0.256947,0.256399,4.82555,0.0835706,0.866744,1.0057,0.821095
around,2.25,leo,0,15,8.14962,0,0,190,0.256399,0.254207,4.83268,0.0870282,0.869266,1.0196,0.830443
around,2.25,leo,0,16,8.23983,0,0,190,0.256399,0.256399,4.81624,0.0875762,0.921524,1.04411,0.857577
around,2.25,leo,0,17,8.48018,0,0,190,0.246535,0.255303,4.81953,0.0950395,0.978137,1.1427,0.942937
around,2.25,leo,0,18,8.37618,0,0,190,0.252563,0.253111,4.82117,0.0848574,0.944603,1.06884,0.951031
around,2.25,leo,0,19,8.41422,0,0,190,0.252015,0.256399,4.80089,0.0893404,0.94269,1.12604,0.946847
around,2.5,hopcount,0,0,9.45477,0,0,190,0.250919,0.250371,4.72143,0.0761073,1.44021,1.47691,1.23882
around,2.5,hopcount,0,1,9.88141,0,0,190,0.246535,0.249823,4.73897,0.0790486,1.54003,1.64997,1.37702
around,2.5,hopcount,0,2,9.51334,0,0,190,0.248179,0.248727,4.73842,0.0795649,1.45203,1.49535,1.25107
around,2.5,hopcount,0,3,9.45532,0,0,190,0.247631,0.241055,4.72746,0.0795649,1.40419,1.51236,1.24306
around,2.5,hopcount,0,4,9.48467,0,0,190,0.248727,0.248727,4.73075,0.0830226,1.44353,1.48549,1.24442
around,2.5,hopcount,0,5,9.58325,0,0,190,0.247083,0.247631,4.73239,0.0801129,1.47778,1.51517,1.28308
around,2.5,hopcount,0,6,9.58941,0,0,190,0.246535,0.248727,4.72965,0.0795649,1.44949,1.55774,1.2777
around,2.5,hopcount,0,7,9.53615,0,0,190,0.244891,0.249275,4.73623,0.0870282,1.43368,1.53134,1.25371
around,2.5,hopcount,0,8,9.4786,0,0,190,0.247083,0.249275,4.72856,0.0795649,1.40554,1.51513,1.25344
around,2.5,hopcount,0,9,9.51776,0,0,190,0.249275,0.249275,4.73842,0.0841186,1.44934,1.49789,1.24944
around,2.5,hopcount,0,10,9.4865,0,0,190,0.243247,0.250371,4.73733,0.0761073,1.44815,1.48288,1.24842
around,2.5,hopcount,0,11,9.68334,0,0,190,0.249823,0.247083,4.73733,0.0790486,1.45756,1.57654,1.33597
around,2.5,hopcount,0,12,9.74353,0,0,190,0.241603,0.254207,4.71705,0.0830543,1.51118,1.57726,1.35917
around,2.5,hopcount,0,13,9.67097,0,0,190,0.252563,0.250371,4.7302,0.0801129,1.49868,1.56108,1.29796
around,2.5,hopcount,0,14,9.43557,0,0,190,0.249275,0.252015,4.71869,0.0761073,1.40881,1.49265,1.23802
around,2.5,hopcount,0,15,9.50801,0,0,190,0.252563,0.246535,4.74116,0.0801129,1.4154,1.51505,1.25718
around,2.5,hopcount,0,16,9.58674,0,0,190,0.248179,0.251467,4.72417,0.0761073,1.46396,1.54592,1.27693
around,2.5,hopcount,0,17,9.50065,0,0,190,0.239411,0.245987,4.73239,0.0870282,1.44083,1.50901,1.24598
around,2.5,hopcount,0,18,9.42216,0,0,190,0.243795,0.247631,4.72637,0.0790486,1.40989,1.45244,1.26299
around,2.5,hopcount,0,19,9.76683,0,0,190,0.248727,0.247631,4.71047,0.0865119,1.49324,1.62376,1.35649
around,2.5,lqi,0,0,9.45477,0,0,190,0.250919,0.250371,4.72143,0.0761073,1.44021,1.47691,1.23882
around,2.5,lqi,0,1,9.88141,0,0,190,0.246535,0.249823,4.73897,0.0790486,1.54003,1.64997,1.37702
around,2.5,lqi,0,2,9.51334,0,0,190,0.248179,0.248727,4.73842,0.0795649,1.45203,1.49535,1.25107
around,2.5,lqi,0,3,9.45532,0,0,190,0.247631,0.241055,4.72746,0.0795649,1.40419,1.51236,1.24306
around,2.5,lqi,0,4,9.48467,0,0,190,0.248727,0.248727,4.73075,0.0830226,1.44353,1.48549,1.24442
around,2.5,lqi,0,5,9.58325,0,0,190,0.247083,0.247631,4.73239,0.0801129,1.47778,1.51517,1.28308
around,2.5,lqi,0,6,9.58941,0,0,190,0.246535,0.248727,4.72965,0.0795649,1.44949,1.55774,1.2777
around,2.5,lqi,0,7,9.53615,0,0,190,0.244891,0.249275,4.73623,0.0870282,1.43368,1.53134,1.25371
around,2.5,lqi,0,8,9.4786,0,0,190,0.247083,0.249275,4.72856,0.0795649,1.40554,1.51513,1.25344
around,2.5,lqi,0,9,9.51776,0,0,190,0.249275,0.249275,4.73842,0.0841186,1.44934,1.49789,1.24944
around,2.5,lqi,0,10,9.4865,0,0,190,0.243247,0.250371,4.73733,0.0761073,1.44815,1.48288,1.24842
around,2.5,lqi,0,11,9.662,0,0,190,0.249823,0.247083,4.73733,0.0790486,1.44509,1.57646,1.32717
around,2.5,lqi,0,12,9.74353,0,0,190,0.241603,0.254207,4.71705,0.0830543,1.51118,1.57726,1.35917
around,2.5,lqi,0,13,9.67097,0,0,190,0.252563,0.250371,4.7302,0.0801129,1.49868,1.56108,1.29796
around,2.5,lqi,0,14,9.43557,0,0,190,0.249275,0.252015,4.71869,0.0761073,1.40881,1.49265,1.23802
around,2.5,lqi,0,15,9.50801,0,0,190,0.252563,0.246535,4.74116,0.0801129,1.4154,1.51505,1.25718
around,2.5,lqi,0,16,9.58674,0,0,190,0.248179,0.251467,4.72417,0.0761073,1.46396,1.54592,1.27693
around,2.5,lqi,0,17,9.50065,0,0,190,0.239411,0.245987,4.73239,0.0870282,1.44083,1.50901,1.24598
around,2.5,lqi,0,18,9.42216,0,0,190,0.243795,0.247631,4.72637,0.0790486,1.40989,1.45244,1.26299
around,2.5,lqi,0,19,9.77895,0,0,190,0.248727,0.247631,4.71047,0.0865119,1.49433,1.61879,1.37248
around,2.5,leo,0,0,9.45477,0,0,190,0.250919,0.250371,4.72143,0.0761073,1.44021,1.47691,1.23882
around,2.5,leo,0,1,9.88141,0,0,190,0.246535,0.249823,4.73897,0.0790486,1.54003,1.64997,1.37702
around,2.5,leo,0,2,9.51334,0,0,190,0.248179,0.248727,4.73842,0.0795649,1.45203,1.49535,1.25107
around,2.5,leo,0,3,9.45532,0,0,190,0.247631,0.241055,4.72746,0.0795649,1.40419,1.51236,1.24306
around,2.5,leo,0,4,9.48467,0,0,190,0.248727,0.248727,4.73075,0.0830226,1.44353,1.48549,1.24442
around,2.5,leo,0,5,9.58325,0,0,190,0.247083,0.247631,4.73239,0.0801129,1.47778,1.51517,1.28308
around,2.5,leo,0,6,9.58941,0,0,190,0.246535,0.248727,4.72965,0.0795649,1.44949,1.55774,1.2777
around,2.5,leo,0,7,9.53615,0,0,190,0.244891,0.249275,4.73623,0.0870282,1.43368,1.53134,1.25371
around,2.5,leo,0,8,9.4786,0,0,190,0.247083,0.249275,4.72856,0.0795649,1.40554,1.51513,1.25344
around,2.5,leo,0,9,9.51776,0,0,190,0.249275,0.249275,4.73842,0.0841186,1.44934,1.49789,1.24944
around,2.5,leo,0,10,9.4865,0,0,190,0.243247,0.250371,4.73733,0.0761073,1.44815,1.48288,1.24842
around,2.5,leo,0,11,9.68334,0,0,190,0.249823,0.247083,4.73733,0.0790486,1.45756,1.57654,1.33597
around,2.5,leo,0,12,9.74353,0,0,190,0.241603,0.254207,4.71705,0.0830543,1.51118,1.57726,1.35917
around,2.5,leo,0,13,9.67097,0,0,190,0.252563,0.250371,4.7302,0.0801129,1.49868,1.56108,1.29796
around,2.5,leo,0,14,9.43557,0,0,190,0.249275,0.252015,4.71869,0.0761073,1.40881,1.49265,1.23802
around,2.5,leo,0,15,9.50801,0,0,190,0.252563,0.246535,4.74116,0.0801129,1.4154,1.51505,1.25718
around,2.5,leo,0,16,9.58674,0,0,190,0.248179,0.251467,4.72417,0.0761073,1.46396,1.54592,1.27693
around,2.5,leo,0,17,9.50065,0,0,190,0.239411,0.245987,4.73239,0.0870282,1.44083,1.50901,1.24598
around,2.5,leo,0,18,9.42216,0,0,190,0.243795,0.247631,4.72637,0.0790486,1.40989,1.45244,1.26299
around,2.5,leo,0,19,9.76683,0,0,190,0.248727,0.247631,4.71047,0.0865119,1.49324,1.62376,1.35649
around,2.625,hopcount,0,0,10.4647,0,0,190,0.236671,0.237219,4.5532,0.0761073,1.89558,1.88485,1.5811
around,2.625,hopcount,0,1,10.925,0,0,190,0.237767,0.241603,4.55101,0.0800128,2.00904,2.07923,1.72629
around,2.625,hopcount,0,2,10.4907,0,0,190,0.233383,0.238863,4.54005,0.0795649,1.89792,1.90565,1.59527
around,2.625,hopcount,0,3,10.4722,0,0,190,0.238863,0.231739,4.55484,0.0761073,1.88732,1.89555,1.58781
around,2.625,hopcount,0,4,10.4655,0,0,190,0.239959,0.236123,4.52963,0.0830226,1.88941,1.8958,1.59152
around,2.625,hopcount,0,5,10.6122,0,0,190,0.235027,0.238315,4.55046,0.0841186,1.92117,1.94469,1.63841
around,2.625,hopcount,0,6,10.5885,0,0,190,0.243247,0.242699,4.54827,0.0761073,1.90728,1.95443,1.61647
around,2.625,hopcount,0,7,10.5189,0,0,190,0.235575,0.239959,4.57073,0.0795649,1.87906,1.92266,1.59137
around,2.625,hopcount,0,8,10.4769,0,0,190,0.236671,0.242699,4.55375,0.0761073,1.85195,1.91845,1.59724
around,2.625,hopcount,0,9,10.5295,0,0,190,0.238315,0.241055,4.5795,0.0841186,1.89522,1.90345,1.58786
around,2.625,hopcount,0,10,10.4932,0,0,190,0.234479,0.241055,4.55539,0.0761073,1.88176,1.90541,1.59898
around,2.625,hopcount,0,11,10.7523,0,0,190,0.239411,0.235027,4.54662,0.0800128,1.91619,2.04588,1.68912
around,2.625,hopcount,0,12,10.7624,0,0,190,0.229547,0.243795,4.52909,0.0800128,1.95725,2.00737,1.71536
around,2.625,hopcount,0,13,10.667,0,0,190,0.240507,0.236671,4.56032,0.0801129,1.93733,1.9734,1.63866
around,2.625,hopcount,0,14,10.4603,0,0,190,0.242699,0.246535,4.54607,0.0761073,1.86181,1.90296,1.58415
around,2.625,hopcount,0,15,10.5068,0,0,190,0.246535,0.237767,4.56964,0.0761073,1.85355,1.92536,1.59788
around,2.625,hopcount,0,16,10.6066,0,0,190,0.239411,0.244343,4.52909,0.0761073,1.91933,1.97045,1.62788
around,2.625,hopcount,0,17,10.487,0,0,190,0.233383,0.235027,4.54827,0.0870282,1.88671,1.9122,1.58441
around,2.625,hopcount,0,18,10.436,0,0,190,0.235027,0.241055,4.55703,0.0800128,1.86085,1.8494,1.61264
around,2.625,hopcount,0,19,10.8053,0,0,190,0.237767,0.237219,4.52306,0.0874761,1.95296,2.04833,1.71847
around,2.625,lqi,0,0,10.4647,0,0,190,0.236671,0.237219,4.5532,0.0761073,1.89558,1.88485,1.5811
around,2.625,lqi,0,1,10.861,0,0,190,0.237767,0.241603,4.55101,0.0800128,1.98592,2.04117,1.72352
around,2.625,lqi,0,2,10.4907,0,0,190,0.233383,0.238863,4.54005,0.0795649,1.89792,1.90565,1.59527
around,2.625,lqi,0,3,10.4722,0,0,190,0.238863,0.231739,4.55484,0.0761073,1.88732,1.89555,1.58781
around,2.625,lqi,0,4,10.4655,0,0,190,0.239959,0.236123,4.52963,0.0830226,1.88941,1.8958,1.59152
around,2.625,lqi,0,5,10.6122,0,0,190,0.235027,0.238315,4.55046,0.0841186,1.92117,1.94469,1.63841
around,2.625,lqi,0,6,10.5885,0,0,190,0.243247,0.242699,4.54827,0.0761073,1.90728,1.95443,1.61647
around,2.625,lqi,0,7,10.5189,0,0,190,0.235575,0.239959,4.57073,0.0795649,1.87906,1.92266,1.59137
around,2.625,lqi,0,8,10.4769,0,0,190,0.236671,0.242699,4.55375,0.0761073,1.85195,1.91845,1.59724
around,2.625,lqi,0,9,10.5295,0,0,190,0.238315,0.241055,4.5795,0.0841186,1.89522,1.90345,1.58786
around,2.625,lqi,0,10,10.4932,0,0,190,0.234479,0.241055,4.55539,0.0761073,1.88176,1.90541,1.59898
around,2.625,lqi,0,11,10.6409,0,0,190,0.239411,0.235027,4.54662,0.0800128,1.89572,1.97269,1.67138
around,2.625,lqi,0,12,10.7624,0,0,190,0.229547,0.243795,4.52909,0.0800128,1.95725,2.00737,1.71536
around,2.625,lqi,0,13,10.667,0,0,190,0.240507,0.236671,4.56032,0.0801129,1.93733,1.9734,1.63866
around,2.625,lqi,0,14,10.4603,0,0,190,0.242699,0.246535,4.54607,0.0761073,1.86181,1.90296,1.58415
around,2.625,lqi,0,15,10.5068,0,0,190,0.246535,0.237767,4.56964,0.0761073,1.85355,1.92536,1.59788
around,2.625,lqi,0,16,10.6066,0,0,190,0.239411,0.244343,4.52909,0.0761073,1.91933,1.97045,1.62788
around,2.625,lqi,0,17,10.487,0,0,190,0.233383,0.235027,4.54827,0.0870282,1.88671,1.9122,1.58441
around,2.625,lqi,0,18,10.436,0,0,190,0.235027,0.241055,4.55703,0.0800128,1.86085,1.8494,1.61264
around,2.625,lqi,0,19,10.7775,0,0,190,0.237767,0.237219,4.52306,0.0874761,1.94259,2.02688,1.72248
around,2.625,leo,0,0,10.4647,0,0,190,0.236671,0.237219,4.5532,0.0761073,1.89558,1.88485,1.5811
around,2.625,leo,0,1,10.925,0,0,190,0.237767,0.241603,4.55101,0.0800128,2.00904,2.07923,1.72629
around,2.625,leo,0,2,10.4907,0,0,190,0.233383,0.238863,4.54005,0.0795649,1.89792,1.90565,1.59527
around,2.625,leo,0,3,10.4722,0,0,190,0.238863,0.231739,4.55484,0.0761073,1.88732,1.89555,1.58781
around,2.625,leo,0,4,10.4655,0,0,190,0.239959,0.236123,4.52963,0.0830226,1.88941,1.8958,1.59152
around,2.625,leo,0,5,10.6122,0,0,190,0.235027,0.238315,4.55046,0.0841186,1.92117,1.94469,1.63841
around,2.625,leo,0,6,10.5885,0,0,190,0.243247,0.242699,4.54827,0.0761073,1.90728,1.95443,1.61647
around,2.625,leo,0,7,10.5189,0,0,190,0.235575,0.239959,4.57073,0.0795649,1.87906,1.92266,1.59137
around,2.625,leo,0,8,10.4769,0,0,190,0.236671,0.242699,4.55375,0.0761073,1.85195,1.91845,1.59724
around,2.625,leo,0,9,10.5295,0,0,190,0.238315,0.241055,4.5795,0.0841186,1.89522,1.90345,1.58786
around,2.625,leo,0,10,10.4932,0,0,190,0.234479,0.241055,4.55539,0.0761073,1.88176,1.90541,1.59898
around,2.625,leo,0,11,10.7523,0,0,190,0.239411,0.235027,4.54662,0.0800128,1.91619,2.04588,1.68912
around,2.625,leo,0,12,10.7624,0,0,190,0.229547,0.243795,4.52909,0.0800128,1.95725,2.00737,1.71536
around,2.625,leo,0,13,10.667,0,0,190,0.240507,0.236671,4.56032,0.0801129,1.93733,1.9734,1.63866
around,2.625,leo,0,14,10.4603,0,0,190,0.242699,0.246535,4.54607,0.0761073,1.86181,1.90296,1.58415
around,2.625,leo,0,15,10.5068,0,0,190,0.246535,0.237767,4.56964,0.0761073,1.85355,1.92536,1.59788
around,2.625,leo,0,16,10.6066,0,0,190,0.239411,0.244343,4.52909,0.0761073,1.91933,1.97045,1.62788
around,2.625,leo,0,17,10.487,0,0,190,0.233383,0.235027,4.54827,0.0870282,1.88671,1.9122,1.58441
around,2.625,leo,0,18,10.482,0,0,190,0.235027,0.241055,4.55703,0.0800128,1.86984,1.86931,1.62973
around,2.625,leo,0,19,10.8053,0,0,190,0.237767,0.237219,4.52306,0.0874761,1.95296,2.04833,1.71847
around,3,hopcount,0,0,10.3655,0,0,190,0.181323,0.172555,3.3065,0.0961355,2.3101,2.4118,1.88713
around,3,hopcount,0,1,11.1298,0,0,190,0.170911,0.175843,3.30705,0.129994,2.41474,2.79497,2.13628
around,3,hopcount,0,2,10.405,1,1,189,0.167075,0.175843,3.47741,0.124345,2.19529,2.36138,1.9037
around,3,hopcount,0,3,10.7502,0,0,190,0.171459,0.174747,3.30047,0.10596,2.34376,2.66712,1.98672
around,3,hopcount,0,4,10.1267,0,0,190,0.173103,0.172007,3.30979,0.0875762,2.21244,2.37009,1.80175
around,3,hopcount,0,5,10.3305,0,0,190,0.168719,0.175843,3.26923,0.0870282,2.2461,2.48153,1.90206
around,3,hopcount,0,6,10.8212,1,1,189,0.178035,0.175295,3.47303,0.116881,2.39548,2.58312,1.89932
around,3,hopcount,0,7,10.5835,0,0,190,0.174747,0.173651,3.29115,0.123797,2.30998,2.60396,1.90623
around,3,hopcount,0,8,10.1905,0,0,190,0.172007,0.177487,3.27471,0.112328,2.19783,2.42017,1.83598
around,3,hopcount,0,9,10.4603,0,0,190,0.175843,0.164883,3.30759,0.0984972,2.24796,2.58371,1.88186
around,3,hopcount,0,10,11.0988,1,1,189,0.173103,0.173651,3.48618,0.137458,2.47491,2.67376,1.97977
around,3,hopcount,0,11,10.7303,2,2,188,0.170363,0.173103,3.67243,0.113424,2.26546,2.44855,1.88692
around,3,hopcount,0,12,10.5951,0,0,190,0.174747,0.178035,3.28293,0.101955,2.31567,2.5601,1.98162
around,3,hopcount,0,13,11.0461,0,0,190,0.175295,0.173103,3.30266,0.0950395,2.38697,2.9052,2.00781
around,3,hopcount,0,14,10.4856,0,0,190,0.171459,0.173651,3.28622,0.0875762,2.29961,2.56224,1.9048
around,3,hopcount,0,15,9.94517,0,0,190,0.176391,0.174747,3.29554,0.0910339,2.13659,2.29957,1.7713
around,3,hopcount,0,16,10.3182,0,0,190,0.169815,0.179679,3.2928,0.0950395,2.28587,2.46053,1.83451
around,3,hopcount,0,17,10.8034,0,0,190,0.173103,0.178035,3.28458,0.101955,2.31001,2.7133,2.04242
around,3,hopcount,0,18,10.7085,0,0,190,0.175843,0.172007,3.29773,0.103051,2.3646,2.54791,2.04735
around,3,hopcount,0,19,10.3452,1,1,189,0.169267,0.169267,3.44453,0.109418,2.27228,2.39017,1.79028
around,3,lqi,0,0,10.2992,0,0,190,0.181323,0.172555,3.3065,0.0961355,2.30225,2.37625,1.86422
around,3,lqi,0,1,10.6672,0,0,190,0.170911,0.175843,3.30705,0.129994,2.33938,2.52438,2.0196
around,3,lqi,0,2,10.3239,0,0,190,0.167075,0.175843,3.29499,0.0979492,2.24865,2.43948,1.8999
around,3,lqi,0,3,10.2615,0,0,190,0.171459,0.174747,3.30047,0.10596,2.26473,2.34462,1.89955
around,3,lqi,0,4,10.1267,0,0,190,0.173103,0.172007,3.30979,0.0875762,2.21244,2.37009,1.80175
around,3,lqi,0,5,10.221,0,0,190,0.168719,0.175843,3.26923,0.0870282,2.20658,2.43989,1.87367
around,3,lqi,0,6,10.6221,0,0,190,0.178035,0.175295,3.29992,0.0979492,2.37312,2.52583,1.972
around,3,lqi,0,7,10.1762,0,0,190,0.174747,0.173651,3.29115,0.123797,2.18103,2.37979,1.85201
around,3,lqi,0,8,10.1292,0,0,190,0.172007,0.177487,3.27471,0.109418,2.20835,2.36127,1.82598
around,3,lqi,0,9,10.3343,0,0,190,0.175843,0.164883,3.30759,0.0984972,2.27017,2.45486,1.8624
around,3,lqi,0,10,10.5422,0,0,190,0.173103,0.173651,3.30705,0.113972,2.38113,2.375,2.01826
around,3,lqi,0,11,10.271,0,0,190,0.170363,0.173103,3.31527,0.0915819,2.2704,2.3202,1.93013
around,3,lqi,0,12,10.3594,0,0,190,0.174747,0.178035,3.28293,0.0910339,2.30954,2.42378,1.89935
around,3,lqi,0,13,10.7304,0,0,190,0.175295,0.173103,3.30266,0.0950395,2.33855,2.71112,1.93467
around,3,lqi,0,14,10.2128,0,0,190,0.171459,0.173651,3.28622,0.0875762,2.2321,2.41473,1.84711
around,3,lqi,0,15,9.94517,0,0,190,0.176391,0.174747,3.29554,0.0910339,2.13659,2.29957,1.7713
around,3,lqi,0,16,10.3182,0,0,190,0.169815,0.179679,3.2928,0.0950395,2.28587,2.46053,1.83451
around,3,lqi,0,17,10.4599,0,0,190,0.173103,0.178035,3.28458,0.101955,2.26116,2.50967,1.95143
around,3,lqi,0,18,10.6524,0,0,190,0.175843,0.172007,3.29773,0.103051,2.35434,2.52355,2.02588
around,3,lqi,0,19,10.1865,0,0,190,0.169267,0.169267,3.27033,0.0915819,2.28002,2.34164,1.8644
around,3,leo,0,0,10.3655,0,0,190,0.181323,0.172555,3.3065,0.0961355,2.3101,2.4118,1.88713
around,3,leo,0,1,11.1298,0,0,190,0.170911,0.175843,3.30705,0.129994,2.41474,2.79497,2.13628
around,3,leo,0,2,10.405,1,1,189,0.167075,0.175843,3.47741,0.124345,2.19529,2.36138,1.9037
around,3,leo,0,3,10.7502,0,0,190,0.171459,0.174747,3.30047,0.10596,2.34376,2.66712,1.98672
around,3,leo,0,4,10.1267,0,0,190,0.173103,0.172007,3.30979,0.0875762,2.21244,2.37009,1.80175
around,3,leo,0,5,10.3305,0,0,190,0.168719,0.175843,3.26923,0.0870282,2.2461,2.48153,1.90206
around,3,leo,0,6,10.8212,1,1,189,0.178035,0.175295,3.47303,0.116881,2.39548,2.58312,1.89932
around,3,leo,0,7,10.5835,0,0,190,0.174747,0.173651,3.29115,0.123797,2.30998,2.60396,1.90623
around,3,leo,0,8,10.1905,0,0,190,0.172007,0.177487,3.27471,0.112328,2.19783,2.42017,1.83598
around,3,leo,0,9,10.4603,0,0,190,0.175843,0.164883,3.30759,0.0984972,2.24796,2.58371,1.88186
around,3,leo,0,10,11.0988,1,1,189,0.173103,0.173651,3.48618,0.137458,2.47491,2.67376,1.97977
around,3,leo,0,11,10.7303,2,2,188,0.170363,0.173103,3.67243,0.113424,2.26546,2.44855,1.88692
around,3,leo,0,12,10.5951,0,0,190,0.174747,0.178035,3.28293,0.101955,2.31567,2.5601,1.98162
around,3,leo,0,13,11.0461,0,0,190,0.175295,0.173103,3.30266,0.0950395,2.38697,2.9052,2.00781
around,3,leo,0,14,10.4856,0,0,190,0.171459,0.173651,3.28622,0.0875762,2.29961,2.56224,1.9048
around,3,leo,0,15,9.94517,0,0,190,0.176391,0.174747,3.29554,0.0910339,2.13659,2.29957,1.7713
around,3,leo,0,16,10.3182,0,0,190,0.169815,0.179679,3.2928,0.0950395,2.28587,2.46053,1.83451
around,3,leo,0,17,10.8034,0,0,190,0.173103,0.178035,3.28458,0.101955,2.31001,2.7133,2.04242
around,3,leo,0,18,10.7085,0,0,190,0.175843,0.172007,3.29773,0.103051,2.3646,2.54791,2.04735
around,3,leo,0,19,10.3452,1,1,189,0.169267,0.169267,3.44453,0.109418,2.27228,2.39017,1.79028
one-side,2,hopcount,0,0,9.08925,0,0,190,0.258043,0.254755,4.85843,0.0761073,1.24655,1.30363,1.09173
one-side,2,hopcount,0,1,9.40094,0,0,190,0.254207,0.254207,4.85021,0.0836808,1.32259,1.4149,1.22113
one-side,2,hopcount,0,2,9.24043,0,0,190,0.256399,0.256399,4.85679,0.0870282,1.30081,1.33061,1.1524
one-side,2,hopcount,0,3,9.22052,0,0,190,0.254755,0.250371,4.86282,0.0813489,1.2535,1.35647,1.16125
one-side,2,hopcount,0,4,9.12748,0,0,190,0.256399,0.255303,4.85295,0.0830226,1.26125,1.31389,1.10466
one-side,2,hopcount,0,5,9.23291,0,0,190,0.255303,0.254755,4.85789,0.0801129,1.29913,1.34598,1.13975
one-side,2,hopcount,0,6,9.24081,0,0,190,0.256947,0.257495,4.84857,0.0870282,1.28697,1.36881,1.13499
one-side,2,hopcount,0,7,9.16538,0,0,190,0.252563,0.254755,4.86337,0.0904859,1.27131,1.32583,1.10708
one-side,2,hopcount,0,8,9.12912,0,0,190,0.253659,0.256399,4.86172,0.0795649,1.20539,1.36484,1.10754
one-side,2,hopcount,0,9,9.19555,0,0,190,0.256399,0.254207,4.85679,0.0841186,1.28285,1.34198,1.1192
one-side,2,hopcount,0,10,9.1118,0,0,190,0.253659,0.254207,4.85679,0.0761073,1.26805,1.30077,1.10221
one-side,2,hopcount,0,11,9.07858,0,0,190,0.256399,0.255303,4.86063,0.0798898,1.21644,1.28652,1.1234
one-side,2,hopcount,0,12,9.23506,0,0,190,0.252563,0.258043,4.84857,0.0818969,1.28773,1.35647,1.14979
one-side,2,hopcount,0,13,9.28997,0,0,190,0.257495,0.254207,4.86172,0.0801129,1.3216,1.37038,1.14445
one-side,2,hopcount,0,14,9.07913,0,0,190,0.257495,0.259139,4.86008,0.0795649,1.21878,1.31616,1.08792
one-side,2,hopcount,0,15,9.12109,0,0,190,0.257495,0.255303,4.86227,0.0801129,1.22246,1.33668,1.10677
one-side,2,hopcount,0,16,9.2043,0,0,190,0.256947,0.259687,4.84638,0.0761073,1.26829,1.36757,1.12932
one-side,2,hopcount,0,17,9.20241,0,0,190,0.250371,0.255303,4.85734,0.0870282,1.28443,1.35317,1.11477
one-side,2,hopcount,0,18,9.02938,0,0,190,0.255303,0.255303,4.85295,0.0778912,1.2093,1.27905,1.09958
one-side,2,hopcount,0,19,9.16152,0,0,190,0.252563,0.259687,4.84583,0.0893601,1.22936,1.34989,1.13483
one-side,2,lqi,0,0,9.08925,0,0,190,0.258043,0.254755,4.85843,0.0761073,1.24655,1.30363,1.09173
one-side,2,lqi,0,1,9.40094,0,0,190,0.254207,0.254207,4.85021,0.0836808,1.32259,1.4149,1.22113
one-side,2,lqi,0,2,9.24043,0,0,190,0.256399,0.256399,4.85679,0.0870282,1.30081,1.33061,1.1524
one-side,2,lqi,0,3,9.22052,0,0,190,0.254755,0.250371,4.86282,0.0813489,1.2535,1.35647,1.16125
one-side,2,lqi,0,4,9.12748,0,0,190,0.256399,0.255303,4.85295,0.0830226,1.26125,1.31389,1.10466
one-side,2,lqi,0,5,9.23291,0,0,190,0.255303,0.254755,4.85789,0.0801129,1.29913,1.34598,1.13975
one-side,2,lqi,0,6,9.24081,0,0,190,0.256947,0.257495,4.84857,0.0870282,1.28697,1.36881,1.13499
one-side,2,lqi,0,7,9.16538,0,0,190,0.252563,0.254755,4.86337,0.0904859,1.27131,1.32583,1.10708
one-side,2,lqi,0,8,9.12912,0,0,190,0.253659,0.256399,4.86172,0.0795649,1.20539,1.36484,1.10754
one-side,2,lqi,0,9,9.19555,0,0,190,0.256399,0.254207,4.85679,0.0841186,1.28285,1.34198,1.1192
one-side,2,lqi,0,10,9.1118,0,0,190,0.253659,0.254207,4.85679,0.0761073,1.26805,1.30077,1.10221
one-side,2,lqi,0,11,9.07858,0,0,190,0.256399,0.255303,4.86063,0.0798898,1.21644,1.28652,1.1234
one-side,2,lqi,0,12,9.23506,0,0,190,0.252563,0.258043,4.84857,0.0818969,1.28773,1.35647,1.14979
one-side,2,lqi,0,13,9.28997,0,0,190,0.257495,0.254207,4.86172,0.0801129,1.3216,1.37038,1.14445
one-side,2,lqi,0,14,9.07913,0,0,190,0.257495,0.259139,4.86008,0.0795649,1.21878,1.31616,1.08792
one-side,2,lqi,0,15,9.12109,0,0,190,0.257495,0.255303,4.86227,0.0801129,1.22246,1.33668,1.10677
one-side,2,lqi,0,16,9.2043,0,0,190,0.256947,0.259687,4.84638,0.0761073,1.26829,1.36757,1.12932
one-side,2,lqi,0,17,9.20241,0,0,190,0.250371,0.255303,4.85734,0.0870282,1.28443,1.35317,1.11477
one-side,2,lqi,0,18,9.02938,0,0,190,0.255303,0.255303,4.85295,0.0778912,1.2093,1.27905,1.09958
one-side,2,lqi,0,19,9.16152,0,0,190,0.252563,0.259687,4.84583,0.0893601,1.22936,1.34989,1.13483
one-side,2,leo,0,0,9.08925,0,0,190,0.258043,0.254755,4.85843,0.0761073,1.24655,1.30363,1.09173
one-side,2,leo,0,1,9.40094,0,0,190,0.254207,0.254207,4.85021,0.0836808,1.32259,1.4149,1.22113
one-side,2,leo,0,2,9.24043,0,0,190,0.256399,0.256399,4.85679,0.0870282,1.30081,1.33061,1.1524
one-side,2,leo,0,3,9.22052,0,0,190,0.254755,0.250371,4.86282,0.0813489,1.2535,1.35647,1.16125
one-side,2,leo,0,4,9.12748,0,0,190,0.256399,0.255303,4.85295,0.0830226,1.26125,1.31389,1.10466
one-side,2,leo,0,5,9.23291,0,0,190,0.255303,0.254755,4.85789,0.0801129,1.29913,1.34598,1.13975
one-side,2,leo,0,6,9.24081,0,0,190,0.256947,0.257495,4.84857,0.0870282,1.28697,1.36881,1.13499
one-side,2,leo,0,7,9.16538,0,0,190,0.252563,0.254755,4.86337,0.0904859,1.27131,1.32583,1.10708
one-side,2,leo,0,8,9.12912,0,0,190,0.253659,0.256399,4.86172,0.0795649,1.20539,1.36484,1.10754
one-side,2,leo,0,9,9.19555,0,0,190,0.256399,0.254207,4.85679,0.0841186,1.28285,1.34198,1.1192
one-side,2,leo,0,10,9.1118,0,0,190,0.253659,0.254207,4.85679,0.0761073,1.26805,1.30077,1.10221
one-side,2,leo,0,11,9.07858,0,0,190,0.256399,0.255303,4.86063,0.0798898,1.21644,1.28652,1.1234
one-side,2,leo,0,12,9.23506,0,0,190,0.252563,0.258043,4.84857,0.0818969,1.28773,1.35647,1.14979
one-side,2,leo,0,13,9.28997,0,0,190,0.257495,0.254207,4.86172,0.0801129,1.3216,1.37038,1.14445
one-side,2,leo,0,14,9.07913,0,0,190,0.257495,0.259139,4.86008,0.0795649,1.21878,1.31616,1.08792
one-side,2,leo,0,15,9.12109,0,0,190,0.257495,0.255303,4.86227,0.0801129,1.22246,1.33668,1.10677
one-side,2,leo,0,16,9.2043,0,0,190,0.256947,0.259687,4.84638,0.0761073,1.26829,1.36757,1.12932
one-side,2,leo,0,17,9.20241,0,0,190,0.250371,0.255303,4.85734,0.0870282,1.28443,1.35317,1.11477
one-side,2,leo,0,18,9.02938,0,0,190,0.255303,0.255303,4.85295,0.0778912,1.2093,1.27905,1.09958
one-side,2,leo,0,19,9.16152,0,0,190,0.252563,0.259687,4.84583,0.0893601,1.22936,1.34989,1.13483
one-side,2.25,hopcount,0,0,11.4357,0,0,190,0.257495,0.256947,4.84254,0.0953303,2.04486,2.17089,1.76769
one-side,2.25,hopcount,0,1,11.4871,0,0,190,0.253659,0.256947,4.84254,0.104898,2.06347,2.17428,1.79131
one-side,2.25,hopcount,0,2,11.3448,0,0,190,0.255851,0.253111,4.85076,0.0910339,2.02726,2.13746,1.72936
one-side,2.25,hopcount,0,3,11.14,0,0,190,0.251467,0.251467,4.84473,0.0830226,1.98834,2.0889,1.63206
one-side,2.25,hopcount,0,4,11.2962,0,0,190,0.255303,0.253659,4.83597,0.0830226,2.04953,2.12322,1.69547
one-side,2.25,hopcount,0,5,11.3449,0,0,190,0.256399,0.255303,4.85131,0.0801129,2.03519,2.15674,1.70984
one-side,2.25,hopcount,0,6,11.4412,0,0,190,0.253659,0.254755,4.84967,0.086771,2.03711,2.21868,1.74054
one-side,2.25,hopcount,0,7,11.2848,0,0,190,0.254207,0.254207,4.85734,0.0984972,2.0121,2.12448,1.684
one-side,2.25,hopcount,0,8,11.2833,0,0,190,0.254207,0.254207,4.8546,0.0832889,2.01777,2.10127,1.71799
one-side,2.25,hopcount,0,9,11.338,0,0,190,0.254755,0.252563,4.85405,0.0947823,2.0382,2.11763,1.72605
one-side,2.25,hopcount,0,10,11.3738,0,0,190,0.252563,0.256399,4.84199,0.0825081,2.03311,2.13318,1.77408
one-side,2.25,hopcount,0,11,11.0942,0,0,190,0.255303,0.255303,4.85076,0.0793077,1.95154,2.03283,1.66917
one-side,2.25,hopcount,0,12,11.3214,0,0,190,0.252015,0.254755,4.84747,0.0905194,2.0338,2.10305,1.73983
one-side,2.25,hopcount,0,13,11.5482,0,0,190,0.255851,0.253659,4.8409,0.0841186,2.07837,2.30276,1.73253
one-side,2.25,hopcount,0,14,11.1617,0,0,190,0.258043,0.257495,4.84857,0.086771,1.94574,2.07805,1.68703
one-side,2.25,hopcount,0,15,11.092,0,0,190,0.254755,0.254755,4.86008,0.0870282,1.94582,2.0432,1.6464
one-side,2.25,hopcount,0,16,11.4055,0,0,190,0.255303,0.258043,4.84747,0.0910339,2.09984,2.14823,1.70557
one-side,2.25,hopcount,0,17,11.3398,0,0,190,0.251467,0.255303,4.84802,0.0910339,2.00336,2.16839,1.72219
one-side,2.25,hopcount,0,18,11.6182,0,0,190,0.256947,0.255851,4.84967,0.0934291,2.04877,2.26039,1.85315
one-side,2.25,hopcount,0,19,11.1246,0,0,190,0.251467,0.258043,4.8398,0.086771,1.97302,2.04144,1.67407
one-side,2.25,lqi,0,0,11.4357,0,0,190,0.257495,0.256947,4.84254,0.0953303,2.04486,2.17089,1.76769
one-side,2.25,lqi,0,1,11.4871,0,0,190,0.253659,0.256947,4.84254,0.104898,2.06347,2.17428,1.79131
one-side,2.25,lqi,0,2,11.3448,0,0,190,0.255851,0.253111,4.85076,0.0910339,2.02726,2.13746,1.72936
one-side,2.25,lqi,0,3,11.14,0,0,190,0.251467,0.251467,4.84473,0.0830226,1.98834,2.0889,1.63206
one-side,2.25,lqi,0,4,11.2962,0,0,190,0.255303,0.253659,4.83597,0.0830226,2.04953,2.12322,1.69547
one-side,2.25,lqi,0,5,11.3449,0,0,190,0.256399,0.255303,4.85131,0.0801129,2.03519,2.15674,1.70984
one-side,2.25,lqi,0,6,11.4412,0,0,190,0.253659,0.254755,4.84967,0.086771,2.03711,2.21868,1.74054
one-side,2.25,lqi,0,7,11.2848,0,0,190,0.254207,0.254207,4.85734,0.0984972,2.0121,2.12448,1.684
one-side,2.25,lqi,0,8,11.2833,0,0,190,0.254207,0.254207,4.8546,0.0832889,2.01777,2.10127,1.71799
one-side,2.25,lqi,0,9,11.338,0,0,190,0.254755,0.252563,4.85405,0.0947823,2.0382,2.11763,1.72605
one-side,2.25,lqi,0,10,11.3738,0,0,190,0.252563,0.256399,4.84199,0.0825081,2.03311,2.13318,1.77408
one-side,2.25,lqi,0,11,11.0942,0,0,190,0.255303,0.255303,4.85076,0.0793077,1.95154,2.03283,1.66917
one-side,2.25,lqi,0,12,11.3214,0,0,190,0.252015,0.254755,4.84747,0.0905194,2.0338,2.10305,1.73983
one-side,2.25,lqi,0,13,11.5482,0,0,190,0.255851,0.253659,4.8409,0.0841186,2.07837,2.30276,1.73253
one-side,2.25,lqi,0,14,11.1617,0,0,190,0.258043,0.257495,4.84857,0.086771,1.94574,2.07805,1.68703
one-side,2.25,lqi,0,15,11.092,0,0,190,0.254755,0.254755,4.86008,0.0870282,1.94582,2.0432,1.6464
one-side,2.25,lqi,0,16,11.4055,0,0,190,0.255303,0.258043,4.84747,0.0910339,2.09984,2.14823,1.70557
one-side,2.25,lqi,0,17,11.3398,0,0,190,0.251467,0.255303,4.84802,0.0910339,2.00336,2.16839,1.72219
one-side,2.25,lqi,0,18,11.6182,0,0,190,0.256947,0.255851,4.84967,0.0934291,2.04877,2.26039,1.85315
one-side,2.25,lqi,0,19,11.1246,0,0,190,0.251467,0.258043,4.8398,0.086771,1.97302,2.04144,1.67407
one-side,2.25,leo,0,0,11.4357,0,0,190,0.257495,0.256947,4.84254,0.0953303,2.04486,2.17089,1.76769
one-side,2.25,leo,0,1,11.4871,0,0,190,0.253659,0.256947,4.84254,0.104898,2.06347,2.17428,1.79131
one-side,2.25,leo,0,2,11.3448,0,0,190,0.255851,0.253111,4.85076,0.0910339,2.02726,2.13746,1.72936
one-side,2.25,leo,0,3,11.14,0,0,190,0.251467,0.251467,4.84473,0.0830226,1.98834,2.0889,1.63206
one-side,2.25,leo,0,4,11.2962,0,0,190,0.255303,0.253659,4.83597,0.0830226,2.04953,2.12322,1.69547
one-side,2.25,leo,0,5,11.3449,0,0,190,0.256399,0.255303,4.85131,0.0801129,2.03519,2.15674,1.70984
one-side,2.25,leo,0,6,11.4412,0,0,190,0.253659,0.254755,4.84967,0.086771,2.03711,2.21868,1.74054
one-side,2.25,leo,0,7,11.2848,0,0,190,0.254207,0.254207,4.85734,0.0984972,2.0121,2.12448,1.684
one-side,2.25,leo,0,8,11.2833,0,0,190,0.254207,0.254207,4.8546,0.0832889,2.01777,2.10127,1.71799
one-side,2.25,leo,0,9,11.338,0,0,190,0.254755,0.252563,4.85405,0.0947823,2.0382,2.11763,1.72605
one-side,2.25,leo,0,10,11.3738,0,0,190,0.252563,0.256399,4.84199,0.0825081,2.03311,2.13318,1.77408
one-side,2.25,leo,0,11,11.0942,0,0,190,0.255303,0.255303,4.85076,0.0793077,1.95154,2.03283,1.66917
one-side,2.25,leo,0,12,11.3214,0,0,190,0.252015,0.254755,4.84747,0.0905194,2.0338,2.10305,1.73983
one-side,2.25,leo,0,13,11.5482,0,0,190,0.255851,0.253659,4.8409,0.0841186,2.07837,2.30276,1.73253
one-side,2.25,leo,0,14,11.1617,0,0,190,0.258043,0.257495,4.84857,0.086771,1.94574,2.07805,1.68703
one-side,2.25,leo,0,15,11.092,0,0,190,0.254755,0.254755,4.86008,0.0870282,1.94582,2.0432,1.6464
one-side,2.25,leo,0,16,11.4055,0,0,190,0.255303,0.258043,4.84747,0.0910339,2.09984,2.14823,1.70557
one-side,2.25,leo,0,17,11.3398,0,0,190,0.251467,0.255303,4.84802,0.0910339,2.00336,2.16839,1.72219
one-side,2.25,leo,0,18,11.6182,0,0,190,0.256947,0.255851,4.84967,0.0934291,2.04877,2.26039,1.85315
one-side,2.25,leo,0,19,11.1246,0,0,190,0.251467,0.258043,4.8398,0.086771,1.97302,2.04144,1.67407
one-side,2.5,hopcount,0,0,12.5921,0,0,190,0.252015,0.251467,4.78665,0.103051,2.43631,2.6958,2.06683
one-side,2.5,hopcount,0,1,13.0614,0,0,190,0.247631,0.252015,4.785,0.132356,2.55885,2.88478,2.20077
one-side,2.5,hopcount,0,2,12.4477,0,0,190,0.250371,0.249275,4.78555,0.0979492,2.33379,2.73131,1.99946
one-side,2.5,hopcount,0,3,12.2911,0,0,190,0.249823,0.248727,4.77788,0.10596,2.2505,2.67019,1.98799
one-side,2.5,hopcount,0,4,12.1301,0,0,190,0.252015,0.251467,4.7713,0.0870282,2.3369,2.56176,1.86963
one-side,2.5,hopcount,0,5,12.1897,0,0,190,0.248727,0.249275,4.76856,0.0990452,2.30272,2.59854,1.9228
one-side,2.5,hopcount,0,6,12.7748,0,0,190,0.249823,0.252563,4.77185,0.10596,2.4546,2.83298,2.10702
one-side,2.5,hopcount,0,7,12.1463,0,0,190,0.250371,0.250919,4.7998,0.13417,2.31469,2.46245,1.93389
one-side,2.5,hopcount,0,8,12.5835,0,0,190,0.252563,0.252015,4.79103,0.112328,2.47175,2.69838,2.00545
one-side,2.5,hopcount,0,9,12.1706,0,0,190,0.250371,0.247631,4.78171,0.108322,2.38754,2.52013,1.87494
one-side,2.5,hopcount,0,10,12.747,0,0,190,0.245439,0.250919,4.78391,0.116881,2.52212,2.63471,2.19304
one-side,2.5,hopcount,0,11,12.307,0,0,190,0.250919,0.250371,4.77678,0.106508,2.31612,2.58045,2.02589
one-side,2.5,hopcount,0,12,12.3613,0,0,190,0.250919,0.251467,4.77843,0.10887,2.38431,2.58159,2.00577
one-side,2.5,hopcount,0,13,12.9008,0,0,190,0.256399,0.252015,4.75925,0.102503,2.55711,2.9266,2.04694
one-side,2.5,hopcount,0,14,12.2462,0,0,190,0.254207,0.252563,4.78829,0.0875762,2.39204,2.57185,1.89969
one-side,2.5,hopcount,0,15,11.8068,0,0,190,0.253111,0.248727,4.79432,0.0939435,2.24107,2.40722,1.76843
one-side,2.5,hopcount,0,16,12.4042,0,0,190,0.253111,0.253659,4.77514,0.10596,2.47293,2.6033,1.94009
one-side,2.5,hopcount,0,17,12.8638,0,0,190,0.244891,0.252015,4.77295,0.10596,2.50532,2.82499,2.15766
one-side,2.5,hopcount,0,18,12.4351,0,0,190,0.253659,0.249823,4.76473,0.0990452,2.40805,2.59813,2.06169
one-side,2.5,hopcount,0,19,12.4151,0,0,190,0.245439,0.252563,4.75486,0.107056,2.44267,2.49682,2.11567
one-side,2.5,lqi,0,0,12.3984,0,0,190,0.252015,0.251467,4.78665,0.103051,2.40301,2.59731,2.00491
one-side,2.5,lqi,0,1,12.8388,0,0,190,0.247631,0.252015,4.785,0.132356,2.50226,2.78556,2.13393
one-side,2.5,lqi,0,2,12.1562,0,0,190,0.250371,0.249275,4.78555,0.0979492,2.31542,2.55256,1.90506
one-side,2.5,lqi,0,3,12.122,0,0,190,0.249823,0.248727,4.77788,0.10596,2.265,2.53207,1.94253
one-side,2.5,lqi,0,4,12.1301,0,0,190,0.252015,0.251467,4.7713,0.0870282,2.3369,2.56176,1.86963
one-side,2.5,lqi,0,5,12.2025,0,0,190,0.248727,0.249275,4.76856,0.0950395,2.35088,2.56317,1.92681
one-side,2.5,lqi,0,6,12.5757,0,0,190,0.249823,0.252563,4.77185,0.10596,2.4104,2.73251,2.05256
one-side,2.5,lqi,0,7,12.059,0,0,190,0.250371,0.250919,4.7998,0.13417,2.28313,2.43604,1.90454
one-side,2.5,lqi,0,8,12.4799,0,0,190,0.252563,0.252015,4.79103,0.112328,2.42699,2.66937,1.97559
one-side,2.5,lqi,0,9,12.1706,0,0,190,0.250371,0.247631,4.78171,0.108322,2.38754,2.52013,1.87494
one-side,2.5,lqi,0,10,12.5624,0,0,190,0.245439,0.250919,4.78391,0.106508,2.45871,2.5674,2.14948
one-side,2.5,lqi,0,11,12.2612,0,0,190,0.250919,0.250371,4.77678,0.106508,2.33497,2.52672,2.01497
one-side,2.5,lqi,0,12,12.151,0,0,190,0.250919,0.251467,4.77843,0.10887,2.33719,2.49598,1.92816
one-side,2.5,lqi,0,13,12.6314,0,0,190,0.256399,0.252015,4.75925,0.102503,2.49221,2.80613,1.96292
one-side,2.5,lqi,0,14,12.2462,0,0,190,0.254207,0.252563,4.78829,0.0875762,2.39204,2.57185,1.89969
one-side,2.5,lqi,0,15,11.8068,0,0,190,0.253111,0.248727,4.79432,0.0939435,2.24107,2.40722,1.76843
one-side,2.5,lqi,0,16,12.3225,0,0,190,0.253111,0.253659,4.77514,0.10596,2.44178,2.56898,1.9239
one-side,2.5,lqi,0,17,12.771,0,0,190,0.244891,0.252015,4.77295,0.10596,2.48325,2.75874,2.15315
one-side,2.5,lqi,0,18,12.4351,0,0,190,0.253659,0.249823,4.76473,0.0990452,2.40805,2.59813,2.06169
one-side,2.5,lqi,0,19,12.4172,0,0,190,0.245439,0.252563,4.75486,0.107056,2.42062,2.52389,2.11277
one-side,2.5,leo,0,0,12.5921,0,0,190,0.252015,0.251467,4.78665,0.103051,2.43631,2.6958,2.06683
one-side,2.5,leo,0,1,13.0614,0,0,190,0.247631,0.252015,4.785,0.132356,2.55885,2.88478,2.20077
one-side,2.5,leo,0,2,12.4477,0,0,190,0.250371,0.249275,4.78555,0.0979492,2.33379,2.73131,1.99946
one-side,2.5,leo,0,3,12.2911,0,0,190,0.249823,0.248727,4.77788,0.10596,2.2505,2.67019,1.98799
one-side,2.5,leo,0,4,12.1301,0,0,190,0.252015,0.251467,4.7713,0.0870282,2.3369,2.56176,1.86963
one-side,2.5,leo,0,5,12.1897,0,0,190,0.248727,0.249275,4.76856,0.0990452,2.30272,2.59854,1.9228
one-side,2.5,leo,0,6,12.7748,0,0,190,0.249823,0.252563,4.77185,0.10596,2.4546,2.83298,2.10702
one-side,2.5,leo,0,7,12.1463,0,0,190,0.250371,0.250919,4.7998,0.13417,2.31469,2.46245,1.93389
one-side,2.5,leo,0,8,12.5835,0,0,190,0.252563,0.252015,4.79103,0.112328,2.47175,2.69838,2.00545
one-side,2.5,leo,0,9,12.1706,0,0,190,0.250371,0.247631,4.78171,0.108322,2.38754,2.52013,1.87494
one-side,2.5,leo,0,10,12.747,0,0,190,0.245439,0.250919,4.78391,0.116881,2.52212,2.63471,2.19304
one-side,2.5,leo,0,11,12.307,0,0,190,0.250919,0.250371,4.77678,0.106508,2.31612,2.58045,2.02589
one-side,2.5,leo,0,12,12.3613,0,0,190,0.250919,0.251467,4.77843,0.10887,2.38431,2.58159,2.00577
one-side,2.5,leo,0,13,12.9008,0,0,190,0.256399,0.252015,4.75925,0.102503,2.55711,2.9266,2.04694
one-side,2.5,leo,0,14,12.2462,0,0,190,0.254207,0.252563,4.78829,0.0875762,2.39204,2.57185,1.89969
one-side,2.5,leo,0,15,11.8068,0,0,190,0.253111,0.248727,4.79432,0.0939435,2.24107,2.40722,1.76843
one-side,2.5,leo,0,16,12.4042,0,0,190,0.253111,0.253659,4.77514,0.10596,2.47293,2.6033,1.94009
one-side,2.5,leo,0,17,12.8638,0,0,190,0.244891,0.252015,4.77295,0.10596,2.50532,2.82499,2.15766
one-side,2.5,leo,0,18,12.4351,0,0,190,0.253659,0.249823,4.76473,0.0990452,2.40805,2.59813,2.06169
one-side,2.5,leo,0,19,12.4151,0,0,190,0.245439,0.252563,4.75486,0.107056,2.44267,2.49682,2.11567
one-side,2.625,hopcount,0,0,14.2581,0,0,190,0.245439,0.247631,4.68198,0.135266,2.94261,3.50478,2.50036
one-side,2.625,hopcount,0,1,14.4881,0,0,190,0.245439,0.248179,4.70061,0.144373,3.0106,3.59331,2.54562
one-side,2.625,hopcount,0,2,13.4899,0,0,190,0.244343,0.246535,4.68855,0.131808,2.71305,3.14624,2.31941
one-side,2.625,hopcount,0,3,13.7844,1,1,189,0.244891,0.243247,4.9181,0.155294,2.79185,3.15777,2.27321
one-side,2.625,hopcount,0,4,14.0776,0,0,190,0.247631,0.243795,4.68033,0.0990452,3.01541,3.57225,2.21912
one-side,2.625,hopcount,0,5,13.7202,0,0,190,0.243795,0.239959,4.69349,0.112328,2.89617,3.29635,2.23807
one-side,2.625,hopcount,0,6,14.056,0,0,190,0.248179,0.246535,4.70445,0.135814,2.93301,3.35239,2.43562
one-side,2.625,hopcount,0,7,13.5182,0,0,190,0.244343,0.247631,4.70664,0.161661,2.76094,3.07715,2.31982
one-side,2.625,hopcount,0,8,13.4687,0,0,190,0.244891,0.244891,4.68691,0.13126,2.78996,3.2483,2.12246
one-side,2.625,hopcount,0,9,13.6647,0,0,190,0.245987,0.243795,4.70171,0.127254,2.83228,3.31639,2.1973
one-side,2.625,hopcount,0,10,14.5632,1,1,189,0.243247,0.247083,4.93509,0.15348,2.97524,3.44561,2.56342
one-side,2.625,hopcount,0,11,14.0379,0,0,190,0.248179,0.243247,4.6902,0.118525,2.96166,3.37352,2.40257
one-side,2.625,hopcount,0,12,13.6797,0,0,190,0.245987,0.248727,4.69513,0.12835,2.82485,3.23844,2.29823
one-side,2.625,hopcount,0,13,13.9701,1,1,189,0.247631,0.242699,4.92029,0.13126,2.85503,3.40991,2.16323
one-side,2.625,hopcount,0,14,14.0541,0,0,190,0.245439,0.249275,4.70171,0.0955875,3.00575,3.40732,2.34905
one-side,2.625,hopcount,0,15,13.5634,0,0,190,0.251467,0.244343,4.70664,0.127254,2.74427,3.26234,2.22705
one-side,2.625,hopcount,0,16,14.1011,0,0,190,0.248179,0.249823,4.67869,0.124345,2.92791,3.54832,2.3238
one-side,2.625,hopcount,0,17,13.7853,0,0,190,0.241055,0.245987,4.68198,0.127802,2.68743,3.42038,2.38063
one-side,2.625,hopcount,0,18,13.5709,0,0,190,0.248179,0.245987,4.69184,0.107056,2.79498,3.12825,2.35457
one-side,2.625,hopcount,0,19,13.7608,0,0,190,0.243247,0.247083,4.65513,0.12835,2.77526,3.27233,2.43937
one-side,2.625,lqi,0,0,13.324,0,0,190,0.245439,0.247631,4.68198,0.158034,2.72035,2.68356,2.58697
one-side,2.625,lqi,0,1,13.6951,0,0,190,0.245439,0.248179,4.70061,0.15639,2.82982,2.81153,2.70318
one-side,2.625,lqi,0,2,13.1273,0,0,190,0.244343,0.246535,4.68855,0.129994,2.67407,2.64574,2.49808
one-side,2.625,lqi,0,3,13.4039,0,0,190,0.244891,0.243247,4.67102,0.154028,2.67366,2.77234,2.64467
one-side,2.625,lqi,0,4,13.1949,0,0,190,0.247631,0.243795,4.68033,0.127085,2.65665,2.73764,2.50176
one-side,2.625,lqi,0,5,13.2662,0,0,190,0.243795,0.239959,4.69349,0.141463,2.76511,2.68078,2.50156
one-side,2.625,lqi,0,6,13.5421,0,0,190,0.248179,0.246535,4.70445,0.150023,2.72929,2.80925,2.65439
one-side,2.625,lqi,0,7,13.2206,0,0,190,0.244343,0.247631,4.70664,0.155294,2.64343,2.70544,2.51783
one-side,2.625,lqi,0,8,13.1226,0,0,190,0.244891,0.244891,4.68691,0.164401,2.60388,2.6745,2.50308
one-side,2.625,lqi,0,9,13.5631,0,0,190,0.245987,0.243795,4.70171,0.145469,2.734,2.88741,2.60473
one-side,2.625,lqi,0,10,13.3168,0,0,190,0.243247,0.247083,4.68746,0.147113,2.68285,2.71483,2.59419
one-side,2.625,lqi,0,11,13.2007,0,0,190,0.248179,0.243247,4.6902,0.138554,2.61687,2.65914,2.6045
one-side,2.625,lqi,0,12,13.0817,0,0,190,0.245987,0.248727,4.69513,0.134548,2.6717,2.55861,2.527
one-side,2.625,lqi,0,13,13.6096,0,0,190,0.247631,0.242699,4.68033,0.13109,2.76042,2.91924,2.6282
one-side,2.625,lqi,0,14,13.3163,0,0,190,0.245439,0.249275,4.70171,0.115616,2.73101,2.75886,2.51441
one-side,2.625,lqi,0,15,13.1785,0,0,190,0.251467,0.244343,4.70664,0.130542,2.71682,2.58752,2.5412
one-side,2.625,lqi,0,16,13.315,0,0,190,0.248179,0.249823,4.67869,0.13965,2.8257,2.61583,2.55709
one-side,2.625,lqi,0,17,13.1452,0,0,190,0.241055,0.245987,4.68198,0.139102,2.66001,2.65642,2.52068
one-side,2.625,lqi,0,18,13.2553,0,0,190,0.248179,0.245987,4.69184,0.138554,2.67681,2.67465,2.57923
one-side,2.625,lqi,0,19,13.2938,0,0,190,0.243247,0.247083,4.65513,0.135644,2.61477,2.83417,2.56376
one-side,2.625,leo,0,0,14.2581,0,0,190,0.245439,0.247631,4.68198,0.135266,2.94261,3.50478,2.50036
one-side,2.625,leo,0,1,14.4881,0,0,190,0.245439,0.248179,4.70061,0.144373,3.0106,3.59331,2.54562
one-side,2.625,leo,0,2,13.4899,0,0,190,0.244343,0.246535,4.68855,0.131808,2.71305,3.14624,2.31941
one-side,2.625,leo,0,3,13.8819,1,1,189,0.244891,0.243247,4.9181,0.159299,2.81926,3.22155,2.27557
one-side,2.625,leo,0,4,14.0776,0,0,190,0.247631,0.243795,4.68033,0.0990452,3.01541,3.57225,2.21912
one-side,2.625,leo,0,5,13.7202,0,0,190,0.243795,0.239959,4.69349,0.112328,2.89617,3.29635,2.23807
one-side,2.625,leo,0,6,14.056,0,0,190,0.248179,0.246535,4.70445,0.135814,2.93301,3.35239,2.43562
one-side,2.625,leo,0,7,13.5182,0,0,190,0.244343,0.247631,4.70664,0.161661,2.76094,3.07715,2.31982
one-side,2.625,leo,0,8,13.4687,0,0,190,0.244891,0.244891,4.68691,0.13126,2.78996,3.2483,2.12246
one-side,2.625,leo,0,9,13.6647,0,0,190,0.245987,0.243795,4.70171,0.127254,2.83228,3.31639,2.1973
one-side,2.625,leo,0,10,14.5632,1,1,189,0.243247,0.247083,4.93509,0.15348,2.97524,3.44561,2.56342
one-side,2.625,leo,0,11,14.0379,0,0,190,0.248179,0.243247,4.6902,0.118525,2.96166,3.37352,2.40257
one-side,2.625,leo,0,12,13.6797,0,0,190,0.245987,0.248727,4.69513,0.12835,2.82485,3.23844,2.29823
one-side,2.625,leo,0,13,13.9701,1,1,189,0.247631,0.242699,4.92029,0.13126,2.85503,3.40991,2.16323
one-side,2.625,leo,0,14,14.0541,0,0,190,0.245439,0.249275,4.70171,0.0955875,3.00575,3.40732,2.34905
one-side,2.625,leo,0,15,13.5634,0,0,190,0.251467,0.244343,4.70664,0.127254,2.74427,3.26234,2.22705
one-side,2.625,leo,0,16,14.1011,0,0,190,0.248179,0.249823,4.67869,0.124345,2.92791,3.54832,2.3238
one-side,2.625,leo,0,17,13.7853,0,0,190,0.241055,0.245987,4.68198,0.127802,2.68743,3.42038,2.38063
one-side,2.625,leo,0,18,13.5709,0,0,190,0.248179,0.245987,4.69184,0.107056,2.79498,3.12825,2.35457
one-side,2.625,leo,0,19,13.7608,0,0,190,0.243247,0.247083,4.65513,0.12835,2.77526,3.27233,2.43937
one-side,3,hopcount,0,0,21.6322,34,58,132,0.203243,0.201051,10.6037,0.962615,4.24542,3.17044,2.24575
one-side,3,hopcount,0,1,20.2541,22,49,141,0.201051,0.202695,8.18611,0.672584,4.48969,3.90543,2.59653
one-side,3,hopcount,0,2,20.9576,27,49,141,0.199407,0.203243,8.98446,0.809673,4.53926,3.59759,2.62394
one-side,3,hopcount,0,3,22.5704,29,33,157,0.201599,0.195023,9.3893,0.830149,5.41875,3.72646,2.80916
one-side,3,hopcount,0,4,19.5933,23,50,140,0.204887,0.201599,8.37565,0.692558,4.33649,3.35413,2.42799
one-side,3,hopcount,0,5,20.3266,17,33,157,0.198311,0.205435,7.22031,0.657046,5.28348,3.77359,2.98844
one-side,3,hopcount,0,6,19.4367,12,36,154,0.205983,0.209271,6.23204,0.577205,4.96491,4.13703,3.11029
one-side,3,hopcount,0,7,19.9857,21,45,145,0.199955,0.202147,8.00424,0.766198,4.60221,3.43608,2.77483
one-side,3,hopcount,0,8,18.1145,15,53,137,0.200503,0.204339,6.82314,0.63727,4.09651,3.55267,2.60005
one-side,3,hopcount,0,9,20.4751,24,53,137,0.201599,0.204339,8.61068,0.752678,4.43453,3.65978,2.61151
one-side,3,hopcount,0,10,20.0746,19,37,153,0.198859,0.204887,7.61803,0.675513,4.88046,3.54278,2.95412
one-side,3,hopcount,0,11,17.4814,21,74,116,0.198859,0.199955,7.8324,0.702946,3.64895,2.92155,1.97676
one-side,3,hopcount,0,12,20.5013,23,34,156,0.197763,0.208723,8.39374,0.709542,4.67089,3.64246,2.67821
one-side,3,hopcount,0,13,21.6509,26,46,144,0.203791,0.199955,8.99525,0.806336,4.82695,4.11945,2.49921
one-side,3,hopcount,0,14,20.4511,21,42,148,0.204887,0.206531,8.00205,0.783116,5.0064,3.47569,2.77241
one-side,3,hopcount,0,15,19.4828,17,47,143,0.207627,0.202147,7.23675,0.621437,4.81633,3.72617,2.67235
one-side,3,hopcount,0,16,20.2775,21,45,145,0.200503,0.207627,7.98835,0.725972,4.56752,3.89188,2.69569
one-side,3,hopcount,0,17,18.4438,21,55,135,0.197215,0.195023,7.80884,0.750296,4.05376,3.05512,2.38352
one-side,3,hopcount,0,18,21.5851,22,28,162,0.193927,0.205435,8.18447,0.721815,5.22009,4.01975,3.03965
one-side,3,hopcount,0,19,20.9434,21,40,150,0.208175,0.198311,7.98342,0.710618,4.91753,4.23797,2.68739
one-side,3,lqi,0,0,20.6284,27,38,152,0.203243,0.201051,9.17219,0.807966,4.65951,2.94272,2.64177
one-side,3,lqi,0,1,21.2279,29,47,143,0.201051,0.202695,9.57648,0.888021,4.64227,3.18549,2.53185
one-side,3,lqi,0,2,18.7953,21,48,142,0.199407,0.203243,7.81541,0.642458,4.26237,3.13803,2.53434
one-side,3,lqi,0,3,19.2277,26,58,132,0.201599,0.195023,8.96566,0.832398,4.14703,2.65062,2.2354
one-side,3,lqi,0,4,20.2911,23,37,153,0.204887,0.201599,8.37401,0.692381,4.5142,3.59031,2.71375
one-side,3,lqi,0,5,19.7909,22,44,146,0.198311,0.205435,8.18721,0.771773,4.99166,2.88542,2.55107
one-side,3,lqi,0,6,19.5369,24,56,134,0.205983,0.209271,8.6189,0.787551,4.4083,2.9086,2.39834
one-side,3,lqi,0,7,19.3215,19,37,153,0.199955,0.202147,7.58405,0.657896,4.75993,3.17084,2.74673
one-side,3,lqi,0,8,19.7659,17,34,156,0.200503,0.204339,7.22031,0.609875,4.50318,4.12702,2.90069
one-side,3,lqi,0,9,19.3017,18,54,136,0.201599,0.204339,7.42629,0.638346,4.4326,3.87257,2.52598
one-side,3,lqi,0,10,19.2716,27,68,122,0.198859,0.204887,9.20726,0.775495,3.729,3.15013,2.00602
one-side,3,lqi,0,11,19.9351,24,50,140,0.198859,0.199955,8.60191,0.733284,4.47412,3.33023,2.39676
one-side,3,lqi,0,12,20.8053,24,45,145,0.197763,0.208723,8.60904,0.695143,4.75449,3.6275,2.71269
one-side,3,lqi,0,13,19.3816,26,55,135,0.203791,0.199955,8.98319,0.77403,4.47207,2.6324,2.11617
one-side,3,lqi,0,14,19.9719,24,52,138,0.204887,0.206531,8.59808,0.738765,4.49975,3.34562,2.37828
one-side,3,lqi,0,15,19.0256,21,50,140,0.207627,0.202147,8.03712,0.732059,4.25568,3.04806,2.54288
one-side,3,lqi,0,16,19.2459,25,62,128,0.200503,0.207627,8.74652,0.759321,3.93404,3.05787,2.34002
one-side,3,lqi,0,17,19.7862,21,36,154,0.197215,0.195023,8.00972,0.65358,4.83227,3.19447,2.70393
one-side,3,lqi,0,18,19.3193,20,43,147,0.193927,0.205435,7.80867,0.67215,4.78261,2.94408,2.71242
one-side,3,lqi,0,19,20.7147,23,42,148,0.208175,0.198311,8.3899,0.651858,4.80576,3.86848,2.59218
one-side,3,leo,0,0,19.9576,25,47,143,0.203243,0.201051,8.82762,0.769256,4.28622,3.17078,2.49941
one-side,3,leo,0,1,18.0613,16,60,130,0.201051,0.202695,7.00227,0.594115,4.15449,3.73159,2.17508
one-side,3,leo,0,2,19.3661,19,45,145,0.199407,0.203243,7.59611,0.689769,4.4016,3.48473,2.79121
one-side,3,leo,0,3,16.7238,21,93,97,0.201599,0.195023,8.00534,0.800396,3.20633,2.58429,1.73079
one-side,3,leo,0,4,18.805,22,59,131,0.204887,0.201599,8.16803,0.721369,3.95601,3.15409,2.39906
one-side,3,leo,0,5,17.5148,20,72,118,0.198311,0.205435,7.8399,0.72291,3.8539,2.68164,2.01275
one-side,3,leo,0,6,18.0209,16,52,138,0.205983,0.209271,7.02255,0.664462,4.19181,3.08467,2.64218
one-side,3,leo,0,7,19.1829,16,47,143,0.199955,0.202147,7.01981,0.651447,4.69965,3.59144,2.81847
one-side,3,leo,0,8,19.9667,20,38,152,0.200503,0.204339,7.78346,0.710274,4.47384,3.68661,2.90765
one-side,3,leo,0,9,18.7144,19,60,130,0.201599,0.204339,7.62789,0.677715,4.1318,3.56732,2.30371
one-side,3,leo,0,10,22.3685,28,34,156,0.198859,0.204887,9.41269,0.833416,4.89652,3.95454,2.86763
one-side,3,leo,0,11,19.5595,21,48,142,0.198859,0.199955,7.98835,0.724049,4.35327,3.47853,2.61647
one-side,3,leo,0,12,18.0733,22,73,117,0.197763,0.208723,8.20858,0.694693,3.75984,2.99602,2.00772
one-side,3,leo,0,13,19.7012,32,73,117,0.203791,0.199955,10.2005,1.02557,3.85135,2.34075,1.87928
one-side,3,leo,0,14,21.8332,26,38,152,0.204887,0.206531,9.01004,0.8708,4.98772,3.73481,2.81844
one-side,3,leo,0,15,19.618,21,54,136,0.207627,0.202147,8.03602,0.763715,4.52865,3.41037,2.46943
one-side,3,leo,0,16,19.1238,22,57,133,0.200503,0.207627,8.21022,0.795941,4.0425,3.20605,2.46093
one-side,3,leo,0,17,20.3115,28,56,134,0.197215,0.195023,9.38146,0.910651,4.25354,2.92292,2.45071
one-side,3,leo,0,18,18.4735,22,72,118,0.193927,0.205435,8.20639,0.785252,3.86403,3.0603,2.15822
one-side,3,leo,0,19,16.9457,12,60,130,0.208175,0.198311,6.03828,0.513361,4.12415,3.26528,2.59809
u-shaped,2,hopcount,0,0,16.7135,7,6,184,0.219135,0.210915,5.64546,0.252917,3.03851,4.8539,2.49268
u-shaped,2,hopcount,0,1,16.4048,5,4,186,0.216395,0.219683,5.18307,0.211505,2.98719,4.9918,2.59511
u-shaped,2,hopcount,0,2,15.7368,3,3,187,0.216943,0.212559,4.73384,0.186445,3.12438,4.75512,2.50749
u-shaped,2,hopcount,0,3,15.2916,2,2,188,0.212559,0.209271,4.54923,0.180806,2.7759,4.63317,2.73063
u-shaped,2,hopcount,0,4,16.5671,4,4,186,0.216943,0.212559,4.95243,0.250555,3.47695,4.9799,2.47775
u-shaped,2,hopcount,0,5,16.0731,6,6,184,0.209819,0.212559,5.40824,0.192683,3.0007,4.56677,2.48231
u-shaped,2,hopcount,0,6,16.2842,5,4,186,0.218039,0.222971,5.18417,0.269778,3.13337,4.7054,2.55051
u-shaped,2,hopcount,0,7,14.8084,1,0,190,0.214203,0.214203,4.33503,0.170651,2.97546,4.33855,2.56035
u-shaped,2,hopcount,0,8,16.0292,4,4,186,0.213655,0.221327,4.96832,0.254013,3.21806,4.72347,2.43034
u-shaped,2,hopcount,0,9,15.6447,1,6,184,0.216943,0.214203,4.32571,0.183245,3.13463,4.94972,2.62022
u-shaped,2,hopcount,0,10,14.9375,3,3,187,0.210915,0.221875,4.72782,0.161952,2.53277,4.57101,2.51112
u-shaped,2,hopcount,0,11,15.2577,2,2,188,0.214751,0.214751,4.55197,0.177058,2.92647,4.74399,2.4287
u-shaped,2,hopcount,0,12,15.5333,1,1,189,0.210915,0.222971,4.32133,0.196428,3.11672,4.81454,2.65035
u-shaped,2,hopcount,0,13,16.823,8,7,183,0.216943,0.213655,5.83664,0.252089,3.32619,4.58262,2.3949
u-shaped,2,hopcount,0,14,15.7141,7,6,184,0.221327,0.220779,5.59778,0.256815,2.82705,4.20072,2.38959
u-shaped,2,hopcount,0,15,15.3498,2,2,188,0.220779,0.216943,4.56238,0.181822,2.95333,4.72945,2.48511
u-shaped,2,hopcount,0,16,16.18,6,5,185,0.214203,0.222423,5.38851,0.232549,3.25115,4.60544,2.26573
u-shaped,2,hopcount,0,17,15.9131,2,1,189,0.212011,0.210367,4.55088,0.187023,3.39165,4.69169,2.66946
u-shaped,2,hopcount,0,18,15.588,3,3,187,0.212559,0.216395,4.74809,0.157181,2.85346,4.86427,2.53599
u-shaped,2,hopcount,0,19,14.8807,3,3,187,0.216395,0.210915,4.72398,0.188847,2.75663,4.30164,2.48232
u-shaped,2,lqi,0,0,14.6919,1,1,189,0.219135,0.210915,4.33448,0.177356,3.28196,3.54091,2.92714
u-shaped,2,lqi,0,1,14.8438,1,1,189,0.216395,0.219683,4.30818,0.194357,2.92128,4.00446,2.9795
u-shaped,2,lqi,0,2,14.4072,1,1,189,0.216943,0.212559,4.29229,0.171269,3.00914,3.77154,2.73349
u-shaped,2,lqi,0,3,15.0624,2,2,188,0.212559,0.209271,4.55855,0.219546,2.88546,4.02337,2.95363
u-shaped,2,lqi,0,4,14.9565,3,3,187,0.216943,0.212559,4.73932,0.204042,3.07633,3.76133,2.74601
u-shaped,2,lqi,0,5,15.0433,1,1,189,0.209819,0.212559,4.30379,0.194107,3.09982,3.94449,3.07868
u-shaped,2,lqi,0,6,14.7754,1,1,189,0.218039,0.222971,4.30818,0.192643,3.03592,3.91407,2.88356
u-shaped,2,lqi,0,7,14.4413,2,2,188,0.214203,0.214203,4.5591,0.195803,2.76328,3.64453,2.85014
u-shaped,2,lqi,0,8,14.8722,4,4,186,0.213655,0.221327,4.95517,0.22676,3.01613,3.43696,2.80219
u-shaped,2,lqi,0,9,14.6857,1,1,189,0.216943,0.214203,4.33832,0.18216,2.86319,3.99705,2.87379
u-shaped,2,lqi,0,10,14.6073,2,2,188,0.210915,0.221875,4.50375,0.180736,2.78044,3.80489,2.90474
u-shaped,2,lqi,0,11,14.967,4,4,186,0.214751,0.214751,4.99901,0.177507,2.82792,3.78167,2.75143
u-shaped,2,lqi,0,12,15.1707,3,3,187,0.210915,0.222971,4.7585,0.218281,2.98869,3.81674,2.95457
u-shaped,2,lqi,0,13,15.6865,4,3,187,0.216943,0.213655,4.9886,0.195991,3.09201,4.07306,2.90623
u-shaped,2,lqi,0,14,14.5762,3,3,187,0.221327,0.220779,4.7333,0.178655,2.80821,3.67976,2.73422
u-shaped,2,lqi,0,15,14.6796,1,1,189,0.220779,0.216943,4.34654,0.155654,2.92919,3.98402,2.82648
u-shaped,2,lqi,0,16,14.6803,1,1,189,0.214203,0.222423,4.31585,0.184522,2.96446,3.95489,2.82399
u-shaped,2,lqi,0,17,14.8316,1,2,188,0.212011,0.210367,4.33722,0.182808,2.92891,4.0851,2.87522
u-shaped,2,lqi,0,18,14.3046,0,0,190,0.212559,0.216395,4.10439,0.135776,2.99023,3.78791,2.85736
u-shaped,2,lqi,0,19,14.8997,1,1,189,0.216395,0.210915,4.30489,0.203902,3.0125,3.99567,2.95542
u-shaped,2,leo,0,0,16.2486,6,9,181,0.219135,0.210915,5.43399,0.236864,3.11928,4.62824,2.4002
u-shaped,2,leo,0,1,16.3956,5,4,186,0.216395,0.219683,5.18307,0.212671,3.00207,4.97925,2.58245
u-shaped,2,leo,0,2,15.7378,3,3,187,0.216943,0.212559,4.73384,0.180516,3.14381,4.74016,2.51001
u-shaped,2,leo,0,3,15.2864,2,2,188,0.212559,0.209271,4.54923,0.177967,2.7759,4.63317,2.72834
u-shaped,2,leo,0,4,16.5671,4,4,186,0.216943,0.212559,4.95243,0.250555,3.47695,4.9799,2.47775
u-shaped,2,leo,0,5,16.0731,6,6,184,0.209819,0.212559,5.40824,0.192683,3.0007,4.56677,2.48231
u-shaped,2,leo,0,6,15.3028,3,3,187,0.218039,0.222971,4.747,0.221102,2.91852,4.49474,2.48048
u-shaped,2,leo,0,7,14.8084,1,0,190,0.214203,0.214203,4.33503,0.170651,2.97546,4.33855,2.56035
u-shaped,2,leo,0,8,15.6349,4,3,187,0.213655,0.221327,4.96723,0.238398,3.24003,4.29919,2.45503
u-shaped,2,leo,0,9,15.6447,1,6,184,0.216943,0.214203,4.32571,0.183245,3.13463,4.94972,2.62022
u-shaped,2,leo,0,10,15.1737,3,3,187,0.210915,0.221875,4.73165,0.166505,2.64219,4.61917,2.58141
u-shaped,2,leo,0,11,14.8815,3,3,187,0.214751,0.214751,4.7585,0.167962,2.70087,4.24723,2.57739
u-shaped,2,leo,0,12,15.9631,3,2,188,0.210915,0.222971,4.74645,0.233197,3.18076,4.74823,2.62058
u-shaped,2,leo,0,13,16.482,8,12,178,0.216943,0.213655,5.84267,0.244625,3.22799,4.47227,2.26381
u-shaped,2,leo,0,14,15.4383,8,8,182,0.221327,0.220779,5.81692,0.253538,2.6796,3.89499,2.35114
u-shaped,2,leo,0,15,15.3498,2,2,188,0.220779,0.216943,4.56238,0.181822,2.95333,4.72945,2.48511
u-shaped,2,leo,0,16,16.0042,4,4,186,0.214203,0.222423,4.95572,0.230835,3.17045,4.85551,2.35511
u-shaped,2,leo,0,17,15.9291,2,1,189,0.212011,0.210367,4.55088,0.187023,3.46952,4.64299,2.65635
u-shaped,2,leo,0,18,15.3952,3,3,187,0.212559,0.216395,4.74809,0.154341,2.7761,4.77985,2.50785
u-shaped,2,leo,0,19,15.3555,3,3,187,0.216395,0.210915,4.73439,0.202678,2.86315,4.53855,2.58946
u-shaped,2.25,hopcount,0,0,12.616,16,83,107,0.152827,0.147347,5.10071,0.687853,2.12763,2.53951,1.86012
u-shaped,2.25,hopcount,0,1,17.0997,22,58,132,0.142415,0.148443,5.92999,0.861672,3.19548,4.08046,2.74125
u-shaped,2.25,hopcount,0,2,14.2151,18,79,111,0.143511,0.148443,5.37349,0.778625,2.58297,3.12821,2.05987
u-shaped,2.25,hopcount,0,3,16.6186,18,62,128,0.147347,0.149539,5.39979,0.711388,3.45186,4.27453,2.48415
u-shaped,2.25,hopcount,0,4,13.8067,14,71,119,0.147347,0.146251,4.80273,0.692307,2.29343,3.45614,2.26847
u-shaped,2.25,hopcount,0,5,13.2116,18,84,106,0.140223,0.147895,5.35321,0.709525,2.31799,2.65814,1.88458
u-shaped,2.25,hopcount,0,6,13.1699,20,86,104,0.151183,0.141867,5.68517,0.812675,2.25642,2.31423,1.80831
u-shaped,2.25,hopcount,0,7,13.6869,13,70,120,0.148443,0.146799,4.69319,0.646888,2.48549,3.28476,2.28134
u-shaped,2.25,hopcount,0,8,12.62,16,83,107,0.147347,0.150635,5.06673,0.720775,2.08736,2.55052,1.89667
u-shaped,2.25,hopcount,0,9,13.6063,16,78,112,0.145155,0.141867,5.07769,0.662076,2.55308,2.97709,2.04937
u-shaped,2.25,hopcount,0,10,12.3583,18,89,101,0.146251,0.147347,5.38499,0.746912,2.01972,2.21231,1.70078
u-shaped,2.25,hopcount,0,11,13.6704,19,76,114,0.142963,0.142963,5.51754,0.723186,2.57233,2.467,2.10442
u-shaped,2.25,hopcount,0,12,15.264,21,70,120,0.144059,0.149539,5.78813,0.824313,2.66363,3.46256,2.23181
u-shaped,2.25,hopcount,0,13,16.4749,22,67,123,0.145703,0.145703,5.94589,0.858024,3.17268,3.6838,2.52307
u-shaped,2.25,hopcount,0,14,14.1239,19,75,115,0.147347,0.148443,5.54275,0.771423,2.49812,2.89912,2.1167
u-shaped,2.25,hopcount,0,15,14.1761,18,64,126,0.148991,0.146799,5.37294,0.641949,2.5462,2.9987,2.3205
u-shaped,2.25,hopcount,0,16,14.6807,20,75,115,0.142415,0.147895,5.67969,0.843415,2.64724,3.09454,2.12549
u-shaped,2.25,hopcount,0,17,12.5205,17,86,104,0.145703,0.147895,5.24751,0.72722,2.14091,2.34271,1.76861
u-shaped,2.25,hopcount,0,18,14.8424,22,75,115,0.150087,0.146799,5.98644,0.846367,2.47371,3.18702,2.05199
u-shaped,2.25,hopcount,0,19,15.7496,26,77,113,0.145155,0.141319,6.55117,1.02618,2.71746,2.95802,2.21025
u-shaped,2.25,lqi,0,0,13.5193,21,78,112,0.152827,0.147347,5.83416,0.759668,2.3697,2.18743,2.06816
u-shaped,2.25,lqi,0,1,13.7382,16,72,118,0.142415,0.148443,5.07715,0.70535,2.52404,2.76528,2.37556
u-shaped,2.25,lqi,0,2,15.0861,17,64,126,0.143511,0.148443,5.25463,0.745286,2.58119,3.50724,2.70584
u-shaped,2.25,lqi,0,3,12.9329,15,71,119,0.147347,0.149539,4.95665,0.642783,2.39404,2.33509,2.30748
u-shaped,2.25,lqi,0,4,13.1714,14,72,118,0.147347,0.146251,4.79341,0.703985,2.23914,2.74285,2.39844
u-shaped,2.25,lqi,0,5,13.2918,17,76,114,0.140223,0.147895,5.22175,0.654082,2.43712,2.43983,2.25092
u-shaped,2.25,lqi,0,6,13.1832,16,78,112,0.151183,0.141867,5.1029,0.748075,2.47224,2.18826,2.37863
u-shaped,2.25,lqi,0,7,12.0714,11,79,111,0.148443,0.146799,4.39521,0.589204,2.17774,2.63263,1.9814
u-shaped,2.25,lqi,0,8,11.9287,16,81,109,0.147347,0.150635,5.05029,0.732272,2.1241,1.85319,1.87085
u-shaped,2.25,lqi,0,9,12.8201,16,82,108,0.145155,0.141867,5.07057,0.655847,2.16388,2.65538,1.98742
u-shaped,2.25,lqi,0,10,15.486,15,51,139,0.146251,0.147347,4.93638,0.718413,3.05364,3.44928,3.03471
u-shaped,2.25,lqi,0,11,12.7253,18,78,112,0.142963,0.142963,5.39321,0.71398,2.21558,1.98713,2.1295
u-shaped,2.25,lqi,0,12,12.9228,15,69,121,0.144059,0.149539,4.94734,0.687821,2.31477,2.38383,2.29546
u-shaped,2.25,lqi,0,13,13.2147,14,78,112,0.145703,0.145703,4.77752,0.66033,2.30377,2.89067,2.29099
u-shaped,2.25,lqi,0,14,13.4829,14,70,120,0.147347,0.148443,4.80656,0.638297,2.40238,2.88997,2.4499
u-shaped,2.25,lqi,0,15,11.9875,14,78,112,0.148991,0.146799,4.80711,0.607899,2.22703,2.00741,2.04229
u-shaped,2.25,lqi,0,16,11.3741,15,88,102,0.142415,0.147895,4.95556,0.67993,1.8953,1.7403,1.81272
u-shaped,2.25,lqi,0,17,13.9729,17,69,121,0.145703,0.147895,5.22723,0.706156,2.60537,2.60425,2.53631
u-shaped,2.25,lqi,0,18,12.7542,14,70,120,0.150087,0.146799,4.81424,0.65189,2.288,2.32162,2.38154
u-shaped,2.25,lqi,0,19,11.9192,13,77,113,0.145155,0.141319,4.66689,0.572584,2.03683,2.22675,2.1297
u-shaped,2.25,leo,0,0,12.7414,24,95,95,0.152827,0.147347,6.27291,0.943111,1.99575,1.6448,1.58465
u-shaped,2.25,leo,0,1,14.2715,22,80,110,0.142415,0.148443,5.92397,0.871497,2.3069,2.77978,2.09848
u-shaped,2.25,leo,0,2,14.9089,19,69,121,0.143511,0.148443,5.53344,0.798964,2.70907,3.24245,2.33302
u-shaped,2.25,leo,0,3,13.3642,20,83,107,0.147347,0.149539,5.67585,0.721902,2.3638,2.70326,1.60246
u-shaped,2.25,leo,0,4,15.4579,19,71,119,0.147347,0.146251,5.49891,0.823737,2.55971,3.81902,2.46295
u-shaped,2.25,leo,0,5,14.0489,16,73,117,0.140223,0.147895,5.06838,0.659923,2.52229,3.3025,2.20769
u-shaped,2.25,leo,0,6,13.4141,18,80,110,0.151183,0.141867,5.40472,0.781556,2.35339,2.56403,2.01736
u-shaped,2.25,leo,0,7,13.8087,19,81,109,0.148443,0.146799,5.52796,0.788213,2.39194,2.77903,2.02632
u-shaped,2.25,leo,0,8,11.523,17,96,94,0.147347,0.150635,5.20477,0.674142,1.74842,2.07755,1.52018
u-shaped,2.25,leo,0,9,13.587,20,81,109,0.145155,0.141867,5.65612,0.772452,2.29992,2.6919,1.87955
u-shaped,2.25,leo,0,10,12.7789,15,78,112,0.146251,0.147347,4.94405,0.667796,2.18189,2.68855,2.00307
u-shaped,2.25,leo,0,11,12.2322,18,89,101,0.142963,0.142963,5.36088,0.714319,1.97667,2.17664,1.71776
u-shaped,2.25,leo,0,12,12.9719,17,81,109,0.144059,0.149539,5.21737,0.717296,2.15273,2.70096,1.88997
u-shaped,2.25,leo,0,13,13.7823,20,84,106,0.145703,0.145703,5.68188,0.794839,2.58404,2.54184,1.88834
u-shaped,2.25,leo,0,14,12.7272,17,81,109,0.147347,0.148443,5.22778,0.683985,2.20005,2.38388,1.93576
u-shaped,2.25,leo,0,15,13.429,18,71,119,0.148991,0.146799,5.40801,0.693881,2.33835,2.52748,2.16551
u-shaped,2.25,leo,0,16,13.6583,17,82,108,0.142415,0.147895,5.22121,0.710741,2.40895,3.0041,2.02297
u-shaped,2.25,leo,0,17,14.0253,20,76,114,0.145703,0.147895,5.68791,0.829295,2.41098,2.71188,2.09163
u-shaped,2.25,leo,0,18,13.6602,13,73,117,0.150087,0.146799,4.67949,0.627379,2.50279,3.4132,2.1405
u-shaped,2.25,leo,0,19,15.7814,21,65,125,0.145155,0.141319,5.81169,0.842072,2.80986,3.48105,2.55027
u-shaped,2.5,hopcount,0,0,16.9235,27,80,110,0.115563,0.113919,5.2359,1.46038,3.33531,3.26495,3.39752
u-shaped,2.5,hopcount,0,1,15.5139,20,80,110,0.113371,0.116659,4.40069,1.2415,3.24907,3.08864,3.30399
u-shaped,2.5,hopcount,0,2,18.2567,26,68,122,0.113919,0.118303,4.96619,1.25118,3.72772,4.10057,3.97886
u-shaped,2.5,hopcount,0,3,16.775,25,80,110,0.115015,0.113371,4.99786,1.44696,3.42775,3.37705,3.29702
u-shaped,2.5,hopcount,0,4,18.4822,20,64,126,0.114467,0.116659,4.45145,1.22139,4.02603,4.23594,4.31621
u-shaped,2.5,hopcount,0,5,15.8064,24,81,109,0.113371,0.113919,4.87669,1.26955,2.90971,3.35101,3.17217
u-shaped,2.5,hopcount,0,6,19.2939,28,61,129,0.112275,0.113371,5.35859,1.48474,4.01549,4.08325,4.12614
u-shaped,2.5,hopcount,0,7,15.6662,24,88,102,0.113371,0.108987,4.92863,1.21496,3.05058,3.1452,3.10444
u-shaped,2.5,hopcount,0,8,18.7408,22,66,124,0.116111,0.118303,4.59248,1.18857,3.98992,4.80287,3.93255
u-shaped,2.5,hopcount,0,9,15.0328,17,82,108,0.113371,0.113371,4.09616,0.987776,3.09988,3.45718,3.16509
u-shaped,2.5,hopcount,0,10,19.9939,25,61,129,0.116659,0.113919,5.00844,1.46534,4.59752,4.44004,4.25196
u-shaped,2.5,hopcount,0,11,12.9739,21,96,94,0.114467,0.114467,4.57814,1.11323,2.51656,2.27064,2.2664
u-shaped,2.5,hopcount,0,12,19.069,22,61,129,0.117207,0.118851,4.66833,1.34315,4.46139,4.00434,4.35576
u-shaped,2.5,hopcount,0,13,13.8327,19,89,101,0.111727,0.111727,4.3251,0.984128,2.7923,2.85195,2.65577
u-shaped,2.5,hopcount,0,14,16.4974,22,78,112,0.116111,0.118303,4.69425,1.24212,3.26923,3.72392,3.33346
u-shaped,2.5,hopcount,0,15,18.1822,24,70,120,0.116111,0.113919,4.91117,1.32918,4.14313,3.89911,3.66958
u-shaped,2.5,hopcount,0,16,18.6116,19,61,129,0.113919,0.115015,4.34976,1.19223,3.90878,4.78172,4.15018
u-shaped,2.5,hopcount,0,17,19.0024,22,60,130,0.113371,0.116659,4.67727,1.43245,4.0265,4.209,4.42717
u-shaped,2.5,hopcount,0,18,17.1519,17,63,127,0.113919,0.115563,4.05648,1.1794,3.78315,3.81734,4.08604
u-shaped,2.5,hopcount,0,19,15.3807,20,82,108,0.112823,0.119399,4.40663,1.07026,3.07622,3.55852,3.03686
u-shaped,2.5,lqi,0,0,18.9576,19,53,137,0.115563,0.113919,4.34592,1.25442,3.96788,4.4302,4.72966
u-shaped,2.5,lqi,0,1,21.2898,22,46,144,0.113371,0.116111,4.63675,1.29183,4.57137,5.33151,5.22883
u-shaped,2.5,lqi,0,2,16.0715,19,71,119,0.113371,0.118851,4.34904,1.13425,3.22426,3.33377,3.79796
u-shaped,2.5,lqi,0,3,16.789,17,72,118,0.115563,0.113919,4.09233,1.09952,3.58259,3.71363,4.07142
u-shaped,2.5,lqi,0,4,17.782,21,62,128,0.113371,0.117207,4.4609,1.23703,3.65971,3.72676,4.46706
u-shaped,2.5,lqi,0,5,17.4731,21,60,130,0.113371,0.113919,4.427,1.11879,3.85387,3.67947,4.16668
u-shaped,2.5,lqi,0,6,18.6168,19,57,133,0.111727,0.113919,4.23107,1.31939,3.88024,4.35332,4.60717
u-shaped,2.5,lqi,0,7,16.2379,17,67,123,0.112823,0.109535,4.13887,0.945471,3.26887,3.89538,3.76692
u-shaped,2.5,lqi,0,8,16.7896,17,67,123,0.116659,0.118303,4.11117,1.08953,3.44939,3.72298,4.18153
u-shaped,2.5,lqi,0,9,14.2019,22,89,101,0.113371,0.113371,4.64767,1.28213,2.74242,2.4856,2.81732
u-shaped,2.5,lqi,0,10,16.4195,20,71,119,0.117207,0.113919,4.43172,1.19916,3.23895,3.47859,3.83996
u-shaped,2.5,lqi,0,11,17.438,24,67,123,0.114467,0.114467,4.91387,1.3229,3.72584,3.23438,4.01206
u-shaped,2.5,lqi,0,12,17.4988,17,62,128,0.117207,0.118851,4.0072,1.06847,3.63116,4.26998,4.28589
u-shaped,2.5,lqi,0,13,15.4862,20,73,117,0.111727,0.111727,4.43227,1.11293,3.20174,2.98134,3.53445
u-shaped,2.5,lqi,0,14,13.4254,19,91,99,0.116111,0.118303,4.33685,1.31869,2.30791,2.40641,2.82107
u-shaped,2.5,lqi,0,15,17.9843,16,53,137,0.115563,0.114467,4.01348,0.992369,3.87196,4.12114,4.75529
u-shaped,2.5,lqi,0,16,18,30,71,119,0.113919,0.115015,5.47378,1.5535,3.586,3.31306,3.8447
u-shaped,2.5,lqi,0,17,15.4844,18,85,105,0.113371,0.116659,4.21666,1.07494,3.22149,3.15444,3.58682
u-shaped,2.5,lqi,0,18,16.881,21,70,120,0.113919,0.115563,4.58291,1.19312,3.60502,3.37698,3.89354
u-shaped,2.5,lqi,0,19,13.8696,22,91,99,0.113371,0.118851,4.67436,1.31234,2.49588,2.50823,2.6466
u-shaped,2.5,leo,0,0,16.0159,23,85,105,0.115563,0.113919,4.72318,1.37541,3.3754,3.07539,3.23708
u-shaped,2.5,leo,0,1,18.6184,19,60,130,0.113371,0.116659,4.31013,1.12236,4.25897,4.10226,4.59468
u-shaped,2.5,leo,0,2,18.3757,25,65,125,0.113919,0.118303,4.91185,1.37645,3.86504,3.81775,4.17244
u-shaped,2.5,leo,0,3,15.4256,20,80,110,0.115015,0.113371,4.44504,1.1311,3.31941,3.1347,3.16699
u-shaped,2.5,leo,0,4,15.3493,21,91,99,0.114467,0.116659,4.44028,1.25313,3.17714,3.06924,3.17835
u-shaped,2.5,leo,0,5,14.2239,21,90,100,0.113371,0.113919,4.56718,1.17171,2.69348,2.7323,2.8319
u-shaped,2.5,leo,0,6,16.8694,24,76,114,0.112275,0.113371,4.9051,1.25594,3.47912,3.45478,3.54879
u-shaped,2.5,leo,0,7,15.7653,25,79,111,0.113371,0.108987,5.02721,1.31187,3.10251,2.91249,3.18885
u-shaped,2.5,leo,0,8,14.5375,21,99,91,0.116111,0.118303,4.55677,1.17029,2.84574,2.98694,2.74338
u-shaped,2.5,leo,0,9,14.1572,16,86,104,0.113371,0.113371,3.98115,0.972439,2.6858,3.37731,2.91375
u-shaped,2.5,leo,0,10,18.0989,19,67,123,0.116659,0.113919,4.2987,1.29043,4.40655,3.66637,4.20631
u-shaped,2.5,leo,0,11,14.7454,20,93,97,0.114467,0.114467,4.44104,1.18602,2.9328,3.10722,2.84942
u-shaped,2.5,leo,0,12,19.2772,21,55,135,0.117207,0.118851,4.5464,1.31845,4.70708,4.00039,4.46879
u-shaped,2.5,leo,0,13,20.0845,23,48,142,0.111727,0.111727,4.74427,1.28669,4.36247,4.44533,5.02228
u-shaped,2.5,leo,0,14,14.3632,20,93,97,0.116111,0.118303,4.4697,1.1598,2.72626,2.93366,2.83935
u-shaped,2.5,leo,0,15,15.8493,27,88,102,0.116111,0.113919,5.27426,1.4074,3.24839,2.80021,2.88904
u-shaped,2.5,leo,0,16,11.8548,22,111,79,0.113919,0.115015,4.68603,1.1728,2.01084,1.80043,1.95573
u-shaped,2.5,leo,0,17,16.6722,16,69,121,0.113371,0.116659,4.00416,1.10817,3.46113,3.93634,3.9324
u-shaped,2.5,leo,0,18,18.86,18,56,134,0.113919,0.115563,4.17205,1.20945,4.32343,4.30858,4.61702
u-shaped,2.5,leo,0,19,17.117,27,82,108,0.112823,0.119399,5.25217,1.48147,3.43429,3.37198,3.34488
u-shaped,2.625,hopcount,0,0,14.2965,25,103,87,0.105699,0.102959,4.45367,1.39189,2.94116,2.47434,2.82677
u-shaped,2.625,hopcount,0,1,19.8584,19,65,125,0.104603,0.107891,3.82766,1.33777,4.54755,4.48865,5.44429
u-shaped,2.625,hopcount,0,2,17.6699,24,75,115,0.104603,0.106795,4.31116,1.48773,3.7808,3.70303,4.17576
u-shaped,2.625,hopcount,0,3,17.7848,21,76,114,0.104603,0.102411,4.0926,1.36872,4.02164,3.77,4.3248
u-shaped,2.625,hopcount,0,4,23.5528,15,44,146,0.105699,0.104055,3.36648,1.30428,5.78827,5.8212,7.06283
u-shaped,2.625,hopcount,0,5,16.0972,19,88,102,0.109535,0.105151,3.63362,1.21347,3.33621,3.73229,3.9669
u-shaped,2.625,hopcount,0,6,22.2283,16,60,130,0.103507,0.106247,3.46122,1.31649,5.33933,5.46528,6.43623
u-shaped,2.625,hopcount,0,7,15.1242,17,94,96,0.104603,0.102411,3.67461,1.21662,3.28254,3.19117,3.55226
u-shaped,2.625,hopcount,0,8,18.8909,17,75,115,0.105699,0.101863,3.52303,1.27438,4.36742,4.3626,5.15589
u-shaped,2.625,hopcount,0,9,18.179,17,72,118,0.104603,0.102411,3.67988,1.23522,3.96188,4.29426,4.8007
u-shaped,2.625,hopcount,0,10,17.688,18,75,115,0.103507,0.101863,3.59973,1.24632,4.06102,4.0914,4.48419
u-shaped,2.625,hopcount,0,11,15.6564,18,83,107,0.103507,0.106247,3.76534,1.13488,3.23989,3.46943,3.83715
u-shaped,2.625,hopcount,0,12,18.3748,17,80,110,0.107343,0.105699,3.70556,1.17026,4.33967,4.3394,4.60686
u-shaped,2.625,hopcount,0,13,17.2519,18,81,109,0.105151,0.101315,3.75315,1.35866,3.82628,3.7195,4.38781
u-shaped,2.625,hopcount,0,14,16.7877,17,74,116,0.105151,0.102959,3.65032,1.02935,3.69936,3.83247,4.36805
u-shaped,2.625,hopcount,0,15,17.2665,20,77,113,0.107891,0.104603,3.75767,1.2861,3.86653,3.65729,4.48639
u-shaped,2.625,hopcount,0,16,17.2091,15,80,110,0.106247,0.108987,3.4802,1.20897,3.80055,4.00479,4.49932
u-shaped,2.625,hopcount,0,17,15.8489,15,86,104,0.101863,0.106247,3.5044,1.06076,3.64494,3.3813,4.04935
u-shaped,2.625,hopcount,0,18,15.2713,15,90,100,0.108439,0.105699,3.53032,1.1823,3.2486,3.26375,3.83222
u-shaped,2.625,hopcount,0,19,16.9509,21,76,114,0.107343,0.108439,3.93154,1.36162,3.65524,3.77161,4.01512
u-shaped,2.625,lqi,0,0,22.953,15,56,134,0.105151,0.102959,3.55487,1.15574,5.36063,5.4792,7.19444
u-shaped,2.625,lqi,0,1,18.4673,19,72,118,0.104603,0.107891,3.90873,1.19453,4.15522,4.02931,4.96704
u-shaped,2.625,lqi,0,2,25.6733,19,42,148,0.104603,0.107343,3.91155,1.4427,6.02663,6.06062,8.01989
u-shaped,2.625,lqi,0,3,19.6074,21,66,124,0.105151,0.102959,3.9743,1.49359,4.21706,4.20066,5.51372
u-shaped,2.625,lqi,0,4,19.8056,14,63,127,0.105699,0.104055,3.44048,1.25693,4.4074,4.61489,5.87614
u-shaped,2.625,lqi,0,5,17.9548,19,76,114,0.107343,0.104055,3.90515,1.3376,3.81931,3.8894,4.79198
u-shaped,2.625,lqi,0,6,20.0866,18,69,121,0.102959,0.106247,3.7801,1.28664,4.46292,4.64943,5.69832
u-shaped,2.625,lqi,0,7,19.7079,19,66,124,0.104603,0.102411,3.87758,1.36833,4.44736,4.21227,5.59531
u-shaped,2.625,lqi,0,8,17.825,17,78,112,0.105151,0.102411,3.72001,1.30366,3.89506,3.68054,5.01811
u-shaped,2.625,lqi,0,9,17.0305,20,80,110,0.104055,0.102959,3.79228,1.23405,3.69197,3.54392,4.56124
u-shaped,2.625,lqi,0,10,23.7902,14,46,144,0.102959,0.102411,3.41004,1.31159,5.47936,6.11634,7.26754
u-shaped,2.625,lqi,0,11,18.2677,16,75,115,0.103507,0.106247,3.63818,1.11536,4.01228,4.17698,5.11512
u-shaped,2.625,lqi,0,12,25.6562,21,41,149,0.107343,0.106247,4.14585,1.42631,6.17932,6.01572,7.67543
u-shaped,2.625,lqi,0,13,18.87,19,67,123,0.105151,0.100219,3.93606,1.19566,4.2115,4.19944,5.12198
u-shaped,2.625,lqi,0,14,14.3817,18,94,96,0.105151,0.102959,3.8207,1.23476,2.86823,2.81636,3.43354
u-shaped,2.625,lqi,0,15,17.9657,21,76,114,0.107891,0.104055,4.08117,1.36637,3.87263,3.66659,4.76698
u-shaped,2.625,lqi,0,16,18.1012,10,72,118,0.105699,0.108439,3.02805,1.082,4.07014,4.28369,5.42318
u-shaped,2.625,lqi,0,17,20.5224,15,54,136,0.101863,0.106795,3.49163,1.16567,4.83476,4.72733,6.09431
u-shaped,2.625,lqi,0,18,17.536,19,68,122,0.107891,0.106247,3.86458,1.24133,3.86276,3.49066,4.86258
u-shaped,2.625,lqi,0,19,20.876,15,59,131,0.106247,0.109535,3.36063,1.17578,4.72511,5.17345,6.22523
u-shaped,2.625,leo,0,0,19.1565,20,82,108,0.105699,0.102959,3.98369,1.29548,4.35708,4.29981,5.01181
u-shaped,2.625,leo,0,1,18.1429,17,75,115,0.104603,0.107891,3.5297,1.2621,4.19668,4.04029,4.90164
u-shaped,2.625,leo,0,2,15.5681,15,83,107,0.104603,0.106795,3.51903,0.989681,3.4798,3.57246,3.79572
u-shaped,2.625,leo,0,3,16.4021,20,81,109,0.104603,0.102411,4.0071,1.25981,3.69372,3.36224,3.8722
u-shaped,2.625,leo,0,4,19.4324,12,58,132,0.105699,0.104055,3.0988,1.08853,4.63117,4.7307,5.67344
u-shaped,2.625,leo,0,5,18.272,21,81,109,0.109535,0.105151,3.86635,1.45597,3.79833,4.26461,4.67204
u-shaped,2.625,leo,0,6,15.5367,14,87,103,0.103507,0.106247,3.21141,1.01372,3.50004,3.64555,3.95621
u-shaped,2.625,leo,0,7,19.6509,20,70,120,0.104603,0.102411,3.83895,1.36956,4.50806,4.3551,5.37224
u-shaped,2.625,leo,0,8,19.7064,14,61,129,0.105699,0.101863,3.43078,1.09989,4.73907,4.57702,5.65211
u-shaped,2.625,leo,0,9,19.2615,17,74,116,0.104603,0.102411,3.63793,1.33921,4.24314,4.41707,5.41715
u-shaped,2.625,leo,0,10,17.7435,18,71,119,0.103507,0.101863,3.6063,1.25276,3.98448,4.1234,4.57121
u-shaped,2.625,leo,0,11,17.7203,17,75,115,0.103507,0.106247,3.72271,1.23495,3.78228,4.13514,4.6355
u-shaped,2.625,leo,0,12,17.9955,16,81,109,0.107343,0.105699,3.61153,1.13561,4.2439,4.27307,4.51832
u-shaped,2.625,leo,0,13,18.1932,19,81,109,0.105151,0.101315,3.94554,1.27435,4.11574,3.98674,4.66439
u-shaped,2.625,leo,0,14,22.2082,20,55,135,0.105151,0.102959,3.91928,1.37525,5.06003,5.21979,6.42574
u-shaped,2.625,leo,0,15,16.4558,20,82,108,0.107891,0.104603,3.77773,1.25535,3.58661,3.47092,4.1527
u-shaped,2.625,leo,0,16,18.9069,17,73,117,0.106247,0.108987,3.70779,1.3311,4.24726,4.36252,5.04301
u-shaped,2.625,leo,0,17,15.7348,16,86,104,0.101863,0.106247,3.66933,1.15515,3.47498,3.45103,3.77623
u-shaped,2.625,leo,0,18,15.2856,17,89,101,0.108439,0.105699,3.71073,1.1922,3.19543,3.2287,3.74439
u-shaped,2.625,leo,0,19,21.4405,17,55,135,0.107343,0.108439,3.73586,1.33886,5.04849,5.1429,5.95864
u-shaped,3,hopcount,0,0,13.2274,10,108,82,0.0876153,0.0848753,1.78739,0.716176,3.12082,2.99489,4.43562
u-shaped,3,hopcount,0,1,17.6933,5,103,87,0.0859713,0.0848753,1.95642,0.780475,3.99441,4.31527,6.47589
u-shaped,3,hopcount,0,2,12.4368,2,111,79,0.0865193,0.0865193,1.5471,0.371938,2.86241,3.14821,4.33404
u-shaped,3,hopcount,0,3,11.605,5,110,80,0.0854233,0.0854233,1.91599,0.555611,2.58459,2.53508,3.84286
u-shaped,3,hopcount,0,4,13.1486,8,102,88,0.0865193,0.0848753,1.69813,0.810328,3.00253,2.93292,4.53327
u-shaped,3,hopcount,0,5,13.529,8,104,86,0.0870673,0.0843273,1.6289,0.670509,3.1795,3.17124,4.70746
u-shaped,3,hopcount,0,6,14.3419,5,101,89,0.0870673,0.0854233,1.63839,0.604226,3.4725,3.32792,5.12641
u-shaped,3,hopcount,0,7,10.8816,8,116,74,0.0865193,0.0865193,1.72001,0.606758,2.43058,2.41698,3.53426
u-shaped,3,hopcount,0,8,13.3404,7,102,88,0.0865193,0.0854233,1.5719,0.621893,3.12711,3.10542,4.74211
u-shaped,3,hopcount,0,9,12.632,9,108,82,0.0854233,0.0870673,1.70032,0.776052,2.91006,2.6956,4.37743
u-shaped,3,hopcount,0,10,20.3251,9,76,114,0.0865193,0.0876153,2.07718,0.953944,4.95576,4.73858,7.42553
u-shaped,3,hopcount,0,11,18.6816,6,91,99,0.0876153,0.0870673,1.93239,0.830696,4.46281,4.39533,6.88573
u-shaped,3,hopcount,0,12,10.5536,6,142,48,0.0876153,0.0859713,1.49832,0.5616,2.36236,2.2606,3.69719
u-shaped,3,hopcount,0,13,12.7056,5,112,78,0.0870673,0.0837793,1.8282,0.466599,2.90931,2.96168,4.369
u-shaped,3,hopcount,0,14,16.565,10,90,100,0.0859713,0.0865193,2.06883,0.884374,4.02584,3.6428,5.77069
u-shaped,3,hopcount,0,15,12.0909,7,106,84,0.0870673,0.0865193,1.84532,0.703063,2.66269,2.72487,3.98142
u-shaped,3,hopcount,0,16,11.34,6,116,74,0.0859713,0.0854233,1.48517,0.450577,2.62553,2.72941,3.87795
u-shaped,3,hopcount,0,17,7.77627,3,131,59,0.0870673,0.0865193,1.56186,0.288915,1.61753,1.77133,2.36304
u-shaped,3,hopcount,0,18,14.7174,3,91,99,0.0848753,0.0859713,1.34822,0.487932,3.59231,3.6467,5.47144
u-shaped,3,hopcount,0,19,10.9354,5,119,71,0.0848753,0.0859713,1.49157,0.421441,2.61099,2.4578,3.78278
u-shaped,3,lqi,0,0,14.6071,8,100,90,0.0876153,0.0848753,1.73148,0.678311,3.51496,3.24585,5.26403
u-shaped,3,lqi,0,1,17.1198,6,103,87,0.0859713,0.0848753,1.8005,0.689102,3.92945,4.12298,6.40691
u-shaped,3,lqi,0,2,14.3389,4,102,88,0.0865193,0.0865193,1.5054,0.535622,3.3827,3.4535,5.28865
u-shaped,3,lqi,0,3,11.605,5,110,80,0.0854233,0.0854233,1.91599,0.555611,2.58459,2.53508,3.84286
u-shaped,3,lqi,0,4,13.1486,8,102,88,0.0865193,0.0848753,1.69813,0.810328,3.00253,2.93292,4.53327
u-shaped,3,lqi,0,5,13.4692,8,104,86,0.0870673,0.0843273,1.65715,0.631379,3.16721,3.14841,4.69363
u-shaped,3,lqi,0,6,14.3419,5,101,89,0.0870673,0.0854233,1.63839,0.604226,3.4725,3.32792,5.12641
u-shaped,3,lqi,0,7,10.8816,8,116,74,0.0865193,0.0865193,1.72001,0.606758,2.43058,2.41698,3.53426
u-shaped,3,lqi,0,8,16.8217,4,91,99,0.0865193,0.0854233,1.55296,0.747673,3.90178,4.12577,6.32152
u-shaped,3,lqi,0,9,10.835,11,117,73,0.0854233,0.0870673,1.92986,0.912753,2.45988,1.96342,3.39659
u-shaped,3,lqi,0,10,10.644,7,109,81,0.0865193,0.0876153,1.683,0.635176,2.43685,2.27251,3.44234
u-shaped,3,lqi,0,11,13.2512,3,101,89,0.0876153,0.0870673,1.56426,0.41326,3.141,3.20076,4.75725
u-shaped,3,lqi,0,12,19.2924,4,92,98,0.0876153,0.0859713,1.83714,0.937922,4.60283,4.59112,7.14982
u-shaped,3,lqi,0,13,15.135,3,97,93,0.0870673,0.0837793,1.6555,0.408915,3.56427,3.72709,5.60835
u-shaped,3,lqi,0,14,17.627,6,79,111,0.0859713,0.0865193,1.71415,0.676119,4.34672,4.22325,6.49428
u-shaped,3,lqi,0,15,20.5645,4,72,118,0.0870673,0.0865193,1.52235,0.600599,5.11207,5.17429,7.9816
u-shaped,3,lqi,0,16,11.3656,5,111,79,0.0859713,0.0854233,1.61651,0.484983,2.65153,2.56758,3.87364
u-shaped,3,lqi,0,17,8.65562,3,132,58,0.0870673,0.0865193,1.78756,0.43291,1.77228,1.7834,2.70589
u-shaped,3,lqi,0,18,14.7174,3,91,99,0.0848753,0.0859713,1.34822,0.487932,3.59231,3.6467,5.47144
u-shaped,3,lqi,0,19,10.9354,5,119,71,0.0848753,0.0859713,1.49157,0.421441,2.61099,2.4578,3.78278
u-shaped,3,leo,0,0,12.9092,10,108,82,0.0876153,0.0848753,1.74076,0.788447,2.98339,2.94632,4.2778
u-shaped,3,leo,0,1,17.6933,5,103,87,0.0859713,0.0848753,1.95642,0.780475,3.99441,4.31527,6.47589
u-shaped,3,leo,0,2,12.4368,2,111,79,0.0865193,0.0865193,1.5471,0.371938,2.86241,3.14821,4.33404
u-shaped,3,leo,0,3,11.605,5,110,80,0.0854233,0.0854233,1.91599,0.555611,2.58459,2.53508,3.84286
u-shaped,3,leo,0,4,13.1486,8,102,88,0.0865193,0.0848753,1.69813,0.810328,3.00253,2.93292,4.53327
u-shaped,3,leo,0,5,13.529,8,104,86,0.0870673,0.0843273,1.6289,0.670509,3.1795,3.17124,4.70746
u-shaped,3,leo,0,6,14.3419,5,101,89,0.0870673,0.0854233,1.63839,0.604226,3.4725,3.32792,5.12641
u-shaped,3,leo,0,7,10.8816,8,116,74,0.0865193,0.0865193,1.72001,0.606758,2.43058,2.41698,3.53426
u-shaped,3,leo,0,8,13.3404,7,102,88,0.0865193,0.0854233,1.5719,0.621893,3.12711,3.10542,4.74211
u-shaped,3,leo,0,9,15.5493,9,100,90,0.0854233,0.0870673,1.77774,0.751679,3.75502,3.44613,5.64625
u-shaped,3,leo,0,10,20.3251,9,76,114,0.0865193,0.0876153,2.07718,0.953944,4.95576,4.73858,7.42553
u-shaped,3,leo,0,11,18.6816,6,91,99,0.0876153,0.0870673,1.93239,0.830696,4.46281,4.39533,6.88573
u-shaped,3,leo,0,12,10.5536,6,142,48,0.0876153,0.0859713,1.49832,0.5616,2.36236,2.2606,3.69719
u-shaped,3,leo,0,13,9.84747,5,122,68,0.0870673,0.0837793,1.94807,0.480599,2.06188,2.10605,3.08002
u-shaped,3,leo,0,14,16.565,10,90,100,0.0859713,0.0865193,2.06883,0.884374,4.02584,3.6428,5.77069
u-shaped,3,leo,0,15,12.0909,7,106,84,0.0870673,0.0865193,1.84532,0.703063,2.66269,2.72487,3.98142
u-shaped,3,leo,0,16,11.34,6,116,74,0.0859713,0.0854233,1.48517,0.450577,2.62553,2.72941,3.87795
u-shaped,3,leo,0,17,7.77627,3,131,59,0.0870673,0.0865193,1.56186,0.288915,1.61753,1.77133,2.36304
u-shaped,3,leo,0,18,14.7174,3,91,99,0.0848753,0.0859713,1.34822,0.487932,3.59231,3.6467,5.47144
u-shaped,3,leo,0,19,10.9354,5,119,71,0.0848753,0.0859713,1.49157,0.421441,2.61099,2.4578,3.78278
line,2,hopcount,0,0,15.8807,19,57,133,0.177487,0.173651,6.67218,0.610527,3.00614,3.31482,1.92585
line,2,hopcount,0,1,18.3983,16,29,161,0.175843,0.176391,6.07177,0.616378,3.46956,4.93446,2.95392
line,2,hopcount,0,2,16.3616,17,41,149,0.175843,0.176939,6.29748,0.65488,2.87052,3.70858,2.47736
line,2,hopcount,0,3,16.234,17,43,147,0.168719,0.175295,6.28652,0.63797,3.2479,3.45005,2.26758
line,2,hopcount,0,4,16.4219,16,45,145,0.174199,0.168171,6.07999,0.683166,3.15125,3.83805,2.32703
line,2,hopcount,0,5,15.4226,13,51,139,0.171459,0.174747,5.57547,0.538777,2.52801,4.09951,2.33466
line,2,hopcount,0,6,14.7875,6,41,149,0.179679,0.177487,4.38293,0.367917,3.13649,4.05911,2.48392
line,2,hopcount,0,7,15.8039,17,44,146,0.174747,0.173651,6.26679,0.606554,2.70136,3.56491,2.3159
line,2,hopcount,0,8,15.7775,17,50,140,0.175843,0.177487,6.28981,0.59951,2.65049,3.77914,2.10525
line,2,hopcount,0,9,16.6851,19,51,139,0.178035,0.171459,6.62779,0.648991,3.11861,3.75907,2.18115
line,2,hopcount,0,10,16.2901,20,50,140,0.173651,0.177487,6.83487,0.658606,2.63012,3.8073,2.00805
line,2,hopcount,0,11,18.115,22,38,152,0.173103,0.173651,7.12847,0.71637,3.12222,4.16274,2.63849
line,2,hopcount,0,12,14.5797,15,55,135,0.173103,0.180775,5.93154,0.611046,2.30684,3.29661,2.07983
line,2,hopcount,0,13,17.0184,22,47,143,0.173651,0.172007,7.13724,0.757354,2.93515,3.64553,2.19745
line,2,hopcount,0,14,14.0586,15,53,137,0.178583,0.176939,5.90743,0.535059,2.53053,2.75612,1.97392
line,2,hopcount,0,15,18.4979,22,35,155,0.177487,0.177487,7.21012,0.702422,3.06995,4.56198,2.59843
line,2,hopcount,0,16,14.0475,12,56,134,0.175295,0.180227,5.35689,0.531421,2.63339,3.12268,2.04757
line,2,hopcount,0,17,12.3051,12,77,113,0.169267,0.172007,5.41497,0.506839,1.81536,2.5958,1.63088
line,2,hopcount,0,18,16.5686,21,52,138,0.175295,0.169267,7.00743,0.675456,2.59394,3.70528,2.24198
line,2,hopcount,0,19,15.7134,18,46,144,0.177487,0.171459,6.45907,0.66693,2.58923,3.34349,2.30574
line,2,lqi,0,0,14.7825,13,39,151,0.177487,0.173651,5.61219,0.523331,2.63048,2.97463,2.69077
line,2,lqi,0,1,15.3422,12,39,151,0.175843,0.176391,5.41771,0.524865,2.6301,3.67429,2.74297
line,2,lqi,0,2,14.8753,11,32,158,0.175843,0.176939,5.24735,0.516416,2.71228,3.15825,2.88818
line,2,lqi,0,3,14.3376,10,37,153,0.168719,0.175295,5.09178,0.471125,2.79986,3.02865,2.60221
line,2,lqi,0,4,14.7504,13,40,150,0.174199,0.168171,5.57054,0.532715,2.59835,3.08145,2.62499
line,2,lqi,0,5,14.8599,11,40,150,0.171459,0.174747,5.22379,0.459487,2.61171,3.42762,2.79109
line,2,lqi,0,6,14.8617,12,36,154,0.179679,0.177487,5.41333,0.487181,2.84116,2.93897,2.82386
line,2,lqi,0,7,15.2244,14,40,150,0.174747,0.173651,5.76173,0.54319,2.65528,3.22374,2.69206
line,2,lqi,0,8,12.5787,10,59,131,0.175843,0.177487,5.05068,0.493207,2.20644,2.36668,2.10834
line,2,lqi,0,9,14.5469,11,36,154,0.178035,0.171459,5.2468,0.507386,2.68418,3.09861,2.66044
line,2,lqi,0,10,15.7949,12,29,161,0.173651,0.177487,5.42155,0.522633,2.87427,3.67698,2.94831
line,2,lqi,0,11,14.2732,10,36,154,0.173103,0.173651,5.07206,0.418635,2.63974,2.96427,2.8317
line,2,lqi,0,12,14.3106,9,38,152,0.173103,0.180775,4.89128,0.491842,2.74923,3.06889,2.75548
line,2,lqi,0,13,13.1089,11,57,133,0.173651,0.172007,5.21885,0.468776,2.33958,2.63245,2.10357
line,2,lqi,0,14,13.3838,9,45,145,0.178583,0.176939,4.8858,0.429325,2.43229,2.93086,2.35005
line,2,lqi,0,15,15.07,13,37,153,0.177487,0.177487,5.62479,0.562391,2.77019,3.01274,2.74493
line,2,lqi,0,16,14.5959,12,40,150,0.175295,0.180227,5.36346,0.49478,2.61353,2.96312,2.8055
line,2,lqi,0,17,13.1401,9,54,136,0.169267,0.172007,4.88525,0.468735,2.33635,2.88326,2.22522
line,2,lqi,0,18,14.7299,10,39,151,0.175295,0.169267,5.10658,0.407464,2.697,3.39505,2.77928
line,2,lqi,0,19,13.7941,10,42,148,0.177487,0.171459,5.06822,0.494722,2.5084,2.87023,2.50359
line,2,leo,0,0,15.7007,14,45,145,0.177487,0.173651,5.77104,0.48677,3.09515,3.64876,2.34784
line,2,leo,0,1,15.7999,18,54,136,0.175843,0.176391,6.41085,0.646482,2.70572,3.41677,2.26782
line,2,leo,0,2,15.7712,13,44,146,0.175843,0.176939,5.58534,0.545663,2.82442,3.98171,2.4813
line,2,leo,0,3,14.7977,16,55,135,0.168719,0.175295,6.11232,0.631096,2.73382,2.97004,2.00644
line,2,leo,0,4,15.984,13,39,151,0.174199,0.168171,5.56616,0.61284,3.18291,3.7862,2.49353
line,2,leo,0,5,15.3709,14,44,146,0.171459,0.174747,5.74036,0.519396,2.65206,3.80879,2.30407
line,2,leo,0,6,17.3397,14,32,158,0.179679,0.177487,5.75186,0.599897,3.35217,4.49006,2.78856
line,2,leo,0,7,14.1663,10,49,141,0.174747,0.173651,5.0452,0.451399,2.63862,3.3237,2.35902
line,2,leo,0,8,15.027,15,52,138,0.175843,0.177487,5.89647,0.58462,2.54385,3.45707,2.19161
line,2,leo,0,9,14.2758,16,61,129,0.178035,0.171459,6.10848,0.574667,2.36188,3.08986,1.79139
line,2,leo,0,10,15.5156,17,53,137,0.173651,0.177487,6.30351,0.649818,2.58001,3.5769,2.0542
line,2,leo,0,11,15.251,19,50,140,0.173103,0.173651,6.61026,0.611516,2.56189,3.05942,2.06118
line,2,leo,0,12,15.0231,17,52,138,0.173103,0.180775,6.26131,0.599855,2.50271,3.15179,2.15356
line,2,leo,0,13,16.1317,16,47,143,0.173651,0.172007,6.09643,0.600665,2.90489,3.68258,2.50148
line,2,leo,0,14,13.7039,14,55,135,0.178583,0.176939,5.73268,0.525852,2.41693,2.6812,1.99174
line,2,leo,0,15,14.6263,17,58,132,0.177487,0.177487,6.30077,0.60498,2.5516,2.84373,1.9702
line,2,leo,0,16,14.9034,16,53,137,0.175295,0.180227,6.05423,0.595093,2.78588,3.01042,2.10225
line,2,leo,0,17,16.0698,16,41,149,0.169267,0.172007,6.09095,0.626263,3.01248,3.56314,2.43571
line,2,leo,0,18,14.7382,13,51,139,0.175295,0.169267,5.63246,0.516685,2.33307,3.72755,2.18384
line,2,leo,0,19,15.9559,16,39,151,0.177487,0.171459,6.10026,0.624471,2.80198,3.55085,2.52935
line,2.25,hopcount,0,0,20.4516,19,34,156,0.134743,0.131455,5.03037,0.979646,4.52334,5.2687,4.38334
line,2.25,hopcount,0,1,18.2959,12,46,144,0.130359,0.138031,4.10471,0.861429,3.92153,5.09415,4.0457
line,2.25,hopcount,0,2,18.5176,25,57,133,0.130907,0.135291,5.8328,1.26249,3.56366,4.17677,3.41571
line,2.25,hopcount,0,3,17.8352,21,53,137,0.132551,0.135839,5.26917,1.06468,4.07355,3.77523,3.3842
line,2.25,hopcount,0,4,15.898,19,63,127,0.134195,0.134743,5.04298,0.960028,3.08712,3.57075,2.96817
line,2.25,hopcount,0,5,18.0139,20,54,136,0.129811,0.132551,5.20348,1.00535,3.68748,4.339,3.51622
line,2.25,hopcount,0,6,18.6554,21,48,142,0.133647,0.133099,5.3448,1.01193,3.87601,4.54114,3.61473
line,2.25,hopcount,0,7,18.062,24,55,135,0.134743,0.130907,5.6871,1.02748,3.55764,4.04318,3.48098
line,2.25,hopcount,0,8,16.2403,19,53,137,0.133099,0.140771,5.05887,0.856638,3.42732,3.27821,3.3454
line,2.25,hopcount,0,9,18.4881,22,56,134,0.130359,0.129263,5.43899,1.02407,3.75651,4.45514,3.55381
line,2.25,hopcount,0,10,18.1913,19,54,136,0.133099,0.134195,5.06983,0.992762,3.85243,4.44554,3.56347
line,2.25,hopcount,0,11,14.8687,19,76,114,0.132551,0.135291,5.0627,0.928291,3.00361,2.8889,2.7173
line,2.25,hopcount,0,12,14.9109,17,68,122,0.133099,0.139127,4.78335,0.848439,3.00447,3.17383,2.82854
line,2.25,hopcount,0,13,16.9463,26,69,121,0.132003,0.132003,5.96042,1.00323,3.24837,3.76527,2.70499
line,2.25,hopcount,0,14,13.4294,17,77,113,0.131455,0.136935,4.75431,0.852374,2.51005,2.50541,2.53883
line,2.25,hopcount,0,15,17.518,21,60,130,0.134743,0.133099,5.29602,1.01098,3.36251,4.24854,3.33211
line,2.25,hopcount,0,16,16.4493,15,59,131,0.136387,0.133647,4.51222,0.809019,3.4309,4.12789,3.29927
line,2.25,hopcount,0,17,17.4761,20,64,126,0.130359,0.135839,5.18704,0.958504,3.32628,4.62045,3.1176
line,2.25,hopcount,0,18,16.0905,17,68,122,0.137483,0.135291,4.80308,0.898338,3.2099,3.96607,2.9403
line,2.25,hopcount,0,19,15.8162,20,72,118,0.134195,0.130907,5.19526,0.979865,3.1057,3.53037,2.7399
line,2.25,lqi,0,0,14.118,15,74,116,0.134743,0.131455,4.5062,0.877352,2.6322,3.01465,2.82139
line,2.25,lqi,0,1,15.4297,17,64,126,0.130359,0.138031,4.76746,0.880601,2.90296,3.49735,3.11288
line,2.25,lqi,0,2,17.6527,20,55,135,0.130907,0.135291,5.198,1.00166,3.72393,3.71902,3.74386
line,2.25,lqi,0,3,15.1796,21,70,120,0.132551,0.135839,5.24616,0.991355,2.81116,3.07888,2.78367
line,2.25,lqi,0,4,14.7918,22,68,122,0.134195,0.134743,5.46474,1.11248,2.85976,2.2948,2.79108
line,2.25,lqi,0,5,17.676,20,53,137,0.129811,0.132551,5.17772,1.01825,3.5315,4.07832,3.60785
line,2.25,lqi,0,6,17.0728,15,52,138,0.133647,0.133099,4.52976,0.881167,3.51347,3.99319,3.88844
line,2.25,lqi,0,7,16.7928,21,58,132,0.134743,0.130907,5.32178,1.05402,3.34954,3.56522,3.23662
line,2.25,lqi,0,8,15.1897,20,59,131,0.133099,0.140771,5.17991,0.924066,2.99441,2.70054,3.11691
line,2.25,lqi,0,9,14.908,16,60,130,0.130359,0.129263,4.64642,0.815934,3.01179,2.97579,3.1984
line,2.25,lqi,0,10,16.4474,20,56,134,0.133099,0.134195,5.16676,0.952724,3.21424,3.35088,3.49554
line,2.25,lqi,0,11,13.5949,16,76,114,0.132551,0.135291,4.67272,0.806057,2.64416,2.42302,2.78111
line,2.25,lqi,0,12,13.2997,15,70,120,0.133099,0.139127,4.50784,0.827004,2.72513,2.47101,2.49646
line,2.25,lqi,0,13,17.9682,21,50,140,0.132003,0.132003,5.33055,1.09052,3.48021,3.91954,3.88339
line,2.25,lqi,0,14,16.8053,16,50,140,0.131455,0.136935,4.63546,0.896115,3.47211,3.66858,3.86468
line,2.25,lqi,0,15,14.4905,18,71,119,0.134743,0.133099,4.91207,0.935584,2.58096,2.85422,2.93984
line,2.25,lqi,0,16,13.7439,16,79,111,0.136387,0.133647,4.65245,0.90852,2.46065,2.68623,2.76602
line,2.25,lqi,0,17,12.9794,14,73,117,0.130359,0.135839,4.37748,0.702408,2.23922,2.81436,2.57977
line,2.25,lqi,0,18,17.3246,16,44,146,0.137483,0.135291,4.64697,0.893138,3.55661,4.00929,3.94584
line,2.25,lqi,0,19,15.5801,16,62,128,0.134195,0.130907,4.66012,0.86104,2.9894,3.46747,3.33698
line,2.25,leo,0,0,15.963,19,65,125,0.134743,0.131455,5.02873,0.955025,3.28809,3.46538,2.95957
line,2.25,leo,0,1,17.1589,19,59,131,0.130359,0.138031,5.03311,1.00447,3.43896,4.0168,3.3972
line,2.25,leo,0,2,15.1893,19,76,114,0.130907,0.135291,5.05448,1.11258,2.74269,3.32381,2.68954
line,2.25,leo,0,3,14.0556,17,82,108,0.132551,0.135839,4.75157,0.891214,2.78348,2.86614,2.49483
line,2.25,leo,0,4,16.5703,19,61,129,0.134195,0.134743,5.03256,1.02164,3.1227,3.85469,3.26977
line,2.25,leo,0,5,16.3589,19,62,128,0.129811,0.132551,5.05996,1.01778,3.12834,3.62286,3.26755
line,2.25,leo,0,6,15.8839,19,66,124,0.133647,0.133099,5.07312,0.915489,3.2198,3.50408,2.9047
line,2.25,leo,0,7,16.3447,18,66,124,0.134743,0.130907,4.92139,0.959024,3.00929,4.11723,3.07217
line,2.25,leo,0,8,14.2459,19,71,119,0.133099,0.140771,5.05503,0.870398,2.74614,2.82878,2.47171
line,2.25,leo,0,9,15.2126,22,75,115,0.130359,0.129263,5.43679,0.921757,2.8223,3.23889,2.5332
line,2.25,leo,0,10,13.2056,15,87,103,0.133099,0.134195,4.52044,0.818416,2.38984,3.01991,2.18967
line,2.25,leo,0,11,20.0694,17,41,149,0.132551,0.135291,4.79431,0.954516,4.85486,4.56739,4.63047
line,2.25,leo,0,12,16.8493,19,57,133,0.133099,0.139127,5.04024,0.900583,3.69393,3.75592,3.18641
line,2.25,leo,0,13,16.1432,19,68,122,0.132003,0.132003,5.04243,0.828598,3.3663,3.79366,2.84823
line,2.25,leo,0,14,15.8367,16,60,130,0.131455,0.136935,4.64861,0.82309,3.20479,3.49135,3.40051
line,2.25,leo,0,15,14.4049,19,79,111,0.134743,0.133099,5.05613,1.05774,2.39776,3.10012,2.52531
line,2.25,leo,0,16,14.9369,22,80,110,0.136387,0.133647,5.43953,1.07105,2.8096,2.95971,2.38693
line,2.25,leo,0,17,17.1672,21,62,128,0.130359,0.135839,5.32507,1.0694,3.14121,4.14456,3.22074
line,2.25,leo,0,18,19.0951,13,43,147,0.137483,0.135291,4.24805,0.798883,4.3545,5.20054,4.22033
line,2.25,leo,0,19,15.7863,19,73,117,0.134195,0.130907,5.05448,0.922142,3.23896,3.53294,2.77269
line,2.5,hopcount,0,0,20.1924,25,60,130,0.110083,0.107891,4.67515,1.51716,4.35674,4.71347,4.7119
line,2.5,hopcount,0,1,21.8749,27,57,133,0.108439,0.109535,4.99482,1.76714,4.79195,4.951,5.15205
line,2.5,hopcount,0,2,16.6834,21,79,111,0.109535,0.111179,4.38799,1.39062,3.41113,3.77911,3.49384
line,2.5,hopcount,0,3,20.3223,29,64,126,0.112275,0.108439,5.20824,1.66793,4.22057,4.4636,4.54129
line,2.5,hopcount,0,4,18.8718,25,74,116,0.110083,0.113371,4.81407,1.50697,4.2049,4.05305,4.06932
line,2.5,hopcount,0,5,16.98,21,80,110,0.110083,0.108987,4.37593,1.37931,3.37518,3.53375,4.09671
line,2.5,hopcount,0,6,20.4581,20,58,132,0.108987,0.107343,4.23301,1.45899,4.67492,4.55811,5.31678
line,2.5,hopcount,0,7,22.4242,26,52,138,0.107343,0.103507,4.76993,1.47246,5.23732,5.49657,5.23712
line,2.5,hopcount,0,8,16.2933,19,83,107,0.110083,0.109535,4.12625,1.17204,3.64633,3.64566,3.48343
line,2.5,hopcount,0,9,18.303,29,75,115,0.107891,0.108987,5.19551,1.71232,3.44607,3.61919,4.11302
line,2.5,hopcount,0,10,19.7657,21,60,130,0.111179,0.108987,4.1836,1.34086,4.55159,4.73305,4.73646
line,2.5,hopcount,0,11,16.1015,21,91,99,0.107891,0.110083,4.21808,1.49218,3.53177,3.1801,3.46141
line,2.5,hopcount,0,12,16.952,18,80,110,0.114467,0.111727,4.02869,1.25594,4.15236,3.59552,3.69328
line,2.5,hopcount,0,13,18.3473,17,67,123,0.108439,0.105699,3.92282,1.08704,4.2183,4.45726,4.44774
line,2.5,hopcount,0,14,14.8389,21,90,100,0.111179,0.111727,4.38251,1.1683,3.09061,2.94395,3.03062
line,2.5,hopcount,0,15,17.899,21,70,120,0.112275,0.110631,4.35135,1.20489,4.1425,4.14138,3.83596
line,2.5,hopcount,0,16,17.7902,22,78,112,0.108439,0.111727,4.4339,1.38064,3.58684,4.20189,3.96674
line,2.5,hopcount,0,17,16.2623,20,80,110,0.107343,0.110631,4.27061,1.26149,3.46914,3.43393,3.60918
line,2.5,hopcount,0,18,17.9573,19,73,117,0.109535,0.109535,4.0991,1.29008,3.70743,4.33194,4.30973
line,2.5,hopcount,0,19,20.2551,20,56,134,0.108439,0.115563,4.28393,1.37218,4.38265,4.87337,5.11899
line,2.5,lqi,0,0,18.5244,19,64,126,0.110083,0.107891,4.16563,1.3804,3.96024,4.15384,4.64628
line,2.5,lqi,0,1,18.5108,19,65,125,0.108439,0.108987,4.09632,1.28914,3.85286,4.396,4.65909
line,2.5,lqi,0,2,18.5291,21,64,126,0.108987,0.111727,4.30215,1.45714,3.84813,4.03596,4.665
line,2.5,lqi,0,3,20.1077,24,69,121,0.112275,0.108987,4.54429,1.48022,4.12395,4.70508,5.03287
line,2.5,lqi,0,4,21.1351,23,47,143,0.108987,0.113919,4.595,1.50404,4.5571,4.72292,5.53312
line,2.5,lqi,0,5,18.5177,20,65,125,0.110083,0.108987,4.24612,1.37848,4.08905,3.83032,4.75471
line,2.5,lqi,0,6,17.2332,21,73,117,0.108439,0.107891,4.36063,1.43613,3.52638,3.70403,3.98965
line,2.5,lqi,0,7,20.4874,25,58,132,0.108439,0.104055,4.79674,1.60355,4.39252,4.01638,5.46575
line,2.5,lqi,0,8,16.8147,20,75,115,0.110631,0.109535,4.27609,1.29234,3.48883,3.40332,4.13397
line,2.5,lqi,0,9,18.1042,22,61,129,0.107891,0.108987,4.44276,1.34613,3.81056,3.88994,4.39795
line,2.5,lqi,0,10,18.7714,25,68,122,0.111727,0.108987,4.73477,1.47496,3.79958,3.8479,4.69344
line,2.5,lqi,0,11,18.7093,18,65,125,0.107891,0.110083,4.05555,1.15109,4.03142,4.51128,4.74197
line,2.5,lqi,0,12,22.0073,22,41,149,0.114467,0.111727,4.47615,1.42161,4.91614,4.95356,6.01365
line,2.5,lqi,0,13,22.7251,20,41,149,0.108439,0.105699,4.20897,1.40352,5.24331,5.64976,6.00542
line,2.5,lqi,0,14,19.8747,21,49,141,0.111179,0.111727,4.37867,1.27846,4.49605,4.08791,5.41073
line,2.5,lqi,0,15,17.6748,20,73,117,0.111727,0.111179,4.15214,1.29547,3.90846,3.76968,4.32611
line,2.5,lqi,0,16,19.5115,18,57,133,0.108439,0.111727,3.991,1.38127,4.05314,4.96394,4.90202
line,2.5,lqi,0,17,21.3247,23,52,138,0.107343,0.110631,4.55326,1.53727,4.87418,4.62025,5.52181
line,2.5,lqi,0,18,18.8446,16,58,132,0.109535,0.109535,3.79018,1.21836,4.18482,4.40022,5.03195
line,2.5,lqi,0,19,18.7795,17,60,130,0.108987,0.115015,3.9482,1.20142,3.88865,4.55487,4.96233
line,2.5,leo,0,0,16.8516,24,76,114,0.110083,0.107891,4.69138,1.41511,3.69997,3.12957,3.69755
line,2.5,leo,0,1,22.4231,22,44,146,0.108439,0.109535,4.41304,1.57132,5.34749,5.14975,5.72353
line,2.5,leo,0,2,19.4328,18,59,131,0.109535,0.111179,3.98952,1.3147,4.39635,4.65306,4.85841
line,2.5,leo,0,3,19.5782,24,65,125,0.112275,0.108439,4.62886,1.38244,4.23492,4.46594,4.64535
line,2.5,leo,0,4,18.1323,23,68,122,0.110083,0.113371,4.50604,1.45631,4.15467,3.68149,4.11035
line,2.5,leo,0,5,15.7291,25,89,101,0.110083,0.108987,4.78907,1.47719,3.0061,2.98243,3.25523
line,2.5,leo,0,6,19.0023,25,67,123,0.108987,0.107343,4.79763,1.74037,4.12717,3.61082,4.50995
line,2.5,leo,0,7,20.1306,27,61,129,0.107343,0.103507,4.89077,1.5457,4.56855,4.02086,4.89386
line,2.5,leo,0,8,18.5876,20,67,123,0.110083,0.109535,4.27955,1.22682,4.33315,4.15871,4.36978
line,2.5,leo,0,9,17.2489,21,72,118,0.107891,0.108987,4.33402,1.22604,3.37949,3.86475,4.22771
line,2.5,leo,0,10,19.6216,18,63,127,0.111179,0.108987,3.9649,1.16807,4.73804,4.73379,4.79659
line,2.5,leo,0,11,13.6097,18,100,90,0.107891,0.110083,3.89331,1.18714,2.78001,2.66211,2.86917
line,2.5,leo,0,12,20.6381,24,62,128,0.114467,0.111727,4.61427,1.53234,4.97899,4.3879,4.89841
line,2.5,leo,0,13,15.6691,23,89,101,0.108439,0.105699,4.59007,1.40888,3.10006,3.0308,3.32511
line,2.5,leo,0,14,18.2467,26,69,121,0.111179,0.111727,4.90598,1.46201,3.76508,3.79796,4.0928
line,2.5,leo,0,15,15.4774,19,85,105,0.112275,0.110631,4.16584,1.04287,3.35354,3.5792,3.11305
line,2.5,leo,0,16,17.0534,24,82,108,0.108439,0.111727,4.68906,1.47589,3.29325,3.79926,3.57579
line,2.5,leo,0,17,16.9776,18,78,112,0.107343,0.110631,4.06377,1.19796,3.71909,3.52327,4.25557
line,2.5,leo,0,18,16.6831,22,90,100,0.109535,0.109535,4.50191,1.4009,3.26738,3.61888,3.67501
line,2.5,leo,0,19,18.5137,19,71,119,0.108439,0.115563,4.12663,1.33305,4.04743,4.39259,4.38998
line,2.625,hopcount,0,0,18.2761,24,77,113,0.104055,0.100767,4.22607,1.62746,3.97348,3.52835,4.7159
line,2.625,hopcount,0,1,17.1733,16,78,112,0.101315,0.104055,3.24938,1.33525,3.90206,4.00563,4.47559
line,2.625,hopcount,0,2,18.0967,20,80,110,0.101315,0.104055,3.72303,1.50789,4.12345,3.76633,4.77063
line,2.625,hopcount,0,3,18.434,21,83,107,0.100767,0.0963833,3.88055,1.36818,4.04865,4.02734,4.91216
line,2.625,hopcount,0,4,17.3224,16,84,106,0.101315,0.100767,3.40138,1.37219,3.90242,4.02991,4.41446
line,2.625,hopcount,0,5,14.1134,21,107,83,0.105699,0.102959,3.73829,1.47954,2.85435,2.40382,3.42872
line,2.625,hopcount,0,6,16.5932,14,90,100,0.0991233,0.102959,3.35015,1.25855,3.90822,3.43535,4.43884
line,2.625,hopcount,0,7,16.459,18,80,110,0.103507,0.0996713,3.71021,1.31652,3.66307,3.36962,4.19643
line,2.625,hopcount,0,8,18.9114,16,75,115,0.102959,0.0996713,3.32101,1.27188,4.34408,4.3899,5.38188
line,2.625,hopcount,0,9,17.802,16,78,112,0.101863,0.101315,3.15186,1.20465,4.08206,3.98509,5.17511
line,2.625,hopcount,0,10,23.424,15,47,143,0.100219,0.100767,3.27236,1.37914,5.67829,5.7394,7.15379
line,2.625,hopcount,0,11,21.733,19,65,125,0.101863,0.102411,3.70899,1.43301,4.90666,5.22132,6.25878
line,2.625,hopcount,0,12,21.2044,18,67,123,0.100767,0.103507,3.68812,1.3859,4.86516,5.01991,6.04105
line,2.625,hopcount,0,13,17.8722,18,85,105,0.101863,0.0980273,3.44202,1.43456,4.15075,3.78548,4.85952
line,2.625,hopcount,0,14,14.9405,17,89,101,0.100219,0.0991233,3.43722,1.2382,3.24986,3.02713,3.78874
line,2.625,hopcount,0,15,22.9609,15,51,139,0.103507,0.101315,3.34909,1.23986,5.59878,5.42755,7.14084
line,2.625,hopcount,0,16,20.2672,19,78,112,0.103507,0.105151,3.67277,1.47317,4.59553,4.57943,5.73765
line,2.625,hopcount,0,17,19.7434,12,66,124,0.0996713,0.0996713,2.97588,1.1834,4.75018,4.8498,5.78479
line,2.625,hopcount,0,18,15.8459,18,98,92,0.102959,0.101863,3.59165,1.3887,3.43085,3.15888,4.07095
line,2.625,hopcount,0,19,18.408,21,79,111,0.103507,0.106247,3.87768,1.46569,3.86158,4.1215,4.87178
line,2.625,lqi,0,0,26.0915,19,42,148,0.103507,0.100767,3.57188,1.53972,6.26972,6.02329,8.4826
line,2.625,lqi,0,1,17.7595,15,81,109,0.101315,0.104055,3.16793,1.23356,3.90516,4.11188,5.13563
line,2.625,lqi,0,2,25.2901,15,42,148,0.101315,0.104603,3.35145,1.38738,6.07505,6.11251,8.15781
line,2.625,lqi,0,3,17.8622,17,84,106,0.0996713,0.0969313,3.24061,1.32342,4.12988,3.70191,5.26981
line,2.625,lqi,0,4,22.5492,13,49,141,0.101315,0.100767,3.13495,1.3253,5.28391,5.49164,7.11136
line,2.625,lqi,0,5,21.1425,17,57,133,0.103507,0.101863,3.52584,1.49427,4.80659,4.61432,6.49613
line,2.625,lqi,0,6,22.3566,18,64,126,0.100767,0.102959,3.71898,1.60842,4.87549,5.18716,6.76279
line,2.625,lqi,0,7,15.777,18,80,110,0.103507,0.0996713,3.60911,1.42006,3.43498,2.7708,4.33883
line,2.625,lqi,0,8,21.8002,14,49,141,0.102959,0.100219,3.24883,1.19404,5.08268,5.10073,6.97072
line,2.625,lqi,0,9,15.3316,15,89,101,0.101315,0.101863,3.31499,1.1787,3.24724,3.25668,4.13081
line,2.625,lqi,0,10,23.5214,16,54,136,0.0996713,0.101315,3.28016,1.43613,5.55589,5.60293,7.44531
line,2.625,lqi,0,11,22.5399,18,55,135,0.101863,0.102411,3.63862,1.41221,5.17341,5.24437,6.86705
line,2.625,lqi,0,12,17.5904,17,76,114,0.101315,0.103507,3.45615,1.30949,3.81542,3.72998,5.07457
line,2.625,lqi,0,13,18.7427,12,63,127,0.101863,0.0969313,3.00977,1.04923,4.23531,4.49197,5.75763
line,2.625,lqi,0,14,20.6949,13,63,127,0.100219,0.0991233,3.17885,1.13886,4.86595,4.83439,6.47753
line,2.625,lqi,0,15,20.8638,19,61,129,0.103507,0.100767,3.76034,1.62039,4.60562,4.5495,6.12366
line,2.625,lqi,0,16,20.2538,15,68,122,0.102959,0.104603,3.42056,1.32298,4.71132,4.49056,6.10086
line,2.625,lqi,0,17,20.6125,15,61,129,0.0996713,0.0991233,3.16354,1.41859,4.86511,4.66505,6.30143
line,2.625,lqi,0,18,19.8735,20,63,127,0.102411,0.102411,3.76367,1.35779,4.73549,3.96796,5.8438
line,2.625,lqi,0,19,20.8753,12,56,134,0.102411,0.107343,3.1605,1.14419,4.92019,5.06041,6.38022
line,2.625,leo,0,0,17.6486,18,74,116,0.104055,0.100767,3.45471,1.2937,4.00588,3.82192,4.86754
line,2.625,leo,0,1,20.7936,19,66,124,0.101315,0.104055,3.56825,1.56962,4.80055,4.80259,5.84722
line,2.625,leo,0,2,17.9447,18,80,110,0.101315,0.104055,3.49944,1.29123,4.16628,3.95575,4.82662
line,2.625,leo,0,3,17.647,17,82,108,0.100767,0.0963833,3.48663,1.21794,3.86392,3.96499,4.91632
line,2.625,leo,0,4,23.0825,16,52,138,0.101315,0.100767,3.51724,1.42773,5.5725,5.55911,6.80384
line,2.625,leo,0,5,20.2963,19,73,117,0.105699,0.102959,3.51214,1.38022,4.77581,4.49652,5.92299
line,2.625,leo,0,6,12.954,16,114,76,0.0991233,0.102959,3.42908,1.26966,2.69187,2.23852,3.12282
line,2.625,leo,0,7,17.7701,17,75,115,0.103507,0.0996713,3.52706,1.27179,4.08608,3.83001,4.85198
line,2.625,leo,0,8,18.7108,16,77,113,0.102959,0.0996713,3.30407,1.23556,4.33417,4.28563,5.34875
line,2.625,leo,0,9,15.8352,14,92,98,0.101863,0.101315,3.21076,1.20146,3.24915,3.64329,4.32736
line,2.625,leo,0,10,19.4569,21,71,119,0.100219,0.100767,3.75705,1.58562,4.41115,4.15114,5.3509
line,2.625,leo,0,11,18.9419,17,67,123,0.101863,0.102411,3.52622,1.16367,4.38497,4.38572,5.27702
line,2.625,leo,0,12,17.8012,16,80,110,0.100767,0.103507,3.48187,1.33659,3.94501,3.94803,4.88541
line,2.625,leo,0,13,22.2551,16,61,129,0.101863,0.0980273,3.44931,1.23982,5.49751,5.3486,6.51993
line,2.625,leo,0,14,21.7347,17,58,132,0.100219,0.0991233,3.59558,1.21804,5.3608,4.81043,6.55046
line,2.625,leo,0,15,20.2133,15,63,127,0.103507,0.101315,3.31739,1.24295,4.90068,4.6477,5.89974
line,2.625,leo,0,16,19.4105,21,77,113,0.103507,0.105151,3.91799,1.53235,4.45264,4.01347,5.28546
line,2.625,leo,0,17,18.3475,21,75,115,0.0996713,0.0996713,3.85744,1.59694,4.27385,3.52444,4.8955
line,2.625,leo,0,18,12.247,18,111,79,0.102959,0.101863,3.58617,1.24784,2.41801,2.14241,2.64774
line,2.625,leo,0,19,18.7031,19,79,111,0.103507,0.106247,3.76578,1.39774,4.06449,4.03553,5.22977
line,3,hopcount,0,0,13.8411,5,116,74,0.0859713,0.0843273,1.50444,0.45513,3.28318,3.24167,5.1864
line,3,hopcount,0,1,15.3295,3,102,88,0.0859713,0.0859713,1.54361,0.489198,3.64193,3.65196,5.83089
line,3,hopcount,0,2,10.7679,3,119,71,0.0843273,0.0837793,1.50279,0.483,2.47823,2.36005,3.77573
line,3,hopcount,0,3,21.8491,2,71,119,0.0837793,0.0865193,1.43904,0.651237,5.49171,5.33647,8.76038
line,3,hopcount,0,4,20.1118,6,80,110,0.0865193,0.0848753,1.59024,0.763565,4.89093,4.7976,7.89807
line,3,hopcount,0,5,17.7944,2,82,108,0.0848753,0.0848753,1.41556,0.593893,4.30843,4.32337,6.98338
line,3,hopcount,0,6,11.1139,3,110,80,0.0837793,0.0848753,1.41391,0.407611,2.68878,2.51902,3.91589
line,3,hopcount,0,7,12.3056,4,110,80,0.0854233,0.0843273,1.59151,0.555819,2.81494,2.75845,4.41512
line,3,hopcount,0,8,14.4475,5,100,90,0.0832313,0.0870673,1.52776,0.557255,3.556,3.28197,5.35422
line,3,hopcount,0,9,4.99493,8,156,34,0.0837793,0.0848753,1.51646,0.461119,0.97289,0.7024,1.17341
line,3,hopcount,0,10,8.37775,3,118,72,0.0854233,0.0848753,1.25525,0.265978,2.00768,1.91712,2.76142
line,3,hopcount,0,11,6.54862,6,145,45,0.0837793,0.0826833,1.53121,0.453108,1.27027,1.22661,1.90096
line,3,hopcount,0,12,15.3293,3,99,91,0.0859713,0.0859713,1.49499,0.572181,3.68763,3.62465,5.77789
line,3,hopcount,0,13,14.157,1,104,86,0.0854233,0.0826833,1.55179,0.345373,3.41124,3.39741,5.28304
line,3,hopcount,0,14,10.1165,4,128,62,0.0843273,0.0859713,1.64012,0.500249,2.19322,2.19267,3.41995
line,3,hopcount,0,15,16.8945,4,93,97,0.0859713,0.0854233,1.56857,0.585503,4.07098,3.98674,6.5113
line,3,hopcount,0,16,11.1832,7,114,76,0.0859713,0.0848753,1.5356,0.712927,2.55842,2.3482,3.85724
line,3,hopcount,0,17,11.8846,1,113,77,0.0848753,0.0848753,1.26875,0.318051,2.81238,2.91145,4.40424
line,3,hopcount,0,18,11.7164,3,101,89,0.0876153,0.0854233,1.34434,0.330238,2.80886,2.91275,4.14716
line,3,hopcount,0,19,13.0379,6,100,90,0.0865193,0.0848753,1.46801,0.60878,3.12287,2.93414,4.73266
line,3,lqi,0,0,9.97381,4,116,74,0.0859713,0.0843273,1.39954,0.352627,2.33674,2.31415,3.40047
line,3,lqi,0,1,15.3295,3,102,88,0.0859713,0.0859713,1.54361,0.489198,3.64193,3.65196,5.83089
line,3,lqi,0,2,10.7679,3,119,71,0.0843273,0.0837793,1.50279,0.483,2.47823,2.36005,3.77573
line,3,lqi,0,3,15.721,1,91,99,0.0837793,0.0865193,1.35927,0.416927,3.80957,3.92118,6.04374
line,3,lqi,0,4,20.1118,6,80,110,0.0865193,0.0848753,1.59024,0.763565,4.89093,4.7976,7.89807
line,3,lqi,0,5,17.7944,2,82,108,0.0848753,0.0848753,1.41556,0.593893,4.30843,4.32337,6.98338
line,3,lqi,0,6,14.2186,2,91,99,0.0837793,0.0848753,1.37403,0.426921,3.4898,3.46139,5.2978
line,3,lqi,0,7,12.3056,4,110,80,0.0854233,0.0843273,1.59151,0.555819,2.81494,2.75845,4.41512
line,3,lqi,0,8,6.38876,3,137,53,0.0832313,0.0870673,1.47914,0.328763,1.35989,1.22691,1.82376
line,3,lqi,0,9,15.8033,5,102,88,0.0837793,0.0854233,1.556,0.529046,3.78353,3.74548,6.02008
line,3,lqi,0,10,8.37775,3,118,72,0.0854233,0.0848753,1.25525,0.265978,2.00768,1.91712,2.76142
line,3,lqi,0,11,6.54862,6,145,45,0.0837793,0.0826833,1.53121,0.453108,1.27027,1.22661,1.90096
line,3,lqi,0,12,13.4225,3,100,90,0.0859713,0.0859713,1.50482,0.430209,3.21769,3.19619,4.90162
line,3,lqi,0,13,14.157,1,104,86,0.0854233,0.0826833,1.55179,0.345373,3.41124,3.39741,5.28304
line,3,lqi,0,14,10.1165,4,128,62,0.0843273,0.0859713,1.64012,0.500249,2.19322,2.19267,3.41995
line,3,lqi,0,15,14.662,3,92,98,0.0859713,0.0854233,1.66584,0.540893,3.49734,3.37602,5.41051
line,3,lqi,0,16,26.2246,5,62,128,0.0859713,0.0848753,1.65273,0.967096,6.51053,6.37008,10.5533
line,3,lqi,0,17,11.8846,1,113,77,0.0848753,0.0848753,1.26875,0.318051,2.81238,2.91145,4.40424
line,3,lqi,0,18,11.8237,3,101,89,0.0876153,0.0854233,1.40864,0.367554,2.88716,2.82302,4.16428
line,3,lqi,0,19,13.0379,6,100,90,0.0865193,0.0848753,1.46801,0.60878,3.12287,2.93414,4.73266
line,3,leo,0,0,13.8411,5,116,74,0.0859713,0.0843273,1.50444,0.45513,3.28318,3.24167,5.1864
line,3,leo,0,1,15.3295,3,102,88,0.0859713,0.0859713,1.54361,0.489198,3.64193,3.65196,5.83089
line,3,leo,0,2,10.7679,3,119,71,0.0843273,0.0837793,1.50279,0.483,2.47823,2.36005,3.77573
line,3,leo,0,3,21.8491,2,71,119,0.0837793,0.0865193,1.43904,0.651237,5.49171,5.33647,8.76038
line,3,leo,0,4,20.1118,6,80,110,0.0865193,0.0848753,1.59024,0.763565,4.89093,4.7976,7.89807
line,3,leo,0,5,17.7944,2,82,108,0.0848753,0.0848753,1.41556,0.593893,4.30843,4.32337,6.98338
line,3,leo,0,6,11.1139,3,110,80,0.0837793,0.0848753,1.41391,0.407611,2.68878,2.51902,3.91589
line,3,leo,0,7,12.3056,4,110,80,0.0854233,0.0843273,1.59151,0.555819,2.81494,2.75845,4.41512
line,3,leo,0,8,14.4475,5,100,90,0.0832313,0.0870673,1.52776,0.557255,3.556,3.28197,5.35422
line,3,leo,0,9,4.99493,8,156,34,0.0837793,0.0848753,1.51646,0.461119,0.97289,0.7024,1.17341
line,3,leo,0,10,8.37775,3,118,72,0.0854233,0.0848753,1.25525,0.265978,2.00768,1.91712,2.76142
line,3,leo,0,11,6.54862,6,145,45,0.0837793,0.0826833,1.53121,0.453108,1.27027,1.22661,1.90096
line,3,leo,0,12,15.3293,3,99,91,0.0859713,0.0859713,1.49499,0.572181,3.68763,3.62465,5.77789
line,3,leo,0,13,14.157,1,104,86,0.0854233,0.0826833,1.55179,0.345373,3.41124,3.39741,5.28304
line,3,leo,0,14,10.1165,4,128,62,0.0843273,0.0859713,1.64012,0.500249,2.19322,2.19267,3.41995
line,3,leo,0,15,16.8945,4,93,97,0.0859713,0.0854233,1.56857,0.585503,4.07098,3.98674,6.5113
line,3,leo,0,16,11.5319,7,113,77,0.0859713,0.0848753,1.53905,0.70656,2.61689,2.47125,4.02729
line,3,leo,0,17,11.8846,1,113,77,0.0848753,0.0848753,1.26875,0.318051,2.81238,2.91145,4.40424
line,3,leo,0,18,11.7164,3,101,89,0.0876153,0.0854233,1.34434,0.330238,2.80886,2.91275,4.14716
line,3,leo,0,19,13.0379,6,100,90,0.0865193,0.0848753,1.46801,0.60878,3.12287,2.93414,4.73266
circle,2,hopcount,0,0,12.7867,0,0,190,0.224615,0.223519,4.32907,0.139884,2.47607,3.28182,2.11175
circle,2,hopcount,0,1,13.0708,0,0,190,0.223519,0.228451,4.30112,0.145146,2.677,3.36451,2.13101
circle,2,hopcount,0,2,12.5187,0,0,190,0.223519,0.222971,4.29783,0.109513,2.41606,3.15094,2.09791
circle,2,hopcount,0,3,13.3494,4,4,186,0.225163,0.218039,5.24506,0.171476,2.41687,3.14821,1.92453
circle,2,hopcount,0,4,13.1152,1,1,189,0.228999,0.224067,4.54875,0.143825,2.57391,3.41511,1.98052
circle,2,hopcount,0,5,13.0166,1,1,189,0.220779,0.226259,4.54217,0.122008,2.37923,3.47259,2.0536
circle,2,hopcount,0,6,12.6372,0,0,190,0.231739,0.230643,4.32249,0.128993,2.31645,3.35682,2.05011
circle,2,hopcount,0,7,12.5694,0,0,190,0.227903,0.226259,4.33619,0.122791,2.45377,3.19196,2.01055
circle,2,hopcount,0,8,12.6062,1,0,190,0.228451,0.229547,4.55807,0.142276,2.36177,3.11988,1.96619
circle,2,hopcount,0,9,12.4508,0,0,190,0.227903,0.228451,4.34167,0.107869,2.43693,3.19208,1.91587
circle,2,hopcount,0,10,12.8451,1,1,189,0.220779,0.232287,4.53286,0.133672,2.15512,3.52637,2.04398
circle,2,hopcount,0,11,12.5031,0,0,190,0.225711,0.222423,4.33235,0.114744,2.26085,3.3282,2.01877
circle,2,hopcount,0,12,12.1579,0,0,190,0.224615,0.230095,4.30221,0.110096,2.35096,3.11097,1.82891
circle,2,hopcount,0,13,13.0762,1,1,189,0.226807,0.226259,4.58382,0.13536,2.43004,3.48866,1.98525
circle,2,hopcount,0,14,12.3844,0,0,190,0.228999,0.231191,4.31317,0.0962953,2.45538,3.08121,1.97812
circle,2,hopcount,0,15,12.488,0,0,190,0.227903,0.227355,4.34003,0.107804,2.55474,3.06669,1.96352
circle,2,hopcount,0,16,13.1222,1,0,190,0.225711,0.228451,4.54875,0.148578,2.70852,3.22889,2.03332
circle,2,hopcount,0,17,12.5687,0,0,190,0.220779,0.225163,4.32742,0.130194,2.39821,3.22107,2.04584
circle,2,hopcount,0,18,12.0568,0,0,190,0.222423,0.225711,4.32797,0.109538,2.0132,3.19749,1.96047
circle,2,hopcount,0,19,12.6972,0,0,190,0.228999,0.221875,4.30386,0.130344,2.27065,3.3768,2.16472
circle,2,lqi,0,0,12.1384,0,0,190,0.224615,0.223519,4.32907,0.122531,2.40232,2.50276,2.33362
circle,2,lqi,0,1,12.6,0,0,190,0.223519,0.228451,4.30112,0.144986,2.43814,2.85236,2.4114
circle,2,lqi,0,2,12.0922,0,0,190,0.223519,0.222971,4.29783,0.130024,2.35357,2.47647,2.38783
circle,2,lqi,0,3,12.2318,0,0,190,0.225163,0.218039,4.32687,0.130024,2.42234,2.60696,2.30239
circle,2,lqi,0,4,12.4189,0,0,190,0.228999,0.224067,4.31591,0.123079,2.41965,2.74902,2.3582
circle,2,lqi,0,5,12.0199,0,0,190,0.220779,0.226259,4.31427,0.130572,2.38582,2.46039,2.28178
circle,2,lqi,0,6,12.4582,0,0,190,0.231739,0.230643,4.32249,0.129994,2.49621,2.68763,2.35952
circle,2,lqi,0,7,12.3721,0,0,190,0.227903,0.226259,4.33619,0.155324,2.38365,2.63161,2.4112
circle,2,lqi,0,8,12.2629,0,0,190,0.228451,0.229547,4.32961,0.139849,2.35892,2.68363,2.29294
circle,2,lqi,0,9,12.1252,0,0,190,0.227903,0.228451,4.34167,0.129446,2.32514,2.62008,2.25248
circle,2,lqi,0,10,12.2463,0,0,190,0.220779,0.232287,4.30934,0.122626,2.28626,2.71652,2.35854
circle,2,lqi,0,11,12.0932,0,0,190,0.225711,0.222423,4.33235,0.122561,2.26519,2.5815,2.34342
circle,2,lqi,0,12,12.0344,0,0,190,0.224615,0.230095,4.30221,0.123144,2.36758,2.5359,2.25085
circle,2,lqi,0,13,12.7034,0,0,190,0.226807,0.226259,4.36304,0.126537,2.46725,2.88554,2.40801
circle,2,lqi,0,14,12.1926,0,0,190,0.228999,0.231191,4.31317,0.106538,2.41177,2.61807,2.28282
circle,2,lqi,0,15,12.0536,0,0,190,0.227903,0.227355,4.34003,0.122531,2.46055,2.44413,2.23112
circle,2,lqi,0,16,12.4059,0,0,190,0.225711,0.228451,4.31537,0.129994,2.42617,2.68633,2.39384
circle,2,lqi,0,17,12.5934,0,0,190,0.220779,0.225163,4.32742,0.125989,2.47731,2.81993,2.39681
circle,2,lqi,0,18,12.0459,0,0,190,0.222423,0.225711,4.32797,0.111705,2.22944,2.64847,2.28018
circle,2,lqi,0,19,12.1448,0,0,190,0.228999,0.221875,4.30386,0.131838,2.3666,2.50018,2.39141
circle,2,leo,0,0,12.7867,0,0,190,0.224615,0.223519,4.32907,0.139884,2.47607,3.28182,2.11175
circle,2,leo,0,1,13.0708,0,0,190,0.223519,0.228451,4.30112,0.145146,2.677,3.36451,2.13101
circle,2,leo,0,2,12.5187,0,0,190,0.223519,0.222971,4.29783,0.109513,2.41606,3.15094,2.09791
circle,2,leo,0,3,12.8612,2,2,188,0.225163,0.218039,4.78323,0.149151,2.33617,3.17755,1.97192
circle,2,leo,0,4,13.1152,1,1,189,0.228999,0.224067,4.54875,0.143825,2.57391,3.41511,1.98052
circle,2,leo,0,5,13.0166,1,1,189,0.220779,0.226259,4.54217,0.122008,2.37923,3.47259,2.0536
circle,2,leo,0,6,12.6372,0,0,190,0.231739,0.230643,4.32249,0.128993,2.31645,3.35682,2.05011
circle,2,leo,0,7,12.5694,0,0,190,0.227903,0.226259,4.33619,0.122791,2.45377,3.19196,2.01055
circle,2,leo,0,8,12.5971,1,0,190,0.228451,0.229547,4.55807,0.145215,2.36468,3.11003,1.96112
circle,2,leo,0,9,12.4508,0,0,190,0.227903,0.228451,4.34167,0.107869,2.43693,3.19208,1.91587
circle,2,leo,0,10,12.8451,1,1,189,0.220779,0.232287,4.53286,0.133672,2.15512,3.52637,2.04398
circle,2,leo,0,11,12.5031,0,0,190,0.225711,0.222423,4.33235,0.114744,2.26085,3.3282,2.01877
circle,2,leo,0,12,12.1579,0,0,190,0.224615,0.230095,4.30221,0.110096,2.35096,3.11097,1.82891
circle,2,leo,0,13,12.7818,1,1,189,0.226807,0.226259,4.58382,0.128445,2.46809,3.20839,1.94
circle,2,leo,0,14,12.3844,0,0,190,0.228999,0.231191,4.31317,0.0962953,2.45538,3.08121,1.97812
circle,2,leo,0,15,12.488,0,0,190,0.227903,0.227355,4.34003,0.107804,2.55474,3.06669,1.96352
circle,2,leo,0,16,13.1176,1,0,190,0.225711,0.228451,4.54875,0.142824,2.70852,3.22889,2.03448
circle,2,leo,0,17,12.5687,0,0,190,0.220779,0.225163,4.32742,0.130194,2.39821,3.22107,2.04584
circle,2,leo,0,18,12.0568,0,0,190,0.222423,0.225711,4.32797,0.109538,2.0132,3.19749,1.96047
circle,2,leo,0,19,12.6972,0,0,190,0.228999,0.221875,4.30386,0.130344,2.27065,3.3768,2.16472
circle,2.25,hopcount,0,0,14.3943,17,40,150,0.162691,0.153923,5.5659,0.553328,2.94866,2.87641,2.13339
circle,2.25,hopcount,0,1,14.0381,11,41,149,0.152827,0.157211,4.61496,0.503216,2.89832,3.38656,2.32499
circle,2.25,hopcount,0,2,16.3245,12,19,171,0.149539,0.155567,4.78423,0.482153,3.57931,4.51379,2.65995
circle,2.25,hopcount,0,3,14.0047,15,45,145,0.156115,0.153923,5.25696,0.502447,2.62929,3.28018,2.02583
circle,2.25,hopcount,0,4,14.9448,13,37,153,0.155567,0.153375,4.95514,0.501194,2.99484,3.85103,2.33366
circle,2.25,hopcount,0,5,15.9713,19,37,153,0.147347,0.155019,5.85785,0.577458,2.93887,4.02847,2.26629
circle,2.25,hopcount,0,6,13.2818,13,54,136,0.152279,0.155567,4.96938,0.463938,2.64751,2.95786,1.93531
circle,2.25,hopcount,0,7,14.6431,15,35,155,0.155567,0.156115,5.24654,0.533566,2.6465,3.60949,2.29528
circle,2.25,hopcount,0,8,13.9141,13,35,155,0.151731,0.159951,4.91732,0.517204,2.51593,3.43,2.22198
circle,2.25,hopcount,0,9,14.4176,16,44,146,0.153375,0.149539,5.39444,0.54713,3.02859,3.09365,2.05084
circle,2.25,hopcount,0,10,16.3331,15,30,160,0.152279,0.159403,5.25093,0.534432,3.48384,4.41067,2.34159
circle,2.25,hopcount,0,11,13.1049,12,44,146,0.152279,0.155567,4.79573,0.471889,2.81194,2.63879,2.07867
circle,2.25,hopcount,0,12,14.2439,15,48,142,0.153923,0.157211,5.28052,0.513102,2.67189,3.4826,1.98469
circle,2.25,hopcount,0,13,15.7651,20,40,150,0.154471,0.154471,5.99643,0.612317,3.23033,3.46157,2.1555
circle,2.25,hopcount,0,14,16.651,17,23,167,0.152279,0.156663,5.55823,0.568912,3.63047,3.97701,2.60743
circle,2.25,hopcount,0,15,15.5437,16,31,159,0.157211,0.153923,5.44102,0.54707,3.18276,3.81915,2.24258
circle,2.25,hopcount,0,16,12.4225,11,49,141,0.153375,0.159403,4.60674,0.423712,2.36287,2.84494,1.87143
circle,2.25,hopcount,0,17,15.5313,11,22,168,0.151731,0.156663,4.64181,0.505738,3.38507,3.98681,2.70347
circle,2.25,hopcount,0,18,14.3749,18,49,141,0.159403,0.151183,5.74448,0.524132,2.83039,3.18449,1.78085
circle,2.25,hopcount,0,19,16.4598,14,27,163,0.152279,0.146799,5.0981,0.488729,3.83614,4.24113,2.49658
circle,2.25,lqi,0,0,14.0868,10,27,163,0.162691,0.153923,4.4983,0.379362,2.98317,3.19769,2.71164
circle,2.25,lqi,0,1,13.3885,8,31,159,0.152827,0.157211,4.15702,0.357629,2.81472,3.17141,2.57765
circle,2.25,lqi,0,2,12.8617,10,37,153,0.149539,0.155567,4.48296,0.408885,2.44798,2.91387,2.30289
circle,2.25,lqi,0,3,13.1728,5,21,169,0.156115,0.153923,3.71498,0.312946,2.83713,3.22729,2.7704
circle,2.25,lqi,0,4,12.7737,10,39,151,0.155567,0.153375,4.49118,0.385669,2.49612,2.65454,2.43729
circle,2.25,lqi,0,5,13.7772,5,20,170,0.147347,0.155019,3.70895,0.297363,2.88611,3.62442,2.95797
circle,2.25,lqi,0,6,13.0592,9,35,155,0.152279,0.155567,4.34164,0.379202,2.76978,2.82112,2.43959
circle,2.25,lqi,0,7,14.8255,16,29,161,0.155567,0.156115,5.40211,0.510571,2.7737,3.41302,2.41446
circle,2.25,lqi,0,8,14.3909,15,34,156,0.151731,0.159951,5.22188,0.490325,2.87426,3.1377,2.35502
circle,2.25,lqi,0,9,15.1051,9,12,178,0.153375,0.149539,4.3378,0.365532,3.50392,3.6957,2.8992
circle,2.25,lqi,0,10,14.555,16,38,152,0.152279,0.159403,5.39279,0.517486,2.65152,3.30045,2.38107
circle,2.25,lqi,0,11,12.392,9,39,151,0.152279,0.155567,4.33396,0.399778,2.581,2.44533,2.32407
circle,2.25,lqi,0,12,15.0344,12,23,167,0.153923,0.157211,4.79519,0.413926,3.22041,3.38448,2.90924
circle,2.25,lqi,0,13,13.714,10,33,157,0.154471,0.154471,4.4572,0.388796,2.68576,3.3654,2.50786
circle,2.25,lqi,0,14,14.8141,11,14,176,0.152279,0.156663,4.62647,0.387691,3.05496,3.48207,2.95397
circle,2.25,lqi,0,15,13.1524,10,34,156,0.157211,0.153923,4.51255,0.386983,2.40681,3.09394,2.44095
circle,2.25,lqi,0,16,15.5637,6,6,184,0.153375,0.159403,3.85521,0.330016,3.52698,4.06446,3.4742
circle,2.25,lqi,0,17,16.1842,11,16,174,0.151731,0.156663,4.64729,0.438351,3.32049,4.27155,3.19817
circle,2.25,lqi,0,18,13.824,11,31,159,0.159403,0.151183,4.66757,0.42139,2.82374,3.02882,2.57185
circle,2.25,lqi,0,19,12.7363,4,20,170,0.152279,0.146799,3.5353,0.28167,2.68816,3.04454,2.88752
circle,2.25,leo,0,0,13.9653,17,45,145,0.162691,0.153923,5.59385,0.533835,2.50524,2.91206,2.10375
circle,2.25,leo,0,1,12.955,13,50,140,0.152827,0.157211,4.92554,0.528686,2.61684,2.78678,1.78716
circle,2.25,leo,0,2,15.437,16,28,162,0.149539,0.155567,5.41745,0.572796,3.0315,3.75752,2.35263
circle,2.25,leo,0,3,12.9658,15,55,135,0.156115,0.153923,5.25586,0.475991,2.40588,2.66312,1.85489
circle,2.25,leo,0,4,14.68,11,31,159,0.155567,0.153375,4.64674,0.457389,2.87327,3.87865,2.51503
circle,2.25,leo,0,5,15.2884,12,33,157,0.147347,0.155019,4.78751,0.462503,3.13719,4.211,2.38781
circle,2.25,leo,0,6,15.1584,16,34,156,0.152279,0.155567,5.42622,0.533239,3.11045,3.41364,2.36703
circle,2.25,leo,0,7,13.2437,11,38,152,0.155567,0.156115,4.63633,0.472546,2.62884,3.05367,2.14068
circle,2.25,leo,0,8,11.9839,9,54,136,0.151731,0.159951,4.29725,0.421229,2.45384,2.6048,1.89509
circle,2.25,leo,0,9,12.9351,12,53,137,0.153375,0.149539,4.78861,0.432819,2.49703,3.06062,1.85308
circle,2.25,leo,0,10,13.8656,15,49,141,0.152279,0.159403,5.21914,0.470063,2.62425,3.20496,2.03553
circle,2.25,leo,0,11,14.2752,8,28,162,0.152279,0.155567,4.1784,0.409542,3.34978,3.51647,2.51318
circle,2.25,leo,0,12,15.438,15,35,155,0.153923,0.157211,5.2712,0.521601,2.89322,4.10143,2.33942
circle,2.25,leo,0,13,15.0768,15,38,152,0.154471,0.154471,5.22791,0.480826,3.01196,3.77964,2.26756
circle,2.25,leo,0,14,13.6622,12,42,148,0.152279,0.156663,4.77875,0.453992,2.91675,3.02853,2.17523
circle,2.25,leo,0,15,14.7504,15,41,149,0.157211,0.153923,5.26189,0.509789,2.84282,3.64115,2.18363
circle,2.25,leo,0,16,13.7294,9,38,152,0.153375,0.159403,4.2978,0.42426,2.92597,3.42707,2.34156
circle,2.25,leo,0,17,16.7339,15,23,167,0.151731,0.156663,5.26024,0.565384,3.64835,4.27651,2.67498
circle,2.25,leo,0,18,14.0094,17,42,148,0.159403,0.151183,5.58289,0.506283,2.45265,3.15724,1.99971
circle,2.25,leo,0,19,15.0004,15,39,151,0.152279,0.146799,5.2597,0.512433,2.98569,3.77454,2.169
circle,2.5,hopcount,0,0,15.7775,16,30,160,0.115015,0.113919,4.0765,0.724693,3.54319,3.77143,3.43272
circle,2.5,hopcount,0,1,16.1586,16,32,158,0.116111,0.116659,4.03101,0.764015,3.72046,3.84476,3.56554
circle,2.5,hopcount,0,2,17.7607,19,26,164,0.115563,0.117755,4.43798,0.716127,4.10866,4.60673,3.65788
circle,2.5,hopcount,0,3,15.2342,16,38,152,0.118851,0.114467,4.05348,0.625662,3.70679,3.35763,3.25727
circle,2.5,hopcount,0,4,14.9161,10,42,148,0.117207,0.119399,3.35956,0.654939,3.80318,3.67117,3.19062
circle,2.5,hopcount,0,5,17.2178,19,34,156,0.116111,0.112823,4.38044,0.73693,4.03039,4.23328,3.60781
circle,2.5,hopcount,0,6,17.3733,17,30,160,0.116111,0.115015,4.16521,0.778757,4.17143,4.17035,3.85639
circle,2.5,hopcount,0,7,16.3505,21,51,139,0.112275,0.111179,4.66034,0.802049,3.54678,4.07131,3.0466
circle,2.5,hopcount,0,8,15.5748,21,51,139,0.117755,0.115563,4.65048,0.767465,3.49401,3.55676,2.87279
circle,2.5,hopcount,0,9,13.4061,12,58,132,0.113919,0.114467,3.57972,0.661349,2.9165,3.24863,2.77151
circle,2.5,hopcount,0,10,18.5113,14,20,170,0.116111,0.118303,3.84592,0.752369,4.7783,4.75485,4.14542
circle,2.5,hopcount,0,11,16.2427,19,51,139,0.113919,0.116659,4.43196,0.74055,3.56886,3.88313,3.38759
circle,2.5,hopcount,0,12,18.247,20,28,162,0.119399,0.116659,4.51957,0.839181,4.46175,4.49426,3.6962
circle,2.5,hopcount,0,13,14.7579,19,59,131,0.117755,0.113371,4.42428,0.810785,3.09,3.57279,2.62895
circle,2.5,hopcount,0,14,15.3941,14,36,154,0.115563,0.116111,3.83989,0.70142,3.52948,3.65726,3.43438
circle,2.5,hopcount,0,15,14.4625,13,51,139,0.116111,0.113919,3.71282,0.63676,3.55509,3.41819,2.9096
circle,2.5,hopcount,0,16,14.3739,17,58,132,0.117755,0.115563,4.17233,0.750538,3.07068,3.47134,2.67572
circle,2.5,hopcount,0,17,13.3695,9,52,138,0.113371,0.119399,3.25495,0.543217,3.13762,3.15572,3.04522
circle,2.5,hopcount,0,18,13.1171,17,65,125,0.117755,0.116111,4.20576,0.665687,2.79757,2.90176,2.31247
circle,2.5,hopcount,0,19,16.2596,21,44,146,0.112823,0.121043,4.66473,0.762749,3.76224,3.70336,3.13264
circle,2.5,lqi,0,0,15.6428,11,26,164,0.115015,0.113919,3.49868,0.620961,3.5318,3.99779,3.76458
circle,2.5,lqi,0,1,14.5897,14,37,153,0.115563,0.116659,3.80208,0.607678,3.20537,3.3816,3.36075
circle,2.5,lqi,0,2,14.4062,9,32,158,0.114467,0.118851,3.27194,0.46952,3.20397,3.53066,3.69677
circle,2.5,lqi,0,3,11.6881,11,65,125,0.118851,0.113919,3.46525,0.576712,2.2444,2.652,2.51694
circle,2.5,lqi,0,4,15.1238,9,33,157,0.116659,0.121043,3.22865,0.50577,3.30929,4.08741,3.75502
circle,2.5,lqi,0,5,14.3981,15,41,149,0.115563,0.112823,3.93354,0.647356,3.10335,3.24991,3.2356
circle,2.5,lqi,0,6,15.5975,8,20,170,0.116111,0.115015,3.12788,0.486445,3.51708,4.05567,4.17927
circle,2.5,lqi,0,7,16.17,8,20,170,0.113919,0.111727,3.13336,0.522845,3.71453,4.44736,4.1263
circle,2.5,lqi,0,8,14.4788,12,35,155,0.118851,0.115015,3.62027,0.608576,3.06279,3.5509,3.4024
circle,2.5,lqi,0,9,16.5726,12,16,174,0.113919,0.114467,3.56366,0.560403,3.86163,3.97183,4.38668
circle,2.5,lqi,0,10,15.3649,9,23,167,0.116659,0.119399,3.2555,0.524115,3.51363,4.08709,3.74847
circle,2.5,lqi,0,11,15.6212,10,25,165,0.113919,0.116659,3.38641,0.6073,3.71389,3.80574,3.87725
circle,2.5,lqi,0,12,13.9364,10,39,151,0.121043,0.116659,3.34969,0.577645,3.03157,3.27768,3.46211
circle,2.5,lqi,0,13,14.8458,14,35,155,0.117207,0.113919,3.81962,0.698702,3.5578,3.18817,3.35041
circle,2.5,lqi,0,14,15.8895,12,24,166,0.115563,0.116111,3.61973,0.594211,3.58791,3.93331,3.9227
circle,2.5,lqi,0,15,16.1075,3,15,175,0.114467,0.114467,2.55226,0.37505,4.05501,4.55075,4.34554
circle,2.5,lqi,0,16,14.3786,14,38,152,0.117755,0.115563,3.82838,0.654996,2.96598,3.3438,3.35208
circle,2.5,lqi,0,17,15.0513,9,23,167,0.113371,0.119399,3.2418,0.585296,3.70162,3.30396,3.9859
circle,2.5,lqi,0,18,16.4999,8,15,175,0.117755,0.116111,3.14761,0.485165,3.88548,4.4224,4.3254
circle,2.5,lqi,0,19,14.5876,12,36,154,0.113919,0.120495,3.61753,0.594204,3.10814,3.72162,3.31167
circle,2.5,leo,0,0,15.4078,13,29,161,0.115015,0.113919,3.732,0.640946,3.6221,3.8297,3.35411
circle,2.5,leo,0,1,17.6089,18,27,163,0.116111,0.116659,4.28571,0.793875,3.92495,4.5988,3.77283
circle,2.5,leo,0,2,13.8321,16,57,133,0.115563,0.117755,4.09623,0.672072,2.71195,3.38578,2.73273
circle,2.5,leo,0,3,15.0355,16,45,145,0.118851,0.114467,4.04581,0.713236,3.71506,3.21098,3.11714
circle,2.5,leo,0,4,15.0426,12,42,148,0.117207,0.119399,3.57589,0.662972,3.51734,3.88367,3.16608
circle,2.5,leo,0,5,17.2858,13,19,171,0.116111,0.112823,3.68487,0.6399,4.21348,4.50838,4.01028
circle,2.5,leo,0,6,15.7304,14,33,157,0.116111,0.115015,3.81359,0.641523,3.65793,3.70526,3.68102
circle,2.5,leo,0,7,15.8967,16,44,146,0.112275,0.111179,4.07705,0.706479,3.704,4.00358,3.1821
circle,2.5,leo,0,8,17.066,12,26,164,0.117755,0.115563,3.62411,0.566356,4.38624,4.36117,3.89481
circle,2.5,leo,0,9,14.0948,13,56,134,0.113919,0.114467,3.692,0.674455,3.08845,3.6169,2.79464
circle,2.5,leo,0,10,16.3403,16,39,151,0.116111,0.118303,4.06828,0.765828,3.7201,4.06402,3.48764
circle,2.5,leo,0,11,14.392,13,44,146,0.113919,0.116659,3.70844,0.636057,3.51325,3.26693,3.03675
circle,2.5,leo,0,12,16.9559,16,33,157,0.119399,0.116659,4.04691,0.754525,4.43153,4.0815,3.4054
circle,2.5,leo,0,13,14.8676,16,47,143,0.117755,0.113371,4.04636,0.725425,3.51101,3.42605,2.92762
circle,2.5,leo,0,14,13.0151,10,54,136,0.115563,0.116111,3.37874,0.565044,2.89203,3.2681,2.67949
circle,2.5,leo,0,15,14.8419,18,50,140,0.116111,0.113919,4.28571,0.769102,3.38163,3.20494,2.97044
circle,2.5,leo,0,16,12.8397,13,58,132,0.117755,0.115563,3.71282,0.59891,2.75621,2.94529,2.59312
circle,2.5,leo,0,17,15.9569,13,32,158,0.113371,0.119399,3.72597,0.664666,3.64036,4.05681,3.63629
circle,2.5,leo,0,18,15.0597,16,50,140,0.117755,0.116111,4.08746,0.635848,3.20047,3.96837,2.93367
circle,2.5,leo,0,19,14.6423,17,49,141,0.112823,0.121043,4.20028,0.708675,3.12769,3.4384,2.93339
circle,2.625,hopcount,0,0,15.2321,16,50,140,0.106795,0.107891,3.71482,0.787555,3.61515,3.41061,3.48923
circle,2.625,hopcount,0,1,14.5893,14,58,132,0.103507,0.106247,3.48972,0.742194,3.19762,3.57711,3.37291
circle,2.625,hopcount,0,2,17.758,15,32,158,0.105699,0.110083,3.61296,0.837164,4.29786,4.46027,4.33401
circle,2.625,hopcount,0,3,15.2018,12,51,139,0.105699,0.101315,3.22086,0.673829,3.86803,3.52916,3.7029
circle,2.625,hopcount,0,4,15.1203,19,67,123,0.110083,0.107891,3.99465,0.918406,3.22697,3.41351,3.34882
circle,2.625,hopcount,0,5,16.3299,26,60,130,0.107343,0.103507,4.76414,1.21564,3.5955,3.33426,3.20946
circle,2.625,hopcount,0,6,13.7304,19,68,122,0.102959,0.105151,4.01274,0.851679,3.12937,2.7902,2.7383
circle,2.625,hopcount,0,7,15.6246,10,39,151,0.105151,0.102959,3.0724,0.583137,3.85714,3.8137,4.09014
circle,2.625,hopcount,0,8,16.297,13,41,149,0.108439,0.105151,3.39005,0.781806,3.8893,3.9113,4.11093
circle,2.625,hopcount,0,9,14.4722,12,54,136,0.105699,0.106247,3.27832,0.71347,3.44123,3.26595,3.56127
circle,2.625,hopcount,0,10,17.4442,11,24,166,0.108987,0.103507,3.15546,0.674685,4.39079,4.3413,4.66949
circle,2.625,hopcount,0,11,13.7692,21,66,124,0.104603,0.104603,4.26414,0.896771,2.89795,2.73151,2.76958
circle,2.625,hopcount,0,12,16.4966,20,42,148,0.106795,0.106247,4.09803,0.954218,3.87416,3.53734,3.81984
circle,2.625,hopcount,0,13,17.6279,8,30,160,0.105699,0.103507,2.8495,0.561337,4.17955,4.9785,4.84978
circle,2.625,hopcount,0,14,15.5017,20,56,134,0.105151,0.105699,4.13104,0.800017,3.64489,3.39039,3.3245
circle,2.625,hopcount,0,15,14.5185,17,60,130,0.106247,0.107343,3.80024,0.781978,3.57063,3.08254,3.06949
circle,2.625,hopcount,0,16,14.1545,14,60,130,0.106247,0.109535,3.5215,0.615494,3.22085,3.33935,3.2415
circle,2.625,hopcount,0,17,15.9801,12,45,145,0.104603,0.104603,3.28983,0.717888,3.77016,3.9759,4.01716
circle,2.625,hopcount,0,18,14.9237,16,55,135,0.108439,0.106247,3.74057,0.798373,3.47007,3.38066,3.31932
circle,2.625,hopcount,0,19,16.5283,18,49,141,0.104603,0.108439,3.92512,0.934738,3.776,3.74692,3.93244
circle,2.625,lqi,0,0,15.2193,11,47,143,0.105699,0.107891,3.18084,0.727765,3.45588,3.45556,4.18568
circle,2.625,lqi,0,1,17.936,13,28,162,0.103507,0.106247,3.37416,0.76879,4.20115,4.48354,4.89863
circle,2.625,lqi,0,2,17.3837,16,31,159,0.106247,0.110083,3.71537,0.879429,3.99546,4.18465,4.39248
circle,2.625,lqi,0,3,17.735,13,29,161,0.104603,0.100767,3.35177,0.786109,4.18793,4.30689,4.89695
circle,2.625,lqi,0,4,16.1528,13,41,149,0.109535,0.107891,3.37964,0.770876,3.57348,3.74847,4.46295
circle,2.625,lqi,0,5,16.3713,16,45,145,0.104603,0.105151,3.69619,0.933047,3.85107,3.37798,4.30325
circle,2.625,lqi,0,6,14.907,15,56,134,0.102959,0.103507,3.61076,0.780217,3.22868,3.34368,3.73719
circle,2.625,lqi,0,7,17.1027,13,31,159,0.105151,0.102959,3.39772,0.682331,4.03981,4.1104,4.66434
circle,2.625,lqi,0,8,15.5652,12,43,147,0.108987,0.104055,3.27449,0.772581,3.36582,3.65882,4.28047
circle,2.625,lqi,0,9,18.2295,15,23,167,0.103507,0.106247,3.56802,0.802228,4.42537,4.21855,5.00556
circle,2.625,lqi,0,10,16.7922,23,45,145,0.107343,0.103507,4.44978,1.0691,3.4359,3.73308,3.89352
circle,2.625,lqi,0,11,16.9715,13,34,156,0.104603,0.104603,3.40978,0.683121,3.95795,3.98801,4.72339
circle,2.625,lqi,0,12,14.4126,11,57,133,0.107343,0.106247,3.17317,0.718449,3.01914,3.66928,3.61894
circle,2.625,lqi,0,13,19.3948,11,16,174,0.105699,0.102959,3.17372,0.72979,4.65991,4.98318,5.63952
circle,2.625,lqi,0,14,14.0128,18,68,122,0.106795,0.105699,3.92183,0.816229,2.7685,3.0549,3.23885
circle,2.625,lqi,0,15,15.5392,14,44,146,0.105699,0.105699,3.49027,0.811548,3.5207,3.38838,4.11691
circle,2.625,lqi,0,16,15.9809,15,41,149,0.106247,0.109535,3.62118,0.749504,3.67296,3.58261,4.13889
circle,2.625,lqi,0,17,17.1805,8,23,167,0.102411,0.105151,2.86594,0.655357,4.11474,4.29344,5.04342
circle,2.625,lqi,0,18,17.8191,13,26,164,0.107891,0.106247,3.4158,0.713392,4.28691,4.15066,5.03815
circle,2.625,lqi,0,19,16.5947,12,32,158,0.104603,0.110083,3.29915,0.695035,3.87239,4.01186,4.50163
circle,2.625,leo,0,0,15.6819,18,48,142,0.106795,0.107891,3.91745,0.834364,3.48639,3.59621,3.63279
circle,2.625,leo,0,1,14.828,14,55,135,0.103507,0.106247,3.4941,0.784645,3.32852,3.52725,3.48377
circle,2.625,leo,0,2,15.1903,17,56,134,0.105699,0.110083,3.83641,0.856678,3.37883,3.58584,3.31677
circle,2.625,leo,0,3,15.2018,12,51,139,0.105699,0.101315,3.22086,0.673829,3.86803,3.52916,3.7029
circle,2.625,leo,0,4,17.8388,16,36,154,0.110083,0.107891,3.69399,0.877051,4.21666,4.3565,4.47664
circle,2.625,leo,0,5,15.2412,21,63,127,0.107343,0.103507,4.24003,1.13392,3.51953,2.98756,3.14927
circle,2.625,leo,0,6,14.9229,18,60,130,0.102959,0.105151,3.92786,0.916759,3.38257,3.20898,3.27858
circle,2.625,leo,0,7,15.6246,10,39,151,0.105151,0.102959,3.0724,0.583137,3.85714,3.8137,4.09014
circle,2.625,leo,0,8,15.3437,16,53,137,0.108439,0.105151,3.70715,0.800432,3.42791,3.61153,3.58305
circle,2.625,leo,0,9,16.2915,18,42,148,0.105699,0.106247,3.91033,0.927272,3.78672,3.61383,3.84141
circle,2.625,leo,0,10,14.943,15,46,144,0.108987,0.103507,3.57826,0.782121,3.52968,3.1714,3.66903
circle,2.625,leo,0,11,17.599,14,28,162,0.104603,0.104603,3.51548,0.707896,4.17975,4.45634,4.5303
circle,2.625,leo,0,12,16.0629,18,47,143,0.106795,0.106247,3.9043,0.864686,3.731,3.59613,3.75375
circle,2.625,leo,0,13,16.6316,11,43,147,0.105699,0.103507,3.16331,0.662229,3.92639,4.37966,4.29078
circle,2.625,leo,0,14,15.0595,15,55,135,0.105151,0.105699,3.6009,0.688613,3.70921,3.5877,3.26222
circle,2.625,leo,0,15,16.2969,12,47,143,0.106247,0.107343,3.2701,0.645413,3.89393,4.17639,4.09744
circle,2.625,leo,0,16,13.0781,17,74,116,0.106247,0.109535,3.83641,0.707276,2.79836,2.79621,2.72404
circle,2.625,leo,0,17,14.9959,14,56,134,0.104603,0.104603,3.49301,0.785203,3.18245,3.6365,3.68948
circle,2.625,leo,0,18,15.3744,13,47,143,0.108439,0.106247,3.42348,0.689848,3.63628,3.66838,3.7417
circle,2.625,leo,0,19,16.0122,16,51,139,0.104603,0.108439,3.72468,0.793341,3.78321,3.69249,3.8054
circle,3,hopcount,0,0,17.8706,10,56,134,0.0859713,0.0832313,2.07571,0.743667,4.39596,4.1285,6.35757
circle,3,hopcount,0,1,17.914,4,51,139,0.0865193,0.0854233,1.40156,0.513401,4.48167,4.65754,6.68785
circle,3,hopcount,0,2,19.2886,6,40,150,0.0876153,0.0854233,1.82471,0.716933,4.98248,4.4992,7.09225
circle,3,hopcount,0,3,16.8374,5,42,148,0.0843273,0.0859713,1.44473,0.577113,4.22762,4.24885,6.1688
circle,3,hopcount,0,4,19.3703,6,39,151,0.0876153,0.0843273,1.78883,0.62826,5.23233,4.38644,7.16254
circle,3,hopcount,0,5,18.7504,4,47,143,0.0870673,0.0854233,1.8837,0.61717,4.66446,4.46432,6.94826
circle,3,hopcount,0,6,19.0629,6,40,150,0.0859713,0.0865193,1.69193,0.624255,4.71734,4.83681,7.02011
circle,3,hopcount,0,7,17.1648,6,45,145,0.0854233,0.0876153,1.57063,0.694164,4.18134,4.34844,6.19718
circle,3,hopcount,0,8,17.6635,8,57,133,0.0843273,0.0870673,1.83946,0.770441,4.68686,3.83049,6.36487
circle,3,hopcount,0,9,15.1117,4,71,119,0.0848753,0.0843273,1.49992,0.450029,3.68838,3.79648,5.50774
circle,3,hopcount,0,10,19.4599,7,40,150,0.0859713,0.0848753,1.40978,0.770989,4.88501,4.81892,7.40435
circle,3,hopcount,0,11,13.9299,7,69,121,0.0859713,0.0837793,1.75619,0.47461,3.34725,3.40391,4.7782
circle,3,hopcount,0,12,14.9018,4,50,140,0.0876153,0.0876153,1.33346,0.497548,3.8839,3.66429,5.34734
circle,3,hopcount,0,13,14.1521,13,81,109,0.0854233,0.0848753,2.07423,0.905329,3.22701,3.104,4.67128
circle,3,hopcount,0,14,12.1615,11,85,105,0.0848753,0.0843273,1.89209,0.804091,2.82435,2.62394,3.84783
circle,3,hopcount,0,15,12.8141,9,77,113,0.0870673,0.0848753,1.51869,0.631888,3.19027,2.92041,4.38092
circle,3,hopcount,0,16,21.726,5,41,149,0.0859713,0.0865193,1.62013,0.736961,5.78016,5.05543,8.36087
circle,3,hopcount,0,17,17.6907,6,45,145,0.0859713,0.0832313,1.59627,0.601865,4.58774,4.22291,6.51274
circle,3,hopcount,0,18,14.6062,7,77,113,0.0876153,0.0854233,1.5014,0.605114,3.68054,3.44061,5.2055
circle,3,hopcount,0,19,15.5525,7,62,128,0.0865193,0.0854233,1.74291,0.596933,4.00333,3.53161,5.50575
circle,3,lqi,0,0,17.89,5,45,145,0.0859713,0.0832313,1.55385,0.613882,4.51533,4.43182,6.60596
circle,3,lqi,0,1,17.3544,4,52,138,0.0865193,0.0854233,1.48024,0.594402,4.21329,4.47819,6.41639
circle,3,lqi,0,2,19.1553,2,33,157,0.0876153,0.0854233,1.54002,0.516141,5.02642,4.71571,7.184
circle,3,lqi,0,3,16.8374,5,42,148,0.0843273,0.0859713,1.44473,0.577113,4.22762,4.24885,6.1688
circle,3,lqi,0,4,20.2434,6,31,159,0.0876153,0.0843273,1.79739,0.637368,5.45816,4.65875,7.51976
circle,3,lqi,0,5,18.7504,4,47,143,0.0870673,0.0854233,1.8837,0.61717,4.66446,4.46432,6.94826
circle,3,lqi,0,6,22.4448,5,32,158,0.0859713,0.0865193,1.54677,0.661232,5.47463,5.91474,8.67491
circle,3,lqi,0,7,17.7786,4,43,147,0.0854233,0.0876153,1.49195,0.630831,4.41535,4.4251,6.64235
circle,3,lqi,0,8,22.2019,6,33,157,0.0843273,0.0870673,1.70412,0.856034,5.83606,5.16822,8.46611
circle,3,lqi,0,9,17.6681,2,51,139,0.0848753,0.0848753,1.54238,0.50813,4.27134,4.56248,6.61397
circle,3,lqi,0,10,18.5542,7,41,149,0.0859713,0.0848753,1.49301,0.765,4.58584,4.59166,6.94788
circle,3,lqi,0,11,13.9299,7,69,121,0.0859713,0.0837793,1.75619,0.47461,3.34725,3.40391,4.7782
circle,3,lqi,0,12,19.1816,1,30,160,0.0876153,0.0876153,1.27954,0.405458,4.96229,5.03358,7.32551
circle,3,lqi,0,13,21.2042,6,32,158,0.0854233,0.0848753,1.73709,0.775921,5.4789,5.09643,7.94558
circle,3,lqi,0,14,18.4902,7,52,138,0.0848753,0.0843273,1.59956,0.713645,4.70452,4.41906,6.88417
circle,3,lqi,0,15,18.1484,7,51,139,0.0870673,0.0848753,1.65804,0.660684,4.59936,4.33237,6.72596
circle,3,lqi,0,16,21.726,5,41,149,0.0859713,0.0865193,1.62013,0.736961,5.78016,5.05543,8.36087
circle,3,lqi,0,17,17.6907,6,45,145,0.0859713,0.0832313,1.59627,0.601865,4.58774,4.22291,6.51274
circle,3,lqi,0,18,17.6211,8,48,142,0.0876153,0.0854233,1.70543,0.643017,4.29438,4.39627,6.40897
circle,3,lqi,0,19,16.3412,5,61,129,0.0865193,0.0854233,1.39591,0.611142,4.31569,3.8022,6.04429
circle,3,leo,0,0,17.8706,10,56,134,0.0859713,0.0832313,2.07571,0.743667,4.39596,4.1285,6.35757
circle,3,leo,0,1,17.914,4,51,139,0.0865193,0.0854233,1.40156,0.513401,4.48167,4.65754,6.68785
circle,3,leo,0,2,19.2886,6,40,150,0.0876153,0.0854233,1.82471,0.716933,4.98248,4.4992,7.09225
circle,3,leo,0,3,16.8374,5,42,148,0.0843273,0.0859713,1.44473,0.577113,4.22762,4.24885,6.1688
circle,3,leo,0,4,19.3703,6,39,151,0.0876153,0.0843273,1.78883,0.62826,5.23233,4.38644,7.16254
circle,3,leo,0,5,18.7504,4,47,143,0.0870673,0.0854233,1.8837,0.61717,4.66446,4.46432,6.94826
circle,3,leo,0,6,21.1003,6,25,165,0.0859713,0.0865193,1.66626,0.658322,5.24542,5.36632,7.99146
circle,3,leo,0,7,17.1648,6,45,145,0.0854233,0.0876153,1.57063,0.694164,4.18134,4.34844,6.19718
circle,3,leo,0,8,17.6635,8,57,133,0.0843273,0.0870673,1.83946,0.770441,4.68686,3.83049,6.36487
circle,3,leo,0,9,15.1117,4,71,119,0.0848753,0.0843273,1.49992,0.450029,3.68838,3.79648,5.50774
circle,3,leo,0,10,19.4599,7,40,150,0.0859713,0.0848753,1.40978,0.770989,4.88501,4.81892,7.40435
circle,3,leo,0,11,13.9299,7,69,121,0.0859713,0.0837793,1.75619,0.47461,3.34725,3.40391,4.7782
circle,3,leo,0,12,14.9018,4,50,140,0.0876153,0.0876153,1.33346,0.497548,3.8839,3.66429,5.34734
circle,3,leo,0,13,15.9993,13,65,125,0.0854233,0.0848753,2.14873,0.942475,3.75286,3.61285,5.37205
circle,3,leo,0,14,18.2096,7,44,146,0.0848753,0.0843273,1.65256,0.786633,4.51947,4.43117,6.65057
circle,3,leo,0,15,13.9963,9,69,121,0.0870673,0.0848753,1.57097,0.636989,3.54627,3.24028,4.8299
circle,3,leo,0,16,21.726,5,41,149,0.0859713,0.0865193,1.62013,0.736961,5.78016,5.05543,8.36087
circle,3,leo,0,17,17.6907,6,45,145,0.0859713,0.0832313,1.59627,0.601865,4.58774,4.22291,6.51274
circle,3,leo,0,18,14.6062,7,77,113,0.0876153,0.0854233,1.5014,0.605114,3.68054,3.44061,5.2055
circle,3,leo,0,19,15.5525,7,62,128,0.0865193,0.0854233,1.74291,0.596933,4.00333,3.53161,5.50575
triangle,2,hopcount,0,0,11.88,1,1,189,0.237219,0.239411,4.71425,0.119213,2.08636,2.67116,1.8124
triangle,2,hopcount,0,1,12.1888,0,0,190,0.232835,0.241055,4.47264,0.123947,2.32887,2.82393,1.96554
triangle,2,hopcount,0,2,11.3882,0,0,190,0.231739,0.232287,4.46716,0.0962055,2.0112,2.55885,1.79072
triangle,2,hopcount,0,3,11.7428,0,0,190,0.232287,0.231739,4.46004,0.11175,2.27088,2.60997,1.82613
triangle,2,hopcount,0,4,12.1256,0,0,190,0.232835,0.230095,4.47429,0.0939435,2.44192,2.79571,1.85683
triangle,2,hopcount,0,5,11.6323,0,0,190,0.237767,0.231191,4.46552,0.0944618,2.15011,2.62245,1.83075
triangle,2,hopcount,0,6,12.1938,0,0,190,0.235027,0.236123,4.44634,0.116444,2.27878,2.92189,1.95923
triangle,2,hopcount,0,7,11.549,0,0,190,0.230643,0.235575,4.47538,0.108292,2.18142,2.51061,1.80712
triangle,2,hopcount,0,8,11.545,0,0,190,0.236671,0.238863,4.47593,0.114252,2.23922,2.46687,1.77319
triangle,2,hopcount,0,9,11.9437,0,0,190,0.235027,0.231191,4.4847,0.102573,2.31307,2.75697,1.82014
triangle,2,hopcount,0,10,11.3134,0,0,190,0.227355,0.237767,4.47977,0.100939,1.87928,2.53611,1.85216
triangle,2,hopcount,0,11,11.4276,0,0,190,0.234479,0.236123,4.471,0.106181,1.95608,2.53529,1.88842
triangle,2,hopcount,0,12,11.5398,0,0,190,0.230095,0.235575,4.45565,0.115826,2.14046,2.53373,1.82846
triangle,2,hopcount,0,13,12.2016,0,0,190,0.236671,0.232287,4.48634,0.0991151,2.37644,2.91591,1.85479
triangle,2,hopcount,0,14,11.7641,0,0,190,0.235027,0.243247,4.47264,0.0899081,2.25572,2.62318,1.8444
triangle,2,hopcount,0,15,11.5121,0,0,190,0.236123,0.236671,4.49073,0.0921998,2.16592,2.54959,1.74088
triangle,2,hopcount,0,16,12.4225,0,0,190,0.235575,0.239411,4.47593,0.119353,2.39461,2.94785,2.0098
triangle,2,hopcount,0,17,11.9531,0,0,190,0.227903,0.235575,4.46716,0.105085,2.31265,2.74595,1.85875
triangle,2,hopcount,0,18,11.5814,0,0,190,0.235575,0.234479,4.46552,0.101377,2.13031,2.6141,1.80003
triangle,2,hopcount,0,19,11.5563,0,0,190,0.233383,0.235575,4.46059,0.103779,2.03983,2.62251,1.8606
triangle,2,hopcount,1,0,11.4001,6,28,162,0.145703,0.139675,3.39455,0.38016,2.24027,2.87434,2.22541
triangle,2,hopcount,1,1,12.3551,3,21,169,0.138579,0.145703,3.00214,0.229629,2.6984,3.39608,2.74459
triangle,2,hopcount,1,2,11.9245,2,21,169,0.141867,0.138031,2.86103,0.24318,2.57794,3.28644,2.67604
triangle,2,hopcount,1,3,12.4006,8,23,167,0.138579,0.141867,3.72614,0.351671,2.69353,2.96315,2.3857
triangle,2,hopcount,1,4,12.8974,7,26,164,0.145703,0.141867,3.66885,0.388918,2.6817,3.27115,2.59919
triangle,2,hopcount,1,5,10.5052,6,35,155,0.140771,0.141319,3.45935,0.304321,2.20026,2.37734,1.88185
triangle,2,hopcount,1,6,10.2962,6,42,148,0.145155,0.145155,3.46336,0.334204,2.06603,2.46216,1.6801
triangle,2,hopcount,1,7,10.0505,2,35,155,0.140223,0.142963,2.94282,0.213974,2.21608,2.4898,1.90466
triangle,2,hopcount,1,8,11.8887,5,27,163,0.141867,0.140223,3.29691,0.310729,2.66234,2.96436,2.3723
triangle,2,hopcount,1,9,11.7934,7,34,156,0.141319,0.140223,3.57154,0.333835,2.44242,3.04208,2.12202
triangle,2,hopcount,1,10,11.5473,7,32,158,0.140771,0.142415,3.50905,0.383129,2.45092,2.6915,2.22949
triangle,2,hopcount,1,11,12.7494,8,26,164,0.141867,0.141319,3.69848,0.380399,2.59323,3.25806,2.53602
triangle,2,hopcount,1,12,11.2718,6,30,160,0.145703,0.140223,3.45898,0.370435,2.43309,2.5799,2.14345
triangle,2,hopcount,1,13,11.8725,3,27,163,0.137483,0.142415,3.04666,0.25431,2.64922,3.20012,2.44226
triangle,2,hopcount,1,14,11.1175,5,38,152,0.142963,0.142415,3.34953,0.247833,2.28449,2.87932,2.07096
triangle,2,hopcount,1,15,11.8962,10,37,153,0.144059,0.142963,4.00283,0.434426,2.19142,2.84579,2.13468
triangle,2,hopcount,1,16,10.3262,6,44,146,0.139675,0.139127,3.45884,0.331375,1.80635,2.61396,1.83689
triangle,2,hopcount,1,17,11.2307,4,30,160,0.140223,0.141319,3.12747,0.22076,2.39117,3.01984,2.18996
triangle,2,hopcount,1,18,12.2825,3,21,169,0.134195,0.139127,3.01529,0.270323,2.63924,3.34508,2.73924
triangle,2,hopcount,1,19,10.4278,5,40,150,0.144607,0.139675,3.35936,0.29905,2.0066,2.50223,1.97631
triangle,2,lqi,0,0,11.5276,0,0,190,0.237219,0.239411,4.47538,0.106689,2.0818,2.44838,1.93872
triangle,2,lqi,0,1,11.9165,0,0,190,0.232835,0.241055,4.47264,0.128711,2.23074,2.54792,2.0626
triangle,2,lqi,0,2,11.3964,0,0,190,0.231739,0.232287,4.46716,0.108105,2.09171,2.36232,1.90311
triangle,2,lqi,0,3,11.5874,0,0,190,0.232287,0.231739,4.46004,0.113714,2.13422,2.47247,1.94295
triangle,2,lqi,0,4,11.5369,0,0,190,0.232835,0.230095,4.47429,0.0930679,2.24344,2.41512,1.84808
triangle,2,lqi,0,5,11.8033,0,0,190,0.237767,0.231191,4.46552,0.106619,2.12857,2.57664,2.05705
triangle,2,lqi,0,6,11.5173,0,0,190,0.235027,0.236123,4.44634,0.101079,2.12584,2.48432,1.88861
triangle,2,lqi,0,7,11.4481,0,0,190,0.230643,0.235575,4.47538,0.116076,2.10109,2.41544,1.87385
triangle,2,lqi,0,8,11.4138,0,0,190,0.236671,0.238863,4.47593,0.116006,2.10599,2.35889,1.88149
triangle,2,lqi,0,9,11.2301,0,0,190,0.235027,0.231191,4.4847,0.115638,1.95262,2.40439,1.80657
triangle,2,lqi,0,10,11.3593,0,0,190,0.227355,0.237767,4.47977,0.108035,1.91033,2.38891,2.0071
triangle,2,lqi,0,11,11.7188,0,0,190,0.234479,0.236123,4.471,0.0978017,2.10868,2.57038,2.00032
triangle,2,lqi,0,12,11.2571,0,0,190,0.230095,0.235575,4.45565,0.0982395,1.98802,2.38668,1.86287
triangle,2,lqi,0,13,12.005,0,0,190,0.236671,0.232287,4.48634,0.0960878,2.20769,2.77412,1.97179
triangle,2,lqi,0,14,11.0337,0,0,190,0.235027,0.243247,4.47264,0.0907762,2.0552,2.18857,1.74824
triangle,2,lqi,0,15,11.2196,0,0,190,0.236123,0.236671,4.49073,0.0930679,2.0291,2.30346,1.83045
triangle,2,lqi,0,16,11.5981,0,0,190,0.235575,0.239411,4.47593,0.0946017,2.19532,2.46502,1.89225
triangle,2,lqi,0,17,11.6435,0,0,190,0.227903,0.235575,4.46716,0.106093,2.1346,2.52271,1.94945
triangle,2,lqi,0,18,11.3868,0,0,190,0.235575,0.234479,4.46552,0.106251,1.99636,2.44965,1.89897
triangle,2,lqi,0,19,11.641,0,0,190,0.233383,0.235575,4.46059,0.0960178,2.11478,2.55227,1.94838
triangle,2,lqi,1,0,11.6055,7,22,168,0.145703,0.139675,3.51293,0.399821,2.32633,2.6719,2.40912
triangle,2,lqi,1,1,11.5872,8,34,156,0.138579,0.145703,3.68967,0.371343,2.20932,2.68629,2.34631
triangle,2,lqi,1,2,10.5423,3,30,160,0.141867,0.138031,3.01385,0.235966,2.26009,2.54797,2.2045
triangle,2,lqi,1,3,9.49247,3,43,147,0.138579,0.141867,3.02823,0.223571,1.9371,2.19378,1.82934
triangle,2,lqi,1,4,13.1117,4,16,174,0.145703,0.141867,3.24392,0.338261,2.92281,3.36284,2.95627
triangle,2,lqi,1,5,12.8801,8,17,173,0.140771,0.141319,3.7422,0.410094,2.5933,3.15972,2.69273
triangle,2,lqi,1,6,13.9394,5,12,178,0.145155,0.145155,3.32385,0.337981,3.15673,3.64485,3.18572
triangle,2,lqi,1,7,9.58967,3,38,152,0.140223,0.142963,3.0825,0.206901,1.92633,2.22776,1.863
triangle,2,lqi,1,8,11.0666,7,32,158,0.141867,0.140223,3.58701,0.323952,2.17828,2.58134,2.1139
triangle,2,lqi,1,9,12.1129,7,24,166,0.141319,0.140223,3.57116,0.354124,2.54218,2.80736,2.55653
triangle,2,lqi,1,10,13.8075,11,20,170,0.140771,0.142415,4.10953,0.471714,2.77908,3.45612,2.70791
triangle,2,lqi,1,11,12.3884,8,28,162,0.141867,0.141319,3.71669,0.373495,2.60429,2.86352,2.54723
triangle,2,lqi,1,12,11.0663,7,29,161,0.145703,0.140223,3.57002,0.300914,2.1627,2.53177,2.21501
triangle,2,lqi,1,13,11.4221,5,22,168,0.137483,0.142415,3.34683,0.29913,2.45962,2.64928,2.38736
triangle,2,lqi,1,14,12.0544,5,28,162,0.142963,0.142415,3.35662,0.326144,2.48883,3.10286,2.49459
triangle,2,lqi,1,15,12.6489,12,25,165,0.144059,0.142963,4.29697,0.586303,2.31634,2.64484,2.51743
triangle,2,lqi,1,16,14.5295,11,16,174,0.139675,0.139127,4.16042,0.484389,2.99998,3.53558,3.07034
triangle,2,lqi,1,17,9.89269,3,36,154,0.140223,0.141319,2.99286,0.197006,1.9796,2.50694,1.93475
triangle,2,lqi,1,18,12.5968,4,19,171,0.134195,0.139127,3.17318,0.329333,2.71768,3.20224,2.90109
triangle,2,lqi,1,19,13.089,5,20,170,0.144607,0.139675,3.35299,0.336935,2.75282,3.37407,2.98786
triangle,2,leo,0,0,11.88,1,1,189,0.237219,0.239411,4.71425,0.119213,2.08636,2.67116,1.8124
triangle,2,leo,0,1,12.1888,0,0,190,0.232835,0.241055,4.47264,0.123947,2.32887,2.82393,1.96554
triangle,2,leo,0,2,11.3882,0,0,190,0.231739,0.232287,4.46716,0.0962055,2.0112,2.55885,1.79072
triangle,2,leo,0,3,11.7428,0,0,190,0.232287,0.231739,4.46004,0.11175,2.27088,2.60997,1.82613
triangle,2,leo,0,4,12.1256,0,0,190,0.232835,0.230095,4.47429,0.0939435,2.44192,2.79571,1.85683
triangle,2,leo,0,5,11.6323,0,0,190,0.237767,0.231191,4.46552,0.0944618,2.15011,2.62245,1.83075
triangle,2,leo,0,6,12.1938,0,0,190,0.235027,0.236123,4.44634,0.116444,2.27878,2.92189,1.95923
triangle,2,leo,0,7,11.549,0,0,190,0.230643,0.235575,4.47538,0.108292,2.18142,2.51061,1.80712
triangle,2,leo,0,8,11.545,0,0,190,0.236671,0.238863,4.47593,0.114252,2.23922,2.46687,1.77319
triangle,2,leo,0,9,11.9437,0,0,190,0.235027,0.231191,4.4847,0.102573,2.31307,2.75697,1.82014
triangle,2,leo,0,10,11.3134,0,0,190,0.227355,0.237767,4.47977,0.100939,1.87928,2.53611,1.85216
triangle,2,leo,0,11,11.4276,0,0,190,0.234479,0.236123,4.471,0.106181,1.95608,2.53529,1.88842
triangle,2,leo,0,12,11.5398,0,0,190,0.230095,0.235575,4.45565,0.115826,2.14046,2.53373,1.82846
triangle,2,leo,0,13,12.2016,0,0,190,0.236671,0.232287,4.48634,0.0991151,2.37644,2.91591,1.85479
triangle,2,leo,0,14,11.7641,0,0,190,0.235027,0.243247,4.47264,0.0899081,2.25572,2.62318,1.8444
triangle,2,leo,0,15,11.5121,0,0,190,0.236123,0.236671,4.49073,0.0921998,2.16592,2.54959,1.74088
triangle,2,leo,0,16,12.4225,0,0,190,0.235575,0.239411,4.47593,0.119353,2.39461,2.94785,2.0098
triangle,2,leo,0,17,11.9531,0,0,190,0.227903,0.235575,4.46716,0.105085,2.31265,2.74595,1.85875
triangle,2,leo,0,18,11.5814,0,0,190,0.235575,0.234479,4.46552,0.101377,2.13031,2.6141,1.80003
triangle,2,leo,0,19,11.5563,0,0,190,0.233383,0.235575,4.46059,0.103779,2.03983,2.62251,1.8606
triangle,2,leo,1,0,11.4001,6,28,162,0.145703,0.139675,3.39455,0.38016,2.24027,2.87434,2.22541
triangle,2,leo,1,1,12.3551,3,21,169,0.138579,0.145703,3.00214,0.229629,2.6984,3.39608,2.74459
triangle,2,leo,1,2,11.5469,6,30,160,0.141867,0.138031,3.42491,0.313987,2.26748,3.12186,2.13875
triangle,2,leo,1,3,12.3333,7,22,168,0.138579,0.141867,3.59245,0.325824,2.69491,2.99345,2.44617
triangle,2,leo,1,4,12.1724,8,27,163,0.145703,0.141867,3.75624,0.374709,2.47072,3.06712,2.21601
triangle,2,leo,1,5,10.5052,6,35,155,0.140771,0.141319,3.45935,0.304321,2.20026,2.37734,1.88185
triangle,2,leo,1,6,10.5417,6,44,146,0.145155,0.145155,3.46117,0.303155,2.05115,2.76696,1.66895
triangle,2,leo,1,7,10.0505,2,35,155,0.140223,0.142963,2.94282,0.213974,2.21608,2.4898,1.90466
triangle,2,leo,1,8,11.8887,5,27,163,0.141867,0.140223,3.29691,0.310729,2.66234,2.96436,2.3723
triangle,2,leo,1,9,10.7287,8,38,152,0.141319,0.140223,3.6922,0.272385,2.17012,2.4245,1.88799
triangle,2,leo,1,10,11.5473,7,32,158,0.140771,0.142415,3.50905,0.383129,2.45092,2.6915,2.22949
triangle,2,leo,1,11,12.425,7,28,162,0.141867,0.141319,3.57099,0.349409,2.67873,3.04708,2.49557
triangle,2,leo,1,12,11.2718,6,30,160,0.145703,0.140223,3.45898,0.370435,2.43309,2.5799,2.14345
triangle,2,leo,1,13,11.8725,3,27,163,0.137483,0.142415,3.04666,0.25431,2.64922,3.20012,2.44226
triangle,2,leo,1,14,11.4853,6,32,158,0.142963,0.142415,3.51547,0.296618,2.41989,2.79215,2.17577
triangle,2,leo,1,15,13.6296,9,20,170,0.144059,0.142963,3.84511,0.450489,2.74102,3.51878,2.78722
triangle,2,leo,1,16,10.5405,6,44,146,0.139675,0.139127,3.45884,0.332541,1.82734,2.75458,1.88841
triangle,2,leo,1,17,11.1518,5,34,156,0.140223,0.141319,3.28739,0.245512,2.29495,2.93277,2.10968
triangle,2,leo,1,18,12.2825,3,21,169,0.134195,0.139127,3.01529,0.270323,2.63924,3.34508,2.73924
triangle,2,leo,1,19,10.4526,5,40,150,0.144607,0.139675,3.36281,0.239174,2.05094,2.51436,2.00106
triangle,2.25,hopcount,0,0,14.9679,5,9,181,0.181871,0.181323,4.37587,0.245185,2.88011,4.24016,2.86341
triangle,2.25,hopcount,0,1,15.4377,9,18,172,0.178035,0.183515,5.04253,0.345238,2.88619,4.2576,2.5446
triangle,2.25,hopcount,0,2,14.6545,4,12,178,0.179131,0.182967,4.18194,0.290064,3.22709,3.98945,2.60388
triangle,2.25,hopcount,0,3,15.7565,9,15,175,0.180775,0.182967,5.10062,0.343831,2.81808,4.66677,2.4635
triangle,2.25,hopcount,0,4,15.9323,10,14,176,0.182419,0.179131,5.25728,0.322519,3.06933,4.41775,2.50386
triangle,2.25,hopcount,0,5,14.9733,6,11,179,0.174747,0.178035,4.54459,0.275378,2.96822,4.33085,2.50152
triangle,2.25,hopcount,0,6,14.8692,6,14,176,0.182967,0.179131,4.54349,0.302272,2.86944,4.31579,2.47613
triangle,2.25,hopcount,0,7,14.888,6,15,175,0.180775,0.184611,4.55719,0.282124,2.96561,4.15416,2.56356
triangle,2.25,hopcount,0,8,15.0784,9,14,176,0.181871,0.185159,5.07596,0.331079,2.97124,3.79946,2.53358
triangle,2.25,hopcount,0,9,15.6215,8,8,182,0.183515,0.178583,4.9171,0.263234,2.96956,4.37281,2.73671
triangle,2.25,hopcount,0,10,14.4532,10,24,166,0.179679,0.179679,5.25454,0.336491,2.45844,3.86492,2.17948
triangle,2.25,hopcount,0,11,14.5235,7,28,162,0.178035,0.179679,4.73304,0.259783,2.9575,3.85567,2.35975
triangle,2.25,hopcount,0,12,15.8155,9,17,173,0.181871,0.187899,5.09349,0.348247,2.98821,4.50688,2.50893
triangle,2.25,hopcount,0,13,16.5446,14,22,168,0.186255,0.185707,6.01929,0.400797,3.2072,4.14365,2.40165
triangle,2.25,hopcount,0,14,15.1634,11,20,170,0.191187,0.182419,5.43257,0.36446,2.80433,3.97856,2.2099
triangle,2.25,hopcount,0,15,15.4954,11,17,173,0.190639,0.181871,5.4397,0.343951,2.90585,3.91797,2.51539
triangle,2.25,hopcount,0,16,14.8999,8,14,176,0.185707,0.185159,4.92148,0.307922,2.7254,3.99602,2.57824
triangle,2.25,hopcount,0,17,14.9976,8,21,169,0.178035,0.182419,4.91765,0.320395,2.77505,4.18942,2.43461
triangle,2.25,hopcount,0,18,14.8846,9,14,176,0.184063,0.184063,5.07596,0.297619,2.68237,3.89233,2.56822
triangle,2.25,hopcount,0,19,16.4363,10,18,172,0.178035,0.176939,5.24796,0.328717,3.16194,4.84012,2.50256
triangle,2.25,hopcount,1,0,10.2103,7,60,130,0.107343,0.113371,2.59067,0.303227,2.20472,3.03368,1.85729
triangle,2.25,hopcount,1,1,11.1025,11,57,133,0.117755,0.113919,2.90076,0.350389,2.49845,3.19209,1.92918
triangle,2.25,hopcount,1,2,10.7574,12,62,128,0.109535,0.115563,3.06067,0.46208,2.09017,3.07926,1.84015
triangle,2.25,hopcount,1,3,9.26905,8,66,124,0.110631,0.113371,2.63827,0.278715,1.97973,2.53347,1.61487
triangle,2.25,hopcount,1,4,9.76878,7,61,129,0.115015,0.113919,2.56943,0.280957,2.1376,2.72795,1.82392
triangle,2.25,hopcount,1,5,9.5242,8,67,123,0.116659,0.116659,2.66082,0.327451,1.92784,2.65995,1.71482
triangle,2.25,hopcount,1,6,10.0837,8,64,126,0.115563,0.116659,2.63683,0.328218,2.22845,2.76923,1.88877
triangle,2.25,hopcount,1,7,9.49186,4,59,131,0.114467,0.111179,2.19866,0.236725,2.13378,2.69865,1.99839
triangle,2.25,hopcount,1,8,9.27085,9,67,123,0.113371,0.112275,2.75434,0.249958,1.85942,2.59962,1.58186
triangle,2.25,hopcount,1,9,9.1901,9,69,121,0.112275,0.116111,2.73735,0.362724,1.95392,2.30184,1.60588
triangle,2.25,hopcount,1,10,10.771,6,53,137,0.112823,0.113919,2.43763,0.293044,2.48554,3.17851,2.14957
triangle,2.25,hopcount,1,11,9.31988,6,66,124,0.117755,0.111179,2.48619,0.236556,1.95086,2.55215,1.86519
triangle,2.25,hopcount,1,12,9.9183,4,53,137,0.115563,0.114467,2.27721,0.263549,2.34848,2.74839,2.05064
triangle,2.25,hopcount,1,13,11.4736,13,56,134,0.112823,0.113371,3.15558,0.389519,2.40517,3.34195,1.95516
triangle,2.25,hopcount,1,14,10.4629,8,56,134,0.108439,0.111727,2.65185,0.289516,2.32764,2.98354,1.99019
triangle,2.25,hopcount,1,15,9.96061,3,53,137,0.118303,0.113919,2.17092,0.200982,2.21193,3.11204,2.03251
triangle,2.25,hopcount,1,16,10.2239,9,63,127,0.109535,0.110631,2.72465,0.33046,2.31973,2.79813,1.83078
triangle,2.25,hopcount,1,17,9.78327,6,62,128,0.111727,0.108987,2.45951,0.281982,2.21658,2.71385,1.89062
triangle,2.25,hopcount,1,18,9.86417,8,63,127,0.114467,0.114467,2.67849,0.279861,2.3043,2.72802,1.64456
triangle,2.25,hopcount,1,19,9.34549,7,64,126,0.107891,0.113371,2.51765,0.291927,2.00809,2.52768,1.77888
triangle,2.25,lqi,0,0,13.2492,0,0,190,0.181871,0.181323,3.47145,0.166165,2.86284,3.34016,3.04539
triangle,2.25,lqi,0,1,13.8741,0,0,190,0.178035,0.183515,3.41062,0.186742,3.1205,3.52246,3.27224
triangle,2.25,lqi,0,2,13.1442,0,0,190,0.179131,0.182967,3.45227,0.166165,2.78774,3.34867,3.02722
triangle,2.25,lqi,0,3,13.1091,2,2,188,0.180775,0.182967,3.82204,0.179946,2.67668,3.25348,2.8132
triangle,2.25,lqi,0,4,12.9307,0,0,190,0.182419,0.179131,3.43473,0.151667,2.82321,3.15244,3.00715
triangle,2.25,lqi,0,5,14.2074,4,4,186,0.174747,0.178035,4.17098,0.215569,2.70648,3.99458,2.76705
triangle,2.25,lqi,0,6,13.1446,0,0,190,0.182967,0.179131,3.45555,0.161491,3.00696,3.08145,3.07709
triangle,2.25,lqi,0,7,13.9882,3,3,187,0.180775,0.184611,4.0072,0.213137,2.75396,3.73597,2.91254
triangle,2.25,lqi,0,8,13.5601,1,1,189,0.181871,0.185159,3.6166,0.190797,2.85853,3.48296,3.04413
triangle,2.25,lqi,0,9,12.8374,0,0,190,0.183515,0.178583,3.46761,0.164401,2.75746,3.15721,2.92862
triangle,2.25,lqi,0,10,14.0894,5,5,185,0.179679,0.179679,4.34189,0.231044,2.66834,3.69657,2.79215
triangle,2.25,lqi,0,11,12.9597,0,0,190,0.178035,0.179679,3.45665,0.147852,2.65796,3.27366,3.06586
triangle,2.25,lqi,0,12,13.4133,1,1,189,0.181871,0.187899,3.64291,0.180017,2.78694,3.4091,3.02453
triangle,2.25,lqi,0,13,13.4685,0,0,190,0.186255,0.185707,3.46377,0.173508,2.90296,3.46874,3.08758
triangle,2.25,lqi,0,14,12.9145,0,0,190,0.191187,0.182419,3.43309,0.166713,2.74382,3.17544,3.0218
triangle,2.25,lqi,0,15,13.4482,0,0,190,0.190639,0.181871,3.44076,0.185646,2.7665,3.67646,3.00634
triangle,2.25,lqi,0,16,13.6046,0,0,190,0.185707,0.185159,3.4698,0.159798,2.97667,3.48135,3.14613
triangle,2.25,lqi,0,17,12.4044,0,0,190,0.178035,0.182419,3.45007,0.174297,2.62717,3.01865,2.7738
triangle,2.25,lqi,0,18,12.9513,0,0,190,0.184063,0.184063,3.44021,0.165568,2.80452,3.18358,2.98928
triangle,2.25,lqi,0,19,12.8571,0,0,190,0.178035,0.176939,3.43035,0.152335,2.68701,3.25768,2.97476
triangle,2.25,lqi,1,0,10.1273,2,47,143,0.107343,0.113371,2.06434,0.230475,2.30206,2.91989,2.38978
triangle,2.25,lqi,1,1,9.46142,1,50,140,0.117755,0.113919,1.96531,0.221438,2.14223,2.55718,2.34359
triangle,2.25,lqi,1,2,8.40592,3,59,131,0.109535,0.115563,2.12809,0.212331,1.8608,2.08088,1.89873
triangle,2.25,lqi,1,3,8.49978,1,61,129,0.110631,0.113371,1.94853,0.154198,1.93967,2.31385,1.91953
triangle,2.25,lqi,1,4,9.3686,6,58,132,0.115015,0.113919,2.49683,0.315484,1.98972,2.30768,2.02996
triangle,2.25,lqi,1,5,8.00731,1,68,122,0.116659,0.116659,1.93706,0.189821,1.69338,2.12425,1.82948
triangle,2.25,lqi,1,6,10.135,3,47,143,0.115563,0.116659,2.18315,0.242661,2.29004,2.81264,2.37433
triangle,2.25,lqi,1,7,9.34814,3,54,136,0.114467,0.111179,2.1525,0.247883,2.00983,2.44656,2.26571
triangle,2.25,lqi,1,8,9.14338,2,55,135,0.113371,0.112275,2.10709,0.194972,2.13906,2.31604,2.16057
triangle,2.25,lqi,1,9,9.68635,4,58,132,0.112275,0.116111,2.27666,0.247933,2.10463,2.68115,2.14759
triangle,2.25,lqi,1,10,9.85984,6,55,135,0.112823,0.113919,2.48536,0.252507,2.11184,2.64809,2.13529
triangle,2.25,lqi,1,11,8.78508,2,59,131,0.117755,0.111179,2.0984,0.174346,1.90394,2.30461,2.07484
triangle,2.25,lqi,1,12,9.60292,3,52,138,0.115563,0.114467,2.17274,0.229329,2.12876,2.60948,2.23258
triangle,2.25,lqi,1,13,9.58966,3,55,135,0.112823,0.113371,2.14162,0.201958,2.19188,2.58907,2.23894
triangle,2.25,lqi,1,14,10.0804,7,57,133,0.108439,0.111727,2.5316,0.270344,2.29945,2.67972,2.07911
triangle,2.25,lqi,1,15,8.78209,1,58,132,0.118303,0.113919,1.9893,0.136362,1.90984,2.42202,2.09235
triangle,2.25,lqi,1,16,9.34641,4,55,135,0.109535,0.110631,2.29509,0.217553,2.15524,2.33779,2.12058
triangle,2.25,lqi,1,17,9.28937,2,51,139,0.111727,0.108987,2.06536,0.182906,2.09889,2.55739,2.16412
triangle,2.25,lqi,1,18,8.58294,2,57,133,0.114467,0.114467,2.08437,0.199098,1.84746,2.17096,2.05212
triangle,2.25,lqi,1,19,9.77883,4,52,138,0.107891,0.113371,2.31073,0.273801,2.12198,2.65129,2.19977
triangle,2.25,leo,0,0,15.9834,8,7,183,0.181871,0.181323,4.91436,0.284096,3.23918,4.28838,2.89422
triangle,2.25,leo,0,1,16.1095,9,5,185,0.178035,0.183515,5.03047,0.358591,3.03308,4.60159,2.72425
triangle,2.25,leo,0,2,15.2555,8,7,183,0.179131,0.182967,4.91107,0.323467,3.16078,3.9614,2.53663
triangle,2.25,leo,0,3,15.0446,7,14,176,0.180775,0.182967,4.73139,0.279762,2.66381,4.42249,2.58337
triangle,2.25,leo,0,4,15.7237,8,7,183,0.182419,0.179131,4.89134,0.269389,3.25046,4.28422,2.66677
triangle,2.25,leo,0,5,14.8873,8,8,182,0.174747,0.178035,4.89956,0.312645,3.10202,3.61833,2.60198
triangle,2.25,leo,0,6,15.5383,9,9,181,0.182967,0.179131,5.09294,0.311521,2.99844,4.08394,2.68939
triangle,2.25,leo,0,7,15.2649,9,17,173,0.180775,0.184611,5.09952,0.310184,2.86512,4.14196,2.48275
triangle,2.25,leo,0,8,14.8239,8,15,175,0.181871,0.185159,4.89134,0.333868,2.98535,3.78842,2.45788
triangle,2.25,leo,0,9,15.6543,3,3,187,0.183515,0.178583,4.01213,0.239677,3.25829,4.90929,2.87284
triangle,2.25,leo,0,10,15.6867,6,6,184,0.179679,0.179679,4.52705,0.287487,2.9392,4.78473,2.7889
triangle,2.25,leo,0,11,16.3607,9,9,181,0.178035,0.179679,5.09349,0.287246,3.3221,4.52529,2.77488
triangle,2.25,leo,0,12,16.2022,8,14,176,0.181871,0.187899,4.90614,0.315982,3.35097,4.57666,2.68272
triangle,2.25,leo,0,13,16.7462,14,23,167,0.186255,0.185707,6.01764,0.400988,3.12764,4.3646,2.46336
triangle,2.25,leo,0,14,15.9018,10,10,180,0.191187,0.182419,5.24961,0.363315,2.87267,4.54548,2.49715
triangle,2.25,leo,0,15,15.8195,12,19,171,0.190639,0.181871,5.63308,0.34445,3.25222,3.81944,2.3978
triangle,2.25,leo,0,16,15.0199,8,19,171,0.185707,0.185159,4.9182,0.322968,2.90579,3.98378,2.51833
triangle,2.25,leo,0,17,15.2103,6,17,173,0.178035,0.182419,4.55117,0.290612,2.95815,4.62505,2.42484
triangle,2.25,leo,0,18,16.1943,11,10,180,0.184063,0.184063,5.45121,0.334031,3.03172,4.36594,2.64332
triangle,2.25,leo,0,19,15.9776,9,9,181,0.178035,0.176939,5.06061,0.329751,3.2434,4.36964,2.6192
triangle,2.25,leo,1,0,10.116,7,60,130,0.107343,0.113371,2.59067,0.300317,2.19431,2.9498,1.86017
triangle,2.25,leo,1,1,8.51681,6,72,118,0.117755,0.113919,2.41832,0.234862,1.75631,2.21779,1.65785
triangle,2.25,leo,1,2,9.65362,7,59,131,0.109535,0.115563,2.54252,0.302201,1.93752,2.83254,1.81374
triangle,2.25,leo,1,3,9.87828,4,55,135,0.110631,0.113371,2.24955,0.209753,2.1066,3.05266,2.03573
triangle,2.25,leo,1,4,9.07824,3,61,129,0.115015,0.113919,2.17017,0.191157,2.10285,2.51471,1.87041
triangle,2.25,leo,1,5,9.47839,8,67,123,0.116659,0.116659,2.68342,0.29693,1.98379,2.62221,1.65872
triangle,2.25,leo,1,6,9.36194,7,69,121,0.115563,0.116659,2.52629,0.24953,2.14511,2.4407,1.76809
triangle,2.25,leo,1,7,9.17987,5,65,125,0.114467,0.111179,2.30238,0.258019,2.07113,2.50583,1.81687
triangle,2.25,leo,1,8,9.27085,9,67,123,0.113371,0.112275,2.75434,0.249958,1.85942,2.59962,1.58186
triangle,2.25,leo,1,9,9.24086,9,68,122,0.112275,0.116111,2.72335,0.379486,1.94738,2.33419,1.62807
triangle,2.25,leo,1,10,10.9159,8,54,136,0.112823,0.113919,2.60248,0.333939,2.33473,3.24691,2.1711
triangle,2.25,leo,1,11,9.31988,6,66,124,0.117755,0.111179,2.48619,0.236556,1.95086,2.55215,1.86519
triangle,2.25,leo,1,12,9.84845,5,56,134,0.115563,0.114467,2.38168,0.28253,2.30539,2.67881,1.97
triangle,2.25,leo,1,13,11.4736,13,56,134,0.112823,0.113371,3.15558,0.389519,2.40517,3.34195,1.95516
triangle,2.25,leo,1,14,9.47646,6,63,127,0.108439,0.111727,2.43767,0.214692,2.07766,2.70623,1.82004
triangle,2.25,leo,1,15,9.86102,2,52,138,0.118303,0.113919,2.07956,0.145232,2.12277,3.13888,2.14235
triangle,2.25,leo,1,16,10.0745,9,63,127,0.109535,0.110631,2.72465,0.331008,2.25541,2.69331,1.85
triangle,2.25,leo,1,17,8.53503,5,71,119,0.111727,0.108987,2.34327,0.267056,1.76323,2.38443,1.55633
triangle,2.25,leo,1,18,10.1295,5,56,134,0.114467,0.114467,2.38333,0.26894,2.2612,2.99942,1.98766
triangle,2.25,leo,1,19,8.93242,6,65,125,0.107891,0.113371,2.46116,0.294381,1.70785,2.50741,1.74036
triangle,2.5,hopcount,0,0,16.0667,16,29,161,0.130359,0.130907,4.62505,0.576503,3.23953,4.09659,3.26779
triangle,2.5,hopcount,0,1,15.6829,20,42,148,0.132003,0.134195,5.1558,0.716905,3.08012,3.64804,2.81587
triangle,2.5,hopcount,0,2,17.4647,16,18,172,0.129263,0.135291,4.65683,0.583058,3.78765,4.66177,3.51083
triangle,2.5,hopcount,0,3,15.6618,20,39,151,0.132551,0.132551,5.17005,0.670362,3.10115,3.52085,2.93425
triangle,2.5,hopcount,0,4,15.2337,18,48,142,0.135839,0.137483,4.9044,0.635409,3.25848,3.66939,2.4927
triangle,2.5,hopcount,0,5,14.4876,15,46,144,0.123235,0.130907,4.49962,0.576935,2.93238,3.50493,2.71957
triangle,2.5,hopcount,0,6,16.94,22,36,154,0.132551,0.132003,5.42748,0.740725,3.87963,3.64102,2.98657
triangle,2.5,hopcount,0,7,15.4463,13,38,152,0.130907,0.131455,4.27397,0.506969,3.5109,3.80084,3.09121
triangle,2.5,hopcount,0,8,17.1022,22,38,152,0.133099,0.135839,5.42035,0.690888,3.36861,4.46005,2.89337
triangle,2.5,hopcount,0,9,16.6154,15,31,159,0.136387,0.134743,4.50674,0.549652,3.28288,4.77823,3.22678
triangle,2.5,hopcount,0,10,16.3363,21,50,140,0.136935,0.130359,5.32397,0.713265,3.47763,3.90075,2.65336
triangle,2.5,hopcount,0,11,16.0897,13,28,162,0.129263,0.133099,4.23068,0.543896,3.36343,4.53411,3.15526
triangle,2.5,hopcount,0,12,17.1191,13,19,171,0.130907,0.145155,4.2389,0.540722,4.08004,4.54421,3.43918
triangle,2.5,hopcount,0,13,15.8654,13,31,159,0.130359,0.135291,4.2263,0.538215,2.98244,4.62108,3.23175
triangle,2.5,hopcount,0,14,15.2743,12,41,149,0.138579,0.135291,4.09923,0.521065,2.90565,4.59116,2.88337
triangle,2.5,hopcount,0,15,15.7255,15,33,157,0.140771,0.132003,4.49359,0.550356,3.33384,4.18287,2.89206
triangle,2.5,hopcount,0,16,17.3634,24,46,144,0.134743,0.137483,5.70244,0.783061,3.53942,4.21647,2.8498
triangle,2.5,hopcount,0,17,15.682,15,37,153,0.129811,0.134743,4.504,0.580191,3.39851,4.03182,2.90295
triangle,2.5,hopcount,0,18,17.1607,22,33,157,0.129811,0.130907,5.42035,0.718518,3.29107,4.49819,2.97181
triangle,2.5,hopcount,0,19,17.108,15,22,168,0.132003,0.133099,4.52318,0.546057,3.58915,4.77167,3.41289
triangle,2.5,hopcount,1,0,8.58311,6,78,112,0.0930953,0.0947393,1.86442,0.247398,1.93912,2.45683,1.8875
triangle,2.5,hopcount,1,1,10.014,9,72,118,0.0952873,0.0969313,2.07599,0.275985,2.29935,2.97248,2.19798
triangle,2.5,hopcount,1,2,9.60671,2,72,118,0.0947393,0.0936433,1.59687,0.213539,2.16188,3.24162,2.20442
triangle,2.5,hopcount,1,3,9.27242,15,84,106,0.0963833,0.0963833,2.524,0.412032,1.93309,2.47662,1.73391
triangle,2.5,hopcount,1,4,9.78712,5,71,119,0.0909033,0.0919993,1.79166,0.233366,2.55705,2.7175,2.30465
triangle,2.5,hopcount,1,5,9.13013,8,75,115,0.0930953,0.0947393,2.01127,0.289943,2.05343,2.51272,2.07493
triangle,2.5,hopcount,1,6,10.3455,13,75,115,0.0958353,0.0963833,2.38162,0.426485,2.4506,2.85503,2.03951
triangle,2.5,hopcount,1,7,8.81544,8,84,106,0.0958353,0.0936433,2.03518,0.302476,1.87939,2.6102,1.79872
triangle,2.5,hopcount,1,8,10.1375,10,73,117,0.0941913,0.0941913,2.16718,0.383066,2.20872,3.14461,2.04556
triangle,2.5,hopcount,1,9,10.6468,12,67,123,0.0930953,0.0947393,2.30961,0.441539,2.27907,3.15069,2.27803
triangle,2.5,hopcount,1,10,9.56491,8,73,117,0.0936433,0.0919993,2.04192,0.268522,2.27927,2.76222,2.02733
triangle,2.5,hopcount,1,11,10.0626,13,78,112,0.0958353,0.0925473,2.39347,0.460829,2.53871,2.52899,1.95223
triangle,2.5,hopcount,1,12,10.2763,8,68,122,0.0963833,0.0925473,2.04665,0.282183,2.2638,3.20424,2.29051
triangle,2.5,hopcount,1,13,10.5906,7,66,124,0.0947393,0.0947393,1.93146,0.313617,2.79439,3.00418,2.35743
triangle,2.5,hopcount,1,14,8.94014,7,77,113,0.0969313,0.0898073,1.90873,0.26732,2.10751,2.46584,2.004
triangle,2.5,hopcount,1,15,10.7416,8,71,119,0.0914513,0.0941913,2.06562,0.313005,2.78459,3.22565,2.16709
triangle,2.5,hopcount,1,16,10.2821,10,79,111,0.0930953,0.0952873,2.1518,0.405972,2.37013,3.2077,1.95809
triangle,2.5,hopcount,1,17,9.39133,5,75,115,0.0925473,0.0969313,1.8019,0.211588,2.00298,3.04192,2.14348
triangle,2.5,hopcount,1,18,8.78846,1,76,114,0.0952873,0.0952873,1.48877,0.159249,2.02594,2.8508,2.07313
triangle,2.5,hopcount,1,19,9.87442,8,75,115,0.0974793,0.0980273,2.03627,0.265443,2.46886,2.83767,2.07066
triangle,2.5,lqi,0,0,16.1015,11,19,171,0.130359,0.130907,3.98531,0.463653,3.37462,4.33622,3.68044
triangle,2.5,lqi,0,1,15.0559,8,23,167,0.131455,0.133099,3.5871,0.410968,3.34957,3.82074,3.62297
triangle,2.5,lqi,0,2,16.0173,14,27,163,0.129811,0.134743,4.37858,0.523794,3.02765,4.35298,3.46973
triangle,2.5,lqi,0,3,15.388,9,14,176,0.133099,0.132551,3.70705,0.381178,3.06701,4.26044,3.7067
triangle,2.5,lqi,0,4,14.8116,9,21,169,0.133647,0.138031,3.72514,0.468948,2.96782,3.98999,3.388
triangle,2.5,lqi,0,5,15.9907,11,18,172,0.123235,0.130907,3.97983,0.463136,3.28149,4.40568,3.6064
triangle,2.5,lqi,0,6,15.9389,6,6,184,0.132551,0.132551,3.322,0.429617,3.66721,4.08073,4.17418
triangle,2.5,lqi,0,7,14.9896,9,21,169,0.132551,0.130907,3.72568,0.450161,3.08282,3.92222,3.54524
triangle,2.5,lqi,0,8,15.958,8,7,183,0.133099,0.135839,3.58546,0.413456,3.42176,4.4515,3.81687
triangle,2.5,lqi,0,9,16.7711,10,12,178,0.136387,0.134743,3.86865,0.420718,3.39857,4.84374,3.96832
triangle,2.5,lqi,0,10,16.1505,15,29,161,0.135839,0.129811,4.50565,0.540944,3.04247,4.46908,3.3267
triangle,2.5,lqi,0,11,15.0866,12,33,157,0.129263,0.133099,4.11019,0.4797,3.06205,3.89963,3.27267
triangle,2.5,lqi,0,12,15.5381,9,13,177,0.130907,0.144059,3.71801,0.408998,3.26056,4.16682,3.70873
triangle,2.5,lqi,0,13,17.6949,17,13,177,0.130359,0.135291,4.7576,0.568247,3.49609,4.76053,3.84682
triangle,2.5,lqi,0,14,16.143,12,22,168,0.138579,0.135291,4.12389,0.489091,3.34816,4.51667,3.39131
triangle,2.5,lqi,0,15,16.2641,12,20,170,0.139675,0.132003,4.10525,0.481362,3.40402,4.50317,3.49857
triangle,2.5,lqi,0,16,15.5393,10,25,165,0.134743,0.137483,3.84563,0.384731,3.00486,4.54259,3.48929
triangle,2.5,lqi,0,17,15.4336,5,9,181,0.129811,0.134743,3.18342,0.372216,3.5536,3.96592,4.0939
triangle,2.5,lqi,0,18,14.8913,10,26,164,0.129811,0.130907,3.85714,0.43456,3.05644,3.9391,3.34334
triangle,2.5,lqi,0,19,16.4487,9,9,181,0.132551,0.133099,3.7224,0.413803,3.44879,4.65183,3.94627
triangle,2.5,lqi,1,0,9.66033,6,69,121,0.0930953,0.0947393,1.86788,0.246479,2.14284,2.89221,2.32308
triangle,2.5,lqi,1,1,8.60343,7,79,111,0.0952873,0.0969313,1.92729,0.255989,1.8997,2.41818,1.91005
triangle,2.5,lqi,1,2,9.62508,3,70,120,0.0947393,0.0936433,1.66812,0.198411,2.14157,3.20465,2.22395
triangle,2.5,lqi,1,3,8.47908,2,70,120,0.0963833,0.0958353,1.58426,0.150552,1.96002,2.42567,2.16636
triangle,2.5,lqi,1,4,9.87169,3,60,130,0.0914513,0.0919993,1.65425,0.218206,2.48395,2.68908,2.64276
triangle,2.5,lqi,1,5,8.78462,2,68,122,0.0930953,0.0947393,1.59244,0.16277,1.96871,2.56618,2.30668
triangle,2.5,lqi,1,6,9.36949,6,74,116,0.0958353,0.0963833,1.8624,0.257053,2.02969,2.85583,2.1723
triangle,2.5,lqi,1,7,8.47811,5,79,111,0.0958353,0.0936433,1.79676,0.236824,1.86609,2.38139,2.00757
triangle,2.5,lqi,1,8,9.41887,6,74,116,0.0941913,0.0941913,1.86316,0.289848,2.08387,2.74864,2.24497
triangle,2.5,lqi,1,9,9.97903,2,60,130,0.0930953,0.0947393,1.58481,0.196566,2.22687,3.28545,2.4975
triangle,2.5,lqi,1,10,9.86984,2,62,128,0.0936433,0.0919993,1.60847,0.161611,2.36195,3.07896,2.47322
triangle,2.5,lqi,1,11,9.76827,9,68,122,0.0958353,0.0925473,2.11794,0.370647,2.25688,2.54698,2.28745
triangle,2.5,lqi,1,12,9.22894,4,74,116,0.0963833,0.0925473,1.72989,0.239312,1.98521,2.93891,2.14668
triangle,2.5,lqi,1,13,9.10441,6,68,122,0.0947393,0.0952873,1.86915,0.273656,1.94424,2.58691,2.24043
triangle,2.5,lqi,1,14,8.92312,4,73,117,0.0969313,0.0898073,1.71058,0.209912,1.89991,2.87563,2.04034
triangle,2.5,lqi,1,15,9.80419,3,63,127,0.0914513,0.0941913,1.66572,0.212419,2.22599,3.05196,2.46247
triangle,2.5,lqi,1,16,8.36753,1,71,119,0.0930953,0.0952873,1.49243,0.162222,2.01587,2.27902,2.2296
triangle,2.5,lqi,1,17,8.99877,4,74,116,0.0925473,0.0969313,1.72171,0.216141,1.9688,2.65905,2.2436
triangle,2.5,lqi,1,18,10.0974,5,65,125,0.0952873,0.0952873,1.78858,0.265379,2.29577,3.14748,2.40965
triangle,2.5,lqi,1,19,9.14636,1,66,124,0.0969313,0.0974793,1.50428,0.157499,2.21273,2.76384,2.31359
triangle,2.5,leo,0,0,14.7841,16,40,150,0.130359,0.130907,4.63875,0.548884,2.83749,3.7891,2.70857
triangle,2.5,leo,0,1,14.8956,21,51,139,0.132003,0.134195,5.31301,0.762509,2.78337,3.2959,2.4746
triangle,2.5,leo,0,2,15.4163,14,33,157,0.129263,0.135291,4.38022,0.571979,3.24974,3.88749,3.06227
triangle,2.5,leo,0,3,14.303,17,55,135,0.132551,0.132551,4.79267,0.588404,3.07318,3.00457,2.57906
triangle,2.5,leo,0,4,16.7577,16,28,162,0.135839,0.137483,4.64916,0.618868,4.05029,4.06608,3.09994
triangle,2.5,leo,0,5,15.3298,12,29,161,0.123235,0.130907,4.11402,0.516511,3.30049,3.96827,3.17639
triangle,2.5,leo,0,6,14.8345,16,51,139,0.132551,0.132003,4.62943,0.589203,3.03035,3.8111,2.50985
triangle,2.5,leo,0,7,16.6011,22,34,156,0.130907,0.131455,5.44556,0.723203,3.55514,3.62838,2.98645
triangle,2.5,leo,0,8,14.8084,19,55,135,0.133099,0.135839,5.03147,0.642524,2.91722,3.37635,2.57194
triangle,2.5,leo,0,9,14.6511,15,54,136,0.136387,0.134743,4.52428,0.560226,2.71783,4.00574,2.57187
triangle,2.5,leo,0,10,15.4745,19,51,139,0.136935,0.130359,5.03914,0.659409,3.4562,3.44833,2.60409
triangle,2.5,leo,0,11,15.057,15,41,149,0.129263,0.133099,4.50017,0.587138,3.14702,3.71948,2.84079
triangle,2.5,leo,0,12,17.184,18,32,158,0.130907,0.145155,4.89125,0.651229,3.78142,4.47078,3.11327
triangle,2.5,leo,0,13,17.0513,19,30,160,0.130359,0.135291,4.99968,0.685932,3.40153,4.53015,3.16832
triangle,2.5,leo,0,14,15.0433,12,40,150,0.138579,0.135291,4.10964,0.50734,2.94911,4.24282,2.96052
triangle,2.5,leo,0,15,15.1224,18,45,145,0.140771,0.132003,4.89508,0.601412,3.08497,3.65852,2.60966
triangle,2.5,leo,0,16,16.0107,18,39,151,0.134743,0.137483,4.90604,0.610865,3.38013,3.90124,2.94024
triangle,2.5,leo,0,17,15.0056,17,38,152,0.129811,0.134743,4.75486,0.661003,2.82771,3.53384,2.9636
triangle,2.5,leo,0,18,16.9791,20,39,151,0.129811,0.130907,5.18978,0.678607,3.4574,4.53162,2.86097
triangle,2.5,leo,0,19,15.6258,17,42,148,0.132003,0.133099,4.79103,0.595906,3.26404,3.8192,2.89054
triangle,2.5,leo,1,0,8.54705,6,78,112,0.0930953,0.0947393,1.84912,0.25192,1.93007,2.44882,1.87929
triangle,2.5,leo,1,1,8.46767,7,89,101,0.0952873,0.0969313,1.95132,0.228749,1.91181,2.53688,1.64669
triangle,2.5,leo,1,2,9.60671,2,72,118,0.0947393,0.0936433,1.59687,0.213539,2.16188,3.24162,2.20442
triangle,2.5,leo,1,3,9.7054,9,70,120,0.0963833,0.0963833,2.11187,0.296109,2.34802,2.60215,2.15449
triangle,2.5,leo,1,4,10.705,7,65,125,0.0909033,0.0919993,1.93749,0.298142,2.83735,2.99959,2.4495
triangle,2.5,leo,1,5,8.75078,8,78,112,0.0930953,0.0947393,1.99285,0.279054,1.95032,2.35267,1.98805
triangle,2.5,leo,1,6,8.70798,7,86,104,0.0958353,0.0963833,1.95971,0.285652,2.12249,2.33069,1.81722
triangle,2.5,leo,1,7,9.77445,8,72,118,0.0958353,0.0936433,2.03627,0.297406,2.22145,2.87291,2.15694
triangle,2.5,leo,1,8,10.5544,10,68,122,0.0941913,0.0941913,2.1504,0.378891,2.43556,3.18402,2.2172
triangle,2.5,leo,1,9,9.79346,9,69,121,0.0930953,0.0947393,2.1015,0.345315,2.08446,2.92396,2.15039
triangle,2.5,leo,1,10,10.1872,10,69,121,0.0936433,0.0919993,2.17899,0.408977,2.42288,2.78861,2.20209
triangle,2.5,leo,1,11,10.2887,10,68,122,0.0958353,0.0925473,2.18587,0.459121,2.77254,2.43289,2.24992
triangle,2.5,leo,1,12,10.2763,8,68,122,0.0963833,0.0925473,2.04665,0.282183,2.2638,3.20424,2.29051
triangle,2.5,leo,1,13,9.8893,9,74,116,0.0947393,0.0947393,2.07907,0.34912,2.36072,2.76838,2.14253
triangle,2.5,leo,1,14,9.10227,5,75,115,0.0969313,0.0898073,1.78807,0.225386,2.18888,2.62739,2.0858
triangle,2.5,leo,1,15,9.11314,6,74,116,0.0914513,0.0941913,1.89828,0.250421,2.27925,2.2954,2.20415
triangle,2.5,leo,1,16,9.83357,10,75,115,0.0930953,0.0952873,2.16786,0.344548,2.53906,2.64708,1.94664
triangle,2.5,leo,1,17,10.0236,11,70,120,0.0925473,0.0969313,2.23603,0.335101,2.35767,2.6594,2.24591
triangle,2.5,leo,1,18,8.78846,1,76,114,0.0952873,0.0952873,1.48877,0.159249,2.02594,2.8508,2.07313
triangle,2.5,leo,1,19,9.2707,8,73,117,0.0974793,0.0980273,2.0235,0.345895,2.23344,2.34304,2.12931
triangle,2.625,hopcount,0,0,15.4377,15,42,148,0.117755,0.112275,3.97957,0.680367,3.43923,3.73297,3.37549
triangle,2.625,hopcount,0,1,16.0668,12,44,146,0.115015,0.121591,3.63452,0.612124,3.62898,4.43101,3.52358
triangle,2.625,hopcount,0,2,17.869,17,32,158,0.115563,0.121591,4.22933,0.736424,3.85252,4.84557,3.96795
triangle,2.625,hopcount,0,3,15.7734,11,40,150,0.115563,0.116659,3.52389,0.539961,3.57428,4.26489,3.63815
triangle,2.625,hopcount,0,4,18.5605,14,21,169,0.119399,0.119399,3.89414,0.704254,4.4145,5.0273,4.28151
triangle,2.625,hopcount,0,5,18.1139,12,20,170,0.113371,0.115563,3.61699,0.622336,4.40326,4.87237,4.37001
triangle,2.625,hopcount,0,6,18.0712,10,23,167,0.120495,0.117755,3.39024,0.59858,4.12724,5.40319,4.31373
triangle,2.625,hopcount,0,7,15.5199,13,46,144,0.121591,0.118851,3.75447,0.643821,3.24752,4.24846,3.38524
triangle,2.625,hopcount,0,8,17.1093,11,26,164,0.118851,0.114467,3.52827,0.55126,4.05767,4.6641,4.07463
triangle,2.625,hopcount,0,9,19.0311,21,31,159,0.119947,0.118303,4.70638,0.806782,4.03857,5.01639,4.22471
triangle,2.625,hopcount,0,10,14.9758,22,64,126,0.120495,0.117207,4.82797,0.88562,3.15625,3.04051,2.82773
triangle,2.625,hopcount,0,11,17.4109,11,27,163,0.117207,0.117207,3.51512,0.540935,3.9827,4.64114,4.49662
triangle,2.625,hopcount,0,12,17.3463,11,34,156,0.113919,0.121043,3.53047,0.589295,3.8623,5.00914,4.12017
triangle,2.625,hopcount,0,13,18.5502,17,30,160,0.116111,0.118303,4.19316,0.762194,4.05149,4.96566,4.34332
triangle,2.625,hopcount,0,14,15.9778,19,45,145,0.116659,0.115015,4.46264,0.776202,3.54457,3.61657,3.34614
triangle,2.625,hopcount,0,15,18.0568,9,17,173,0.119947,0.120495,3.27578,0.523329,4.42879,4.96605,4.62242
triangle,2.625,hopcount,0,16,14.4274,9,48,142,0.119947,0.121043,3.27852,0.524386,3.53196,3.55182,3.29971
triangle,2.625,hopcount,0,17,16.9834,13,37,153,0.111179,0.117207,3.75776,0.705027,3.77804,4.33501,4.17921
triangle,2.625,hopcount,0,18,17.578,14,29,161,0.116659,0.116111,3.88483,0.59303,4.03067,4.72156,4.1151
triangle,2.625,hopcount,0,19,16.9623,8,24,166,0.118851,0.117755,3.15912,0.490767,3.86671,4.8679,4.3412
triangle,2.625,hopcount,1,0,10.6695,8,79,111,0.0887113,0.0859713,1.83784,0.333782,2.55653,3.15289,2.6138
triangle,2.625,hopcount,1,1,9.89369,8,81,109,0.0865193,0.0898073,1.83911,0.397611,2.29975,2.66179,2.51911
triangle,2.625,hopcount,1,2,10.11,6,76,114,0.0865193,0.0898073,1.72869,0.308482,2.47666,2.8606,2.55923
triangle,2.625,hopcount,1,3,9.66391,2,80,110,0.0887113,0.0876153,1.43769,0.221484,2.51662,2.75291,2.5589
triangle,2.625,hopcount,1,4,10.56,5,72,118,0.0903553,0.0898073,1.62299,0.298109,2.73889,3.11141,2.60848
triangle,2.625,hopcount,1,5,10.9123,8,80,110,0.0887113,0.0887113,1.83734,0.365279,2.72439,3.40237,2.40548
triangle,2.625,hopcount,1,6,10.5066,8,81,109,0.0898073,0.0881633,1.78902,0.329876,2.5015,3.29529,2.41289
triangle,2.625,hopcount,1,7,10.5105,7,76,114,0.0892593,0.0881633,1.73581,0.395302,2.60649,3.04462,2.55082
triangle,2.625,hopcount,1,8,10.1692,2,72,118,0.0876153,0.0892593,1.42988,0.224742,2.64732,2.97086,2.71955
triangle,2.625,hopcount,1,9,9.66353,4,82,108,0.0909033,0.0876153,1.54208,0.250172,2.40528,2.86938,2.4181
triangle,2.625,hopcount,1,10,8.55573,9,91,99,0.0881633,0.0887113,1.89451,0.336538,1.95229,2.19585,1.99967
triangle,2.625,hopcount,1,11,10.4546,4,72,118,0.0870673,0.0914513,1.58255,0.265916,2.69929,3.05737,2.67095
triangle,2.625,hopcount,1,12,10.6379,1,71,119,0.0919993,0.0870673,1.38174,0.205192,2.53474,3.30552,3.03161
triangle,2.625,hopcount,1,13,9.32497,6,89,101,0.0881633,0.0914513,1.6396,0.321117,2.18013,2.6731,2.3314
triangle,2.625,hopcount,1,14,10.6092,6,75,115,0.0859713,0.0881633,1.66017,0.319203,2.77517,2.99629,2.68426
triangle,2.625,hopcount,1,15,10.1656,10,77,113,0.0903553,0.0876153,1.98651,0.409458,2.49054,2.62142,2.47966
triangle,2.625,hopcount,1,16,9.35566,2,79,111,0.0914513,0.0898073,1.43861,0.215117,2.19958,2.93132,2.38976
triangle,2.625,hopcount,1,17,10.0038,0,70,120,0.0865193,0.0854233,1.29497,0.16661,2.66518,2.95542,2.74967
triangle,2.625,hopcount,1,18,10.1,3,73,117,0.0876153,0.0903553,1.48815,0.205292,2.53279,2.97261,2.72313
triangle,2.625,hopcount,1,19,10.4132,3,73,117,0.0909033,0.0903553,1.51708,0.230639,2.52121,3.10389,2.85917
triangle,2.625,lqi,0,0,17.748,13,26,164,0.118851,0.112275,3.74022,0.650595,3.95554,4.64065,4.52983
triangle,2.625,lqi,0,1,15.8393,12,43,147,0.115015,0.121043,3.65589,0.605829,3.4434,4.07297,3.82511
triangle,2.625,lqi,0,2,17.3877,14,28,162,0.113919,0.122139,3.88866,0.679648,3.71962,4.38513,4.47857
triangle,2.625,lqi,0,3,17.4369,6,16,174,0.116659,0.117207,2.91867,0.464884,3.99608,5.02437,4.79906
triangle,2.625,lqi,0,4,18.2123,10,17,173,0.121591,0.118851,3.41436,0.608028,4.11954,4.91748,4.91247
triangle,2.625,lqi,0,5,16.5324,11,33,157,0.112275,0.117207,3.50307,0.58534,3.5946,4.38465,4.23522
triangle,2.625,lqi,0,6,15.8364,6,29,161,0.122139,0.116659,2.93237,0.461025,3.61608,4.22224,4.36588
triangle,2.625,lqi,0,7,16.4113,12,36,154,0.121591,0.118851,3.64274,0.618796,3.57158,4.14304,4.1947
triangle,2.625,lqi,0,8,16.3543,11,34,156,0.119399,0.115563,3.52279,0.586614,3.42442,4.28492,4.30059
triangle,2.625,lqi,0,9,16.0602,11,34,156,0.118851,0.117207,3.53869,0.597078,3.49679,4.05478,4.13679
triangle,2.625,lqi,0,10,18.413,12,16,174,0.121591,0.116659,3.64877,0.651065,4.13051,4.9823,4.76211
triangle,2.625,lqi,0,11,17.0782,9,20,170,0.117207,0.117207,3.28783,0.511007,3.89159,4.44704,4.70632
triangle,2.625,lqi,0,12,17.3337,9,25,165,0.114467,0.121591,3.30537,0.562385,3.90506,4.81928,4.5055
triangle,2.625,lqi,0,13,15.6764,19,50,140,0.115563,0.117755,4.43524,0.806561,3.18381,3.43548,3.58202
triangle,2.625,lqi,0,14,16.4492,7,26,164,0.116111,0.113919,3.06383,0.496203,4.01834,4.16688,4.47395
triangle,2.625,lqi,0,15,16.997,8,22,168,0.120495,0.120495,3.15528,0.512498,3.66484,4.65894,4.76444
triangle,2.625,lqi,0,16,15.6911,12,40,150,0.119947,0.121043,3.61863,0.655967,3.29638,4.12287,3.75628
triangle,2.625,lqi,0,17,18.1235,7,12,178,0.112275,0.117755,3.0441,0.516478,4.09842,5.15853,5.07597
triangle,2.625,lqi,0,18,16.8066,7,18,172,0.116659,0.116659,3.07315,0.485229,3.80993,4.45319,4.75182
triangle,2.625,lqi,0,19,17.7546,14,25,165,0.116659,0.117755,3.87551,0.659803,3.74391,4.56211,4.67884
triangle,2.625,lqi,1,0,10.3332,4,74,116,0.0887113,0.0859713,1.58424,0.289027,2.40577,2.94282,2.93664
triangle,2.625,lqi,1,1,10.1392,4,70,120,0.0865193,0.0898073,1.56413,0.295394,2.34096,2.88829,2.87406
triangle,2.625,lqi,1,2,9.99516,4,74,116,0.0865193,0.0898073,1.58289,0.317654,2.42475,2.62526,2.86827
triangle,2.625,lqi,1,3,9.12211,2,80,110,0.0887113,0.0876153,1.45535,0.215212,2.12224,2.56727,2.58571
triangle,2.625,lqi,1,4,10.1165,3,72,118,0.0903553,0.0898073,1.50165,0.244896,2.31245,3.11915,2.75817
triangle,2.625,lqi,1,5,9.32675,5,81,109,0.0887113,0.0887113,1.6498,0.328605,2.08445,2.54669,2.53977
triangle,2.625,lqi,1,6,9.20996,3,87,103,0.0898073,0.0881633,1.5188,0.268103,2.00136,2.74596,2.49777
triangle,2.625,lqi,1,7,9.60236,7,80,110,0.0881633,0.0881633,1.7542,0.327709,2.20232,2.63825,2.50356
triangle,2.625,lqi,1,8,9.38234,2,78,112,0.0876153,0.0887113,1.44135,0.219118,2.17281,2.66146,2.71126
triangle,2.625,lqi,1,9,10.6288,2,68,122,0.0909033,0.0876153,1.42601,0.237162,2.49674,3.13438,3.156
triangle,2.625,lqi,1,10,9.17964,7,85,105,0.0881633,0.0887113,1.75765,0.353782,2.02574,2.36309,2.50251
triangle,2.625,lqi,1,11,10.0199,2,70,120,0.0870673,0.0919993,1.4258,0.239594,2.4367,2.83311,2.90561
triangle,2.625,lqi,1,12,10.03,0,70,120,0.0919993,0.0870673,1.32798,0.173372,2.27441,3.08633,2.98882
triangle,2.625,lqi,1,13,8.98564,5,80,110,0.0881633,0.0914513,1.62864,0.264971,2.02455,2.42845,2.45942
triangle,2.625,lqi,1,14,10.1445,1,71,119,0.0865193,0.0887113,1.35534,0.177378,2.3912,3.16536,2.88001
triangle,2.625,lqi,1,15,9.52978,3,73,117,0.0914513,0.0876153,1.49343,0.233079,2.36508,2.4705,2.78863
triangle,2.625,lqi,1,16,9.60994,3,80,110,0.0914513,0.0898073,1.46922,0.260888,2.06444,2.98239,2.65174
triangle,2.625,lqi,1,17,9.75922,0,70,120,0.0865193,0.0854233,1.29552,0.203373,2.31048,2.72125,3.05666
triangle,2.625,lqi,1,18,9.945,0,70,120,0.0870673,0.0898073,1.30395,0.155536,2.32356,2.97068,3.0144
triangle,2.625,lqi,1,19,9.93117,2,72,118,0.0909033,0.0903553,1.45788,0.225763,2.34599,2.78163,2.93865
triangle,2.625,leo,0,0,14.992,10,44,146,0.117755,0.112275,3.39572,0.522194,3.43899,3.94956,3.45546
triangle,2.625,leo,0,1,15.1105,15,58,132,0.115015,0.121591,3.97738,0.720985,3.36591,3.66441,3.14524
triangle,2.625,leo,0,2,17.4377,13,37,153,0.115563,0.121591,3.74844,0.65114,3.86419,4.79467,4.14212
triangle,2.625,leo,0,3,17.1103,12,32,158,0.115563,0.116659,3.6263,0.564143,3.82281,4.83122,4.0336
triangle,2.625,leo,0,4,16.468,12,35,155,0.119399,0.119399,3.63671,0.65539,3.84424,4.25998,3.83293
triangle,2.625,leo,0,5,16.4805,14,42,148,0.113371,0.115563,3.85195,0.666289,3.74955,4.32719,3.65656
triangle,2.625,leo,0,6,17.0037,9,30,160,0.120495,0.117755,3.27468,0.532976,4.00568,4.73719,4.21497
triangle,2.625,leo,0,7,15.6698,12,44,146,0.121591,0.118851,3.64219,0.618399,3.66739,3.87259,3.62879
triangle,2.625,leo,0,8,15.7201,12,41,149,0.118851,0.114467,3.64219,0.614694,3.59679,4.13829,3.49481
triangle,2.625,leo,0,9,16.2433,18,60,130,0.119947,0.118303,4.34653,0.782692,3.36251,4.08576,3.42759
triangle,2.625,leo,0,10,17.3968,13,34,156,0.120495,0.117207,3.75556,0.685469,4.0031,4.63975,4.07525
triangle,2.625,leo,0,11,16.9561,15,41,149,0.117207,0.117207,3.99217,0.665967,3.62151,4.49443,3.94757
triangle,2.625,leo,0,12,17.1665,13,35,155,0.113919,0.121043,3.76104,0.639994,3.8659,4.63338,4.03126
triangle,2.625,leo,0,13,16.2802,13,42,148,0.116111,0.118303,3.732,0.665663,3.71219,4.06396,3.87195
triangle,2.625,leo,0,14,13.2581,13,65,125,0.116659,0.115015,3.77255,0.647379,2.96437,2.89127,2.75088
triangle,2.625,leo,0,15,17.0401,11,31,159,0.119947,0.120495,3.50252,0.594474,4.05195,4.36178,4.28893
triangle,2.625,leo,0,16,15.8626,13,46,144,0.119947,0.121043,3.7468,0.702409,3.8192,3.8728,3.48035
triangle,2.625,leo,0,17,16.4998,10,32,158,0.111179,0.117207,3.39682,0.614155,3.93357,4.05939,4.26746
triangle,2.625,leo,0,18,18.1365,11,25,165,0.116659,0.116111,3.55019,0.573728,4.17084,5.05636,4.55265
triangle,2.625,leo,0,19,17.2295,8,22,168,0.118851,0.117755,3.15237,0.478171,4.02541,5.0676,4.26936
triangle,2.625,leo,1,0,8.59242,8,97,93,0.0887113,0.0859713,1.8335,0.378183,1.99201,2.39037,1.82367
triangle,2.625,leo,1,1,9.79098,5,79,111,0.0865193,0.0898073,1.64449,0.293603,2.34433,2.70667,2.62556
triangle,2.625,leo,1,2,10.11,6,76,114,0.0865193,0.0898073,1.72869,0.308482,2.47666,2.8606,2.55923
triangle,2.625,leo,1,3,9.66391,2,80,110,0.0887113,0.0876153,1.43769,0.221484,2.51662,2.75291,2.5589
triangle,2.625,leo,1,4,10.2533,5,73,117,0.0903553,0.0898073,1.62425,0.299105,2.70058,2.88499,2.56417
triangle,2.625,leo,1,5,10.6046,9,82,108,0.0887113,0.0887113,1.90058,0.408314,2.61243,3.14198,2.36385
triangle,2.625,leo,1,6,10.3284,8,83,107,0.0898073,0.0881633,1.79083,0.299953,2.58257,3.01092,2.46619
triangle,2.625,leo,1,7,9.8127,7,82,108,0.0892593,0.0881633,1.75841,0.333033,2.33594,2.84031,2.36758
triangle,2.625,leo,1,8,10.1692,2,72,118,0.0876153,0.0892593,1.42988,0.224742,2.64732,2.97086,2.71955
triangle,2.625,leo,1,9,9.4014,5,83,107,0.0909033,0.0876153,1.62573,0.2702,2.27431,2.67783,2.37482
triangle,2.625,leo,1,10,8.41301,6,91,99,0.0881633,0.0887113,1.68353,0.311709,1.92009,2.30791,2.0129
triangle,2.625,leo,1,11,10.7808,4,76,114,0.0870673,0.0914513,1.54954,0.271736,2.81073,3.21064,2.75966
triangle,2.625,leo,1,12,10.6379,1,71,119,0.0919993,0.0870673,1.38174,0.205192,2.53474,3.30552,3.03161
triangle,2.625,leo,1,13,10.2047,3,73,117,0.0881633,0.0914513,1.45097,0.254795,2.65158,2.98906,2.67866
triangle,2.625,leo,1,14,10.6092,6,75,115,0.0859713,0.0881633,1.66017,0.319203,2.77517,2.99629,2.68426
triangle,2.625,leo,1,15,10.1493,9,76,114,0.0903553,0.0876153,1.90965,0.380353,2.57774,2.57738,2.52621
triangle,2.625,leo,1,16,9.35566,2,79,111,0.0914513,0.0898073,1.43861,0.215117,2.19958,2.93132,2.38976
triangle,2.625,leo,1,17,10.0038,0,70,120,0.0865193,0.0854233,1.29497,0.16661,2.66518,2.95542,2.74967
triangle,2.625,leo,1,18,10.1,3,73,117,0.0876153,0.0903553,1.48815,0.205292,2.53279,2.97261,2.72313
triangle,2.625,leo,1,19,10.4132,3,73,117,0.0909033,0.0903553,1.51708,0.230639,2.52121,3.10389,2.85917
triangle,3,hopcount,0,0,19.8475,10,37,153,0.0898073,0.0925473,2.40577,0.666464,4.52619,5.30467,6.76203
triangle,3,hopcount,0,1,21.701,10,31,159,0.0936433,0.0919993,2.62223,0.836515,5.11906,5.75522,7.18233
triangle,3,hopcount,0,2,18.9962,13,48,142,0.0909033,0.0892593,2.66208,0.837024,4.49531,4.69642,6.12517
triangle,3,hopcount,0,3,21.3429,10,36,154,0.0881633,0.0892593,2.24985,0.704707,5.07196,6.18931,6.94963
triangle,3,hopcount,0,4,19.1952,6,35,155,0.0919993,0.0925473,2.07475,0.652294,4.49754,5.27994,6.50608
triangle,3,hopcount,0,5,18.1625,7,37,153,0.0870673,0.0898073,2.29699,0.661741,4.35421,4.57358,6.09915
triangle,3,hopcount,0,6,18.1449,10,44,146,0.0925473,0.0947393,2.24766,0.725074,4.11058,5.0364,5.83786
triangle,3,hopcount,0,7,16.6138,8,60,130,0.0919993,0.0892593,2.14179,0.558181,3.86688,4.38029,5.4854
triangle,3,hopcount,0,8,21.4176,6,23,167,0.0909033,0.0936433,2.08424,0.669582,5.45586,5.73117,7.29217
triangle,3,hopcount,0,9,15.8668,14,69,121,0.0925473,0.0947393,2.65845,0.919159,3.66254,3.41604,5.02335
triangle,3,hopcount,0,10,19.7327,6,32,158,0.0903553,0.0898073,2.14854,0.67013,5.05721,4.86982,6.80685
triangle,3,hopcount,0,11,19.4816,11,42,148,0.0892593,0.0892593,2.25348,0.791357,4.26914,5.78121,6.20794
triangle,3,hopcount,0,12,17.6285,10,48,142,0.0936433,0.0930953,2.4196,0.79882,4.36445,4.17704,5.68185
triangle,3,hopcount,0,13,17.6045,10,38,152,0.0914513,0.0952873,2.35497,0.834871,4.21858,4.14443,5.86488
triangle,3,hopcount,0,14,21.6807,13,35,155,0.0919993,0.0892593,2.72347,0.874927,5.13508,5.64189,7.1241
triangle,3,hopcount,0,15,20.694,11,31,159,0.0914513,0.0936433,2.39396,0.761712,5.07079,5.1881,7.09433
triangle,3,hopcount,0,16,18.9732,12,47,143,0.0925473,0.0892593,2.31137,0.749487,4.18899,5.43915,6.10236
triangle,3,hopcount,0,17,18.3883,19,75,115,0.0887113,0.0914513,2.93753,0.929871,4.15799,4.3961,5.78667
triangle,3,hopcount,0,18,22.6861,8,17,173,0.0909033,0.0930953,2.32056,0.724396,5.71715,5.6954,8.04455
triangle,3,hopcount,0,19,14.5716,5,65,125,0.0952873,0.0914513,2.16549,0.548865,3.20446,3.73905,4.72698
triangle,3,hopcount,1,0,10.6758,1,72,118,0.0788473,0.0772033,0.847109,0.231949,2.75767,2.88852,3.79446
triangle,3,hopcount,1,1,8.77922,0,90,100,0.0788473,0.0788473,0.925238,0.176966,2.22518,2.29605,2.99809
triangle,3,hopcount,1,2,10.6443,2,72,118,0.0793953,0.0777513,0.93017,0.264164,2.72444,2.84615,3.72219
triangle,3,hopcount,1,3,10.82,1,81,109,0.0772033,0.0761073,0.863679,0.207367,2.68039,3.14272,3.77258
triangle,3,hopcount,1,4,9.79279,5,90,100,0.0777513,0.0782993,1.0715,0.288746,2.5116,2.55652,3.20837
triangle,3,hopcount,1,5,9.98222,1,83,107,0.0777513,0.0788473,0.920137,0.206271,2.74112,2.60262,3.35548
triangle,3,hopcount,1,6,9.72615,3,83,107,0.0799433,0.0772033,0.914865,0.26543,2.50218,2.56984,3.31669
triangle,3,hopcount,1,7,10.7661,7,78,112,0.0782993,0.0766553,1.09482,0.405249,2.81966,2.63865,3.65278
triangle,3,hopcount,1,8,8.79704,3,92,98,0.0793953,0.0766553,0.93308,0.236842,2.23735,2.29188,2.94184
triangle,3,hopcount,1,9,8.5993,6,94,96,0.0788473,0.0782993,0.927261,0.324758,2.23177,2.14196,2.8164
triangle,3,hopcount,1,10,9.89068,1,86,104,0.0761073,0.0782993,1.03107,0.194085,2.44038,2.71796,3.35278
triangle,3,hopcount,1,11,9.66058,3,93,97,0.0782993,0.0761073,1.07918,0.25687,2.48394,2.476,3.21018
triangle,3,hopcount,1,12,10.5952,1,73,117,0.0777513,0.0793953,0.877171,0.201548,2.70616,2.92783,3.7253
triangle,3,hopcount,1,13,8.5699,1,92,98,0.0777513,0.0788473,0.946023,0.221915,2.19642,2.19177,2.85717
triangle,3,hopcount,1,14,10.8475,3,74,116,0.0772033,0.0772033,0.957871,0.269983,2.82874,2.9303,3.70616
triangle,3,hopcount,1,15,8.57504,0,92,98,0.0782993,0.0766553,0.926334,0.182785,2.19046,2.26953,2.85098
triangle,3,hopcount,1,16,8.41724,7,94,96,0.0782993,0.0766553,1.14419,0.314593,2.04284,2.06186,2.6988
triangle,3,hopcount,1,17,9.43848,1,82,108,0.0761073,0.0772033,0.806844,0.244136,2.39902,2.55689,3.27828
triangle,3,hopcount,1,18,7.41824,5,103,87,0.0788473,0.0788473,1.01686,0.245571,1.85374,1.82468,2.3197
triangle,3,hopcount,1,19,8.81326,1,92,98,0.0788473,0.0777513,0.892815,0.200452,2.2449,2.31349,3.005
triangle,3,lqi,0,0,21.0193,12,33,157,0.0898073,0.0925473,2.6273,0.761882,4.87894,5.66289,6.90594
triangle,3,lqi,0,1,21.8632,14,29,161,0.0936433,0.0919993,2.69999,0.927549,5.23787,5.54895,7.2632
triangle,3,lqi,0,2,20.0353,16,49,141,0.0909033,0.0892593,2.74497,1.06952,4.78266,4.65582,6.60214
triangle,3,lqi,0,3,19.3963,10,43,147,0.0881633,0.0892593,2.09301,0.718368,4.31544,5.456,6.63604
triangle,3,lqi,0,4,19.1952,6,35,155,0.0919993,0.0925473,2.07475,0.652294,4.49754,5.27994,6.50608
triangle,3,lqi,0,5,20.7177,5,23,167,0.0870673,0.0898073,2.16966,0.612238,5.04254,5.70092,7.01544
triangle,3,lqi,0,6,19.4079,11,36,154,0.0925473,0.0947393,2.47028,0.769345,4.49671,5.16107,6.32322
triangle,3,lqi,0,7,17.0013,7,54,136,0.0925473,0.0881633,2.40434,0.651746,4.13964,4.07719,5.54764
triangle,3,lqi,0,8,19.0658,10,45,145,0.0909033,0.0936433,2.41581,0.801012,4.64159,4.80977,6.21308
triangle,3,lqi,0,9,16.9358,13,63,127,0.0925473,0.0947393,2.69636,0.811385,4.03422,3.72697,5.47962
triangle,3,lqi,0,10,18.2123,7,47,143,0.0903553,0.0898073,2.23927,0.703441,4.3611,4.5755,6.15287
triangle,3,lqi,0,11,16.9146,11,49,141,0.0892593,0.0892593,2.3739,0.814843,3.9685,4.097,5.48181
triangle,3,lqi,0,12,20.4471,11,31,159,0.0936433,0.0930953,2.44258,0.817583,4.98736,5.23786,6.77497
triangle,3,lqi,0,13,19.6264,10,27,163,0.0914513,0.0952873,2.4231,0.830148,4.70739,4.87682,6.60222
triangle,3,lqi,0,14,21.783,14,42,148,0.0919993,0.0892593,2.73224,0.862741,4.94837,5.89022,7.16816
triangle,3,lqi,0,15,22.6989,9,15,175,0.0914513,0.0936433,2.31748,0.763526,5.47617,5.94849,8.00812
triangle,3,lqi,0,16,19.1363,12,43,147,0.0925473,0.0892593,2.20188,0.719085,4.4086,5.24665,6.37824
triangle,3,lqi,0,17,22.8238,20,52,138,0.0887113,0.0914513,3.17073,1.13015,5.51625,5.12333,7.70315
triangle,3,lqi,0,18,22.6861,8,17,173,0.0909033,0.0930953,2.32056,0.724396,5.71715,5.6954,8.04455
triangle,3,lqi,0,19,15.3078,8,59,131,0.0952873,0.0914513,2.2706,0.663933,3.60844,3.53669,5.04144
triangle,3,lqi,1,0,10.6758,1,72,118,0.0788473,0.0772033,0.847109,0.231949,2.75767,2.88852,3.79446
triangle,3,lqi,1,1,8.77922,0,90,100,0.0788473,0.0788473,0.925238,0.176966,2.22518,2.29605,2.99809
triangle,3,lqi,1,2,8.03355,5,98,92,0.0793953,0.0777513,0.972249,0.30713,1.93642,2.06869,2.59191
triangle,3,lqi,1,3,10.82,1,81,109,0.0772033,0.0761073,0.863679,0.207367,2.68039,3.14272,3.77258
triangle,3,lqi,1,4,9.79279,5,90,100,0.0777513,0.0782993,1.0715,0.288746,2.5116,2.55652,3.20837
triangle,3,lqi,1,5,9.99517,0,82,108,0.0777513,0.0788473,0.867307,0.175152,2.71758,2.67608,3.40245
triangle,3,lqi,1,6,9.99837,2,82,108,0.0799433,0.0772033,0.913052,0.236672,2.49431,2.76016,3.43703
triangle,3,lqi,1,7,7.53149,7,110,80,0.0782993,0.0766553,1.15802,0.391758,1.77781,1.81337,2.23558
triangle,3,lqi,1,8,9.2341,1,92,98,0.0793953,0.0766553,0.929074,0.219006,2.32881,2.49837,3.10278
triangle,3,lqi,1,9,8.28223,5,94,96,0.0788473,0.0782993,0.947459,0.278164,2.10841,2.0928,2.69825
triangle,3,lqi,1,10,9.89068,1,86,104,0.0761073,0.0782993,1.03107,0.194085,2.44038,2.71796,3.35278
triangle,3,lqi,1,11,10.6589,2,83,107,0.0782993,0.0761073,1.01032,0.234311,2.78463,2.77614,3.69904
triangle,3,lqi,1,12,10.5952,1,73,117,0.0777513,0.0793953,0.877171,0.201548,2.70616,2.92783,3.7253
triangle,3,lqi,1,13,10.7795,0,73,117,0.0777513,0.0788473,0.866967,0.205554,2.87702,2.83937,3.83396
triangle,3,lqi,1,14,11.0091,2,73,117,0.0772033,0.0772033,1.00012,0.247045,2.8163,3.01517,3.77607
triangle,3,lqi,1,15,8.57504,0,92,98,0.0782993,0.0766553,0.926334,0.182785,2.19046,2.26953,2.85098
triangle,3,lqi,1,16,10.6937,2,73,117,0.0782993,0.0766553,0.880459,0.253791,2.75401,2.91083,3.73964
triangle,3,lqi,1,17,9.43848,1,82,108,0.0761073,0.0772033,0.806844,0.244136,2.39902,2.55689,3.27828
triangle,3,lqi,1,18,8.73254,4,93,97,0.0788473,0.0788473,1.03035,0.285627,2.18346,2.21604,2.85937
triangle,3,lqi,1,19,8.81326,1,92,98,0.0788473,0.0777513,0.892815,0.200452,2.2449,2.31349,3.005
triangle,3,leo,0,0,19.8475,10,37,153,0.0898073,0.0925473,2.40577,0.666464,4.52619,5.30467,6.76203
triangle,3,leo,0,1,21.7208,11,29,161,0.0936433,0.0919993,2.6146,0.800464,5.16121,5.80645,7.15248
triangle,3,leo,0,2,18.9962,13,48,142,0.0909033,0.0892593,2.66208,0.837024,4.49531,4.69642,6.12517
triangle,3,leo,0,3,20.7148,12,40,150,0.0881633,0.0892593,2.39085,0.738396,4.9403,5.66858,6.79927
triangle,3,leo,0,4,18.8914,7,39,151,0.0919993,0.0925473,2.16456,0.681051,4.37668,5.04216,6.44237
triangle,3,leo,0,5,18.2082,7,36,154,0.0870673,0.0898073,2.26748,0.612955,4.37717,4.64869,6.125
triangle,3,leo,0,6,18.8727,12,38,152,0.0925473,0.0947393,2.43402,0.80447,4.42752,4.94785,6.07158
triangle,3,leo,0,7,16.6138,8,60,130,0.0919993,0.0892593,2.14179,0.558181,3.86688,4.38029,5.4854
triangle,3,leo,0,8,22.4697,7,16,174,0.0909033,0.0936433,2.22561,0.752057,5.71547,5.7477,7.84427
triangle,3,leo,0,9,15.9082,14,69,121,0.0925473,0.0947393,2.65845,0.912244,3.66951,3.4087,5.07197
triangle,3,leo,0,10,19.7327,6,32,158,0.0903553,0.0898073,2.14854,0.67013,5.05721,4.86982,6.80685
triangle,3,leo,0,11,17.5675,10,57,133,0.0892593,0.0892593,2.24509,0.784063,3.7128,5.01407,5.63298
triangle,3,leo,0,12,17.6285,10,48,142,0.0936433,0.0930953,2.4196,0.79882,4.36445,4.17704,5.68185
triangle,3,leo,0,13,19.655,8,25,165,0.0914513,0.0952873,2.24985,0.765888,4.90014,4.77278,6.77956
triangle,3,leo,0,14,13.8349,9,77,113,0.0919993,0.0892593,2.33363,0.658622,3.11925,3.21405,4.32806
triangle,3,leo,0,15,20.7291,11,27,163,0.0914513,0.0936433,2.42968,0.732955,4.96484,5.28121,7.13531
triangle,3,leo,0,16,18.4812,13,51,139,0.0925473,0.0892593,2.33798,0.788995,4.33425,4.9785,5.85966
triangle,3,leo,0,17,18.5526,20,74,116,0.0887113,0.0914513,3.03063,0.948804,4.18914,4.3961,5.8078
triangle,3,leo,0,18,16.345,13,57,133,0.0909033,0.0930953,2.50199,0.781362,3.67304,3.98009,5.22452
triangle,3,leo,0,19,14.5716,5,65,125,0.0952873,0.0914513,2.16549,0.548865,3.20446,3.73905,4.72698
triangle,3,leo,1,0,10.6758,1,72,118,0.0788473,0.0772033,0.847109,0.231949,2.75767,2.88852,3.79446
triangle,3,leo,1,1,8.77922,0,90,100,0.0788473,0.0788473,0.925238,0.176966,2.22518,2.29605,2.99809
triangle,3,leo,1,2,10.6443,2,72,118,0.0793953,0.0777513,0.93017,0.264164,2.72444,2.84615,3.72219
triangle,3,leo,1,3,10.82,1,81,109,0.0772033,0.0761073,0.863679,0.207367,2.68039,3.14272,3.77258
triangle,3,leo,1,4,9.79279,5,90,100,0.0777513,0.0782993,1.0715,0.288746,2.5116,2.55652,3.20837
triangle,3,leo,1,5,9.98222,1,83,107,0.0777513,0.0788473,0.920137,0.206271,2.74112,2.60262,3.35548
triangle,3,leo,1,6,9.72615,3,83,107,0.0799433,0.0772033,0.914865,0.26543,2.50218,2.56984,3.31669
triangle,3,leo,1,7,10.7661,7,78,112,0.0782993,0.0766553,1.09482,0.405249,2.81966,2.63865,3.65278
triangle,3,leo,1,8,7.55011,3,106,84,0.0793953,0.0766553,0.974611,0.211712,1.8631,1.91531,2.42933
triangle,3,leo,1,9,8.5993,6,94,96,0.0788473,0.0782993,0.927261,0.324758,2.23177,2.14196,2.8164
triangle,3,leo,1,10,9.89068,1,86,104,0.0761073,0.0782993,1.03107,0.194085,2.44038,2.71796,3.35278
triangle,3,leo,1,11,9.66058,3,93,97,0.0782993,0.0761073,1.07918,0.25687,2.48394,2.476,3.21018
triangle,3,leo,1,12,10.5952,1,73,117,0.0777513,0.0793953,0.877171,0.201548,2.70616,2.92783,3.7253
triangle,3,leo,1,13,8.5699,1,92,98,0.0777513,0.0788473,0.946023,0.221915,2.19642,2.19177,2.85717
triangle,3,leo,1,14,10.8475,3,74,116,0.0772033,0.0772033,0.957871,0.269983,2.82874,2.9303,3.70616
triangle,3,leo,1,15,8.57504,0,92,98,0.0782993,0.0766553,0.926334,0.182785,2.19046,2.26953,2.85098
triangle,3,leo,1,16,8.41724,7,94,96,0.0782993,0.0766553,1.14419,0.314593,2.04284,2.06186,2.6988
triangle,3,leo,1,17,9.43848,1,82,108,0.0761073,0.0772033,0.806844,0.244136,2.39902,2.55689,3.27828
triangle,3,leo,1,18,7.41824,5,103,87,0.0788473,0.0788473,1.01686,0.245571,1.85374,1.82468,2.3197
triangle,3,leo,1,19,8.81326,1,92,98,0.0788473,0.0777513,0.892815,0.200452,2.2449,2.31349,3.005
