layout,envFactor,metric,interference,run,totalEnergyMWs,pingTimeouts,pingNoRoute,pingSent,energy_netScan,energy_connect,energy_pathDiscovery,energy_pathDiscoveryReply,energy_ping,energy_pingReply,energy_ack
around,2,hopcount,0,0,7.54659,0,0,190,0.257495,0.253659,4.86172,0.0841186,0.672413,0.767195,0.64999
around,2,hopcount,0,1,7.54414,0,0,190,0.255851,0.255851,4.86282,0.0841186,0.622538,0.796903,0.666055
around,2,hopcount,0,2,7.50591,0,0,190,0.256399,0.256947,4.88255,0.0916451,0.597135,0.773819,0.647421
around,2,hopcount,0,3,7.68582,0,0,190,0.254207,0.258043,4.8672,0.0813,0.69475,0.816132,0.714181
around,2,hopcount,0,4,7.69618,0,0,190,0.259139,0.256399,4.87707,0.0830226,0.704535,0.824895,0.691127
around,2,hopcount,0,5,7.59932,0,0,190,0.252563,0.254755,4.86282,0.0812625,0.674666,0.789623,0.683629
around,2,hopcount,0,6,7.61159,0,0,190,0.255303,0.258043,4.87159,0.0812575,0.683233,0.783532,0.678639
around,2,hopcount,0,7,7.55429,0,0,190,0.255851,0.256947,4.8683,0.0795649,0.647903,0.80322,0.642502
around,2,hopcount,0,8,7.79059,0,0,190,0.253111,0.255303,4.86446,0.0772708,0.750539,0.862487,0.727413
around,2,hopcount,0,9,7.83554,0,0,190,0.253111,0.255851,4.84583,0.0772383,0.712008,0.937187,0.754314
around,2,hopcount,0,10,7.81481,0,0,190,0.257495,0.254207,4.87433,0.0785306,0.757035,0.839034,0.754185
around,2,hopcount,0,11,7.4507,0,0,190,0.250919,0.257495,4.86008,0.0801129,0.622133,0.751976,0.627989
around,2,hopcount,0,12,7.6978,0,0,190,0.259139,0.251467,4.86337,0.0852789,0.695328,0.837472,0.705753
around,2,hopcount,0,13,7.61564,0,0,190,0.257495,0.259139,4.86117,0.0881739,0.661381,0.767692,0.720581
around,2,hopcount,0,14,7.75469,0,0,190,0.258043,0.256947,4.882,0.084185,0.70232,0.863094,0.7081
around,2,hopcount,0,15,7.73758,0,0,190,0.258591,0.255303,4.84912,0.0824831,0.701991,0.854854,0.735237
around,2,hopcount,0,16,7.68824,0,0,190,0.252015,0.255851,4.87597,0.0761073,0.677345,0.860746,0.6902
around,2,hopcount,0,17,7.64403,0,0,190,0.256399,0.252563,4.8672,0.0795649,0.715171,0.80026,0.672867
around,2,hopcount,0,18,7.81446,0,0,190,0.256947,0.257495,4.85295,0.0772964,0.722811,0.89282,0.754133
around,2,hopcount,0,19,7.79646,0,0,190,0.253659,0.255851,4.87378,0.08073,0.743492,0.859656,0.729297
around,2,lqi,0,0,7.54659,0,0,190,0.257495,0.253659,4.86172,0.0841186,0.672413,0.767195,0.64999
around,2,lqi,0,1,7.54414,0,0,190,0.255851,0.255851,4.86282,0.0841186,0.622538,0.796903,0.666055
around,2,lqi,0,2,7.50591,0,0,190,0.256399,0.256947,4.88255,0.0916451,0.597135,0.773819,0.647421
around,2,lqi,0,3,7.68582,0,0,190,0.254207,0.258043,4.8672,0.0813,0.69475,0.816132,0.714181
around,2,lqi,0,4,7.69618,0,0,190,0.259139,0.256399,4.87707,0.0830226,0.704535,0.824895,0.691127
around,2,lqi,0,5,7.59932,0,0,190,0.252563,0.254755,4.86282,0.0812625,0.674666,0.789623,0.683629
around,2,lqi,0,6,7.61159,0,0,190,0.255303,0.258043,4.87159,0.0812575,0.683233,0.783532,0.678639
around,2,lqi,0,7,7.55429,0,0,190,0.255851,0.256947,4.8683,0.0795649,0.647903,0.80322,0.642502
around,2,lqi,0,8,7.79059,0,0,190,0.253111,0.255303,4.86446,0.0772708,0.750539,0.862487,0.727413
around,2,lqi,0,9,7.83554,0,0,190,0.253111,0.255851,4.84583,0.0772383,0.712008,0.937187,0.754314
around,2,lqi,0,10,7.81481,0,0,190,0.257495,0.254207,4.87433,0.0785306,0.757035,0.839034,0.754185
around,2,lqi,0,11,7.4507,0,0,190,0.250919,0.257495,4.86008,0.0801129,0.622133,0.751976,0.627989
around,2,lqi,0,12,7.6978,0,0,190,0.259139,0.251467,4.86337,0.0852789,0.695328,0.837472,0.705753
around,2,lqi,0,13,7.61564,0,0,190,0.257495,0.259139,4.86117,0.0881739,0.661381,0.767692,0.720581
around,2,lqi,0,14,7.75469,0,0,190,0.258043,0.256947,4.882,0.084185,0.70232,0.863094,0.7081
around,2,lqi,0,15,7.73758,0,0,190,0.258591,0.255303,4.84912,0.0824831,0.701991,0.854854,0.735237
around,2,lqi,0,16,7.68824,0,0,190,0.252015,0.255851,4.87597,0.0761073,0.677345,0.860746,0.6902
around,2,lqi,0,17,7.64403,0,0,190,0.256399,0.252563,4.8672,0.0795649,0.715171,0.80026,0.672867
around,2,lqi,0,18,7.81446,0,0,190,0.256947,0.257495,4.85295,0.0772964,0.722811,0.89282,0.754133
around,2,lqi,0,19,7.79646,0,0,190,0.253659,0.255851,4.87378,0.08073,0.743492,0.859656,0.729297
around,2,leo,0,0,7.54659,0,0,190,0.257495,0.253659,4.86172,0.0841186,0.672413,0.767195,0.64999
around,2,leo,0,1,7.62332,0,0,190,0.255851,0.255851,4.86282,0.0812766,0.670548,0.801425,0.695553
around,2,leo,0,2,7.50591,0,0,190,0.256399,0.256947,4.88255,0.0916451,0.597135,0.773819,0.647421
around,2,leo,0,3,7.68582,0,0,190,0.254207,0.258043,4.8672,0.0813,0.69475,0.816132,0.714181
around,2,leo,0,4,7.69618,0,0,190,0.259139,0.256399,4.87707,0.0830226,0.704535,0.824895,0.691127
around,2,leo,0,5,7.59932,0,0,190,0.252563,0.254755,4.86282,0.0812625,0.674666,0.789623,0.683629
around,2,leo,0,6,7.61159,0,0,190,0.255303,0.258043,4.87159,0.0812575,0.683233,0.783532,0.678639
around,2,leo,0,7,7.55429,0,0,190,0.255851,0.256947,4.8683,0.0795649,0.647903,0.80322,0.642502
around,2,leo,0,8,7.79059,0,0,190,0.253111,0.255303,4.86446,0.0772708,0.750539,0.862487,0.727413
around,2,leo,0,9,7.83554,0,0,190,0.253111,0.255851,4.84583,0.0772383,0.712008,0.937187,0.754314
around,2,leo,0,10,7.81481,0,0,190,0.257495,0.254207,4.87433,0.0785306,0.757035,0.839034,0.754185
around,2,leo,0,11,7.4507,0,0,190,0.250919,0.257495,4.86008,0.0801129,0.622133,0.751976,0.627989
around,2,leo,0,12,7.6978,0,0,190,0.259139,0.251467,4.86337,0.0852789,0.695328,0.837472,0.705753
around,2,leo,0,13,7.61564,0,0,190,0.257495,0.259139,4.86117,0.0881739,0.661381,0.767692,0.720581
around,2,leo,0,14,7.75469,0,0,190,0.258043,0.256947,4.882,0.084185,0.70232,0.863094,0.7081
around,2,leo,0,15,7.73758,0,0,190,0.258591,0.255303,4.84912,0.0824831,0.701991,0.854854,0.735237
around,2,leo,0,16,7.68824,0,0,190,0.252015,0.255851,4.87597,0.0761073,0.677345,0.860746,0.6902
around,2,leo,0,17,7.64403,0,0,190,0.256399,0.252563,4.8672,0.0795649,0.715171,0.80026,0.672867
around,2,leo,0,18,7.81446,0,0,190,0.256947,0.257495,4.85295,0.0772964,0.722811,0.89282,0.754133
around,2,leo,0,19,7.76867,0,0,190,0.253659,0.255851,4.87378,0.0807262,0.726294,0.856628,0.721728
around,2,lqi-literal,0,0,7.54659,0,0,190,0.257495,0.253659,4.86172,0.0841186,0.672413,0.767195,0.64999
around,2,lqi-literal,0,1,7.54414,0,0,190,0.255851,0.255851,4.86282,0.0841186,0.622538,0.796903,0.666055
around,2,lqi-literal,0,2,7.50591,0,0,190,0.256399,0.256947,4.88255,0.0916451,0.597135,0.773819,0.647421
around,2,lqi-literal,0,3,7.68582,0,0,190,0.254207,0.258043,4.8672,0.0813,0.69475,0.816132,0.714181
around,2,lqi-literal,0,4,7.69618,0,0,190,0.259139,0.256399,4.87707,0.0830226,0.704535,0.824895,0.691127
around,2,lqi-literal,0,5,7.59932,0,0,190,0.252563,0.254755,4.86282,0.0812625,0.674666,0.789623,0.683629
around,2,lqi-literal,0,6,7.61159,0,0,190,0.255303,0.258043,4.87159,0.0812575,0.683233,0.783532,0.678639
around,2,lqi-literal,0,7,7.55429,0,0,190,0.255851,0.256947,4.8683,0.0795649,0.647903,0.80322,0.642502
around,2,lqi-literal,0,8,7.79059,0,0,190,0.253111,0.255303,4.86446,0.0772708,0.750539,0.862487,0.727413
around,2,lqi-literal,0,9,7.83554,0,0,190,0.253111,0.255851,4.84583,0.0772383,0.712008,0.937187,0.754314
around,2,lqi-literal,0,10,7.81481,0,0,190,0.257495,0.254207,4.87433,0.0785306,0.757035,0.839034,0.754185
around,2,lqi-literal,0,11,7.4507,0,0,190,0.250919,0.257495,4.86008,0.0801129,0.622133,0.751976,0.627989
around,2,lqi-literal,0,12,7.6978,0,0,190,0.259139,0.251467,4.86337,0.0852789,0.695328,0.837472,0.705753
around,2,lqi-literal,0,13,7.61564,0,0,190,0.257495,0.259139,4.86117,0.0881739,0.661381,0.767692,0.720581
around,2,lqi-literal,0,14,7.75469,0,0,190,0.258043,0.256947,4.882,0.084185,0.70232,0.863094,0.7081
around,2,lqi-literal,0,15,7.73758,0,0,190,0.258591,0.255303,4.84912,0.0824831,0.701991,0.854854,0.735237
around,2,lqi-literal,0,16,7.68824,0,0,190,0.252015,0.255851,4.87597,0.0761073,0.677345,0.860746,0.6902
around,2,lqi-literal,0,17,7.64403,0,0,190,0.256399,0.252563,4.8672,0.0795649,0.715171,0.80026,0.672867
around,2,lqi-literal,0,18,7.81446,0,0,190,0.256947,0.257495,4.85295,0.0772964,0.722811,0.89282,0.754133
around,2,lqi-literal,0,19,7.79646,0,0,190,0.253659,0.255851,4.87378,0.08073,0.743492,0.859656,0.729297
around,2.25,hopcount,0,0,8.31259,0,0,190,0.254207,0.248727,4.80747,0.0841186,0.986697,1.04804,0.883327
around,2.25,hopcount,0,1,8.49111,0,0,190,0.253111,0.254755,4.82281,0.0841186,1.01616,1.11196,0.948183
around,2.25,hopcount,0,2,8.24652,0,0,190,0.254207,0.254755,4.82775,0.100246,0.886752,1.04055,0.882265
around,2.25,hopcount,0,3,8.6204,0,0,190,0.252015,0.257495,4.81569,0.0819239,1.03802,1.1707,1.00456
around,2.25,hopcount,0,4,8.69113,0,0,190,0.256399,0.256399,4.83871,0.0830226,1.09061,1.17796,0.988025
around,2.25,hopcount,0,5,8.42902,0,0,190,0.251467,0.254755,4.81953,0.0858465,0.974652,1.09977,0.943004
around,2.25,hopcount,0,6,8.81841,0,0,190,0.254207,0.255851,4.83158,0.088745,1.08356,1.22316,1.08129
around,2.25,hopcount,0,7,8.71521,0,0,190,0.255303,0.253111,4.83049,0.0847857,1.02891,1.15564,1.10697
around,2.25,hopcount,0,8,8.69298,0,0,190,0.250371,0.253111,4.81405,0.0778661,1.11325,1.16821,1.01613
around,2.25,hopcount,0,9,8.88104,0,0,190,0.252563,0.253111,4.80857,0.0777943,1.09722,1.32283,1.06895
around,2.25,hopcount,0,10,8.65634,0,0,190,0.255303,0.254207,4.83158,0.0797943,1.07264,1.13675,1.02607
around,2.25,hopcount,0,11,8.19658,0,0,190,0.247083,0.255303,4.83268,0.0801129,0.911636,1.01897,0.85079
around,2.25,hopcount,0,12,8.63559,0,0,190,0.256399,0.248179,4.83268,0.0882319,1.06317,1.16957,0.977363
around,2.25,hopcount,0,13,8.51614,0,0,190,0.255303,0.258043,4.81733,0.0904888,0.99947,1.09737,0.998125
around,2.25,hopcount,0,14,8.59864,0,0,190,0.253111,0.254207,4.82391,0.0847789,1.02954,1.17199,0.981101
around,2.25,hopcount,0,15,8.59035,0,0,190,0.258043,0.253111,4.80583,0.0837262,1.00541,1.15887,1.02536
around,2.25,hopcount,0,16,8.68736,0,0,190,0.252563,0.254755,4.83103,0.0761073,1.06723,1.21582,0.989854
around,2.25,hopcount,0,17,8.55897,0,0,190,0.252015,0.252563,4.82884,0.0835706,1.06969,1.12182,0.950469
around,2.25,hopcount,0,18,8.83619,0,0,190,0.253659,0.256399,4.80089,0.0819415,1.09863,1.28914,1.05553
around,2.25,hopcount,0,19,8.85406,0,0,190,0.250371,0.255303,4.83377,0.0813272,1.15098,1.22515,1.05716
around,2.25,lqi,0,0,8.31259,0,0,190,0.254207,0.248727,4.80747,0.0841186,0.986697,1.04804,0.883327
around,2.25,lqi,0,1,8.49111,0,0,190,0.253111,0.254755,4.82281,0.0841186,1.01616,1.11196,0.948183
around,2.25,lqi,0,2,8.24652,0,0,190,0.254207,0.254755,4.82775,0.100246,0.886752,1.04055,0.882265
around,2.25,lqi,0,3,8.6204,0,0,190,0.252015,0.257495,4.81569,0.0819239,1.03802,1.1707,1.00456
around,2.25,lqi,0,4,8.69113,0,0,190,0.256399,0.256399,4.83871,0.0830226,1.09061,1.17796,0.988025
around,2.25,lqi,0,5,8.42902,0,0,190,0.251467,0.254755,4.81953,0.0858465,0.974652,1.09977,0.943004
around,2.25,lqi,0,6,8.81841,0,0,190,0.254207,0.255851,4.83158,0.088745,1.08356,1.22316,1.08129
around,2.25,lqi,0,7,8.71521,0,0,190,0.255303,0.253111,4.83049,0.0847857,1.02891,1.15564,1.10697
around,2.25,lqi,0,8,8.69298,0,0,190,0.250371,0.253111,4.81405,0.0778661,1.11325,1.16821,1.01613
around,2.25,lqi,0,9,8.88104,0,0,190,0.252563,0.253111,4.80857,0.0777943,1.09722,1.32283,1.06895
around,2.25,lqi,0,10,8.65634,0,0,190,0.255303,0.254207,4.83158,0.0797943,1.07264,1.13675,1.02607
around,2.25,lqi,0,11,8.19658,0,0,190,0.247083,0.255303,4.83268,0.0801129,0.911636,1.01897,0.85079
around,2.25,lqi,0,12,8.63559,0,0,190,0.256399,0.248179,4.83268,0.0882319,1.06317,1.16957,0.977363
around,2.25,lqi,0,13,8.51614,0,0,190,0.255303,0.258043,4.81733,0.0904888,0.99947,1.09737,0.998125
around,2.25,lqi,0,14,8.59864,0,0,190,0.253111,0.254207,4.82391,0.0847789,1.02954,1.17199,0.981101
around,2.25,lqi,0,15,8.59035,0,0,190,0.258043,0.253111,4.80583,0.0837262,1.00541,1.15887,1.02536
around,2.25,lqi,0,16,8.68736,0,0,190,0.252563,0.254755,4.83103,0.0761073,1.06723,1.21582,0.989854
around,2.25,lqi,0,17,8.55897,0,0,190,0.252015,0.252563,4.82884,0.0835706,1.06969,1.12182,0.950469
around,2.25,lqi,0,18,8.83619,0,0,190,0.253659,0.256399,4.80089,0.0819415,1.09863,1.28914,1.05553
around,2.25,lqi,0,19,8.85406,0,0,190,0.250371,0.255303,4.83377,0.0813272,1.15098,1.22515,1.05716
around,2.25,leo,0,0,8.31259,0,0,190,0.254207,0.248727,4.80747,0.0841186,0.986697,1.04804,0.883327
around,2.25,leo,0,1,8.57614,0,0,190,0.253111,0.254755,4.82281,0.081872,1.05195,1.1338,0.977841
around,2.25,leo,0,2,8.24652,0,0,190,0.254207,0.254755,4.82775,0.100246,0.886752,1.04055,0.882265
around,2.25,leo,0,3,8.6204,0,0,190,0.252015,0.257495,4.81569,0.0819239,1.03802,1.1707,1.00456
around,2.25,leo,0,4,8.69113,0,0,190,0.256399,0.256399,4.83871,0.0830226,1.09061,1.17796,0.988025
around,2.25,leo,0,5,8.42902,0,0,190,0.251467,0.254755,4.81953,0.0858465,0.974652,1.09977,0.943004
around,2.25,leo,0,6,8.81841,0,0,190,0.254207,0.255851,4.83158,0.088745,1.08356,1.22316,1.08129
around,2.25,leo,0,7,8.71521,0,0,190,0.255303,0.253111,4.83049,0.0847857,1.02891,1.15564,1.10697
around,2.25,leo,0,8,8.69298,0,0,190,0.250371,0.253111,4.81405,0.0778661,1.11325,1.16821,1.01613
around,2.25,leo,0,9,8.88104,0,0,190,0.252563,0.253111,4.80857,0.0777943,1.09722,1.32283,1.06895
around,2.25,leo,0,10,8.65634,0,0,190,0.255303,0.254207,4.83158,0.0797943,1.07264,1.13675,1.02607
around,2.25,leo,0,11,8.19658,0,0,190,0.247083,0.255303,4.83268,0.0801129,0.911636,1.01897,0.85079
around,2.25,leo,0,12,8.63559,0,0,190,0.256399,0.248179,4.83268,0.0882319,1.06317,1.16957,0.977363
around,2.25,leo,0,13,8.5484,0,0,190,0.255303,0.258043,4.81733,0.090444,1.00287,1.11474,1.00967
around,2.25,leo,0,14,8.59864,0,0,190,0.253111,0.254207,4.82391,0.0847789,1.02954,1.17199,0.981101
around,2.25,leo,0,15,8.59035,0,0,190,0.258043,0.253111,4.80583,0.0837262,1.00541,1.15887,1.02536
around,2.25,leo,0,16,8.68736,0,0,190,0.252563,0.254755,4.83103,0.0761073,1.06723,1.21582,0.989854
around,2.25,leo,0,17,8.55897,0,0,190,0.252015,0.252563,4.82884,0.0835706,1.06969,1.12182,0.950469
around,2.25,leo,0,18,8.83619,0,0,190,0.253659,0.256399,4.80089,0.0819415,1.09863,1.28914,1.05553
around,2.25,leo,0,19,8.83387,0,0,190,0.250371,0.255303,4.83377,0.0813187,1.1409,1.22595,1.04625
around,2.25,lqi-literal,0,0,8.31259,0,0,190,0.254207,0.248727,4.80747,0.0841186,0.986697,1.04804,0.883327
around,2.25,lqi-literal,0,1,8.49111,0,0,190,0.253111,0.254755,4.82281,0.0841186,1.01616,1.11196,0.948183
around,2.25,lqi-literal,0,2,8.24652,0,0,190,0.254207,0.254755,4.82775,0.100246,0.886752,1.04055,0.882265
around,2.25,lqi-literal,0,3,8.6204,0,0,190,0.252015,0.257495,4.81569,0.0819239,1.03802,1.1707,1.00456
around,2.25,lqi-literal,0,4,8.69113,0,0,190,0.256399,0.256399,4.83871,0.0830226,1.09061,1.17796,0.988025
around,2.25,lqi-literal,0,5,8.42902,0,0,190,0.251467,0.254755,4.81953,0.0858465,0.974652,1.09977,0.943004
around,2.25,lqi-literal,0,6,8.81841,0,0,190,0.254207,0.255851,4.83158,0.088745,1.08356,1.22316,1.08129
around,2.25,lqi-literal,0,7,8.71521,0,0,190,0.255303,0.253111,4.83049,0.0847857,1.02891,1.15564,1.10697
around,2.25,lqi-literal,0,8,8.69298,0,0,190,0.250371,0.253111,4.81405,0.0778661,1.11325,1.16821,1.01613
around,2.25,lqi-literal,0,9,8.88104,0,0,190,0.252563,0.253111,4.80857,0.0777943,1.09722,1.32283,1.06895
around,2.25,lqi-literal,0,10,8.65634,0,0,190,0.255303,0.254207,4.83158,0.0797943,1.07264,1.13675,1.02607
around,2.25,lqi-literal,0,11,8.19658,0,0,190,0.247083,0.255303,4.83268,0.0801129,0.911636,1.01897,0.85079
around,2.25,lqi-literal,0,12,8.63559,0,0,190,0.256399,0.248179,4.83268,0.0882319,1.06317,1.16957,0.977363
around,2.25,lqi-literal,0,13,8.51614,0,0,190,0.255303,0.258043,4.81733,0.0904888,0.99947,1.09737,0.998125
around,2.25,lqi-literal,0,14,8.59864,0,0,190,0.253111,0.254207,4.82391,0.0847789,1.02954,1.17199,0.981101
around,2.25,lqi-literal,0,15,8.59035,0,0,190,0.258043,0.253111,4.80583,0.0837262,1.00541,1.15887,1.02536
around,2.25,lqi-literal,0,16,8.68736,0,0,190,0.252563,0.254755,4.83103,0.0761073,1.06723,1.21582,0.989854
around,2.25,lqi-literal,0,17,8.55897,0,0,190,0.252015,0.252563,4.82884,0.0835706,1.06969,1.12182,0.950469
around,2.25,lqi-literal,0,18,8.83619,0,0,190,0.253659,0.256399,4.80089,0.0819415,1.09863,1.28914,1.05553
around,2.25,lqi-literal,0,19,8.85406,0,0,190,0.250371,0.255303,4.83377,0.0813272,1.15098,1.22515,1.05716
around,2.5,hopcount,0,0,9.47462,0,0,190,0.247631,0.248179,4.70993,0.0841186,1.44058,1.50477,1.23941
around,2.5,hopcount,0,1,9.83637,0,0,190,0.248727,0.250371,4.72308,0.0841186,1.54901,1.6328,1.34827
around,2.5,hopcount,0,2,9.13572,0,0,190,0.249275,0.249823,4.73513,0.0835706,1.33179,1.35051,1.13562
around,2.5,hopcount,0,3,9.95039,0,0,190,0.247631,0.252563,4.72363,0.0831716,1.56269,1.67771,1.40299
around,2.5,hopcount,0,4,9.92532,0,0,190,0.250919,0.252015,4.73842,0.0795649,1.57276,1.69258,1.33906
around,2.5,hopcount,0,5,9.8023,0,0,190,0.246535,0.247631,4.73294,0.0829752,1.51998,1.60813,1.3641
around,2.5,hopcount,0,6,9.76508,0,0,190,0.251467,0.250371,4.73185,0.0801129,1.52248,1.60377,1.32503
around,2.5,hopcount,0,7,9.59819,0,0,190,0.249275,0.244891,4.73513,0.0795649,1.45647,1.57273,1.26013
around,2.5,hopcount,0,8,10.0671,0,0,190,0.244891,0.250371,4.72911,0.0761073,1.65454,1.72547,1.38662
around,2.5,hopcount,0,9,10.0172,0,0,190,0.245439,0.251467,4.71047,0.0761073,1.59668,1.76851,1.36854
around,2.5,hopcount,0,10,9.92638,0,0,190,0.248727,0.247083,4.71924,0.0824368,1.58459,1.64123,1.40306
around,2.5,hopcount,0,11,9.38266,0,0,190,0.243795,0.250919,4.72363,0.0761073,1.40633,1.46654,1.21534
around,2.5,hopcount,0,12,9.94794,0,0,190,0.253111,0.243247,4.72691,0.0870328,1.58209,1.66467,1.39087
around,2.5,hopcount,0,13,9.63932,0,0,190,0.249823,0.252015,4.72527,0.0870282,1.46704,1.55079,1.30736
around,2.5,hopcount,0,14,9.95886,0,0,190,0.249275,0.247083,4.74335,0.0824893,1.50173,1.75147,1.38346
around,2.5,hopcount,0,15,9.52644,0,0,190,0.252563,0.246535,4.71815,0.0831345,1.43962,1.49746,1.28898
around,2.5,hopcount,0,16,10.2041,0,0,190,0.245439,0.245439,4.72911,0.0761073,1.71158,1.78084,1.4156
around,2.5,hopcount,0,17,9.88721,0,0,190,0.248179,0.245987,4.74335,0.0795649,1.57279,1.658,1.33934
around,2.5,hopcount,0,18,10.2557,0,0,190,0.248727,0.245987,4.70225,0.0791899,1.66411,1.84967,1.46578
around,2.5,hopcount,0,19,10.2327,0,0,190,0.247631,0.249823,4.74664,0.0790445,1.65575,1.77541,1.47835
around,2.5,lqi,0,0,9.47462,0,0,190,0.247631,0.248179,4.70993,0.0841186,1.44058,1.50477,1.23941
around,2.5,lqi,0,1,9.83637,0,0,190,0.248727,0.250371,4.72308,0.0841186,1.54901,1.6328,1.34827
around,2.5,lqi,0,2,9.13572,0,0,190,0.249275,0.249823,4.73513,0.0835706,1.33179,1.35051,1.13562
around,2.5,lqi,0,3,9.87133,0,0,190,0.247631,0.252563,4.72363,0.0830639,1.54375,1.63831,1.38238
around,2.5,lqi,0,4,9.92532,0,0,190,0.250919,0.252015,4.73842,0.0795649,1.57276,1.69258,1.33906
around,2.5,lqi,0,5,9.81344,0,0,190,0.246535,0.247631,4.73294,0.0830623,1.52621,1.61785,1.3592
around,2.5,lqi,0,6,9.76508,0,0,190,0.251467,0.250371,4.73185,0.0801129,1.52248,1.60377,1.32503
around,2.5,lqi,0,7,9.59819,0,0,190,0.249275,0.244891,4.73513,0.0795649,1.45647,1.57273,1.26013
around,2.5,lqi,0,8,10.0671,0,0,190,0.244891,0.250371,4.72911,0.0761073,1.65454,1.72547,1.38662
around,2.5,lqi,0,9,10.0172,0,0,190,0.245439,0.251467,4.71047,0.0761073,1.59668,1.76851,1.36854
around,2.5,lqi,0,10,9.9124,0,0,190,0.248727,0.247083,4.71924,0.082304,1.62373,1.58969,1.40162
around,2.5,lqi,0,11,9.38266,0,0,190,0.243795,0.250919,4.72363,0.0761073,1.40633,1.46654,1.21534
around,2.5,lqi,0,12,9.94794,0,0,190,0.253111,0.243247,4.72691,0.0870328,1.58209,1.66467,1.39087
around,2.5,lqi,0,13,9.63932,0,0,190,0.249823,0.252015,4.72527,0.0870282,1.46704,1.55079,1.30736
around,2.5,lqi,0,14,9.95886,0,0,190,0.249275,0.247083,4.74335,0.0824893,1.50173,1.75147,1.38346
around,2.5,lqi,0,15,9.55754,0,0,190,0.252563,0.246535,4.71815,0.0831624,1.46219,1.50386,1.29109
around,2.5,lqi,0,16,10.2041,0,0,190,0.245439,0.245439,4.72911,0.0761073,1.71158,1.78084,1.4156
around,2.5,lqi,0,17,9.88721,0,0,190,0.248179,0.245987,4.74335,0.0795649,1.57279,1.658,1.33934
around,2.5,lqi,0,18,10.2737,0,0,190,0.248727,0.245987,4.70225,0.0792148,1.66754,1.86567,1.46435
around,2.5,lqi,0,19,10.2327,0,0,190,0.247631,0.249823,4.74664,0.0790445,1.65575,1.77541,1.47835
around,2.5,leo,0,0,9.47462,0,0,190,0.247631,0.248179,4.70993,0.0841186,1.44058,1.50477,1.23941
around,2.5,leo,0,1,9.97998,0,0,190,0.248727,0.250371,4.72308,0.0830431,1.59502,1.67777,1.40197
around,2.5,leo,0,2,9.13572,0,0,190,0.249275,0.249823,4.73513,0.0835706,1.33179,1.35051,1.13562
around,2.5,leo,0,3,9.95039,0,0,190,0.247631,0.252563,4.72363,0.0831716,1.56269,1.67771,1.40299
around,2.5,leo,0,4,9.92532,0,0,190,0.250919,0.252015,4.73842,0.0795649,1.57276,1.69258,1.33906
around,2.5,leo,0,5,9.8023,0,0,190,0.246535,0.247631,4.73294,0.0829752,1.51998,1.60813,1.3641
around,2.5,leo,0,6,9.76508,0,0,190,0.251467,0.250371,4.73185,0.0801129,1.52248,1.60377,1.32503
around,2.5,leo,0,7,9.59819,0,0,190,0.249275,0.244891,4.73513,0.0795649,1.45647,1.57273,1.26013
around,2.5,leo,0,8,10.0671,0,0,190,0.244891,0.250371,4.72911,0.0761073,1.65454,1.72547,1.38662
around,2.5,leo,0,9,10.0172,0,0,190,0.245439,0.251467,4.71047,0.0761073,1.59668,1.76851,1.36854
around,2.5,leo,0,10,9.92638,0,0,190,0.248727,0.247083,4.71924,0.0824368,1.58459,1.64123,1.40306
around,2.5,leo,0,11,9.38266,0,0,190,0.243795,0.250919,4.72363,0.0761073,1.40633,1.46654,1.21534
around,2.5,leo,0,12,9.94794,0,0,190,0.253111,0.243247,4.72691,0.0870328,1.58209,1.66467,1.39087
around,2.5,leo,0,13,9.63932,0,0,190,0.249823,0.252015,4.72527,0.0870282,1.46704,1.55079,1.30736
around,2.5,leo,0,14,9.95886,0,0,190,0.249275,0.247083,4.74335,0.0824893,1.50173,1.75147,1.38346
around,2.5,leo,0,15,9.52644,0,0,190,0.252563,0.246535,4.71815,0.0831345,1.43962,1.49746,1.28898
around,2.5,leo,0,16,10.2041,0,0,190,0.245439,0.245439,4.72911,0.0761073,1.71158,1.78084,1.4156
around,2.5,leo,0,17,9.88721,0,0,190,0.248179,0.245987,4.74335,0.0795649,1.57279,1.658,1.33934
around,2.5,leo,0,18,10.2557,0,0,190,0.248727,0.245987,4.70225,0.0791899,1.66411,1.84967,1.46578
around,2.5,leo,0,19,10.2239,0,0,190,0.247631,0.249823,4.74664,0.0790259,1.6524,1.77479,1.47363
around,2.5,lqi-literal,0,0,9.47462,0,0,190,0.247631,0.248179,4.70993,0.0841186,1.44058,1.50477,1.23941
around,2.5,lqi-literal,0,1,9.83637,0,0,190,0.248727,0.250371,4.72308,0.0841186,1.54901,1.6328,1.34827
around,2.5,lqi-literal,0,2,9.13572,0,0,190,0.249275,0.249823,4.73513,0.0835706,1.33179,1.35051,1.13562
around,2.5,lqi-literal,0,3,9.95039,0,0,190,0.247631,0.252563,4.72363,0.0831716,1.56269,1.67771,1.40299
around,2.5,lqi-literal,0,4,9.92532,0,0,190,0.250919,0.252015,4.73842,0.0795649,1.57276,1.69258,1.33906
around,2.5,lqi-literal,0,5,9.8023,0,0,190,0.246535,0.247631,4.73294,0.0829752,1.51998,1.60813,1.3641
around,2.5,lqi-literal,0,6,9.76508,0,0,190,0.251467,0.250371,4.73185,0.0801129,1.52248,1.60377,1.32503
around,2.5,lqi-literal,0,7,9.59819,0,0,190,0.249275,0.244891,4.73513,0.0795649,1.45647,1.57273,1.26013
around,2.5,lqi-literal,0,8,10.0671,0,0,190,0.244891,0.250371,4.72911,0.0761073,1.65454,1.72547,1.38662
around,2.5,lqi-literal,0,9,10.0172,0,0,190,0.245439,0.251467,4.71047,0.0761073,1.59668,1.76851,1.36854
around,2.5,lqi-literal,0,10,9.92638,0,0,190,0.248727,0.247083,4.71924,0.0824368,1.58459,1.64123,1.40306
around,2.5,lqi-literal,0,11,9.38266,0,0,190,0.243795,0.250919,4.72363,0.0761073,1.40633,1.46654,1.21534
around,2.5,lqi-literal,0,12,9.94794,0,0,190,0.253111,0.243247,4.72691,0.0870328,1.58209,1.66467,1.39087
around,2.5,lqi-literal,0,13,9.63932,0,0,190,0.249823,0.252015,4.72527,0.0870282,1.46704,1.55079,1.30736
around,2.5,lqi-literal,0,14,9.95886,0,0,190,0.249275,0.247083,4.74335,0.0824893,1.50173,1.75147,1.38346
around,2.5,lqi-literal,0,15,9.52644,0,0,190,0.252563,0.246535,4.71815,0.0831345,1.43962,1.49746,1.28898
around,2.5,lqi-literal,0,16,10.2041,0,0,190,0.245439,0.245439,4.72911,0.0761073,1.71158,1.78084,1.4156
around,2.5,lqi-literal,0,17,9.88721,0,0,190,0.248179,0.245987,4.74335,0.0795649,1.57279,1.658,1.33934
around,2.5,lqi-literal,0,18,10.2557,0,0,190,0.248727,0.245987,4.70225,0.0791899,1.66411,1.84967,1.46578
around,2.5,lqi-literal,0,19,10.2327,0,0,190,0.247631,0.249823,4.74664,0.0790445,1.65575,1.77541,1.47835
around,2.625,hopcount,0,0,9.94706,0,0,190,0.239959,0.238863,4.53347,0.0841186,1.69952,1.75591,1.39522
around,2.625,hopcount,0,1,10.2921,0,0,190,0.237219,0.241603,4.56142,0.0799418,1.8162,1.86208,1.4936
around,2.625,hopcount,0,2,9.67266,0,0,190,0.242699,0.239411,4.55539,0.0835706,1.59524,1.63123,1.32512
around,2.625,hopcount,0,3,10.8474,0,0,190,0.236123,0.243247,4.53566,0.0841186,1.86786,2.24044,1.63997
around,2.625,hopcount,0,4,10.5394,0,0,190,0.243795,0.243247,4.57457,0.0795649,1.87814,1.99035,1.52972
around,2.625,hopcount,0,5,10.242,0,0,190,0.236671,0.235575,4.55758,0.0839021,1.75463,1.84928,1.52438
around,2.625,hopcount,0,6,10.4212,0,0,190,0.242151,0.238315,4.56087,0.0801129,1.81645,1.94228,1.54104
around,2.625,hopcount,0,7,10.2231,0,0,190,0.239959,0.238315,4.55703,0.0795649,1.77424,1.87175,1.46218
around,2.625,hopcount,0,8,10.5439,0,0,190,0.239959,0.237767,4.5395,0.0761073,1.84291,2.05479,1.55286
around,2.625,hopcount,0,9,10.5385,0,0,190,0.233383,0.238863,4.54553,0.0761073,1.8896,2.02308,1.53192
around,2.625,hopcount,0,10,10.6063,0,0,190,0.239959,0.239411,4.54553,0.0995932,1.8333,2.02803,1.62047
around,2.625,hopcount,0,11,9.83797,0,0,190,0.239411,0.237767,4.55594,0.0761073,1.64407,1.70226,1.38242
around,2.625,hopcount,0,12,10.4149,0,0,190,0.245439,0.233383,4.55594,0.0879841,1.84496,1.89074,1.55641
around,2.625,hopcount,0,13,10.0879,0,0,190,0.243247,0.244891,4.55046,0.0830226,1.74065,1.78575,1.43992
around,2.625,hopcount,0,14,10.6837,0,0,190,0.242699,0.236123,4.58827,0.0799877,1.82902,2.11405,1.59359
around,2.625,hopcount,0,15,9.74547,0,0,190,0.242151,0.242699,4.53511,0.0801129,1.62637,1.67663,1.34239
around,2.625,hopcount,0,16,10.7883,0,0,190,0.235027,0.234479,4.56251,0.0761073,1.94981,2.13146,1.5989
around,2.625,hopcount,0,17,10.4759,0,0,190,0.239959,0.236671,4.56142,0.0795649,1.84697,1.99448,1.51686
around,2.625,hopcount,0,18,10.5089,0,0,190,0.241603,0.238863,4.53128,0.0761073,1.87816,2.02488,1.51801
around,2.625,hopcount,0,19,10.8261,0,0,190,0.239411,0.236123,4.57073,0.0800066,1.94154,2.09174,1.6665
around,2.625,lqi,0,0,9.94706,0,0,190,0.239959,0.238863,4.53347,0.0841186,1.69952,1.75591,1.39522
around,2.625,lqi,0,1,10.2921,0,0,190,0.237219,0.241603,4.56142,0.0799418,1.8162,1.86208,1.4936
around,2.625,lqi,0,2,9.67266,0,0,190,0.242699,0.239411,4.55539,0.0835706,1.59524,1.63123,1.32512
around,2.625,lqi,0,3,10.528,0,0,190,0.236123,0.243247,4.53566,0.0838887,1.83588,2.00495,1.58829
around,2.625,lqi,0,4,10.5394,0,0,190,0.243795,0.243247,4.57457,0.0795649,1.87814,1.99035,1.52972
around,2.625,lqi,0,5,10.242,0,0,190,0.236671,0.235575,4.55758,0.0839021,1.75463,1.84928,1.52438
around,2.625,lqi,0,6,10.4212,0,0,190,0.242151,0.238315,4.56087,0.0801129,1.81645,1.94228,1.54104
around,2.625,lqi,0,7,10.2231,0,0,190,0.239959,0.238315,4.55703,0.0795649,1.77424,1.87175,1.46218
around,2.625,lqi,0,8,10.5439,0,0,190,0.239959,0.237767,4.5395,0.0761073,1.84291,2.05479,1.55286
around,2.625,lqi,0,9,10.5385,0,0,190,0.233383,0.238863,4.54553,0.0761073,1.8896,2.02308,1.53192
around,2.625,lqi,0,10,10.3306,0,0,190,0.239959,0.239411,4.54553,0.0881202,1.78131,1.88882,1.54744
around,2.625,lqi,0,11,9.83797,0,0,190,0.239411,0.237767,4.55594,0.0761073,1.64407,1.70226,1.38242
around,2.625,lqi,0,12,10.4149,0,0,190,0.245439,0.233383,4.55594,0.0879841,1.84496,1.89074,1.55641
around,2.625,lqi,0,13,10.0879,0,0,190,0.243247,0.244891,4.55046,0.0830226,1.74065,1.78575,1.43992
around,2.625,lqi,0,14,10.737,0,0,190,0.242699,0.236123,4.58827,0.0801129,1.86222,2.1224,1.60513
around,2.625,lqi,0,15,9.74547,0,0,190,0.242151,0.242699,4.53511,0.0801129,1.62637,1.67663,1.34239
around,2.625,lqi,0,16,10.7883,0,0,190,0.235027,0.234479,4.56251,0.0761073,1.94981,2.13146,1.5989
around,2.625,lqi,0,17,10.4759,0,0,190,0.239959,0.236671,4.56142,0.0795649,1.84697,1.99448,1.51686
around,2.625,lqi,0,18,10.5089,0,0,190,0.241603,0.238863,4.53128,0.0761073,1.87816,2.02488,1.51801
around,2.625,lqi,0,19,10.8261,0,0,190,0.239411,0.236123,4.57073,0.0800066,1.94154,2.09174,1.6665
around,2.625,leo,0,0,9.94706,0,0,190,0.239959,0.238863,4.53347,0.0841186,1.69952,1.75591,1.39522
around,2.625,leo,0,1,10.2921,0,0,190,0.237219,0.241603,4.56142,0.0799418,1.8162,1.86208,1.4936
around,2.625,leo,0,2,9.67266,0,0,190,0.242699,0.239411,4.55539,0.0835706,1.59524,1.63123,1.32512
around,2.625,leo,0,3,10.8474,0,0,190,0.236123,0.243247,4.53566,0.0841186,1.86786,2.24044,1.63997
around,2.625,leo,0,4,10.5394,0,0,190,0.243795,0.243247,4.57457,0.0795649,1.87814,1.99035,1.52972
around,2.625,leo,0,5,10.242,0,0,190,0.236671,0.235575,4.55758,0.0839021,1.75463,1.84928,1.52438
around,2.625,leo,0,6,10.4212,0,0,190,0.242151,0.238315,4.56087,0.0801129,1.81645,1.94228,1.54104
around,2.625,leo,0,7,10.2231,0,0,190,0.239959,0.238315,4.55703,0.0795649,1.77424,1.87175,1.46218
around,2.625,leo,0,8,10.5439,0,0,190,0.239959,0.237767,4.5395,0.0761073,1.84291,2.05479,1.55286
around,2.625,leo,0,9,10.5385,0,0,190,0.233383,0.238863,4.54553,0.0761073,1.8896,2.02308,1.53192
around,2.625,leo,0,10,10.6063,0,0,190,0.239959,0.239411,4.54553,0.0995932,1.8333,2.02803,1.62047
around,2.625,leo,0,11,9.83797,0,0,190,0.239411,0.237767,4.55594,0.0761073,1.64407,1.70226,1.38242
around,2.625,leo,0,12,10.4149,0,0,190,0.245439,0.233383,4.55594,0.0879841,1.84496,1.89074,1.55641
around,2.625,leo,0,13,10.0879,0,0,190,0.243247,0.244891,4.55046,0.0830226,1.74065,1.78575,1.43992
around,2.625,leo,0,14,10.6837,0,0,190,0.242699,0.236123,4.58827,0.0799877,1.82902,2.11405,1.59359
around,2.625,leo,0,15,9.74547,0,0,190,0.242151,0.242699,4.53511,0.0801129,1.62637,1.67663,1.34239
around,2.625,leo,0,16,10.7883,0,0,190,0.235027,0.234479,4.56251,0.0761073,1.94981,2.13146,1.5989
around,2.625,leo,0,17,10.4759,0,0,190,0.239959,0.236671,4.56142,0.0795649,1.84697,1.99448,1.51686
around,2.625,leo,0,18,10.5089,0,0,190,0.241603,0.238863,4.53128,0.0761073,1.87816,2.02488,1.51801
around,2.625,leo,0,19,10.8094,0,0,190,0.239411,0.236123,4.57073,0.0799794,1.93957,2.08317,1.66044
around,2.625,lqi-literal,0,0,9.94706,0,0,190,0.239959,0.238863,4.53347,0.0841186,1.69952,1.75591,1.39522
around,2.625,lqi-literal,0,1,10.2921,0,0,190,0.237219,0.241603,4.56142,0.0799418,1.8162,1.86208,1.4936
around,2.625,lqi-literal,0,2,9.67266,0,0,190,0.242699,0.239411,4.55539,0.0835706,1.59524,1.63123,1.32512
around,2.625,lqi-literal,0,3,10.8474,0,0,190,0.236123,0.243247,4.53566,0.0841186,1.86786,2.24044,1.63997
around,2.625,lqi-literal,0,4,10.5394,0,0,190,0.243795,0.243247,4.57457,0.0795649,1.87814,1.99035,1.52972
around,2.625,lqi-literal,0,5,10.242,0,0,190,0.236671,0.235575,4.55758,0.0839021,1.75463,1.84928,1.52438
around,2.625,lqi-literal,0,6,10.4212,0,0,190,0.242151,0.238315,4.56087,0.0801129,1.81645,1.94228,1.54104
around,2.625,lqi-literal,0,7,10.2231,0,0,190,0.239959,0.238315,4.55703,0.0795649,1.77424,1.87175,1.46218
around,2.625,lqi-literal,0,8,10.5439,0,0,190,0.239959,0.237767,4.5395,0.0761073,1.84291,2.05479,1.55286
around,2.625,lqi-literal,0,9,10.5385,0,0,190,0.233383,0.238863,4.54553,0.0761073,1.8896,2.02308,1.53192
around,2.625,lqi-literal,0,10,10.6063,0,0,190,0.239959,0.239411,4.54553,0.0995932,1.8333,2.02803,1.62047
around,2.625,lqi-literal,0,11,9.83797,0,0,190,0.239411,0.237767,4.55594,0.0761073,1.64407,1.70226,1.38242
around,2.625,lqi-literal,0,12,10.4149,0,0,190,0.245439,0.233383,4.55594,0.0879841,1.84496,1.89074,1.55641
around,2.625,lqi-literal,0,13,10.0879,0,0,190,0.243247,0.244891,4.55046,0.0830226,1.74065,1.78575,1.43992
around,2.625,lqi-literal,0,14,10.6837,0,0,190,0.242699,0.236123,4.58827,0.0799877,1.82902,2.11405,1.59359
around,2.625,lqi-literal,0,15,9.74547,0,0,190,0.242151,0.242699,4.53511,0.0801129,1.62637,1.67663,1.34239
around,2.625,lqi-literal,0,16,10.7883,0,0,190,0.235027,0.234479,4.56251,0.0761073,1.94981,2.13146,1.5989
around,2.625,lqi-literal,0,17,10.4759,0,0,190,0.239959,0.236671,4.56142,0.0795649,1.84697,1.99448,1.51686
around,2.625,lqi-literal,0,18,10.5089,0,0,190,0.241603,0.238863,4.53128,0.0761073,1.87816,2.02488,1.51801
around,2.625,lqi-literal,0,19,10.8261,0,0,190,0.239411,0.236123,4.57073,0.0800066,1.94154,2.09174,1.6665
around,3,hopcount,0,0,11.1071,2,2,188,0.174199,0.171459,3.66805,0.117977,2.31838,2.83875,1.8183
around,3,hopcount,0,1,11.322,2,2,188,0.181323,0.167075,3.63736,0.127802,2.49206,2.82537,1.891
around,3,hopcount,0,2,10.7632,1,1,189,0.171459,0.167623,3.48179,0.146187,2.34621,2.45733,1.99258
around,3,hopcount,0,3,11.2204,2,10,180,0.173651,0.172555,3.64065,0.138175,2.43001,2.76236,1.90303
around,3,hopcount,0,4,12.6765,3,3,187,0.174199,0.173651,3.82745,0.130542,2.82918,3.41727,2.12419
around,3,hopcount,0,5,10.948,1,1,189,0.165431,0.170911,3.51577,0.104316,2.33422,2.75849,1.89887
around,3,hopcount,0,6,12.3134,2,2,188,0.175843,0.168719,3.64832,0.128898,2.69737,3.24279,2.25149
around,3,hopcount,0,7,11.1014,0,0,190,0.178583,0.173651,3.31033,0.113972,2.50574,2.74763,2.07152
around,3,hopcount,0,8,11.9537,3,2,188,0.174199,0.168719,3.80608,0.115068,2.55557,3.04839,2.08573
around,3,hopcount,0,9,12.5287,2,2,188,0.170363,0.173651,3.61928,0.120887,2.78844,3.52042,2.13565
around,3,hopcount,0,10,11.0856,1,1,189,0.174199,0.169815,3.45385,0.112328,2.43058,2.75278,1.99209
around,3,hopcount,0,11,10.8324,0,0,190,0.169267,0.170911,3.30979,0.0904859,2.45222,2.78279,1.85689
around,3,hopcount,0,12,11.9093,0,0,190,0.172007,0.168719,3.30376,0.113972,2.80498,3.29957,2.04634
around,3,hopcount,0,13,10.9917,0,0,190,0.176939,0.173651,3.29773,0.107056,2.52502,2.67199,2.03935
around,3,hopcount,0,14,13.4724,4,3,187,0.175843,0.172007,4.04988,0.167859,2.73445,3.83213,2.34021
around,3,hopcount,0,15,11.167,1,1,189,0.172007,0.174747,3.44891,0.109418,2.52162,2.78671,1.95363
around,3,hopcount,0,16,12.6488,0,0,190,0.170363,0.175843,3.2791,0.0984972,2.9807,3.74291,2.20138
around,3,hopcount,0,17,12.1518,2,2,188,0.172555,0.170911,3.68613,0.107056,2.74218,3.22275,2.05023
around,3,hopcount,0,18,12.1517,3,9,181,0.169267,0.170911,3.78087,0.149644,2.62767,3.28347,1.96982
around,3,hopcount,0,19,12.8693,4,3,187,0.172007,0.175843,3.98302,0.126378,2.83886,3.51682,2.05633
around,3,lqi,0,0,10.8307,2,2,188,0.174199,0.171459,3.66257,0.125989,2.28056,2.61703,1.7989
around,3,lqi,0,1,12.0876,1,1,189,0.181323,0.167075,3.45713,0.102503,2.64544,3.38305,2.15103
around,3,lqi,0,2,10.0272,0,0,190,0.171459,0.167623,3.31472,0.118525,2.21199,2.24726,1.79558
around,3,lqi,0,3,11.915,1,1,189,0.173651,0.172555,3.47303,0.106508,2.76463,3.082,2.14262
around,3,lqi,0,4,13.0149,4,4,186,0.174199,0.173651,4.00056,0.134548,2.85086,3.56899,2.11208
around,3,lqi,0,5,11.0196,0,0,190,0.165431,0.170911,3.34869,0.0910339,2.45074,2.8242,1.96859
around,3,lqi,0,6,11.6074,1,1,189,0.175843,0.168719,3.48179,0.107056,2.56806,2.95517,2.15072
around,3,lqi,0,7,10.753,0,0,190,0.178583,0.173651,3.31033,0.111062,2.46406,2.50685,2.00848
around,3,lqi,0,8,12.0583,0,0,190,0.174199,0.168719,3.28403,0.0875762,2.81973,3.40051,2.1235
around,3,lqi,0,9,11.2857,0,0,190,0.170363,0.173651,3.27636,0.0910339,2.50562,3.06281,2.00582
around,3,lqi,0,10,10.5287,0,0,190,0.174199,0.169815,3.2928,0.0950395,2.34082,2.49455,1.96144
around,3,lqi,0,11,10.8324,0,0,190,0.169267,0.170911,3.30979,0.0904859,2.45222,2.78279,1.85689
around,3,lqi,0,12,11.9093,0,0,190,0.172007,0.168719,3.30376,0.113972,2.80498,3.29957,2.04634
around,3,lqi,0,13,11.0153,0,0,190,0.176939,0.173651,3.29773,0.107056,2.49376,2.70917,2.05697
around,3,lqi,0,14,12.0349,2,2,188,0.175843,0.172007,3.6686,0.132307,2.69047,3.02232,2.17337
around,3,lqi,0,15,10.7809,1,1,189,0.172007,0.174747,3.44343,0.0955875,2.40388,2.61302,1.8782
around,3,lqi,0,16,12.6482,0,0,190,0.170363,0.175843,3.2791,0.0984972,2.93246,3.78675,2.20523
around,3,lqi,0,17,12.2268,3,3,187,0.172555,0.170911,3.85978,0.111062,2.73609,3.17696,1.99945
around,3,lqi,0,18,12.4182,3,3,187,0.169267,0.170911,3.78306,0.134548,2.72802,3.33365,2.09874
around,3,lqi,0,19,12.515,4,4,186,0.172007,0.175843,3.98631,0.126378,2.85761,3.11556,2.08125
around,3,leo,0,0,11.4219,2,1,189,0.174199,0.171459,3.71674,0.120555,2.38669,2.89078,1.96148
around,3,leo,0,1,11.946,5,5,185,0.181323,0.167075,4.41881,0.129446,2.532,2.54507,1.97229
around,3,leo,0,2,10.8927,1,1,189,0.171459,0.167623,3.48909,0.138175,2.27038,2.68231,1.97365
around,3,leo,0,3,11.7229,1,1,189,0.173651,0.172555,3.50127,0.127623,2.63956,3.03809,2.07015
around,3,leo,0,4,12.3945,1,1,189,0.174199,0.173651,3.496,0.110514,2.89622,3.45231,2.09155
around,3,leo,0,5,11.1443,2,2,188,0.165431,0.170911,3.80852,0.108322,2.34989,2.71224,1.82896
around,3,leo,0,6,11.921,1,1,189,0.175843,0.168719,3.48744,0.113972,2.62829,3.15702,2.18976
around,3,leo,0,7,11.1014,0,0,190,0.178583,0.173651,3.31033,0.113972,2.50574,2.74763,2.07152
around,3,leo,0,8,12.1967,2,2,188,0.174199,0.168719,3.70119,0.117977,2.82876,3.04873,2.15713
around,3,leo,0,9,11.9341,2,2,188,0.170363,0.173651,3.68804,0.112282,2.57094,3.2116,2.00722
around,3,leo,0,10,11.124,1,1,189,0.174199,0.169815,3.50583,0.112328,2.45584,2.74235,1.96368
around,3,leo,0,11,10.8324,0,0,190,0.169267,0.170911,3.30979,0.0904859,2.45222,2.78279,1.85689
around,3,leo,0,12,11.9093,0,0,190,0.172007,0.168719,3.30376,0.113972,2.80498,3.29957,2.04634
around,3,leo,0,13,10.9917,0,0,190,0.176939,0.173651,3.29773,0.107056,2.52502,2.67199,2.03935
around,3,leo,0,14,12.5393,3,4,186,0.175843,0.172007,3.957,0.167586,2.66869,3.33067,2.06754
around,3,leo,0,15,11.1628,2,2,188,0.172007,0.174747,3.73749,0.109966,2.46248,2.58858,1.9175
around,3,leo,0,16,12.6488,0,0,190,0.170363,0.175843,3.2791,0.0984972,2.9807,3.74291,2.20138
around,3,leo,0,17,12.0611,1,1,189,0.172555,0.170911,3.52614,0.117977,2.79573,3.14371,2.13407
around,3,leo,0,18,12.3198,3,3,187,0.169267,0.170911,3.94045,0.158751,2.82407,3.05209,2.00429
around,3,leo,0,19,12.2683,2,2,188,0.172007,0.175843,3.72855,0.114592,2.92497,3.03552,2.11682
around,3,lqi-literal,0,0,11.1071,2,2,188,0.174199,0.171459,3.66805,0.117977,2.31838,2.83875,1.8183
around,3,lqi-literal,0,1,11.322,2,2,188,0.181323,0.167075,3.63736,0.127802,2.49206,2.82537,1.891
around,3,lqi-literal,0,2,10.7632,1,1,189,0.171459,0.167623,3.48179,0.146187,2.34621,2.45733,1.99258
around,3,lqi-literal,0,3,11.2204,2,10,180,0.173651,0.172555,3.64065,0.138175,2.43001,2.76236,1.90303
around,3,lqi-literal,0,4,12.6765,3,3,187,0.174199,0.173651,3.82745,0.130542,2.82918,3.41727,2.12419
around,3,lqi-literal,0,5,10.948,1,1,189,0.165431,0.170911,3.51577,0.104316,2.33422,2.75849,1.89887
around,3,lqi-literal,0,6,12.3134,2,2,188,0.175843,0.168719,3.64832,0.128898,2.69737,3.24279,2.25149
around,3,lqi-literal,0,7,11.1014,0,0,190,0.178583,0.173651,3.31033,0.113972,2.50574,2.74763,2.07152
around,3,lqi-literal,0,8,11.9537,3,2,188,0.174199,0.168719,3.80608,0.115068,2.55557,3.04839,2.08573
around,3,lqi-literal,0,9,12.5287,2,2,188,0.170363,0.173651,3.61928,0.120887,2.78844,3.52042,2.13565
around,3,lqi-literal,0,10,11.0856,1,1,189,0.174199,0.169815,3.45385,0.112328,2.43058,2.75278,1.99209
around,3,lqi-literal,0,11,10.8324,0,0,190,0.169267,0.170911,3.30979,0.0904859,2.45222,2.78279,1.85689
around,3,lqi-literal,0,12,11.9093,0,0,190,0.172007,0.168719,3.30376,0.113972,2.80498,3.29957,2.04634
around,3,lqi-literal,0,13,10.9917,0,0,190,0.176939,0.173651,3.29773,0.107056,2.52502,2.67199,2.03935
around,3,lqi-literal,0,14,13.4724,4,3,187,0.175843,0.172007,4.04988,0.167859,2.73445,3.83213,2.34021
around,3,lqi-literal,0,15,11.167,1,1,189,0.172007,0.174747,3.44891,0.109418,2.52162,2.78671,1.95363
around,3,lqi-literal,0,16,12.6488,0,0,190,0.170363,0.175843,3.2791,0.0984972,2.9807,3.74291,2.20138
around,3,lqi-literal,0,17,12.1518,2,2,188,0.172555,0.170911,3.68613,0.107056,2.74218,3.22275,2.05023
around,3,lqi-literal,0,18,12.1517,3,9,181,0.169267,0.170911,3.78087,0.149644,2.62767,3.28347,1.96982
around,3,lqi-literal,0,19,12.8693,4,3,187,0.172007,0.175843,3.98302,0.126378,2.83886,3.51682,2.05633
one-side,2,hopcount,0,0,9.678,0,0,190,0.255303,0.254207,4.85021,0.0841186,1.46295,1.50321,1.26799
one-side,2,hopcount,0,1,9.38301,0,0,190,0.254207,0.257495,4.85076,0.0841186,1.29157,1.43706,1.20779
one-side,2,hopcount,0,2,9.17887,0,0,190,0.256947,0.256399,4.86611,0.0835706,1.27162,1.32667,1.11756
one-side,2,hopcount,0,3,9.27745,0,0,190,0.253659,0.258591,4.85569,0.0819198,1.29721,1.35629,1.17408
one-side,2,hopcount,0,4,9.12982,0,0,190,0.256399,0.256399,4.87159,0.0795649,1.23267,1.33593,1.09727
one-side,2,hopcount,0,5,9.4552,0,0,190,0.254207,0.254755,4.86501,0.0858899,1.32281,1.45031,1.22221
one-side,2,hopcount,0,6,9.4808,1,1,189,0.256399,0.258043,5.1236,0.0858631,1.28436,1.33486,1.13768
one-side,2,hopcount,0,7,9.51265,0,0,190,0.257495,0.254207,4.86665,0.081558,1.34321,1.47672,1.23281
one-side,2,hopcount,0,8,9.3941,0,0,190,0.252563,0.252563,4.84747,0.0778648,1.35295,1.41225,1.19843
one-side,2,hopcount,0,9,9.46723,0,0,190,0.251467,0.255303,4.84857,0.0778412,1.36091,1.45617,1.21697
one-side,2,hopcount,0,10,9.67583,0,0,190,0.258591,0.253111,4.87104,0.079775,1.41661,1.50143,1.29527
one-side,2,hopcount,0,11,9.36465,0,0,190,0.251467,0.254207,4.85405,0.0801129,1.34925,1.40398,1.17158
one-side,2,hopcount,0,12,8.97912,0,0,190,0.259687,0.249823,4.85241,0.090095,1.19108,1.24884,1.08719
one-side,2,hopcount,0,13,9.58195,0,0,190,0.257495,0.259139,4.8546,0.0907587,1.35347,1.43415,1.33234
one-side,2,hopcount,0,14,9.17449,0,0,190,0.255303,0.255303,4.86501,0.081872,1.24596,1.35283,1.11822
one-side,2,hopcount,0,15,9.48892,0,0,190,0.256947,0.255851,4.83597,0.0837677,1.33529,1.46627,1.25483
one-side,2,hopcount,0,16,9.38147,0,0,190,0.253659,0.255303,4.87323,0.0761073,1.30285,1.44781,1.17251
one-side,2,hopcount,0,17,9.30807,0,0,190,0.256947,0.254207,4.86501,0.0835706,1.32762,1.36817,1.15254
one-side,2,hopcount,0,18,9.18064,0,0,190,0.256947,0.255851,4.84583,0.0821218,1.24894,1.35656,1.13439
one-side,2,hopcount,0,19,9.21277,0,0,190,0.253111,0.256399,4.86611,0.0813567,1.24159,1.36695,1.14726
one-side,2,lqi,0,0,9.678,0,0,190,0.255303,0.254207,4.85021,0.0841186,1.46295,1.50321,1.26799
one-side,2,lqi,0,1,9.38301,0,0,190,0.254207,0.257495,4.85076,0.0841186,1.29157,1.43706,1.20779
one-side,2,lqi,0,2,9.17887,0,0,190,0.256947,0.256399,4.86611,0.0835706,1.27162,1.32667,1.11756
one-side,2,lqi,0,3,9.27745,0,0,190,0.253659,0.258591,4.85569,0.0819198,1.29721,1.35629,1.17408
one-side,2,lqi,0,4,9.12982,0,0,190,0.256399,0.256399,4.87159,0.0795649,1.23267,1.33593,1.09727
one-side,2,lqi,0,5,9.4552,0,0,190,0.254207,0.254755,4.86501,0.0858899,1.32281,1.45031,1.22221
one-side,2,lqi,0,6,9.4808,1,1,189,0.256399,0.258043,5.1236,0.0858631,1.28436,1.33486,1.13768
one-side,2,lqi,0,7,9.51265,0,0,190,0.257495,0.254207,4.86665,0.081558,1.34321,1.47672,1.23281
one-side,2,lqi,0,8,9.3941,0,0,190,0.252563,0.252563,4.84747,0.0778648,1.35295,1.41225,1.19843
one-side,2,lqi,0,9,9.46723,0,0,190,0.251467,0.255303,4.84857,0.0778412,1.36091,1.45617,1.21697
one-side,2,lqi,0,10,9.67583,0,0,190,0.258591,0.253111,4.87104,0.079775,1.41661,1.50143,1.29527
one-side,2,lqi,0,11,9.36465,0,0,190,0.251467,0.254207,4.85405,0.0801129,1.34925,1.40398,1.17158
one-side,2,lqi,0,12,8.97912,0,0,190,0.259687,0.249823,4.85241,0.090095,1.19108,1.24884,1.08719
one-side,2,lqi,0,13,9.58195,0,0,190,0.257495,0.259139,4.8546,0.0907587,1.35347,1.43415,1.33234
one-side,2,lqi,0,14,9.17449,0,0,190,0.255303,0.255303,4.86501,0.081872,1.24596,1.35283,1.11822
one-side,2,lqi,0,15,9.48892,0,0,190,0.256947,0.255851,4.83597,0.0837677,1.33529,1.46627,1.25483
one-side,2,lqi,0,16,9.38147,0,0,190,0.253659,0.255303,4.87323,0.0761073,1.30285,1.44781,1.17251
one-side,2,lqi,0,17,9.30807,0,0,190,0.256947,0.254207,4.86501,0.0835706,1.32762,1.36817,1.15254
one-side,2,lqi,0,18,9.18064,0,0,190,0.256947,0.255851,4.84583,0.0821218,1.24894,1.35656,1.13439
one-side,2,lqi,0,19,9.21277,0,0,190,0.253111,0.256399,4.86611,0.0813567,1.24159,1.36695,1.14726
one-side,2,leo,0,0,9.678,0,0,190,0.255303,0.254207,4.85021,0.0841186,1.46295,1.50321,1.26799
one-side,2,leo,0,1,9.39645,0,0,190,0.254207,0.257495,4.85076,0.0821455,1.31335,1.43062,1.20787
one-side,2,leo,0,2,9.17887,0,0,190,0.256947,0.256399,4.86611,0.0835706,1.27162,1.32667,1.11756
one-side,2,leo,0,3,9.27745,0,0,190,0.253659,0.258591,4.85569,0.0819198,1.29721,1.35629,1.17408
one-side,2,leo,0,4,9.12982,0,0,190,0.256399,0.256399,4.87159,0.0795649,1.23267,1.33593,1.09727
one-side,2,leo,0,5,9.4552,0,0,190,0.254207,0.254755,4.86501,0.0858899,1.32281,1.45031,1.22221
one-side,2,leo,0,6,9.34988,1,8,182,0.256399,0.258043,5.1236,0.0818577,1.23284,1.30406,1.09309
one-side,2,leo,0,7,9.51265,0,0,190,0.257495,0.254207,4.86665,0.081558,1.34321,1.47672,1.23281
one-side,2,leo,0,8,9.3941,0,0,190,0.252563,0.252563,4.84747,0.0778648,1.35295,1.41225,1.19843
one-side,2,leo,0,9,9.46723,0,0,190,0.251467,0.255303,4.84857,0.0778412,1.36091,1.45617,1.21697
one-side,2,leo,0,10,9.67583,0,0,190,0.258591,0.253111,4.87104,0.079775,1.41661,1.50143,1.29527
one-side,2,leo,0,11,9.36465,0,0,190,0.251467,0.254207,4.85405,0.0801129,1.34925,1.40398,1.17158
one-side,2,leo,0,12,8.97912,0,0,190,0.259687,0.249823,4.85241,0.090095,1.19108,1.24884,1.08719
one-side,2,leo,0,13,9.61196,0,0,190,0.257495,0.259139,4.8546,0.0929895,1.36297,1.4396,1.34518
one-side,2,leo,0,14,9.17449,0,0,190,0.255303,0.255303,4.86501,0.081872,1.24596,1.35283,1.11822
one-side,2,leo,0,15,9.48892,0,0,190,0.256947,0.255851,4.83597,0.0837677,1.33529,1.46627,1.25483
one-side,2,leo,0,16,9.38147,0,0,190,0.253659,0.255303,4.87323,0.0761073,1.30285,1.44781,1.17251
one-side,2,leo,0,17,9.30807,0,0,190,0.256947,0.254207,4.86501,0.0835706,1.32762,1.36817,1.15254
one-side,2,leo,0,18,9.18064,0,0,190,0.256947,0.255851,4.84583,0.0821218,1.24894,1.35656,1.13439
one-side,2,leo,0,19,9.21277,0,0,190,0.253111,0.256399,4.86611,0.0813567,1.24159,1.36695,1.14726
one-side,2,lqi-literal,0,0,9.678,0,0,190,0.255303,0.254207,4.85021,0.0841186,1.46295,1.50321,1.26799
one-side,2,lqi-literal,0,1,9.38301,0,0,190,0.254207,0.257495,4.85076,0.0841186,1.29157,1.43706,1.20779
one-side,2,lqi-literal,0,2,9.17887,0,0,190,0.256947,0.256399,4.86611,0.0835706,1.27162,1.32667,1.11756
one-side,2,lqi-literal,0,3,9.27745,0,0,190,0.253659,0.258591,4.85569,0.0819198,1.29721,1.35629,1.17408
one-side,2,lqi-literal,0,4,9.12982,0,0,190,0.256399,0.256399,4.87159,0.0795649,1.23267,1.33593,1.09727
one-side,2,lqi-literal,0,5,9.4552,0,0,190,0.254207,0.254755,4.86501,0.0858899,1.32281,1.45031,1.22221
one-side,2,lqi-literal,0,6,9.4808,1,1,189,0.256399,0.258043,5.1236,0.0858631,1.28436,1.33486,1.13768
one-side,2,lqi-literal,0,7,9.51265,0,0,190,0.257495,0.254207,4.86665,0.081558,1.34321,1.47672,1.23281
one-side,2,lqi-literal,0,8,9.3941,0,0,190,0.252563,0.252563,4.84747,0.0778648,1.35295,1.41225,1.19843
one-side,2,lqi-literal,0,9,9.46723,0,0,190,0.251467,0.255303,4.84857,0.0778412,1.36091,1.45617,1.21697
one-side,2,lqi-literal,0,10,9.67583,0,0,190,0.258591,0.253111,4.87104,0.079775,1.41661,1.50143,1.29527
one-side,2,lqi-literal,0,11,9.36465,0,0,190,0.251467,0.254207,4.85405,0.0801129,1.34925,1.40398,1.17158
one-side,2,lqi-literal,0,12,8.97912,0,0,190,0.259687,0.249823,4.85241,0.090095,1.19108,1.24884,1.08719
one-side,2,lqi-literal,0,13,9.58195,0,0,190,0.257495,0.259139,4.8546,0.0907587,1.35347,1.43415,1.33234
one-side,2,lqi-literal,0,14,9.17449,0,0,190,0.255303,0.255303,4.86501,0.081872,1.24596,1.35283,1.11822
one-side,2,lqi-literal,0,15,9.48892,0,0,190,0.256947,0.255851,4.83597,0.0837677,1.33529,1.46627,1.25483
one-side,2,lqi-literal,0,16,9.38147,0,0,190,0.253659,0.255303,4.87323,0.0761073,1.30285,1.44781,1.17251
one-side,2,lqi-literal,0,17,9.30807,0,0,190,0.256947,0.254207,4.86501,0.0835706,1.32762,1.36817,1.15254
one-side,2,lqi-literal,0,18,9.18064,0,0,190,0.256947,0.255851,4.84583,0.0821218,1.24894,1.35656,1.13439
one-side,2,lqi-literal,0,19,9.21277,0,0,190,0.253111,0.256399,4.86611,0.0813567,1.24159,1.36695,1.14726
one-side,2.25,hopcount,0,0,11.7119,0,0,190,0.255303,0.255851,4.85131,0.0841186,2.16841,2.35584,1.74103
one-side,2.25,hopcount,0,1,11.489,0,0,190,0.257495,0.254207,4.8409,0.0910339,2.07914,2.20557,1.76064
one-side,2.25,hopcount,0,2,11.0209,0,0,190,0.256399,0.255851,4.86063,0.0976825,1.91977,1.98572,1.64482
one-side,2.25,hopcount,0,3,11.2249,0,0,190,0.253659,0.257495,4.84912,0.0833688,2.03008,2.0847,1.66649
one-side,2.25,hopcount,0,4,11.2166,0,0,190,0.259139,0.256947,4.85734,0.0870282,2.01043,2.09762,1.64808
one-side,2.25,hopcount,0,5,11.3097,0,0,190,0.255303,0.258043,4.84912,0.083283,1.98094,2.15541,1.72764
one-side,2.25,hopcount,0,6,11.2089,0,0,190,0.255851,0.256947,4.85295,0.0861281,1.99909,2.05269,1.70521
one-side,2.25,hopcount,0,7,11.6038,0,0,190,0.253659,0.255303,4.84583,0.0965634,2.11282,2.20213,1.83753
one-side,2.25,hopcount,0,8,11.4508,0,0,190,0.252015,0.254755,4.8535,0.079244,2.10423,2.18534,1.72167
one-side,2.25,hopcount,0,9,11.6355,0,0,190,0.253111,0.255303,4.83542,0.0791874,2.16758,2.2637,1.78123
one-side,2.25,hopcount,0,10,11.7871,0,0,190,0.255851,0.253659,4.85734,0.0794249,2.15735,2.32641,1.85707
one-side,2.25,hopcount,0,11,11.6444,0,0,190,0.250919,0.255303,4.85515,0.0830226,2.10443,2.32724,1.76834
one-side,2.25,hopcount,0,12,11.0931,0,0,190,0.259687,0.250919,4.84419,0.100565,1.97516,2.00061,1.66196
one-side,2.25,hopcount,0,13,11.3293,0,0,190,0.256399,0.258591,4.84693,0.0910339,1.967,2.17138,1.73798
one-side,2.25,hopcount,0,14,11.2345,0,0,190,0.256947,0.254755,4.85953,0.0864221,1.9701,2.07675,1.72998
one-side,2.25,hopcount,0,15,11.5445,0,0,190,0.258591,0.254755,4.8409,0.0867242,2.10802,2.18886,1.80669
one-side,2.25,hopcount,0,16,11.3823,0,0,190,0.251467,0.256399,4.86611,0.0875762,2.00005,2.22633,1.69436
one-side,2.25,hopcount,0,17,11.2045,0,0,190,0.254755,0.251467,4.85405,0.0835706,1.97046,2.13479,1.65537
one-side,2.25,hopcount,0,18,11.1947,0,0,190,0.255303,0.256399,4.83706,0.0828306,1.9893,2.06847,1.70533
one-side,2.25,hopcount,0,19,11.3598,0,0,190,0.252015,0.256399,4.85131,0.08679,2.02282,2.17125,1.71919
one-side,2.25,lqi,0,0,11.7119,0,0,190,0.255303,0.255851,4.85131,0.0841186,2.16841,2.35584,1.74103
one-side,2.25,lqi,0,1,11.489,0,0,190,0.257495,0.254207,4.8409,0.0910339,2.07914,2.20557,1.76064
one-side,2.25,lqi,0,2,11.0209,0,0,190,0.256399,0.255851,4.86063,0.0976825,1.91977,1.98572,1.64482
one-side,2.25,lqi,0,3,11.2249,0,0,190,0.253659,0.257495,4.84912,0.0833688,2.03008,2.0847,1.66649
one-side,2.25,lqi,0,4,11.2166,0,0,190,0.259139,0.256947,4.85734,0.0870282,2.01043,2.09762,1.64808
one-side,2.25,lqi,0,5,11.3097,0,0,190,0.255303,0.258043,4.84912,0.083283,1.98094,2.15541,1.72764
one-side,2.25,lqi,0,6,11.2089,0,0,190,0.255851,0.256947,4.85295,0.0861281,1.99909,2.05269,1.70521
one-side,2.25,lqi,0,7,11.6038,0,0,190,0.253659,0.255303,4.84583,0.0965634,2.11282,2.20213,1.83753
one-side,2.25,lqi,0,8,11.4508,0,0,190,0.252015,0.254755,4.8535,0.079244,2.10423,2.18534,1.72167
one-side,2.25,lqi,0,9,11.6355,0,0,190,0.253111,0.255303,4.83542,0.0791874,2.16758,2.2637,1.78123
one-side,2.25,lqi,0,10,11.7871,0,0,190,0.255851,0.253659,4.85734,0.0794249,2.15735,2.32641,1.85707
one-side,2.25,lqi,0,11,11.6444,0,0,190,0.250919,0.255303,4.85515,0.0830226,2.10443,2.32724,1.76834
one-side,2.25,lqi,0,12,11.0931,0,0,190,0.259687,0.250919,4.84419,0.100565,1.97516,2.00061,1.66196
one-side,2.25,lqi,0,13,11.3293,0,0,190,0.256399,0.258591,4.84693,0.0910339,1.967,2.17138,1.73798
one-side,2.25,lqi,0,14,11.2345,0,0,190,0.256947,0.254755,4.85953,0.0864221,1.9701,2.07675,1.72998
one-side,2.25,lqi,0,15,11.5445,0,0,190,0.258591,0.254755,4.8409,0.0867242,2.10802,2.18886,1.80669
one-side,2.25,lqi,0,16,11.3823,0,0,190,0.251467,0.256399,4.86611,0.0875762,2.00005,2.22633,1.69436
one-side,2.25,lqi,0,17,11.2045,0,0,190,0.254755,0.251467,4.85405,0.0835706,1.97046,2.13479,1.65537
one-side,2.25,lqi,0,18,11.1947,0,0,190,0.255303,0.256399,4.83706,0.0828306,1.9893,2.06847,1.70533
one-side,2.25,lqi,0,19,11.3598,0,0,190,0.252015,0.256399,4.85131,0.08679,2.02282,2.17125,1.71919
one-side,2.25,leo,0,0,11.7119,0,0,190,0.255303,0.255851,4.85131,0.0841186,2.16841,2.35584,1.74103
one-side,2.25,leo,0,1,11.5268,0,0,190,0.257495,0.254207,4.8409,0.0908361,2.10364,2.20566,1.77401
one-side,2.25,leo,0,2,11.0209,0,0,190,0.256399,0.255851,4.86063,0.0976825,1.91977,1.98572,1.64482
one-side,2.25,leo,0,3,11.2249,0,0,190,0.253659,0.257495,4.84912,0.0833688,2.03008,2.0847,1.66649
one-side,2.25,leo,0,4,11.2166,0,0,190,0.259139,0.256947,4.85734,0.0870282,2.01043,2.09762,1.64808
one-side,2.25,leo,0,5,11.3097,0,0,190,0.255303,0.258043,4.84912,0.083283,1.98094,2.15541,1.72764
one-side,2.25,leo,0,6,11.2089,0,0,190,0.255851,0.256947,4.85295,0.0861281,1.99909,2.05269,1.70521
one-side,2.25,leo,0,7,11.6038,0,0,190,0.253659,0.255303,4.84583,0.0965634,2.11282,2.20213,1.83753
one-side,2.25,leo,0,8,11.4508,0,0,190,0.252015,0.254755,4.8535,0.079244,2.10423,2.18534,1.72167
one-side,2.25,leo,0,9,11.6355,0,0,190,0.253111,0.255303,4.83542,0.0791874,2.16758,2.2637,1.78123
one-side,2.25,leo,0,10,11.7871,0,0,190,0.255851,0.253659,4.85734,0.0794249,2.15735,2.32641,1.85707
one-side,2.25,leo,0,11,11.6444,0,0,190,0.250919,0.255303,4.85515,0.0830226,2.10443,2.32724,1.76834
one-side,2.25,leo,0,12,11.0931,0,0,190,0.259687,0.250919,4.84419,0.100565,1.97516,2.00061,1.66196
one-side,2.25,leo,0,13,11.3293,0,0,190,0.256399,0.258591,4.84693,0.0910339,1.967,2.17138,1.73798
one-side,2.25,leo,0,14,11.2345,0,0,190,0.256947,0.254755,4.85953,0.0864221,1.9701,2.07675,1.72998
one-side,2.25,leo,0,15,11.5445,0,0,190,0.258591,0.254755,4.8409,0.0867242,2.10802,2.18886,1.80669
one-side,2.25,leo,0,16,11.3823,0,0,190,0.251467,0.256399,4.86611,0.0875762,2.00005,2.22633,1.69436
one-side,2.25,leo,0,17,11.2045,0,0,190,0.254755,0.251467,4.85405,0.0835706,1.97046,2.13479,1.65537
one-side,2.25,leo,0,18,11.1947,0,0,190,0.255303,0.256399,4.83706,0.0828306,1.9893,2.06847,1.70533
one-side,2.25,leo,0,19,11.3598,0,0,190,0.252015,0.256399,4.85131,0.08679,2.02282,2.17125,1.71919
one-side,2.25,lqi-literal,0,0,11.7119,0,0,190,0.255303,0.255851,4.85131,0.0841186,2.16841,2.35584,1.74103
one-side,2.25,lqi-literal,0,1,11.489,0,0,190,0.257495,0.254207,4.8409,0.0910339,2.07914,2.20557,1.76064
one-side,2.25,lqi-literal,0,2,11.0209,0,0,190,0.256399,0.255851,4.86063,0.0976825,1.91977,1.98572,1.64482
one-side,2.25,lqi-literal,0,3,11.2249,0,0,190,0.253659,0.257495,4.84912,0.0833688,2.03008,2.0847,1.66649
one-side,2.25,lqi-literal,0,4,11.2166,0,0,190,0.259139,0.256947,4.85734,0.0870282,2.01043,2.09762,1.64808
one-side,2.25,lqi-literal,0,5,11.3097,0,0,190,0.255303,0.258043,4.84912,0.083283,1.98094,2.15541,1.72764
one-side,2.25,lqi-literal,0,6,11.2089,0,0,190,0.255851,0.256947,4.85295,0.0861281,1.99909,2.05269,1.70521
one-side,2.25,lqi-literal,0,7,11.6038,0,0,190,0.253659,0.255303,4.84583,0.0965634,2.11282,2.20213,1.83753
one-side,2.25,lqi-literal,0,8,11.4508,0,0,190,0.252015,0.254755,4.8535,0.079244,2.10423,2.18534,1.72167
one-side,2.25,lqi-literal,0,9,11.6355,0,0,190,0.253111,0.255303,4.83542,0.0791874,2.16758,2.2637,1.78123
one-side,2.25,lqi-literal,0,10,11.7871,0,0,190,0.255851,0.253659,4.85734,0.0794249,2.15735,2.32641,1.85707
one-side,2.25,lqi-literal,0,11,11.6444,0,0,190,0.250919,0.255303,4.85515,0.0830226,2.10443,2.32724,1.76834
one-side,2.25,lqi-literal,0,12,11.0931,0,0,190,0.259687,0.250919,4.84419,0.100565,1.97516,2.00061,1.66196
one-side,2.25,lqi-literal,0,13,11.3293,0,0,190,0.256399,0.258591,4.84693,0.0910339,1.967,2.17138,1.73798
one-side,2.25,lqi-literal,0,14,11.2345,0,0,190,0.256947,0.254755,4.85953,0.0864221,1.9701,2.07675,1.72998
one-side,2.25,lqi-literal,0,15,11.5445,0,0,190,0.258591,0.254755,4.8409,0.0867242,2.10802,2.18886,1.80669
one-side,2.25,lqi-literal,0,16,11.3823,0,0,190,0.251467,0.256399,4.86611,0.0875762,2.00005,2.22633,1.69436
one-side,2.25,lqi-literal,0,17,11.2045,0,0,190,0.254755,0.251467,4.85405,0.0835706,1.97046,2.13479,1.65537
one-side,2.25,lqi-literal,0,18,11.1947,0,0,190,0.255303,0.256399,4.83706,0.0828306,1.9893,2.06847,1.70533
one-side,2.25,lqi-literal,0,19,11.3598,0,0,190,0.252015,0.256399,4.85131,0.08679,2.02282,2.17125,1.71919
one-side,2.5,hopcount,0,0,13.0611,0,0,190,0.250371,0.248727,4.78007,0.10596,2.62067,3.03325,2.02203
one-side,2.5,hopcount,0,1,12.8139,0,0,190,0.252015,0.249275,4.7724,0.109966,2.56479,2.85863,2.00687
one-side,2.5,hopcount,0,2,12.2662,0,0,190,0.252563,0.251467,4.785,0.110514,2.32188,2.53334,2.01141
one-side,2.5,hopcount,0,3,13.6116,1,1,189,0.251467,0.256947,5.01181,0.106508,2.69662,3.07087,2.21736
one-side,2.5,hopcount,0,4,12.3634,0,0,190,0.254755,0.255851,4.79158,0.101955,2.35726,2.73346,1.86859
one-side,2.5,hopcount,0,5,12.9811,0,0,190,0.249823,0.252015,4.77952,0.106508,2.40967,3.06031,2.12321
one-side,2.5,hopcount,0,6,12.8973,1,1,189,0.250371,0.251467,5.03537,0.0995932,2.45795,2.75037,2.05221
one-side,2.5,hopcount,0,7,13.7959,0,0,190,0.253111,0.249823,4.79322,0.125989,2.75704,3.21469,2.40206
one-side,2.5,hopcount,0,8,13.1659,1,1,189,0.246535,0.253111,5.02167,0.0955875,2.64543,2.82024,2.08337
one-side,2.5,hopcount,0,9,12.5969,0,0,190,0.249823,0.253111,4.76692,0.0910339,2.43046,2.86676,1.93875
one-side,2.5,hopcount,0,10,13.0894,1,1,189,0.253111,0.249823,5.02989,0.120169,2.56158,2.75733,2.11753
one-side,2.5,hopcount,0,11,13.0266,1,1,189,0.248727,0.252015,5.0414,0.0944915,2.3172,3.05518,2.01763
one-side,2.5,hopcount,0,12,12.2051,0,0,190,0.254755,0.247083,4.78555,0.117429,2.40304,2.46995,1.92725
one-side,2.5,hopcount,0,13,12.8714,0,0,190,0.253111,0.254207,4.77569,0.111062,2.56701,2.77065,2.13962
one-side,2.5,hopcount,0,14,12.97,0,0,190,0.254207,0.252563,4.79103,0.117977,2.618,2.78481,2.15141
one-side,2.5,hopcount,0,15,12.9213,0,0,190,0.255851,0.252015,4.77459,0.0961355,2.61732,2.83967,2.08569
one-side,2.5,hopcount,0,16,12.9121,0,0,190,0.249823,0.250919,4.79322,0.101955,2.54528,2.93492,2.03598
one-side,2.5,hopcount,0,17,12.285,0,0,190,0.249823,0.249823,4.7998,0.0950395,2.3201,2.6546,1.91577
one-side,2.5,hopcount,0,18,12.214,0,0,190,0.254755,0.249823,4.77021,0.101955,2.39084,2.5572,1.88923
one-side,2.5,hopcount,0,19,12.8976,0,0,190,0.250919,0.251467,4.78993,0.102503,2.57401,2.81514,2.1136
one-side,2.5,lqi,0,0,13.0611,0,0,190,0.250371,0.248727,4.78007,0.10596,2.62067,3.03325,2.02203
one-side,2.5,lqi,0,1,12.7374,0,0,190,0.252015,0.249275,4.7724,0.109966,2.58836,2.77932,1.98609
one-side,2.5,lqi,0,2,12.2662,0,0,190,0.252563,0.251467,4.785,0.110514,2.32188,2.53334,2.01141
one-side,2.5,lqi,0,3,12.5511,0,0,190,0.251467,0.256947,4.76253,0.102503,2.53683,2.66807,1.97271
one-side,2.5,lqi,0,4,12.3634,0,0,190,0.254755,0.255851,4.79158,0.101955,2.35726,2.73346,1.86859
one-side,2.5,lqi,0,5,12.9258,1,1,189,0.249823,0.252015,5.0288,0.110514,2.342,2.94327,1.99942
one-side,2.5,lqi,0,6,12.8973,1,1,189,0.250371,0.251467,5.03537,0.0995932,2.45795,2.75037,2.05221
one-side,2.5,lqi,0,7,13.0941,0,0,190,0.253111,0.249823,4.79322,0.125989,2.73048,2.75347,2.188
one-side,2.5,lqi,0,8,13.1803,1,1,189,0.246535,0.253111,5.02167,0.0955875,2.63391,2.80607,2.12342
one-side,2.5,lqi,0,9,12.5969,0,0,190,0.249823,0.253111,4.76692,0.0910339,2.43046,2.86676,1.93875
one-side,2.5,lqi,0,10,13.2181,1,1,189,0.253111,0.249823,5.0277,0.124175,2.61048,2.80369,2.14917
one-side,2.5,lqi,0,11,12.9572,1,1,189,0.248727,0.252015,5.0414,0.0984972,2.32602,2.96793,2.02256
one-side,2.5,lqi,0,12,11.9416,0,0,190,0.254755,0.247083,4.78117,0.120339,2.30391,2.3769,1.85743
one-side,2.5,lqi,0,13,12.6755,0,0,190,0.253111,0.254207,4.77569,0.107056,2.48197,2.69985,2.1036
one-side,2.5,lqi,0,14,12.9191,0,0,190,0.254207,0.252563,4.79103,0.117977,2.5921,2.74728,2.16397
one-side,2.5,lqi,0,15,12.917,0,0,190,0.255851,0.252015,4.77459,0.0961355,2.61224,2.84738,2.07878
one-side,2.5,lqi,0,16,12.9121,0,0,190,0.249823,0.250919,4.79322,0.101955,2.54528,2.93492,2.03598
one-side,2.5,lqi,0,17,12.3986,0,0,190,0.249823,0.249823,4.7998,0.0950395,2.36679,2.68897,1.94839
one-side,2.5,lqi,0,18,12.2169,0,0,190,0.254755,0.249823,4.77021,0.101955,2.39266,2.55121,1.89634
one-side,2.5,lqi,0,19,12.7506,0,0,190,0.250919,0.251467,4.78993,0.102503,2.56544,2.72993,2.0604
one-side,2.5,leo,0,0,13.0611,0,0,190,0.250371,0.248727,4.78007,0.10596,2.62067,3.03325,2.02203
one-side,2.5,leo,0,1,12.8139,0,0,190,0.252015,0.249275,4.7724,0.109966,2.56479,2.85863,2.00687
one-side,2.5,leo,0,2,12.2662,0,0,190,0.252563,0.251467,4.785,0.110514,2.32188,2.53334,2.01141
one-side,2.5,leo,0,3,13.3724,1,1,189,0.251467,0.256947,5.07677,0.110514,2.63847,2.8753,2.16297
one-side,2.5,leo,0,4,12.3634,0,0,190,0.254755,0.255851,4.79158,0.101955,2.35726,2.73346,1.86859
one-side,2.5,leo,0,5,12.9811,0,0,190,0.249823,0.252015,4.77952,0.106508,2.40967,3.06031,2.12321
one-side,2.5,leo,0,6,12.7603,1,1,189,0.250371,0.251467,5.07643,0.0995932,2.38894,2.67981,2.01363
one-side,2.5,leo,0,7,13.7959,0,0,190,0.253111,0.249823,4.79322,0.125989,2.75704,3.21469,2.40206
one-side,2.5,leo,0,8,13.1999,1,1,189,0.246535,0.253111,5.07551,0.0990452,2.65449,2.79933,2.0719
one-side,2.5,leo,0,9,12.5969,0,0,190,0.249823,0.253111,4.76692,0.0910339,2.43046,2.86676,1.93875
one-side,2.5,leo,0,10,13.2603,1,1,189,0.253111,0.249823,5.05708,0.120169,2.60919,2.82813,2.14283
one-side,2.5,leo,0,11,13.0533,2,2,188,0.248727,0.252015,5.35948,0.101955,2.38659,2.80892,1.89565
one-side,2.5,leo,0,12,12.2051,0,0,190,0.254755,0.247083,4.78555,0.117429,2.40304,2.46995,1.92725
one-side,2.5,leo,0,13,12.8714,0,0,190,0.253111,0.254207,4.77569,0.111062,2.56701,2.77065,2.13962
one-side,2.5,leo,0,14,12.97,0,0,190,0.254207,0.252563,4.79103,0.117977,2.618,2.78481,2.15141
one-side,2.5,leo,0,15,12.9213,0,0,190,0.255851,0.252015,4.77459,0.0961355,2.61732,2.83967,2.08569
one-side,2.5,leo,0,16,12.9121,0,0,190,0.249823,0.250919,4.79322,0.101955,2.54528,2.93492,2.03598
one-side,2.5,leo,0,17,12.285,0,0,190,0.249823,0.249823,4.7998,0.0950395,2.3201,2.6546,1.91577
one-side,2.5,leo,0,18,12.214,0,0,190,0.254755,0.249823,4.77021,0.101955,2.39084,2.5572,1.88923
one-side,2.5,leo,0,19,12.8976,0,0,190,0.250919,0.251467,4.78993,0.102503,2.57401,2.81514,2.1136
one-side,2.5,lqi-literal,0,0,13.0611,0,0,190,0.250371,0.248727,4.78007,0.10596,2.62067,3.03325,2.02203
one-side,2.5,lqi-literal,0,1,12.8139,0,0,190,0.252015,0.249275,4.7724,0.109966,2.56479,2.85863,2.00687
one-side,2.5,lqi-literal,0,2,12.2662,0,0,190,0.252563,0.251467,4.785,0.110514,2.32188,2.53334,2.01141
one-side,2.5,lqi-literal,0,3,13.6116,1,1,189,0.251467,0.256947,5.01181,0.106508,2.69662,3.07087,2.21736
one-side,2.5,lqi-literal,0,4,12.3634,0,0,190,0.254755,0.255851,4.79158,0.101955,2.35726,2.73346,1.86859
one-side,2.5,lqi-literal,0,5,12.9811,0,0,190,0.249823,0.252015,4.77952,0.106508,2.40967,3.06031,2.12321
one-side,2.5,lqi-literal,0,6,12.8973,1,1,189,0.250371,0.251467,5.03537,0.0995932,2.45795,2.75037,2.05221
one-side,2.5,lqi-literal,0,7,13.7959,0,0,190,0.253111,0.249823,4.79322,0.125989,2.75704,3.21469,2.40206
one-side,2.5,lqi-literal,0,8,13.1659,1,1,189,0.246535,0.253111,5.02167,0.0955875,2.64543,2.82024,2.08337
one-side,2.5,lqi-literal,0,9,12.5969,0,0,190,0.249823,0.253111,4.76692,0.0910339,2.43046,2.86676,1.93875
one-side,2.5,lqi-literal,0,10,13.0894,1,1,189,0.253111,0.249823,5.02989,0.120169,2.56158,2.75733,2.11753
one-side,2.5,lqi-literal,0,11,13.0266,1,1,189,0.248727,0.252015,5.0414,0.0944915,2.3172,3.05518,2.01763
one-side,2.5,lqi-literal,0,12,12.2051,0,0,190,0.254755,0.247083,4.78555,0.117429,2.40304,2.46995,1.92725
one-side,2.5,lqi-literal,0,13,12.8714,0,0,190,0.253111,0.254207,4.77569,0.111062,2.56701,2.77065,2.13962
one-side,2.5,lqi-literal,0,14,12.97,0,0,190,0.254207,0.252563,4.79103,0.117977,2.618,2.78481,2.15141
one-side,2.5,lqi-literal,0,15,12.9213,0,0,190,0.255851,0.252015,4.77459,0.0961355,2.61732,2.83967,2.08569
one-side,2.5,lqi-literal,0,16,12.9121,0,0,190,0.249823,0.250919,4.79322,0.101955,2.54528,2.93492,2.03598
one-side,2.5,lqi-literal,0,17,12.285,0,0,190,0.249823,0.249823,4.7998,0.0950395,2.3201,2.6546,1.91577
one-side,2.5,lqi-literal,0,18,12.214,0,0,190,0.254755,0.249823,4.77021,0.101955,2.39084,2.5572,1.88923
one-side,2.5,lqi-literal,0,19,12.8976,0,0,190,0.250919,0.251467,4.78993,0.102503,2.57401,2.81514,2.1136
one-side,2.625,hopcount,0,0,15.2448,1,3,187,0.247083,0.242699,4.91865,0.164023,3.33112,3.87948,2.46175
one-side,2.625,hopcount,0,1,14.7146,0,0,190,0.247631,0.247631,4.67376,0.139819,3.18255,3.77446,2.44875
one-side,2.625,hopcount,0,2,13.9659,1,1,189,0.248727,0.246535,4.92742,0.137458,2.82687,3.36721,2.21164
one-side,2.625,hopcount,0,3,14.9577,2,2,188,0.245439,0.249275,5.15916,0.159299,3.27354,3.41637,2.45457
one-side,2.625,hopcount,0,4,14.3446,2,1,189,0.251467,0.248179,5.17066,0.159847,2.89075,3.3218,2.30191
one-side,2.625,hopcount,0,5,14.5951,0,0,190,0.244891,0.249823,4.68801,0.158203,3.06717,3.81988,2.3671
one-side,2.625,hopcount,0,6,15.1399,2,2,188,0.247083,0.244891,5.1734,0.129446,3.19202,3.59145,2.56158
one-side,2.625,hopcount,0,7,14.8955,1,0,190,0.247083,0.243247,4.92303,0.158034,3.16993,3.58109,2.57303
one-side,2.625,hopcount,0,8,14.9006,2,1,189,0.239411,0.249823,5.16847,0.140367,3.07031,3.72576,2.30644
one-side,2.625,hopcount,0,9,14.5736,2,2,188,0.242699,0.247631,5.13724,0.136362,2.81465,3.70907,2.28594
one-side,2.625,hopcount,0,10,15.9232,3,3,187,0.248179,0.244891,5.42706,0.160395,3.36775,3.81997,2.65495
one-side,2.625,hopcount,0,11,14.5901,0,0,190,0.240507,0.244891,4.68636,0.10596,3.30198,3.7664,2.24402
one-side,2.625,hopcount,0,12,13.899,1,1,189,0.249823,0.242151,4.93345,0.127802,2.81168,3.18121,2.35293
one-side,2.625,hopcount,0,13,15.1306,0,0,190,0.242699,0.252015,4.66609,0.140915,3.24446,4.00729,2.57712
one-side,2.625,hopcount,0,14,14.0134,0,0,190,0.244343,0.247631,4.69184,0.121435,2.85056,3.31649,2.54105
one-side,2.625,hopcount,0,15,15.9486,4,4,186,0.253111,0.248727,5.64784,0.130542,3.37128,3.9288,2.36829
one-side,2.625,hopcount,0,16,15.0317,1,1,189,0.245439,0.249275,4.93838,0.151836,3.03509,4.02247,2.3892
one-side,2.625,hopcount,0,17,14.6165,0,0,190,0.245987,0.244891,4.70938,0.139819,3.06779,3.86905,2.33962
one-side,2.625,hopcount,0,18,14.3144,1,0,190,0.248179,0.247631,4.90659,0.132904,3.0239,3.50379,2.25137
one-side,2.625,hopcount,0,19,14.3561,0,0,190,0.245439,0.244891,4.69075,0.143277,2.94305,3.62051,2.46816
one-side,2.625,lqi,0,0,14.6118,1,1,189,0.247083,0.242699,4.92029,0.152932,3.06721,3.28334,2.69823
one-side,2.625,lqi,0,1,14.923,2,2,188,0.247631,0.247631,5.16464,0.164401,3.01432,3.44723,2.6371
one-side,2.625,lqi,0,2,13.7685,0,0,190,0.248727,0.246535,4.68253,0.146017,2.77922,3.12627,2.53923
one-side,2.625,lqi,0,3,14.7779,2,2,188,0.245439,0.249275,5.16464,0.163853,2.95947,3.33888,2.6563
one-side,2.625,lqi,0,4,13.903,0,0,190,0.251467,0.248179,4.69458,0.123079,2.77029,3.11575,2.69962
one-side,2.625,lqi,0,5,14.5145,0,0,190,0.244891,0.249823,4.68801,0.150571,3.11904,3.24495,2.81725
one-side,2.625,lqi,0,6,13.7196,1,1,189,0.247083,0.244891,4.93619,0.120169,2.73192,3.08362,2.35571
one-side,2.625,lqi,0,7,14.4334,1,1,189,0.247083,0.243247,4.9192,0.169503,2.97003,3.34119,2.54312
one-side,2.625,lqi,0,8,13.7852,0,0,190,0.239411,0.249823,4.68527,0.127085,2.86086,3.06609,2.55669
one-side,2.625,lqi,0,9,14.2148,0,0,190,0.242699,0.247631,4.66663,0.127085,2.89144,3.41413,2.62514
one-side,2.625,lqi,0,10,13.9597,0,0,190,0.248179,0.244891,4.69787,0.136192,2.88876,2.99932,2.74451
one-side,2.625,lqi,0,11,14.2981,2,0,190,0.240507,0.244891,5.17066,0.150571,2.90509,3.10484,2.4815
one-side,2.625,lqi,0,12,13.7275,0,0,190,0.249823,0.242151,4.6891,0.15348,2.79773,2.94694,2.64829
one-side,2.625,lqi,0,13,14.2376,0,0,190,0.242699,0.252015,4.66609,0.147113,3.0135,3.10953,2.80664
one-side,2.625,lqi,0,14,13.8532,0,0,190,0.244343,0.247631,4.69184,0.138554,3.00027,2.88351,2.64701
one-side,2.625,lqi,0,15,14.67,2,2,188,0.253111,0.248727,5.16464,0.151667,2.9438,3.22647,2.68161
one-side,2.625,lqi,0,16,14.2603,0,0,190,0.245439,0.249275,4.70116,0.142559,2.90654,3.25951,2.75585
one-side,2.625,lqi,0,17,14.063,0,0,190,0.245987,0.244891,4.70938,0.152932,2.9212,3.14359,2.64498
one-side,2.625,lqi,0,18,14.1398,0,0,190,0.248179,0.247631,4.65951,0.134548,3.02302,3.17358,2.65331
one-side,2.625,lqi,0,19,14.3214,0,0,190,0.245439,0.244891,4.69075,0.126537,2.9395,3.36805,2.70628
one-side,2.625,leo,0,0,16.2536,3,3,187,0.247083,0.242699,5.65278,0.190966,3.52532,3.79941,2.59538
one-side,2.625,leo,0,1,14.7146,0,0,190,0.247631,0.247631,4.67376,0.139819,3.18255,3.77446,2.44875
one-side,2.625,leo,0,2,14.1627,1,1,189,0.248727,0.246535,5.02961,0.137458,2.85239,3.41783,2.23019
one-side,2.625,leo,0,3,15.4299,2,2,188,0.245439,0.249275,5.35515,0.159299,3.5204,3.32119,2.57919
one-side,2.625,leo,0,4,14.8449,1,0,190,0.251467,0.248179,5.02725,0.151836,3.0816,3.70826,2.37634
one-side,2.625,leo,0,5,14.5951,0,0,190,0.244891,0.249823,4.68801,0.158203,3.06717,3.81988,2.3671
one-side,2.625,leo,0,6,14.6974,3,3,187,0.247083,0.244891,5.58271,0.126939,2.97329,3.16824,2.35428
one-side,2.625,leo,0,7,15.4433,2,1,189,0.247083,0.243247,5.48781,0.162039,3.19545,3.5346,2.57303
one-side,2.625,leo,0,8,14.285,1,1,189,0.239411,0.249823,5.04584,0.129446,2.92557,3.33986,2.3551
one-side,2.625,leo,0,9,15.0181,1,1,189,0.242699,0.247631,5.03998,0.137627,3.02941,3.96548,2.35526
one-side,2.625,leo,0,10,15.6633,1,1,189,0.248179,0.244891,5.08382,0.145469,3.3245,3.85717,2.75925
one-side,2.625,leo,0,11,14.5901,0,0,190,0.240507,0.244891,4.68636,0.10596,3.30198,3.7664,2.24402
one-side,2.625,leo,0,12,14.0433,1,1,189,0.249823,0.242151,5.03563,0.13126,2.77993,3.20054,2.40391
one-side,2.625,leo,0,13,15.1306,0,0,190,0.242699,0.252015,4.66609,0.140915,3.24446,4.00729,2.57712
one-side,2.625,leo,0,14,14.0134,0,0,190,0.244343,0.247631,4.69184,0.121435,2.85056,3.31649,2.54105
one-side,2.625,leo,0,15,15.846,2,2,188,0.253111,0.248727,5.37176,0.122531,3.44732,3.75296,2.64961
one-side,2.625,leo,0,16,15.4504,2,2,188,0.245439,0.249275,5.51538,0.179328,3.06054,3.79554,2.40489
one-side,2.625,leo,0,17,14.6165,0,0,190,0.245987,0.244891,4.70938,0.139819,3.06779,3.86905,2.33962
one-side,2.625,leo,0,18,14.3307,1,0,190,0.248179,0.247631,4.95714,0.125441,2.99437,3.52153,2.23645
one-side,2.625,leo,0,19,14.3561,0,0,190,0.245439,0.244891,4.69075,0.143277,2.94305,3.62051,2.46816
one-side,2.625,lqi-literal,0,0,15.2448,1,3,187,0.247083,0.242699,4.91865,0.164023,3.33112,3.87948,2.46175
one-side,2.625,lqi-literal,0,1,14.7146,0,0,190,0.247631,0.247631,4.67376,0.139819,3.18255,3.77446,2.44875
one-side,2.625,lqi-literal,0,2,13.9659,1,1,189,0.248727,0.246535,4.92742,0.137458,2.82687,3.36721,2.21164
one-side,2.625,lqi-literal,0,3,14.8813,1,1,189,0.245439,0.249275,4.91536,0.143825,3.18268,3.63604,2.50864
one-side,2.625,lqi-literal,0,4,14.3446,2,1,189,0.251467,0.248179,5.17066,0.159847,2.89075,3.3218,2.30191
one-side,2.625,lqi-literal,0,5,14.5951,0,0,190,0.244891,0.249823,4.68801,0.158203,3.06717,3.81988,2.3671
one-side,2.625,lqi-literal,0,6,15.1399,2,2,188,0.247083,0.244891,5.1734,0.129446,3.19202,3.59145,2.56158
one-side,2.625,lqi-literal,0,7,14.8955,1,0,190,0.247083,0.243247,4.92303,0.158034,3.16993,3.58109,2.57303
one-side,2.625,lqi-literal,0,8,14.9006,2,1,189,0.239411,0.249823,5.16847,0.140367,3.07031,3.72576,2.30644
one-side,2.625,lqi-literal,0,9,14.5736,2,2,188,0.242699,0.247631,5.13724,0.136362,2.81465,3.70907,2.28594
one-side,2.625,lqi-literal,0,10,15.9232,3,3,187,0.248179,0.244891,5.42706,0.160395,3.36775,3.81997,2.65495
one-side,2.625,lqi-literal,0,11,14.5901,0,0,190,0.240507,0.244891,4.68636,0.10596,3.30198,3.7664,2.24402
one-side,2.625,lqi-literal,0,12,13.899,1,1,189,0.249823,0.242151,4.93345,0.127802,2.81168,3.18121,2.35293
one-side,2.625,lqi-literal,0,13,15.1306,0,0,190,0.242699,0.252015,4.66609,0.140915,3.24446,4.00729,2.57712
one-side,2.625,lqi-literal,0,14,14.0134,0,0,190,0.244343,0.247631,4.69184,0.121435,2.85056,3.31649,2.54105
one-side,2.625,lqi-literal,0,15,15.9486,4,4,186,0.253111,0.248727,5.64784,0.130542,3.37128,3.9288,2.36829
one-side,2.625,lqi-literal,0,16,15.0317,1,1,189,0.245439,0.249275,4.93838,0.151836,3.03509,4.02247,2.3892
one-side,2.625,lqi-literal,0,17,14.6165,0,0,190,0.245987,0.244891,4.70938,0.139819,3.06779,3.86905,2.33962
one-side,2.625,lqi-literal,0,18,14.3144,1,0,190,0.248179,0.247631,4.90659,0.132904,3.0239,3.50379,2.25137
one-side,2.625,lqi-literal,0,19,14.3561,0,0,190,0.245439,0.244891,4.69075,0.143277,2.94305,3.62051,2.46816
one-side,3,hopcount,0,0,20.5095,32,77,113,0.204887,0.199955,10.104,0.938877,4.09597,2.9057,2.06013
one-side,3,hopcount,0,1,19.2178,29,68,122,0.198859,0.204339,9.17746,0.828934,3.86331,2.82153,2.12336
one-side,3,hopcount,0,2,19.1775,24,65,125,0.199955,0.202695,8.63315,0.814933,3.83584,3.10498,2.38595
one-side,3,hopcount,0,3,19.406,25,67,123,0.200503,0.201051,8.75145,0.78182,3.89736,3.26317,2.31063
one-side,3,hopcount,0,4,19.3141,18,47,143,0.210915,0.206531,7.16732,0.64254,4.06194,4.31631,2.70853
one-side,3,hopcount,0,5,19.7567,32,72,118,0.196119,0.201599,9.70992,1.0374,3.87796,2.74344,1.9903
one-side,3,hopcount,0,6,21.5281,30,49,141,0.200503,0.204887,9.66026,0.834029,4.83018,3.36013,2.43814
one-side,3,hopcount,0,7,19.7874,34,77,113,0.202695,0.196119,10.2192,0.946787,3.66976,2.57302,1.97983
one-side,3,hopcount,0,8,19.4149,26,57,133,0.198311,0.203243,8.52937,0.805236,3.9688,3.18116,2.52881
one-side,3,hopcount,0,9,21.017,28,57,133,0.198311,0.199407,9.24939,0.826211,4.65302,3.3096,2.58108
one-side,3,hopcount,0,10,18.2303,26,75,115,0.204887,0.204339,8.84862,0.782357,3.39289,2.66841,2.12877
one-side,3,hopcount,0,11,18.9398,24,61,129,0.198859,0.198311,8.58438,0.76604,3.94055,2.7798,2.47182
one-side,3,hopcount,0,12,21.1224,21,41,149,0.207627,0.196119,8.05373,0.691894,4.64745,4.32952,2.99604
one-side,3,hopcount,0,13,20.9391,26,53,137,0.204339,0.205435,8.98045,0.806205,4.33607,3.83746,2.56912
one-side,3,hopcount,0,14,17.8061,21,59,131,0.205435,0.201051,7.80117,0.679241,3.67883,3.02738,2.21302
one-side,3,hopcount,0,15,18.9835,32,85,105,0.201051,0.200503,9.85929,0.914477,3.4834,2.32943,1.99535
one-side,3,hopcount,0,16,19.1246,29,77,113,0.199955,0.198859,9.37231,0.96631,3.66435,2.60248,2.12031
one-side,3,hopcount,0,17,17.811,21,71,119,0.203243,0.202695,7.86638,0.681482,3.23938,3.21644,2.40137
one-side,3,hopcount,0,18,18.8319,21,52,138,0.206531,0.204339,7.94834,0.731987,4.0331,3.19181,2.51582
one-side,3,hopcount,0,19,18.9205,19,55,135,0.204339,0.199955,7.60268,0.721917,4.20795,3.44596,2.53767
one-side,3,lqi,0,0,20.0281,38,85,105,0.204887,0.199955,10.6578,0.995627,3.72992,2.35996,1.87993
one-side,3,lqi,0,1,20.5291,32,66,124,0.198859,0.204339,10.1062,0.938601,3.95435,2.65229,2.47445
one-side,3,lqi,0,2,21.5663,28,38,152,0.199955,0.202695,9.41708,0.88303,4.72075,3.30141,2.84143
one-side,3,lqi,0,3,20.3164,29,51,139,0.200503,0.201051,9.53045,0.880387,4.11395,2.86621,2.52387
one-side,3,lqi,0,4,19.25,22,40,150,0.210915,0.206531,8.21515,0.692669,3.78067,3.50652,2.63749
one-side,3,lqi,0,5,18.7345,25,71,119,0.196119,0.201599,8.59222,0.742115,3.84586,2.79321,2.36334
one-side,3,lqi,0,6,18.1876,23,75,115,0.200503,0.204887,8.12381,0.677307,3.6027,3.26053,2.11788
one-side,3,lqi,0,7,20.3731,31,61,129,0.202695,0.196119,9.63906,0.900201,4.27306,2.73033,2.43166
one-side,3,lqi,0,8,17.9993,22,54,136,0.196667,0.202695,7.73996,0.623997,3.45788,3.36165,2.41643
one-side,3,lqi,0,9,18.0755,19,67,123,0.198311,0.199407,7.33714,0.6304,4.10892,3.01325,2.58805
one-side,3,lqi,0,10,19.4537,29,64,126,0.204887,0.204339,9.46109,0.806375,3.90926,2.5804,2.2873
one-side,3,lqi,0,11,20.5799,29,60,130,0.198859,0.198311,9.52661,0.744683,4.01902,3.4532,2.43918
one-side,3,lqi,0,12,19.8535,17,33,157,0.207627,0.196119,7.46411,0.592131,4.4575,3.90636,3.02962
one-side,3,lqi,0,13,16.9802,21,76,114,0.204339,0.205435,7.60741,0.645138,3.47269,2.63398,2.21121
one-side,3,lqi,0,14,16.5664,17,44,146,0.205435,0.201051,6.75936,0.552909,3.57785,2.73593,2.53384
one-side,3,lqi,0,15,19.1686,27,75,115,0.201051,0.200503,9.07957,0.812735,3.893,2.73886,2.24288
one-side,3,lqi,0,16,17.2695,27,80,110,0.199955,0.198859,8.57338,0.799563,3.47569,2.01857,2.00351
one-side,3,lqi,0,17,17.5251,19,65,125,0.203243,0.202695,7.67666,0.666339,3.45108,2.85143,2.47365
one-side,3,lqi,0,18,19.0086,23,38,152,0.206531,0.204339,7.95635,0.651641,4.34558,3.00283,2.64133
one-side,3,lqi,0,19,21.7974,27,44,146,0.204339,0.199955,9.18589,0.759547,4.60648,4.11652,2.7247
one-side,3,leo,0,0,22.1946,29,82,108,0.204887,0.199955,12.0819,0.879405,3.94568,2.79906,2.08371
one-side,3,leo,0,1,21.8935,29,78,112,0.198859,0.204339,12.3111,0.926856,3.53405,2.68934,2.029
one-side,3,leo,0,2,21.4469,28,88,102,0.199955,0.202695,13.0808,0.88225,2.98513,2.24031,1.85578
one-side,3,leo,0,3,23.1286,26,71,119,0.200503,0.201051,12.2779,0.837892,4.16958,3.09485,2.34675
one-side,3,leo,0,4,19.7718,20,62,128,0.210915,0.206531,10.2405,0.652193,3.66665,2.63622,2.15887
one-side,3,leo,0,5,19.7774,25,96,94,0.196119,0.201599,11.421,0.899897,3.07865,2.37311,1.60698
one-side,3,leo,0,6,25.3017,30,52,138,0.200503,0.204887,13.1659,0.933964,4.58039,3.5248,2.6912
one-side,3,leo,0,7,24.811,28,48,142,0.202695,0.196119,12.7948,0.812219,4.55905,3.5084,2.73774
one-side,3,leo,0,8,23.7113,32,89,101,0.198311,0.203243,14.3626,1.04306,3.25256,2.70667,1.94486
one-side,3,leo,0,9,24.0475,27,54,136,0.198311,0.199407,12.3937,0.862646,4.31457,3.3295,2.74941
one-side,3,leo,0,10,19.1948,25,112,78,0.204887,0.204339,12.5848,0.790639,2.39962,1.705,1.30554
one-side,3,leo,0,11,22.2025,27,64,126,0.198859,0.198311,11.7659,0.737878,3.8868,2.97919,2.43561
one-side,3,leo,0,12,23.3306,23,50,140,0.207627,0.196119,12.5392,0.686856,4.04236,3.12082,2.53763
one-side,3,leo,0,13,25.1971,33,90,100,0.204339,0.205435,15.6962,0.944839,3.61236,2.61468,1.91924
one-side,3,leo,0,14,19.3523,24,69,121,0.205435,0.201051,10.5629,0.66034,3.17629,2.50749,2.03882
one-side,3,leo,0,15,25.9085,33,59,131,0.201051,0.200503,13.9781,0.928936,4.63899,3.19223,2.76869
one-side,3,leo,0,16,22.2902,30,89,101,0.199955,0.198859,13.3349,1.04797,3.45211,2.12263,1.93378
one-side,3,leo,0,17,24.4579,34,78,112,0.203243,0.202695,15.2815,0.913992,3.58795,2.22194,2.04658
one-side,3,leo,0,18,25.1869,27,33,157,0.206531,0.204339,12.5261,0.863276,5.18796,3.32083,2.87795
one-side,3,leo,0,19,20.5211,21,65,125,0.204339,0.199955,9.75492,0.667312,4.31501,2.98016,2.39942
one-side,3,lqi-literal,0,0,20.5095,32,77,113,0.204887,0.199955,10.104,0.938877,4.09597,2.9057,2.06013
one-side,3,lqi-literal,0,1,19.2178,29,68,122,0.198859,0.204339,9.17746,0.828934,3.86331,2.82153,2.12336
one-side,3,lqi-literal,0,2,19.1775,24,65,125,0.199955,0.202695,8.63315,0.814933,3.83584,3.10498,2.38595
one-side,3,lqi-literal,0,3,19.406,25,67,123,0.200503,0.201051,8.75145,0.78182,3.89736,3.26317,2.31063
one-side,3,lqi-literal,0,4,19.3141,18,47,143,0.210915,0.206531,7.16732,0.64254,4.06194,4.31631,2.70853
one-side,3,lqi-literal,0,5,20.2863,31,63,127,0.196119,0.201599,9.67961,0.981658,4.08264,2.93887,2.20583
one-side,3,lqi-literal,0,6,21.5281,30,49,141,0.200503,0.204887,9.66026,0.834029,4.83018,3.36013,2.43814
one-side,3,lqi-literal,0,7,19.7874,34,77,113,0.202695,0.196119,10.2192,0.946787,3.66976,2.57302,1.97983
one-side,3,lqi-literal,0,8,19.4149,26,57,133,0.198311,0.203243,8.52937,0.805236,3.9688,3.18116,2.52881
one-side,3,lqi-literal,0,9,21.017,28,57,133,0.198311,0.199407,9.24939,0.826211,4.65302,3.3096,2.58108
one-side,3,lqi-literal,0,10,18.2303,26,75,115,0.204887,0.204339,8.84862,0.782357,3.39289,2.66841,2.12877
one-side,3,lqi-literal,0,11,18.9398,24,61,129,0.198859,0.198311,8.58438,0.76604,3.94055,2.7798,2.47182
one-side,3,lqi-literal,0,12,21.1224,21,41,149,0.207627,0.196119,8.05373,0.691894,4.64745,4.32952,2.99604
one-side,3,lqi-literal,0,13,20.9391,26,53,137,0.204339,0.205435,8.98045,0.806205,4.33607,3.83746,2.56912
one-side,3,lqi-literal,0,14,17.8061,21,59,131,0.205435,0.201051,7.80117,0.679241,3.67883,3.02738,2.21302
one-side,3,lqi-literal,0,15,18.9835,32,85,105,0.201051,0.200503,9.85929,0.914477,3.4834,2.32943,1.99535
one-side,3,lqi-literal,0,16,19.1246,29,77,113,0.199955,0.198859,9.37231,0.96631,3.66435,2.60248,2.12031
one-side,3,lqi-literal,0,17,17.811,21,71,119,0.203243,0.202695,7.86638,0.681482,3.23938,3.21644,2.40137
one-side,3,lqi-literal,0,18,17.7233,20,60,130,0.206531,0.204339,7.77524,0.723976,3.68964,2.8357,2.28793
one-side,3,lqi-literal,0,19,18.9205,19,55,135,0.204339,0.199955,7.60268,0.721917,4.20795,3.44596,2.53767
u-shaped,2,hopcount,0,0,16.678,5,3,187,0.219135,0.214203,5.18198,0.204774,3.48743,4.87216,2.49828
u-shaped,2,hopcount,0,1,15.6912,4,4,186,0.221327,0.220779,4.96832,0.253447,2.95936,4.53507,2.53289
u-shaped,2,hopcount,0,2,16.5665,9,12,178,0.217491,0.214751,6.06071,0.31905,2.90981,4.50689,2.33779
u-shaped,2,hopcount,0,3,16.6153,5,4,186,0.213655,0.219135,5.14581,0.222558,3.38928,4.86645,2.5584
u-shaped,2,hopcount,0,4,16.998,6,5,185,0.225163,0.221327,5.42084,0.236355,3.3763,5.0136,2.50441
u-shaped,2,hopcount,0,5,15.5697,2,2,188,0.212011,0.219683,4.55471,0.206191,3.29221,4.64662,2.43822
u-shaped,2,hopcount,0,6,15.8643,6,13,177,0.213655,0.214203,5.41646,0.212846,3.14852,4.34115,2.3175
u-shaped,2,hopcount,0,7,16.0741,1,1,189,0.220779,0.214751,4.33996,0.23437,3.29966,5.06686,2.69774
u-shaped,2,hopcount,0,8,16.341,4,4,186,0.212559,0.215299,4.94531,0.178416,3.32292,4.85567,2.61084
u-shaped,2,hopcount,0,9,17.0386,9,9,181,0.211463,0.213107,6.04482,0.271134,3.28902,4.598,2.41101
u-shaped,2,hopcount,0,10,16.0446,6,5,185,0.218587,0.218039,5.43071,0.237654,3.13411,4.37813,2.42735
u-shaped,2,hopcount,0,11,15.8192,4,4,186,0.212011,0.213655,4.99792,0.220373,3.05532,4.76041,2.3595
u-shaped,2,hopcount,0,12,15.1025,1,1,189,0.219683,0.213107,4.33503,0.168862,3.33388,4.39478,2.43721
u-shaped,2,hopcount,0,13,15.2285,3,3,187,0.216395,0.220779,4.75028,0.189983,2.82094,4.46782,2.56226
u-shaped,2,hopcount,0,14,16.0003,6,5,185,0.217491,0.214203,5.40385,0.282585,3.15273,4.32023,2.4092
u-shaped,2,hopcount,0,15,16.7432,7,6,184,0.217491,0.217491,5.58463,0.265876,3.31031,4.7126,2.43484
u-shaped,2,hopcount,0,16,15.3091,4,4,186,0.218039,0.218039,4.95572,0.220233,2.84426,4.42612,2.42666
u-shaped,2,hopcount,0,17,15.2985,3,3,187,0.214203,0.214203,4.77714,0.209865,2.97174,4.38277,2.52859
u-shaped,2,hopcount,0,18,14.9882,5,8,182,0.222971,0.212559,5.16718,0.228811,2.85809,4.05242,2.24619
u-shaped,2,hopcount,0,19,16.436,6,4,186,0.217491,0.211463,5.40769,0.285532,3.18024,4.58488,2.54875
u-shaped,2,lqi,0,0,15.6871,4,3,187,0.219135,0.214203,4.96778,0.239277,2.88041,4.25025,2.91605
u-shaped,2,lqi,0,1,15.1047,3,3,187,0.221327,0.220779,4.74864,0.225517,3.12889,3.77813,2.78138
u-shaped,2,lqi,0,2,15.1118,4,3,187,0.217491,0.214751,4.98257,0.250489,3.03042,3.61106,2.80502
u-shaped,2,lqi,0,3,14.9471,2,2,188,0.213655,0.219135,4.51416,0.167428,3.08431,4.1096,2.6388
u-shaped,2,lqi,0,4,15.0817,0,0,190,0.225163,0.221327,4.13672,0.163011,3.20086,4.25232,2.88231
u-shaped,2,lqi,0,5,15.3088,2,2,188,0.212011,0.219683,4.55471,0.235077,3.20268,3.98272,2.90194
u-shaped,2,lqi,0,6,14.5226,4,9,181,0.213655,0.214203,4.98531,0.181913,2.91947,3.56606,2.44194
u-shaped,2,lqi,0,7,15.268,0,0,190,0.220779,0.214751,4.12302,0.198993,3.48233,3.85576,3.17232
u-shaped,2,lqi,0,8,15.1881,1,1,189,0.212559,0.215299,4.31037,0.155293,3.20091,4.13127,2.96236
u-shaped,2,lqi,0,9,15.9808,1,1,189,0.211463,0.213107,4.34435,0.190249,3.634,4.45229,2.9353
u-shaped,2,lqi,0,10,15.871,3,3,187,0.218587,0.218039,4.79084,0.228203,3.21392,4.27509,2.92635
u-shaped,2,lqi,0,11,14.8227,4,3,187,0.212011,0.213655,4.99518,0.215343,2.92389,3.56527,2.69739
u-shaped,2,lqi,0,12,15.0927,2,1,189,0.219683,0.213107,4.55581,0.23221,3.3283,3.67303,2.87053
u-shaped,2,lqi,0,13,14.6105,1,1,189,0.216395,0.220779,4.32188,0.189717,3.1304,3.53606,2.99525
u-shaped,2,lqi,0,14,15.3003,0,0,190,0.217491,0.214203,4.12631,0.200874,3.31878,3.98037,3.24229
u-shaped,2,lqi,0,15,15.136,1,1,189,0.217491,0.217491,4.29886,0.178111,3.11262,4.12451,2.98689
u-shaped,2,lqi,0,16,14.8188,1,1,189,0.218039,0.218039,4.33119,0.229937,3.00502,3.80863,3.00795
u-shaped,2,lqi,0,17,14.7225,3,3,187,0.214203,0.214203,4.7733,0.209397,2.61393,3.96614,2.73134
u-shaped,2,lqi,0,18,14.2924,0,0,190,0.222971,0.212559,4.09452,0.174785,2.87003,3.89087,2.82662
u-shaped,2,lqi,0,19,14.9208,0,0,190,0.217491,0.211463,4.12521,0.201612,3.12738,4.02527,3.01242
u-shaped,2,leo,0,0,15.9112,2,2,188,0.219135,0.214203,4.62402,0.193882,3.42685,4.61405,2.61904
u-shaped,2,leo,0,1,15.6881,3,3,187,0.221327,0.220779,4.90429,0.22057,3.00504,4.58059,2.53555
u-shaped,2,leo,0,2,15.7468,3,3,187,0.217491,0.214751,4.8499,0.22686,3.10174,4.66806,2.46797
u-shaped,2,leo,0,3,16.7988,4,4,186,0.213655,0.219135,5.14071,0.209144,3.50904,4.91299,2.59417
u-shaped,2,leo,0,4,16.5232,2,2,188,0.225163,0.221327,4.71457,0.200737,3.67801,4.96193,2.5215
u-shaped,2,leo,0,5,16.297,5,5,185,0.212011,0.219683,5.45495,0.260887,3.15413,4.49585,2.49952
u-shaped,2,leo,0,6,16.5006,8,7,183,0.213655,0.214203,6.30759,0.208683,3.31202,3.91136,2.33307
u-shaped,2,leo,0,7,15.6103,1,1,189,0.220779,0.214751,4.38503,0.227122,3.22093,4.75003,2.59166
u-shaped,2,leo,0,8,15.5979,2,2,188,0.212559,0.215299,4.55978,0.143671,2.98375,4.87264,2.61019
u-shaped,2,leo,0,9,16.702,5,5,185,0.211463,0.213107,5.4856,0.20297,3.40963,4.66071,2.5185
u-shaped,2,leo,0,10,16.213,6,6,184,0.218587,0.218039,5.84874,0.230064,2.76804,4.43831,2.4912
u-shaped,2,leo,0,11,16.8657,6,4,186,0.212011,0.213655,5.86915,0.210324,3.26962,4.68779,2.40313
u-shaped,2,leo,0,12,15.56,2,2,188,0.219683,0.213107,4.64611,0.177988,3.33656,4.44134,2.52522
u-shaped,2,leo,0,13,15.4947,1,1,189,0.216395,0.220779,4.33191,0.159034,2.8871,4.99854,2.68094
u-shaped,2,leo,0,14,15.4319,3,3,187,0.217491,0.214203,4.89442,0.238944,2.85559,4.32735,2.68388
u-shaped,2,leo,0,15,17.2986,5,4,186,0.217491,0.217491,5.37334,0.277972,3.48626,4.99637,2.7297
u-shaped,2,leo,0,16,16.1132,3,3,187,0.218039,0.218039,4.92343,0.228425,3.12427,4.78476,2.61629
u-shaped,2,leo,0,17,15.5729,3,3,187,0.214203,0.214203,4.95888,0.232301,3.05103,4.48356,2.41876
u-shaped,2,leo,0,18,16.0861,5,4,186,0.222971,0.212559,5.52902,0.229833,2.97718,4.44534,2.46916
u-shaped,2,leo,0,19,16.3494,5,4,186,0.217491,0.211463,5.46683,0.262672,3.18882,4.42544,2.57668
u-shaped,2,lqi-literal,0,0,16.678,5,3,187,0.219135,0.214203,5.18198,0.204774,3.48743,4.87216,2.49828
u-shaped,2,lqi-literal,0,1,15.6912,4,4,186,0.221327,0.220779,4.96832,0.253447,2.95936,4.53507,2.53289
u-shaped,2,lqi-literal,0,2,16.5665,9,12,178,0.217491,0.214751,6.06071,0.31905,2.90981,4.50689,2.33779
u-shaped,2,lqi-literal,0,3,16.6153,5,4,186,0.213655,0.219135,5.14581,0.222558,3.38928,4.86645,2.5584
u-shaped,2,lqi-literal,0,4,16.998,6,5,185,0.225163,0.221327,5.42084,0.236355,3.3763,5.0136,2.50441
u-shaped,2,lqi-literal,0,5,15.5697,2,2,188,0.212011,0.219683,4.55471,0.206191,3.29221,4.64662,2.43822
u-shaped,2,lqi-literal,0,6,15.8643,6,13,177,0.213655,0.214203,5.41646,0.212846,3.14852,4.34115,2.3175
u-shaped,2,lqi-literal,0,7,16.0741,1,1,189,0.220779,0.214751,4.33996,0.23437,3.29966,5.06686,2.69774
u-shaped,2,lqi-literal,0,8,16.341,4,4,186,0.212559,0.215299,4.94531,0.178416,3.32292,4.85567,2.61084
u-shaped,2,lqi-literal,0,9,17.0386,9,9,181,0.211463,0.213107,6.04482,0.271134,3.28902,4.598,2.41101
u-shaped,2,lqi-literal,0,10,16.0446,6,5,185,0.218587,0.218039,5.43071,0.237654,3.13411,4.37813,2.42735
u-shaped,2,lqi-literal,0,11,15.8192,4,4,186,0.212011,0.213655,4.99792,0.220373,3.05532,4.76041,2.3595
u-shaped,2,lqi-literal,0,12,15.1025,1,1,189,0.219683,0.213107,4.33503,0.168862,3.33388,4.39478,2.43721
u-shaped,2,lqi-literal,0,13,15.2285,3,3,187,0.216395,0.220779,4.75028,0.189983,2.82094,4.46782,2.56226
u-shaped,2,lqi-literal,0,14,16.0003,6,5,185,0.217491,0.214203,5.40385,0.282585,3.15273,4.32023,2.4092
u-shaped,2,lqi-literal,0,15,16.7432,7,6,184,0.217491,0.217491,5.58463,0.265876,3.31031,4.7126,2.43484
u-shaped,2,lqi-literal,0,16,15.3091,4,4,186,0.218039,0.218039,4.95572,0.220233,2.84426,4.42612,2.42666
u-shaped,2,lqi-literal,0,17,15.2985,3,3,187,0.214203,0.214203,4.77714,0.209865,2.97174,4.38277,2.52859
u-shaped,2,lqi-literal,0,18,14.9882,5,8,182,0.222971,0.212559,5.16718,0.228811,2.85809,4.05242,2.24619
u-shaped,2,lqi-literal,0,19,16.436,6,4,186,0.217491,0.211463,5.40769,0.285532,3.18024,4.58488,2.54875
u-shaped,2.25,hopcount,0,0,12.897,18,81,109,0.143511,0.141319,5.37568,0.713179,2.20425,2.60132,1.71776
u-shaped,2.25,hopcount,0,1,14.6939,20,81,109,0.145703,0.150635,5.64078,0.796575,2.60103,3.32196,2.03722
u-shaped,2.25,hopcount,0,2,12.8915,19,86,104,0.144607,0.141867,5.52412,0.752957,1.97397,2.52097,1.83305
u-shaped,2.25,hopcount,0,3,12.4588,18,85,105,0.149539,0.146251,5.37403,0.826376,2.09506,1.97786,1.88972
u-shaped,2.25,hopcount,0,4,14.1544,21,74,116,0.147347,0.145155,5.83964,0.819933,2.55234,2.64906,2.00093
u-shaped,2.25,hopcount,0,5,12.4831,15,86,104,0.139127,0.143511,4.98296,0.744557,2.2885,2.42569,1.75873
u-shaped,2.25,hopcount,0,6,13.2962,18,85,105,0.147895,0.146799,5.38828,0.697466,2.24589,2.74742,1.92243
u-shaped,2.25,hopcount,0,7,13.0062,19,87,103,0.150635,0.145155,5.54768,0.759646,2.14045,2.58202,1.68057
u-shaped,2.25,hopcount,0,8,16.7285,27,63,127,0.142963,0.138031,6.63001,0.96429,2.99921,3.39255,2.46142
u-shaped,2.25,hopcount,0,9,14.3657,20,74,116,0.141867,0.145703,5.65941,0.882536,2.51654,3.02496,1.99473
u-shaped,2.25,hopcount,0,10,12.4177,21,96,94,0.144607,0.145703,5.81334,0.741822,1.90271,2.08846,1.58107
u-shaped,2.25,hopcount,0,11,11.5881,14,100,90,0.145155,0.142415,4.82191,0.661455,1.94227,2.26443,1.61044
u-shaped,2.25,hopcount,0,12,12.115,16,90,100,0.150635,0.144059,5.15058,0.676441,2.03159,2.21677,1.74493
u-shaped,2.25,hopcount,0,13,15.0281,20,70,120,0.146799,0.143511,5.67585,0.730771,2.95336,3.04122,2.33657
u-shaped,2.25,hopcount,0,14,12.6439,20,84,106,0.146799,0.143511,5.7027,0.728846,1.87409,2.38695,1.66102
u-shaped,2.25,hopcount,0,15,14.7897,18,68,122,0.141867,0.143511,5.35376,0.679994,2.62492,3.42943,2.41623
u-shaped,2.25,hopcount,0,16,14.4525,22,77,113,0.142963,0.139675,5.9563,0.786905,2.30439,3.04914,2.07314
u-shaped,2.25,hopcount,0,17,16.32,20,59,131,0.148991,0.145703,5.689,0.785986,3.07425,3.8359,2.64019
u-shaped,2.25,hopcount,0,18,14.3892,23,70,120,0.145155,0.144607,6.06912,0.826237,2.62514,2.57941,1.99956
u-shaped,2.25,hopcount,0,19,15.0242,17,71,119,0.142415,0.145155,5.24258,0.704834,2.80033,3.67532,2.31353
u-shaped,2.25,lqi,0,0,14.484,13,55,135,0.143511,0.141319,4.64771,0.630154,2.89686,3.13479,2.88967
u-shaped,2.25,lqi,0,1,12.2997,11,78,112,0.145703,0.150635,4.32452,0.568991,2.22211,2.56121,2.32648
u-shaped,2.25,lqi,0,2,13.4323,14,68,122,0.144607,0.141867,4.80602,0.649115,2.51726,2.717,2.45648
u-shaped,2.25,lqi,0,3,13.3323,17,72,118,0.149539,0.146251,5.21682,0.683166,2.44967,2.45071,2.23612
u-shaped,2.25,lqi,0,4,13.6535,18,69,121,0.147347,0.145155,5.41842,0.742763,2.40332,2.44545,2.35102
u-shaped,2.25,lqi,0,5,14.0669,18,75,115,0.139127,0.143511,5.40527,0.773777,2.56945,2.73157,2.30415
u-shaped,2.25,lqi,0,6,13.8156,16,69,121,0.147895,0.146799,5.10071,0.688774,2.56826,2.77634,2.38684
u-shaped,2.25,lqi,0,7,13.4729,13,73,117,0.150635,0.145155,4.69429,0.676742,2.70724,2.62348,2.47536
u-shaped,2.25,lqi,0,8,15.4375,15,54,136,0.142963,0.138031,4.91062,0.706591,3.04421,3.41008,3.08498
u-shaped,2.25,lqi,0,9,13.7237,18,75,115,0.141867,0.145703,5.40143,0.764937,2.4169,2.54207,2.31074
u-shaped,2.25,lqi,0,10,13.501,18,72,118,0.144607,0.145703,5.37568,0.713095,2.3587,2.50732,2.25585
u-shaped,2.25,lqi,0,11,14.2719,20,70,120,0.145155,0.142415,5.6901,0.78252,2.54625,2.64411,2.32135
u-shaped,2.25,lqi,0,12,13.2777,14,68,122,0.150635,0.144059,4.84273,0.729908,2.67175,2.3041,2.43448
u-shaped,2.25,lqi,0,13,13.0869,14,68,122,0.146799,0.143511,4.81095,0.647922,2.39618,2.39027,2.5513
u-shaped,2.25,lqi,0,14,15.8737,19,47,143,0.146799,0.143511,5.55864,0.741157,3.10806,3.33289,2.84261
u-shaped,2.25,lqi,0,15,14.0161,16,70,120,0.141867,0.143511,5.09907,0.73008,2.62692,2.75237,2.52233
u-shaped,2.25,lqi,0,16,13.6383,16,68,122,0.142963,0.139675,5.10783,0.741617,2.51309,2.54498,2.44818
u-shaped,2.25,lqi,0,17,12.6031,15,72,118,0.148991,0.145703,4.9709,0.652958,2.22791,2.42985,2.02675
u-shaped,2.25,lqi,0,18,14.936,20,56,134,0.145155,0.144607,5.66599,0.81752,2.693,2.69693,2.77284
u-shaped,2.25,lqi,0,19,13.4434,16,72,118,0.142415,0.145155,5.08317,0.732781,2.3428,2.80205,2.19506
u-shaped,2.25,leo,0,0,15.7886,22,68,122,0.143511,0.141319,6.98301,0.853225,2.58706,2.83292,2.24753
u-shaped,2.25,leo,0,1,15.713,24,84,106,0.145703,0.150635,7.91253,0.916831,2.18692,2.51354,1.88683
u-shaped,2.25,leo,0,2,16.6324,23,75,115,0.144607,0.141867,7.73787,0.884159,2.36063,3.24799,2.11525
u-shaped,2.25,leo,0,3,13.5053,14,84,106,0.149539,0.146251,5.89053,0.7048,2.09595,2.661,1.85723
u-shaped,2.25,leo,0,4,12.1235,14,90,100,0.147347,0.145155,5.71168,0.664598,1.93033,1.91822,1.60616
u-shaped,2.25,leo,0,5,13.7973,16,87,103,0.139127,0.143511,6.04668,0.767679,2.1575,2.73426,1.80852
u-shaped,2.25,leo,0,6,16.6345,19,69,121,0.147895,0.146799,6.69568,0.719291,2.77372,3.71045,2.44064
u-shaped,2.25,leo,0,7,15.3648,18,77,113,0.150635,0.145703,6.29145,0.737153,2.63235,3.10347,2.30408
u-shaped,2.25,leo,0,8,14.912,19,81,109,0.142963,0.138031,6.69447,0.810478,2.30289,2.75278,2.07042
u-shaped,2.25,leo,0,9,14.4841,19,86,104,0.141867,0.145703,6.7666,0.764303,2.09765,2.82983,1.73812
u-shaped,2.25,leo,0,10,14.0722,21,97,93,0.144607,0.145703,7.22264,0.797071,1.91444,2.30482,1.5429
u-shaped,2.25,leo,0,11,15.1512,18,75,115,0.145155,0.142415,6.39209,0.704198,2.53782,3.0441,2.18542
u-shaped,2.25,leo,0,12,14.0323,20,93,97,0.150635,0.144059,7.22941,0.768642,2.08307,1.93593,1.7205
u-shaped,2.25,leo,0,13,14.9818,15,74,116,0.146799,0.143511,6.00216,0.692465,2.73274,2.98777,2.27634
u-shaped,2.25,leo,0,14,14.7592,22,84,106,0.146799,0.143511,7.29561,0.867525,2.10478,2.44492,1.756
u-shaped,2.25,leo,0,15,14.5268,16,75,115,0.141867,0.143511,5.9033,0.67264,2.55477,2.84379,2.26698
u-shaped,2.25,leo,0,16,12.5107,15,91,99,0.142963,0.139675,5.96809,0.673481,1.84751,2.05482,1.68415
u-shaped,2.25,leo,0,17,14.7435,21,81,109,0.148991,0.145703,7.09105,0.738828,2.31093,2.5102,1.79776
u-shaped,2.25,leo,0,18,14.6687,18,80,110,0.145155,0.144607,6.42612,0.68617,2.29066,3.03315,1.94283
u-shaped,2.25,leo,0,19,13.8931,18,83,107,0.142415,0.145155,6.3778,0.69957,2.25398,2.50167,1.77246
u-shaped,2.25,lqi-literal,0,0,12.897,18,81,109,0.143511,0.141319,5.37568,0.713179,2.20425,2.60132,1.71776
u-shaped,2.25,lqi-literal,0,1,14.6939,20,81,109,0.145703,0.150635,5.64078,0.796575,2.60103,3.32196,2.03722
u-shaped,2.25,lqi-literal,0,2,12.8915,19,86,104,0.144607,0.141867,5.52412,0.752957,1.97397,2.52097,1.83305
u-shaped,2.25,lqi-literal,0,3,12.4588,18,85,105,0.149539,0.146251,5.37403,0.826376,2.09506,1.97786,1.88972
u-shaped,2.25,lqi-literal,0,4,14.1544,21,74,116,0.147347,0.145155,5.83964,0.819933,2.55234,2.64906,2.00093
u-shaped,2.25,lqi-literal,0,5,12.4831,15,86,104,0.139127,0.143511,4.98296,0.744557,2.2885,2.42569,1.75873
u-shaped,2.25,lqi-literal,0,6,13.2962,18,85,105,0.147895,0.146799,5.38828,0.697466,2.24589,2.74742,1.92243
u-shaped,2.25,lqi-literal,0,7,13.0062,19,87,103,0.150635,0.145155,5.54768,0.759646,2.14045,2.58202,1.68057
u-shaped,2.25,lqi-literal,0,8,16.7285,27,63,127,0.142963,0.138031,6.63001,0.96429,2.99921,3.39255,2.46142
u-shaped,2.25,lqi-literal,0,9,14.3657,20,74,116,0.141867,0.145703,5.65941,0.882536,2.51654,3.02496,1.99473
u-shaped,2.25,lqi-literal,0,10,12.4177,21,96,94,0.144607,0.145703,5.81334,0.741822,1.90271,2.08846,1.58107
u-shaped,2.25,lqi-literal,0,11,11.5881,14,100,90,0.145155,0.142415,4.82191,0.661455,1.94227,2.26443,1.61044
u-shaped,2.25,lqi-literal,0,12,12.115,16,90,100,0.150635,0.144059,5.15058,0.676441,2.03159,2.21677,1.74493
u-shaped,2.25,lqi-literal,0,13,15.0281,20,70,120,0.146799,0.143511,5.67585,0.730771,2.95336,3.04122,2.33657
u-shaped,2.25,lqi-literal,0,14,12.6439,20,84,106,0.146799,0.143511,5.7027,0.728846,1.87409,2.38695,1.66102
u-shaped,2.25,lqi-literal,0,15,14.7897,18,68,122,0.141867,0.143511,5.35376,0.679994,2.62492,3.42943,2.41623
u-shaped,2.25,lqi-literal,0,16,14.4525,22,77,113,0.142963,0.139675,5.9563,0.786905,2.30439,3.04914,2.07314
u-shaped,2.25,lqi-literal,0,17,16.32,20,59,131,0.148991,0.145703,5.689,0.785986,3.07425,3.8359,2.64019
u-shaped,2.25,lqi-literal,0,18,14.3892,23,70,120,0.145155,0.144607,6.06912,0.826237,2.62514,2.57941,1.99956
u-shaped,2.25,lqi-literal,0,19,15.0242,17,71,119,0.142415,0.145155,5.24258,0.704834,2.80033,3.67532,2.31353
u-shaped,2.5,hopcount,0,0,14.4717,20,95,95,0.112275,0.112823,4.44546,1.20333,2.87988,2.69249,3.02544
u-shaped,2.5,hopcount,0,1,14.9172,19,95,95,0.115563,0.115015,4.29904,1.13702,2.74542,3.49198,3.01319
u-shaped,2.5,hopcount,0,2,13.1817,25,101,89,0.113919,0.115563,5.0382,1.35694,2.60254,1.8127,2.14183
u-shaped,2.5,hopcount,0,3,19.54,24,63,127,0.116659,0.115563,4.86236,1.30846,4.19595,4.56414,4.37691
u-shaped,2.5,hopcount,0,4,15.998,21,75,115,0.117207,0.113919,4.55622,1.08642,3.31173,3.50719,3.30534
u-shaped,2.5,hopcount,0,5,15.3422,18,80,110,0.115015,0.111727,4.14212,1.14886,3.38312,3.15164,3.28973
u-shaped,2.5,hopcount,0,6,13.4094,21,97,93,0.112275,0.112275,4.56828,1.22375,2.46863,2.28344,2.64072
u-shaped,2.5,hopcount,0,7,17.785,31,76,114,0.119947,0.115015,5.62607,1.52292,3.40896,3.56081,3.4313
u-shaped,2.5,hopcount,0,8,15.9788,21,77,113,0.110631,0.106795,4.43873,1.2144,3.17013,3.49997,3.43811
u-shaped,2.5,hopcount,0,9,16.2986,22,87,103,0.116659,0.115563,4.53185,1.2514,2.98345,4.02108,3.27863
u-shaped,2.5,hopcount,0,10,16.6687,26,74,116,0.117207,0.115563,5.09863,1.46172,3.35005,2.96129,3.56422
u-shaped,2.5,hopcount,0,11,15.6908,22,86,104,0.111727,0.114467,4.66175,1.23387,3.23554,3.1971,3.13634
u-shaped,2.5,hopcount,0,12,16.8884,19,62,128,0.116659,0.112823,4.30667,1.25433,3.59642,3.62998,3.8715
u-shaped,2.5,hopcount,0,13,16.807,17,75,115,0.108439,0.118303,4.01234,1.12277,3.33072,4.19691,3.91747
u-shaped,2.5,hopcount,0,14,18.5611,23,65,125,0.115015,0.117755,4.70003,1.3609,4.02221,4.45811,3.78712
u-shaped,2.5,hopcount,0,15,17.7162,23,80,110,0.117755,0.113371,4.78132,1.2929,3.86316,3.8508,3.69694
u-shaped,2.5,hopcount,0,16,18.8949,27,73,117,0.113919,0.113371,5.21385,1.64877,4.17255,3.53794,4.09451
u-shaped,2.5,hopcount,0,17,18.194,25,73,117,0.113371,0.119947,4.89815,1.44869,3.92957,3.68197,4.00233
u-shaped,2.5,hopcount,0,18,14.4008,23,88,102,0.111179,0.115015,4.90076,1.18739,2.68467,2.72442,2.67735
u-shaped,2.5,hopcount,0,19,18.2246,26,71,119,0.110083,0.116659,5.08657,1.26501,3.83559,4.02582,3.78485
u-shaped,2.5,lqi,0,0,14.196,18,88,102,0.112275,0.112823,4.24153,1.03666,2.77554,3.01884,2.89831
u-shaped,2.5,lqi,0,1,18.5926,23,60,130,0.115563,0.115015,4.63182,1.42559,3.90095,3.89929,4.50441
u-shaped,2.5,lqi,0,2,15.4102,18,72,118,0.113919,0.115563,4.24515,1.12904,3.20599,2.91951,3.68101
u-shaped,2.5,lqi,0,3,13.4689,17,92,98,0.116659,0.115563,4.08739,1.02096,2.50387,2.7698,2.85463
u-shaped,2.5,lqi,0,4,14.458,18,85,105,0.117207,0.113371,4.18773,1.2037,2.60258,3.22382,3.00961
u-shaped,2.5,lqi,0,5,16.6794,20,72,118,0.114467,0.111727,4.44416,1.10277,3.43381,3.49025,3.98217
u-shaped,2.5,lqi,0,6,14.8297,19,86,104,0.112275,0.112275,4.34191,1.27361,3.09843,2.62275,3.26843
u-shaped,2.5,lqi,0,7,17.6474,20,72,118,0.119947,0.115015,4.35204,1.17707,3.70907,4.04209,4.13214
u-shaped,2.5,lqi,0,8,15.63,19,73,117,0.110631,0.106795,4.2928,1.21168,3.11572,3.19894,3.59338
u-shaped,2.5,lqi,0,9,17.4398,22,70,120,0.116659,0.115563,4.66449,1.20377,3.73607,3.68718,3.91608
u-shaped,2.5,lqi,0,10,18.2147,20,65,125,0.117207,0.115563,4.53814,1.08116,4.26335,3.72647,4.37277
u-shaped,2.5,lqi,0,11,17.2778,22,74,116,0.111179,0.114467,4.67271,1.22847,3.48543,3.57687,4.08863
u-shaped,2.5,lqi,0,12,15.3511,14,73,117,0.116659,0.112823,3.77287,0.994558,3.25246,3.44762,3.65412
u-shaped,2.5,lqi,0,13,16.7864,19,71,119,0.108439,0.118303,4.33058,1.15366,3.86698,3.5539,3.65454
u-shaped,2.5,lqi,0,14,17.4299,22,76,114,0.115015,0.117755,4.6634,1.30634,3.86368,3.47487,3.88885
u-shaped,2.5,lqi,0,15,16.418,20,77,113,0.117755,0.113371,4.42148,1.09851,3.55125,3.41403,3.70163
u-shaped,2.5,lqi,0,16,17.8225,24,72,118,0.113919,0.112823,4.80282,1.41345,3.51614,3.92457,3.93877
u-shaped,2.5,lqi,0,17,16.5917,18,68,122,0.113371,0.119947,4.22049,1.09932,3.42048,3.71033,3.90778
u-shaped,2.5,lqi,0,18,16.006,14,65,125,0.111179,0.115015,3.87055,0.9119,3.23779,3.6974,4.0622
u-shaped,2.5,lqi,0,19,18.4042,28,65,125,0.110083,0.116659,5.26449,1.52553,3.56372,3.8108,4.01291
u-shaped,2.5,leo,0,0,15.4904,22,98,92,0.112275,0.112823,6.27752,1.18795,2.78563,2.44433,2.56983
u-shaped,2.5,leo,0,1,17.0736,21,82,108,0.115563,0.115015,5.69757,1.16605,3.18523,3.5304,3.26374
u-shaped,2.5,leo,0,2,15.1323,21,94,96,0.113919,0.115563,5.80414,1.19329,2.65238,2.51547,2.73751
u-shaped,2.5,leo,0,3,15.0761,19,91,99,0.116659,0.115563,5.63036,1.05388,2.84805,2.56149,2.75009
u-shaped,2.5,leo,0,4,14.4141,19,90,100,0.117207,0.113919,5.40332,1.00952,2.54513,2.71429,2.51072
u-shaped,2.5,leo,0,5,20.1933,22,63,127,0.115015,0.111727,6.07516,1.28399,4.17917,3.99013,4.43815
u-shaped,2.5,leo,0,6,17.5932,21,77,113,0.112275,0.112275,5.9283,1.19433,3.57109,3.26457,3.41031
u-shaped,2.5,leo,0,7,16.9537,20,81,109,0.119947,0.115015,5.45176,1.1949,3.16982,3.54333,3.35896
u-shaped,2.5,leo,0,8,14.7103,18,82,108,0.110631,0.106795,5.27014,1.03233,2.63542,2.58378,2.97124
u-shaped,2.5,leo,0,9,16.9548,20,83,107,0.116659,0.115563,5.84934,1.11923,3.05702,3.43001,3.26702
u-shaped,2.5,leo,0,10,15.7064,19,100,90,0.117207,0.115563,5.94062,1.24966,2.7572,2.42801,3.0981
u-shaped,2.5,leo,0,11,18.9754,20,77,113,0.111727,0.114467,5.86768,1.19735,3.83969,3.72594,4.11851
u-shaped,2.5,leo,0,12,15.3287,16,82,108,0.116659,0.112823,4.96843,1.00763,2.95529,2.93287,3.23501
u-shaped,2.5,leo,0,13,14.2029,19,104,86,0.108439,0.118303,5.33953,1.23164,2.30868,2.65276,2.44357
u-shaped,2.5,leo,0,14,20.478,26,65,125,0.115015,0.117755,6.80198,1.58398,3.94173,3.74963,4.16788
u-shaped,2.5,leo,0,15,16.7414,16,78,112,0.117755,0.113371,4.75215,0.985275,3.38226,3.8997,3.49089
u-shaped,2.5,leo,0,16,15.2733,21,92,98,0.113919,0.112823,5.8345,1.312,2.73265,2.33453,2.83292
u-shaped,2.5,leo,0,17,18.863,18,62,128,0.113371,0.119947,5.43064,1.19168,3.88232,3.88576,4.23927
u-shaped,2.5,leo,0,18,17.7987,17,76,114,0.111179,0.115015,5.72433,1.02674,3.21855,3.87584,3.72702
u-shaped,2.5,leo,0,19,17.0204,21,83,107,0.110083,0.116659,6.14072,1.02177,3.12963,3.28628,3.21523
u-shaped,2.5,lqi-literal,0,0,14.4717,20,95,95,0.112275,0.112823,4.44546,1.20333,2.87988,2.69249,3.02544
u-shaped,2.5,lqi-literal,0,1,14.9172,19,95,95,0.115563,0.115015,4.29904,1.13702,2.74542,3.49198,3.01319
u-shaped,2.5,lqi-literal,0,2,13.1817,25,101,89,0.113919,0.115563,5.0382,1.35694,2.60254,1.8127,2.14183
u-shaped,2.5,lqi-literal,0,3,19.54,24,63,127,0.116659,0.115563,4.86236,1.30846,4.19595,4.56414,4.37691
u-shaped,2.5,lqi-literal,0,4,15.998,21,75,115,0.117207,0.113919,4.55622,1.08642,3.31173,3.50719,3.30534
u-shaped,2.5,lqi-literal,0,5,15.3422,18,80,110,0.115015,0.111727,4.14212,1.14886,3.38312,3.15164,3.28973
u-shaped,2.5,lqi-literal,0,6,13.4094,21,97,93,0.112275,0.112275,4.56828,1.22375,2.46863,2.28344,2.64072
u-shaped,2.5,lqi-literal,0,7,17.785,31,76,114,0.119947,0.115015,5.62607,1.52292,3.40896,3.56081,3.4313
u-shaped,2.5,lqi-literal,0,8,15.9788,21,77,113,0.110631,0.106795,4.43873,1.2144,3.17013,3.49997,3.43811
u-shaped,2.5,lqi-literal,0,9,16.2986,22,87,103,0.116659,0.115563,4.53185,1.2514,2.98345,4.02108,3.27863
u-shaped,2.5,lqi-literal,0,10,16.6687,26,74,116,0.117207,0.115563,5.09863,1.46172,3.35005,2.96129,3.56422
u-shaped,2.5,lqi-literal,0,11,15.6908,22,86,104,0.111727,0.114467,4.66175,1.23387,3.23554,3.1971,3.13634
u-shaped,2.5,lqi-literal,0,12,16.8884,19,62,128,0.116659,0.112823,4.30667,1.25433,3.59642,3.62998,3.8715
u-shaped,2.5,lqi-literal,0,13,16.807,17,75,115,0.108439,0.118303,4.01234,1.12277,3.33072,4.19691,3.91747
u-shaped,2.5,lqi-literal,0,14,18.5611,23,65,125,0.115015,0.117755,4.70003,1.3609,4.02221,4.45811,3.78712
u-shaped,2.5,lqi-literal,0,15,17.7162,23,80,110,0.117755,0.113371,4.78132,1.2929,3.86316,3.8508,3.69694
u-shaped,2.5,lqi-literal,0,16,18.8949,27,73,117,0.113919,0.113371,5.21385,1.64877,4.17255,3.53794,4.09451
u-shaped,2.5,lqi-literal,0,17,18.194,25,73,117,0.113371,0.119947,4.89815,1.44869,3.92957,3.68197,4.00233
u-shaped,2.5,lqi-literal,0,18,14.4008,23,88,102,0.111179,0.115015,4.90076,1.18739,2.68467,2.72442,2.67735
u-shaped,2.5,lqi-literal,0,19,18.2246,26,71,119,0.110083,0.116659,5.08657,1.26501,3.83559,4.02582,3.78485
u-shaped,2.625,hopcount,0,0,15.372,23,89,101,0.103507,0.102959,4.17115,1.40341,3.40211,2.66292,3.52599
u-shaped,2.625,hopcount,0,1,17.3815,21,81,109,0.104603,0.103507,4.13695,1.25512,3.82267,3.9257,4.03299
u-shaped,2.625,hopcount,0,2,17.736,25,89,101,0.0996713,0.105151,4.59854,1.66697,3.79159,3.47048,4.00364
u-shaped,2.625,hopcount,0,3,18.7508,24,75,115,0.105699,0.106795,4.32779,1.36396,4.25526,3.98468,4.60664
u-shaped,2.625,hopcount,0,4,17.5084,20,79,111,0.106247,0.101315,4.04816,1.43496,3.6683,3.79709,4.35238
u-shaped,2.625,hopcount,0,5,21.3201,23,64,126,0.101863,0.100219,4.32698,1.7065,5.10864,4.65097,5.3249
u-shaped,2.625,hopcount,0,6,18.9302,22,69,121,0.103507,0.102959,4.04344,1.34549,4.04882,4.33881,4.94719
u-shaped,2.625,hopcount,0,7,20.7588,19,67,123,0.107891,0.106795,3.66382,1.45266,4.92933,4.96502,5.53329
u-shaped,2.625,hopcount,0,8,19.4281,17,61,129,0.101315,0.100767,3.66357,1.3135,4.57168,4.19619,5.48105
u-shaped,2.625,hopcount,0,9,17.4139,20,78,112,0.102411,0.103507,3.82529,1.19066,3.77569,4.05645,4.3599
u-shaped,2.625,hopcount,0,10,19.7687,20,62,128,0.108439,0.105151,3.93424,1.45323,4.36709,4.46683,5.33371
u-shaped,2.625,hopcount,0,11,14.115,21,103,87,0.104603,0.103507,3.86936,1.31034,2.74994,2.84564,3.13159
u-shaped,2.625,hopcount,0,12,17.7515,21,84,106,0.104603,0.104603,3.94027,1.41425,3.74515,4.03029,4.41231
u-shaped,2.625,hopcount,0,13,19.8972,20,69,121,0.102959,0.103507,3.71846,1.4786,4.40569,4.87613,5.21188
u-shaped,2.625,hopcount,0,14,15.821,16,94,96,0.104603,0.105699,3.50676,1.124,3.4658,3.66151,3.85264
u-shaped,2.625,hopcount,0,15,15.5219,17,85,105,0.102411,0.101863,3.43492,0.969261,3.64866,3.66729,3.59753
u-shaped,2.625,hopcount,0,16,15.0807,17,83,107,0.103507,0.106247,3.49741,1.02683,3.4933,3.08823,3.76517
u-shaped,2.625,hopcount,0,17,20.787,21,66,124,0.101863,0.102411,4.08682,1.48662,4.51693,4.91421,5.57813
u-shaped,2.625,hopcount,0,18,17.5842,25,79,111,0.101863,0.105151,4.29746,1.46599,3.61552,3.80576,4.1925
u-shaped,2.625,hopcount,0,19,15.1378,28,103,87,0.107343,0.102411,4.68608,1.52183,2.95007,2.73002,3.04002
u-shaped,2.625,lqi,0,0,14.8882,17,85,105,0.104055,0.102411,3.58038,1.06026,3.18708,2.98673,3.86726
u-shaped,2.625,lqi,0,1,16.3764,17,79,111,0.104603,0.103507,3.68844,1.24486,3.3075,3.71094,4.2166
u-shaped,2.625,lqi,0,2,13.3814,20,109,81,0.100219,0.104603,4.14952,1.44502,2.58873,1.99841,2.99494
u-shaped,2.625,lqi,0,3,16.8344,20,89,101,0.105699,0.106795,4.00255,1.42923,3.35208,3.59889,4.23915
u-shaped,2.625,lqi,0,4,17.6767,18,69,121,0.106795,0.101863,3.87761,1.35885,3.89187,3.62692,4.71278
u-shaped,2.625,lqi,0,5,21.2275,29,65,125,0.102411,0.101315,4.65849,1.84029,4.65774,4.38191,5.48531
u-shaped,2.625,lqi,0,6,14.298,14,87,103,0.103507,0.102959,3.3355,1.09148,3.11317,2.99081,3.56054
u-shaped,2.625,lqi,0,7,17.1749,21,86,104,0.107343,0.107343,3.89018,1.40672,3.5389,3.55563,4.56876
u-shaped,2.625,lqi,0,8,14.9432,16,86,104,0.101863,0.100767,3.33281,1.0637,3.21144,2.92641,4.20623
u-shaped,2.625,lqi,0,9,16.2661,25,84,106,0.102411,0.104055,4.20762,1.53551,3.39047,2.86323,4.06283
u-shaped,2.625,lqi,0,10,22.3746,22,56,134,0.108439,0.105151,4.1628,1.61664,5.02311,5.05467,6.30383
u-shaped,2.625,lqi,0,11,15.9191,18,85,105,0.104603,0.104055,3.68717,1.20005,3.52391,3.22911,4.07019
u-shaped,2.625,lqi,0,12,22.3852,18,52,138,0.105151,0.105151,3.83786,1.44827,4.9613,5.47195,6.45552
u-shaped,2.625,lqi,0,13,16.2781,19,87,103,0.102959,0.104603,3.72196,1.40866,3.42634,3.28312,4.23045
u-shaped,2.625,lqi,0,14,16.3072,17,80,110,0.105151,0.105699,3.57894,1.20011,3.4445,3.76748,4.1053
u-shaped,2.625,lqi,0,15,18.7173,21,74,116,0.102411,0.101863,4.05487,1.48272,4.02382,4.04979,4.9018
u-shaped,2.625,lqi,0,16,21.4371,20,57,133,0.102959,0.106795,3.88011,1.63511,4.77322,4.78329,6.15563
u-shaped,2.625,lqi,0,17,16.5926,16,78,112,0.102411,0.103507,3.62612,1.16282,3.52674,3.56728,4.50376
u-shaped,2.625,lqi,0,18,15.6524,20,80,110,0.101863,0.105151,3.82854,1.40899,3.09956,3.10747,4.00086
u-shaped,2.625,lqi,0,19,16.7732,20,87,103,0.107343,0.102411,3.83504,1.34227,3.60098,3.53302,4.25216
u-shaped,2.625,leo,0,0,19.453,24,87,103,0.103507,0.102959,6.4577,1.43415,3.70012,3.26073,4.39382
u-shaped,2.625,leo,0,1,17.3378,24,86,104,0.104603,0.103507,5.57437,1.35091,3.30098,3.2103,3.69309
u-shaped,2.625,leo,0,2,14.345,18,101,89,0.0996713,0.105151,4.8462,1.25701,2.76201,2.31255,2.96245
u-shaped,2.625,leo,0,3,16.3884,22,89,101,0.105699,0.106795,5.03598,1.37056,3.34242,2.73588,3.69106
u-shaped,2.625,leo,0,4,17.0826,18,83,107,0.106247,0.101315,4.35543,1.09179,3.64162,3.67874,4.10746
u-shaped,2.625,leo,0,5,17.9967,22,86,104,0.101863,0.100219,5.24602,1.34625,3.74639,3.38043,4.07553
u-shaped,2.625,leo,0,6,20.7782,15,58,132,0.103507,0.102959,4.14192,1.09727,4.91171,4.78126,5.63957
u-shaped,2.625,leo,0,7,20.6522,24,71,119,0.107891,0.106795,5.62838,1.44961,4.33664,3.90421,5.11869
u-shaped,2.625,leo,0,8,14.9895,20,93,97,0.101315,0.100767,5.35787,1.43462,2.779,2.19994,3.01593
u-shaped,2.625,leo,0,9,15.9666,20,88,102,0.102411,0.103507,4.87811,1.3045,3.06205,2.88295,3.63308
u-shaped,2.625,leo,0,10,17.7252,22,78,112,0.108439,0.105151,5.12679,1.44155,3.40635,3.23533,4.30156
u-shaped,2.625,leo,0,11,15.2038,20,89,101,0.104603,0.103507,4.64589,1.17443,2.99363,2.86705,3.31467
u-shaped,2.625,leo,0,12,16.2629,19,87,103,0.104603,0.104603,4.92023,1.23717,3.27156,3.07671,3.54803
u-shaped,2.625,leo,0,13,22.7659,21,61,129,0.102959,0.103507,5.27536,1.50866,4.88382,5.1904,5.70121
u-shaped,2.625,leo,0,14,21.4906,23,74,116,0.104603,0.105699,5.3572,1.44811,4.63206,4.55815,5.28479
u-shaped,2.625,leo,0,15,15.7363,22,92,98,0.102411,0.101863,4.75665,1.29215,3.15081,2.81906,3.51334
u-shaped,2.625,leo,0,16,20.7536,20,66,124,0.103507,0.106247,4.47876,1.15985,4.80648,4.77784,5.32091
u-shaped,2.625,leo,0,17,18.9021,17,78,112,0.101863,0.102411,5.15427,1.17609,3.63579,4.12982,4.60182
u-shaped,2.625,leo,0,18,18.8753,16,72,118,0.101863,0.105151,4.30948,1.11419,4.12108,4.29289,4.83068
u-shaped,2.625,leo,0,19,18.3973,19,82,108,0.107343,0.102411,4.86235,1.40772,3.81568,3.84816,4.25362
u-shaped,2.625,lqi-literal,0,0,15.372,23,89,101,0.103507,0.102959,4.17115,1.40341,3.40211,2.66292,3.52599
u-shaped,2.625,lqi-literal,0,1,17.3815,21,81,109,0.104603,0.103507,4.13695,1.25512,3.82267,3.9257,4.03299
u-shaped,2.625,lqi-literal,0,2,17.736,25,89,101,0.0996713,0.105151,4.59854,1.66697,3.79159,3.47048,4.00364
u-shaped,2.625,lqi-literal,0,3,18.7508,24,75,115,0.105699,0.106795,4.32779,1.36396,4.25526,3.98468,4.60664
u-shaped,2.625,lqi-literal,0,4,17.5084,20,79,111,0.106247,0.101315,4.04816,1.43496,3.6683,3.79709,4.35238
u-shaped,2.625,lqi-literal,0,5,21.3201,23,64,126,0.101863,0.100219,4.32698,1.7065,5.10864,4.65097,5.3249
u-shaped,2.625,lqi-literal,0,6,18.9302,22,69,121,0.103507,0.102959,4.04344,1.34549,4.04882,4.33881,4.94719
u-shaped,2.625,lqi-literal,0,7,20.7588,19,67,123,0.107891,0.106795,3.66382,1.45266,4.92933,4.96502,5.53329
u-shaped,2.625,lqi-literal,0,8,19.4281,17,61,129,0.101315,0.100767,3.66357,1.3135,4.57168,4.19619,5.48105
u-shaped,2.625,lqi-literal,0,9,17.4139,20,78,112,0.102411,0.103507,3.82529,1.19066,3.77569,4.05645,4.3599
u-shaped,2.625,lqi-literal,0,10,19.7687,20,62,128,0.108439,0.105151,3.93424,1.45323,4.36709,4.46683,5.33371
u-shaped,2.625,lqi-literal,0,11,14.115,21,103,87,0.104603,0.103507,3.86936,1.31034,2.74994,2.84564,3.13159
u-shaped,2.625,lqi-literal,0,12,17.7515,21,84,106,0.104603,0.104603,3.94027,1.41425,3.74515,4.03029,4.41231
u-shaped,2.625,lqi-literal,0,13,19.8972,20,69,121,0.102959,0.103507,3.71846,1.4786,4.40569,4.87613,5.21188
u-shaped,2.625,lqi-literal,0,14,15.821,16,94,96,0.104603,0.105699,3.50676,1.124,3.4658,3.66151,3.85264
u-shaped,2.625,lqi-literal,0,15,15.5219,17,85,105,0.102411,0.101863,3.43492,0.969261,3.64866,3.66729,3.59753
u-shaped,2.625,lqi-literal,0,16,15.0807,17,83,107,0.103507,0.106247,3.49741,1.02683,3.4933,3.08823,3.76517
u-shaped,2.625,lqi-literal,0,17,20.787,21,66,124,0.101863,0.102411,4.08682,1.48662,4.51693,4.91421,5.57813
u-shaped,2.625,lqi-literal,0,18,17.5842,25,79,111,0.101863,0.105151,4.29746,1.46599,3.61552,3.80576,4.1925
u-shaped,2.625,lqi-literal,0,19,15.1378,28,103,87,0.107343,0.102411,4.68608,1.52183,2.95007,2.73002,3.04002
u-shaped,3,hopcount,0,0,7.8748,10,133,57,0.0854233,0.0859713,1.38811,0.524242,1.83015,1.73804,2.22287
u-shaped,3,hopcount,0,1,10.9126,10,121,69,0.0881633,0.0848753,1.87151,0.655939,2.60855,2.29291,3.3107
u-shaped,3,hopcount,0,2,11.7368,4,119,71,0.0832313,0.0865193,1.64661,0.408322,2.91547,2.80951,3.78718
u-shaped,3,hopcount,0,3,6.25734,6,147,43,0.0848753,0.0876153,1.6023,0.495642,1.33677,1.08036,1.56978
u-shaped,3,hopcount,0,4,12.2128,5,109,81,0.0848753,0.0870673,1.53749,0.61169,2.99833,2.86787,4.02552
u-shaped,3,hopcount,0,5,7.45309,7,142,48,0.0876153,0.0865193,1.57206,0.439616,1.64432,1.64848,1.97448
u-shaped,3,hopcount,0,6,8.79283,8,128,62,0.0837793,0.0881633,1.61726,0.614864,2.01899,1.90585,2.46392
u-shaped,3,hopcount,0,7,10.5664,9,130,60,0.0892593,0.0859713,1.68957,0.599864,2.45334,2.43054,3.21781
u-shaped,3,hopcount,0,8,12.4905,12,124,66,0.0865193,0.0848753,1.96385,0.746797,2.90561,2.64667,4.05619
u-shaped,3,hopcount,0,9,6.69902,5,135,55,0.0859713,0.0848753,1.48175,0.462006,1.36806,1.43643,1.77993
u-shaped,3,hopcount,0,10,8.05242,5,135,55,0.0843273,0.0870673,1.57114,0.358791,1.82024,1.75985,2.37101
u-shaped,3,hopcount,0,11,7.42686,9,137,53,0.0859713,0.0870673,1.53273,0.546003,1.67937,1.50282,1.9929
u-shaped,3,hopcount,0,12,7.14104,9,147,43,0.0837793,0.0870673,1.81142,0.60165,1.52834,1.28598,1.7428
u-shaped,3,hopcount,0,13,13.9769,6,108,82,0.0854233,0.0870673,1.59247,0.727097,3.52951,3.33273,4.62263
u-shaped,3,hopcount,0,14,12.3793,9,122,68,0.0854233,0.0859713,1.44494,0.605824,2.99825,2.99087,4.16805
u-shaped,3,hopcount,0,15,6.99535,7,140,50,0.0848753,0.0848753,1.3575,0.453317,1.56347,1.59986,1.85146
u-shaped,3,hopcount,0,16,7.55507,11,138,52,0.0837793,0.0876153,1.54293,0.47432,1.63979,1.70437,2.02226
u-shaped,3,hopcount,0,17,11.652,9,110,80,0.0848753,0.0865193,1.70998,0.56249,3.03313,2.56812,3.60689
u-shaped,3,hopcount,0,18,5.11897,6,150,40,0.0843273,0.0887113,1.46514,0.313119,0.952143,0.991678,1.22386
u-shaped,3,hopcount,0,19,8.43668,9,132,58,0.0854233,0.0865193,1.87134,0.613781,1.88781,1.54002,2.3518
u-shaped,3,lqi,0,0,7.8748,10,133,57,0.0854233,0.0859713,1.38811,0.524242,1.83015,1.73804,2.22287
u-shaped,3,lqi,0,1,10.9772,10,121,69,0.0881633,0.0848753,1.79119,0.651386,2.66478,2.34383,3.35297
u-shaped,3,lqi,0,2,11.7368,4,119,71,0.0832313,0.0865193,1.64661,0.408322,2.91547,2.80951,3.78718
u-shaped,3,lqi,0,3,8.64181,7,137,53,0.0848753,0.0876153,1.61157,0.468534,2.02249,1.85655,2.51017
u-shaped,3,lqi,0,4,12.2128,5,109,81,0.0848753,0.0870673,1.53749,0.61169,2.99833,2.86787,4.02552
u-shaped,3,lqi,0,5,7.45309,7,142,48,0.0876153,0.0865193,1.57206,0.439616,1.64432,1.64848,1.97448
u-shaped,3,lqi,0,6,8.78646,8,128,62,0.0837793,0.0881633,1.61726,0.607949,2.01899,1.90585,2.46447
u-shaped,3,lqi,0,7,10.1331,6,119,71,0.0892593,0.0859713,1.48065,0.39652,2.45256,2.58347,3.04465
u-shaped,3,lqi,0,8,6.74937,9,147,43,0.0865193,0.0848753,1.85422,0.660845,1.33456,0.989046,1.7393
u-shaped,3,lqi,0,9,6.69902,5,135,55,0.0859713,0.0848753,1.48175,0.462006,1.36806,1.43643,1.77993
u-shaped,3,lqi,0,10,8.05242,5,135,55,0.0843273,0.0870673,1.57114,0.358791,1.82024,1.75985,2.37101
u-shaped,3,lqi,0,11,10.5057,11,126,64,0.0859713,0.0870673,1.72436,0.754345,2.41596,2.26668,3.1713
u-shaped,3,lqi,0,12,6.7294,9,148,42,0.0837793,0.0870673,1.82053,0.605807,1.39477,1.15159,1.58586
u-shaped,3,lqi,0,13,14.3249,6,107,83,0.0854233,0.0870673,1.53509,0.638633,3.67669,3.50906,4.79291
u-shaped,3,lqi,0,14,12.3793,9,122,68,0.0854233,0.0859713,1.44494,0.605824,2.99825,2.99087,4.16805
u-shaped,3,lqi,0,15,6.99535,7,140,50,0.0848753,0.0848753,1.3575,0.453317,1.56347,1.59986,1.85146
u-shaped,3,lqi,0,16,7.55507,11,138,52,0.0837793,0.0876153,1.54293,0.47432,1.63979,1.70437,2.02226
u-shaped,3,lqi,0,17,12.0439,8,114,76,0.0848753,0.0865193,1.8457,0.694095,3.0134,2.63798,3.68132
u-shaped,3,lqi,0,18,5.11897,6,150,40,0.0843273,0.0887113,1.46514,0.313119,0.952143,0.991678,1.22386
u-shaped,3,lqi,0,19,11.5406,6,111,79,0.0854233,0.0865193,1.76989,0.584468,2.78811,2.57199,3.65423
u-shaped,3,leo,0,0,11.6603,11,120,70,0.0854233,0.0859713,1.46552,0.637121,3.0148,2.71266,3.6588
u-shaped,3,leo,0,1,8.03076,9,138,52,0.0881633,0.0848753,1.76222,0.643656,1.72145,1.483,2.24738
u-shaped,3,leo,0,2,10.8698,5,121,69,0.0832313,0.0865193,1.66609,0.435167,2.62197,2.56867,3.4082
u-shaped,3,leo,0,3,6.25224,6,147,43,0.0848753,0.0876153,1.59719,0.495642,1.33677,1.08036,1.56978
u-shaped,3,leo,0,4,12.5008,5,109,81,0.0848753,0.0870673,1.62384,0.616791,3.05119,2.92779,4.1092
u-shaped,3,leo,0,5,9.77632,6,136,54,0.0876153,0.0865193,1.70176,0.501653,2.15811,2.29022,2.95045
u-shaped,3,leo,0,6,10.3149,5,119,71,0.0837793,0.0881633,1.51034,0.380072,2.54937,2.51424,3.18891
u-shaped,3,leo,0,7,9.66527,8,133,57,0.0892593,0.0859713,1.81273,0.603752,2.09609,2.16364,2.81383
u-shaped,3,leo,0,8,11.4986,12,128,62,0.0865193,0.0848753,1.93817,0.747345,2.62811,2.32172,3.69187
u-shaped,3,leo,0,9,7.08323,6,134,56,0.0859713,0.0848753,1.47446,0.573361,1.41687,1.52958,1.91811
u-shaped,3,leo,0,10,8.05352,5,135,55,0.0843273,0.0870673,1.57223,0.358791,1.82024,1.75985,2.37101
u-shaped,3,leo,0,11,7.64551,8,138,52,0.0859713,0.0870673,1.67245,0.589452,1.67159,1.50282,2.03617
u-shaped,3,leo,0,12,9.89899,11,138,52,0.0837793,0.0870673,2.13549,0.893559,2.14411,1.78214,2.77284
u-shaped,3,leo,0,13,13.488,7,108,82,0.0854233,0.0870673,1.67865,0.748039,3.40395,3.18727,4.2976
u-shaped,3,leo,0,14,8.89648,10,131,59,0.0854233,0.0859713,1.46644,0.616961,2.02184,1.937,2.68284
u-shaped,3,leo,0,15,7.44648,8,139,51,0.0848753,0.0848753,1.3451,0.520196,1.71043,1.66355,2.03745
u-shaped,3,leo,0,16,7.55962,11,138,52,0.0837793,0.0876153,1.54748,0.47432,1.63979,1.70437,2.02226
u-shaped,3,leo,0,17,11.6737,9,110,80,0.0848753,0.0865193,1.73165,0.56249,3.03313,2.56812,3.60689
u-shaped,3,leo,0,18,11.2045,9,127,63,0.0843273,0.0887113,1.96186,0.614132,2.46641,2.48885,3.50018
u-shaped,3,leo,0,19,8.43668,9,132,58,0.0854233,0.0865193,1.87134,0.613781,1.88781,1.54002,2.3518
u-shaped,3,lqi-literal,0,0,7.8748,10,133,57,0.0854233,0.0859713,1.38811,0.524242,1.83015,1.73804,2.22287
u-shaped,3,lqi-literal,0,1,10.9126,10,121,69,0.0881633,0.0848753,1.87151,0.655939,2.60855,2.29291,3.3107
u-shaped,3,lqi-literal,0,2,11.7368,4,119,71,0.0832313,0.0865193,1.64661,0.408322,2.91547,2.80951,3.78718
u-shaped,3,lqi-literal,0,3,6.25734,6,147,43,0.0848753,0.0876153,1.6023,0.495642,1.33677,1.08036,1.56978
u-shaped,3,lqi-literal,0,4,12.2128,5,109,81,0.0848753,0.0870673,1.53749,0.61169,2.99833,2.86787,4.02552
u-shaped,3,lqi-literal,0,5,7.45309,7,142,48,0.0876153,0.0865193,1.57206,0.439616,1.64432,1.64848,1.97448
u-shaped,3,lqi-literal,0,6,8.79283,8,128,62,0.0837793,0.0881633,1.61726,0.614864,2.01899,1.90585,2.46392
u-shaped,3,lqi-literal,0,7,10.5664,9,130,60,0.0892593,0.0859713,1.68957,0.599864,2.45334,2.43054,3.21781
u-shaped,3,lqi-literal,0,8,12.4905,12,124,66,0.0865193,0.0848753,1.96385,0.746797,2.90561,2.64667,4.05619
u-shaped,3,lqi-literal,0,9,6.69902,5,135,55,0.0859713,0.0848753,1.48175,0.462006,1.36806,1.43643,1.77993
u-shaped,3,lqi-literal,0,10,8.05242,5,135,55,0.0843273,0.0870673,1.57114,0.358791,1.82024,1.75985,2.37101
u-shaped,3,lqi-literal,0,11,7.42686,9,137,53,0.0859713,0.0870673,1.53273,0.546003,1.67937,1.50282,1.9929
u-shaped,3,lqi-literal,0,12,7.14104,9,147,43,0.0837793,0.0870673,1.81142,0.60165,1.52834,1.28598,1.7428
u-shaped,3,lqi-literal,0,13,13.9769,6,108,82,0.0854233,0.0870673,1.59247,0.727097,3.52951,3.33273,4.62263
u-shaped,3,lqi-literal,0,14,12.3793,9,122,68,0.0854233,0.0859713,1.44494,0.605824,2.99825,2.99087,4.16805
u-shaped,3,lqi-literal,0,15,6.99535,7,140,50,0.0848753,0.0848753,1.3575,0.453317,1.56347,1.59986,1.85146
u-shaped,3,lqi-literal,0,16,7.55507,11,138,52,0.0837793,0.0876153,1.54293,0.47432,1.63979,1.70437,2.02226
u-shaped,3,lqi-literal,0,17,11.652,9,110,80,0.0848753,0.0865193,1.70998,0.56249,3.03313,2.56812,3.60689
u-shaped,3,lqi-literal,0,18,5.11897,6,150,40,0.0843273,0.0887113,1.46514,0.313119,0.952143,0.991678,1.22386
u-shaped,3,lqi-literal,0,19,8.43668,9,132,58,0.0854233,0.0865193,1.87134,0.613781,1.88781,1.54002,2.3518
line,2,hopcount,0,0,17.7867,20,44,146,0.176939,0.175843,6.77952,0.697936,2.93278,4.49961,2.52408
line,2,hopcount,0,1,15.2164,15,50,140,0.174747,0.179679,5.90634,0.633522,2.34794,3.60599,2.36814
line,2,hopcount,0,2,16.3798,14,38,152,0.178583,0.172555,5.75625,0.590291,2.82077,4.20598,2.65533
line,2,hopcount,0,3,17.2979,24,47,143,0.173103,0.179679,7.45933,0.778216,2.94134,3.59524,2.17104
line,2,hopcount,0,4,18.6122,15,25,165,0.176391,0.181323,5.92168,0.655345,3.60244,5.149,2.92607
line,2,hopcount,0,5,14.4946,18,65,125,0.170911,0.174199,6.43332,0.647739,2.30138,2.92249,1.84453
line,2,hopcount,0,6,17.3877,19,40,150,0.177487,0.176391,6.60697,0.630715,2.98068,4.28865,2.52682
line,2,hopcount,0,7,16.4328,16,45,145,0.176391,0.178035,6.11889,0.59664,2.90686,4.1701,2.2859
line,2,hopcount,0,8,16.7785,18,42,148,0.172555,0.172555,6.41523,0.670209,2.97072,3.8191,2.5581
line,2,hopcount,0,9,14.7752,12,54,136,0.170363,0.172007,5.39908,0.48511,2.75001,3.69057,2.10804
line,2,hopcount,0,10,15.8689,15,44,146,0.175843,0.176939,5.93538,0.632856,3.07357,3.61249,2.26186
line,2,hopcount,0,11,15.2613,16,52,138,0.168719,0.170363,6.08437,0.631768,2.88369,3.28683,2.0355
line,2,hopcount,0,12,18.4739,18,29,161,0.176939,0.170911,6.46346,0.716366,3.32227,4.70477,2.91914
line,2,hopcount,0,13,17.5846,24,45,145,0.173651,0.178035,7.47961,0.819313,2.83657,3.74254,2.35493
line,2,hopcount,0,14,16.5871,11,34,156,0.175295,0.172555,5.26269,0.527841,3.17614,4.72057,2.55198
line,2,hopcount,0,15,14.199,13,63,127,0.170911,0.170363,5.58534,0.62495,2.46064,3.40525,1.78156
line,2,hopcount,0,16,18.0592,18,25,165,0.173103,0.172007,6.4514,0.664567,3.27176,4.51523,2.81114
line,2,hopcount,0,17,14.3908,13,57,133,0.179679,0.175843,5.60835,0.555541,2.55504,3.39009,1.9263
line,2,hopcount,0,18,15.8332,15,50,140,0.178035,0.168719,5.91236,0.577288,2.94831,3.7093,2.33916
line,2,hopcount,0,19,17.366,17,41,149,0.172555,0.172555,6.27117,0.580966,3.22357,4.41096,2.53418
line,2,lqi,0,0,15.1756,11,34,156,0.176939,0.175843,5.23584,0.512031,2.92342,3.24478,2.90673
line,2,lqi,0,1,14.7519,15,43,147,0.174747,0.179679,5.90469,0.650323,2.62483,2.75935,2.45826
line,2,lqi,0,2,13.6075,10,47,143,0.178583,0.172555,5.07699,0.496028,2.35748,2.82428,2.50158
line,2,lqi,0,3,14.5471,14,45,145,0.173103,0.179679,5.76173,0.558033,2.53128,2.75161,2.59165
line,2,lqi,0,4,13.2732,7,43,147,0.176391,0.181323,4.54617,0.394196,2.54341,2.91905,2.51271
line,2,lqi,0,5,14.2891,9,40,150,0.170911,0.174199,4.87484,0.477015,2.82236,3.08856,2.68117
line,2,lqi,0,6,15.9483,9,24,166,0.177487,0.176391,4.89457,0.447851,3.15981,3.76673,3.32552
line,2,lqi,0,7,16.2636,10,24,166,0.176391,0.178035,5.10603,0.51112,3.21938,3.76295,3.30966
line,2,lqi,0,8,13.8527,11,48,142,0.172555,0.172555,5.20789,0.49952,2.37684,2.92361,2.4997
line,2,lqi,0,9,15.4094,13,41,149,0.170363,0.172007,5.57986,0.561483,2.78919,3.36411,2.77239
line,2,lqi,0,10,14.7829,13,43,147,0.175843,0.176939,5.59191,0.539602,2.69417,3.07334,2.5311
line,2,lqi,0,11,15.9738,12,31,159,0.168719,0.170363,5.44018,0.559934,3.03373,3.57091,3.02992
line,2,lqi,0,12,17.4569,17,32,158,0.176939,0.170911,6.29364,0.642731,3.19126,3.83107,3.15036
line,2,lqi,0,13,14.6391,10,34,156,0.173651,0.178035,5.05123,0.463558,2.91125,2.99569,2.86567
line,2,lqi,0,14,14.2602,9,42,148,0.175295,0.172555,4.91375,0.483569,2.61409,3.27998,2.62098
line,2,lqi,0,15,16.5051,18,38,152,0.170911,0.170363,6.44154,0.640612,2.97298,3.37584,2.73286
line,2,lqi,0,16,15.8853,18,42,148,0.173103,0.172007,6.47113,0.682629,2.8505,3.04273,2.49321
line,2,lqi,0,17,15.4153,12,31,159,0.179679,0.175843,5.45772,0.532465,2.88759,3.22051,2.96147
line,2,lqi,0,18,13.6432,11,49,141,0.178035,0.168719,5.22543,0.50281,2.46709,2.83782,2.26334
line,2,lqi,0,19,17.3447,13,23,167,0.172555,0.172555,5.60287,0.548054,3.31608,4.23234,3.30029
line,2,leo,0,0,19.1379,16,34,156,0.176939,0.175843,7.60207,0.624499,3.11051,4.64382,2.80425
line,2,leo,0,1,15.5158,15,56,134,0.174747,0.179679,6.95541,0.654455,2.25543,3.2018,2.09432
line,2,leo,0,2,15.5005,15,59,131,0.178583,0.172555,7.26413,0.563142,2.0967,3.07877,2.14667
line,2,leo,0,3,17.8738,20,45,145,0.173103,0.179679,8.3525,0.743667,2.68721,3.40383,2.33385
line,2,leo,0,4,17.1714,16,42,148,0.176391,0.181323,7.09739,0.677312,2.72491,3.90239,2.41164
line,2,leo,0,5,16.4238,13,48,142,0.170911,0.174199,6.63475,0.548634,2.70877,3.63382,2.5527
line,2,leo,0,6,15.5548,15,54,136,0.177487,0.176391,7.1127,0.538392,2.29812,3.20045,2.05122
line,2,leo,0,7,18.6783,18,41,149,0.176391,0.178035,8.08356,0.662637,2.78119,4.23057,2.56588
line,2,leo,0,8,16.5077,16,50,140,0.172555,0.172555,7.18197,0.636456,2.60401,3.27344,2.46669
line,2,leo,0,9,17.4991,15,48,142,0.170363,0.172007,7.49815,0.616722,2.86561,3.82175,2.35451
line,2,leo,0,10,18.6026,15,30,160,0.175843,0.176939,7.24546,0.599135,3.45638,4.1332,2.81569
line,2,leo,0,11,20.3234,20,36,154,0.168719,0.170363,8.82846,0.725256,3.2866,4.40689,2.73712
line,2,leo,0,12,18.062,16,45,145,0.176939,0.170911,7.78963,0.638804,2.87754,3.9313,2.47687
line,2,leo,0,13,18.2389,19,48,142,0.173651,0.178035,8.25144,0.61344,2.75441,3.85697,2.41098
line,2,leo,0,14,17.4885,14,43,147,0.175295,0.172555,7.16493,0.610731,2.99481,3.94856,2.42162
line,2,leo,0,15,17.6193,11,29,161,0.170911,0.170363,5.99435,0.547182,3.17651,4.83766,2.72229
line,2,leo,0,16,17.5472,17,46,144,0.173103,0.172007,7.62581,0.591649,2.93938,3.70561,2.33962
line,2,leo,0,17,16.9501,16,48,142,0.179679,0.175843,7.5473,0.552517,2.77701,3.41202,2.30573
line,2,leo,0,18,18.0382,15,38,152,0.178035,0.168719,7.28217,0.637851,3.14929,3.98131,2.64083
line,2,leo,0,19,15.3719,16,69,121,0.172555,0.172555,7.27066,0.613071,2.15393,3.10308,1.88603
line,2,lqi-literal,0,0,17.7867,20,44,146,0.176939,0.175843,6.77952,0.697936,2.93278,4.49961,2.52408
line,2,lqi-literal,0,1,15.2164,15,50,140,0.174747,0.179679,5.90634,0.633522,2.34794,3.60599,2.36814
line,2,lqi-literal,0,2,16.3798,14,38,152,0.178583,0.172555,5.75625,0.590291,2.82077,4.20598,2.65533
line,2,lqi-literal,0,3,17.2979,24,47,143,0.173103,0.179679,7.45933,0.778216,2.94134,3.59524,2.17104
line,2,lqi-literal,0,4,18.6122,15,25,165,0.176391,0.181323,5.92168,0.655345,3.60244,5.149,2.92607
line,2,lqi-literal,0,5,14.4946,18,65,125,0.170911,0.174199,6.43332,0.647739,2.30138,2.92249,1.84453
line,2,lqi-literal,0,6,17.3877,19,40,150,0.177487,0.176391,6.60697,0.630715,2.98068,4.28865,2.52682
line,2,lqi-literal,0,7,16.4328,16,45,145,0.176391,0.178035,6.11889,0.59664,2.90686,4.1701,2.2859
line,2,lqi-literal,0,8,16.7785,18,42,148,0.172555,0.172555,6.41523,0.670209,2.97072,3.8191,2.5581
line,2,lqi-literal,0,9,14.7752,12,54,136,0.170363,0.172007,5.39908,0.48511,2.75001,3.69057,2.10804
line,2,lqi-literal,0,10,15.8689,15,44,146,0.175843,0.176939,5.93538,0.632856,3.07357,3.61249,2.26186
line,2,lqi-literal,0,11,15.2613,16,52,138,0.168719,0.170363,6.08437,0.631768,2.88369,3.28683,2.0355
line,2,lqi-literal,0,12,18.4739,18,29,161,0.176939,0.170911,6.46346,0.716366,3.32227,4.70477,2.91914
line,2,lqi-literal,0,13,17.5846,24,45,145,0.173651,0.178035,7.47961,0.819313,2.83657,3.74254,2.35493
line,2,lqi-literal,0,14,16.5871,11,34,156,0.175295,0.172555,5.26269,0.527841,3.17614,4.72057,2.55198
line,2,lqi-literal,0,15,14.199,13,63,127,0.170911,0.170363,5.58534,0.62495,2.46064,3.40525,1.78156
line,2,lqi-literal,0,16,18.0592,18,25,165,0.173103,0.172007,6.4514,0.664567,3.27176,4.51523,2.81114
line,2,lqi-literal,0,17,14.3908,13,57,133,0.179679,0.175843,5.60835,0.555541,2.55504,3.39009,1.9263
line,2,lqi-literal,0,18,15.8332,15,50,140,0.178035,0.168719,5.91236,0.577288,2.94831,3.7093,2.33916
line,2,lqi-literal,0,19,17.366,17,41,149,0.172555,0.172555,6.27117,0.580966,3.22357,4.41096,2.53418
line,2.25,hopcount,0,0,17.2317,17,56,134,0.132003,0.130359,4.76965,0.842955,3.54713,4.33059,3.47903
line,2.25,hopcount,0,1,15.843,21,67,123,0.134195,0.137483,5.2878,0.969595,2.97787,3.50857,2.82752
line,2.25,hopcount,0,2,16.8084,20,61,129,0.132551,0.131455,5.18484,1.00493,3.20889,4.00412,3.14156
line,2.25,hopcount,0,3,15.1261,16,76,114,0.134743,0.134195,4.64203,0.89188,2.93486,3.50898,2.87935
line,2.25,hopcount,0,4,18.5057,20,59,131,0.133099,0.133099,5.17991,0.991572,3.85968,5.03205,3.17625
line,2.25,hopcount,0,5,16.1565,24,69,121,0.127071,0.129811,5.70683,1.06444,3.00007,3.27041,2.85783
line,2.25,hopcount,0,6,19.2427,19,45,145,0.132551,0.133099,5.06051,0.946435,3.94066,5.09295,3.93652
line,2.25,hopcount,0,7,17.477,18,58,132,0.137483,0.132003,4.92467,0.98281,3.8741,3.88784,3.53805
line,2.25,hopcount,0,8,18.1219,28,60,130,0.127071,0.125427,6.18388,1.31018,3.56238,3.64082,3.17216
line,2.25,hopcount,0,9,12.9537,19,93,97,0.129811,0.132003,5.0375,0.88117,2.25087,2.59214,1.93017
line,2.25,hopcount,0,10,15.659,18,68,122,0.133647,0.133099,4.89179,0.867048,3.15336,3.62378,2.85631
line,2.25,hopcount,0,11,17.5599,19,56,134,0.130359,0.135839,5.06764,0.937779,3.54692,4.13649,3.60487
line,2.25,hopcount,0,12,19.2181,14,40,150,0.138579,0.129811,4.40159,0.854081,4.49897,4.86795,4.32714
line,2.25,hopcount,0,13,15.0327,19,74,116,0.136387,0.134195,5.03804,0.932261,3.10525,3.04091,2.64562
line,2.25,hopcount,0,14,17.412,23,58,132,0.138031,0.132003,5.57866,1.1425,3.2696,3.87098,3.28026
line,2.25,hopcount,0,15,18.98,29,55,135,0.132003,0.130907,6.36904,1.24131,3.66042,4.0112,3.43508
line,2.25,hopcount,0,16,16.0143,18,65,125,0.131455,0.127619,4.92358,0.980902,2.83784,3.96613,3.04676
line,2.25,hopcount,0,17,16.7111,19,63,127,0.136935,0.136935,5.06161,1.01612,3.35328,3.81534,3.19088
line,2.25,hopcount,0,18,15.9771,23,69,121,0.129811,0.134195,5.56222,1.03094,3.00484,3.43903,2.67606
line,2.25,hopcount,0,19,16.2545,18,59,131,0.129811,0.132003,4.92632,0.797116,3.29897,3.84239,3.12785
line,2.25,lqi,0,0,14.3288,13,66,124,0.132003,0.130359,4.24822,0.738867,2.80834,3.33275,2.93829
line,2.25,lqi,0,1,14.38,18,73,117,0.134195,0.137483,4.88357,0.869161,2.53422,2.99986,2.82147
line,2.25,lqi,0,2,15.0998,20,71,119,0.132551,0.131455,5.19142,0.937717,2.79221,3.1054,2.80901
line,2.25,lqi,0,3,15.2452,13,61,129,0.134743,0.134195,4.27014,0.768296,3.01,3.47194,3.45586
line,2.25,lqi,0,4,15.6139,20,66,124,0.133099,0.133099,5.19306,0.973044,2.96076,3.11285,3.10798
line,2.25,lqi,0,5,14.5994,18,69,121,0.127071,0.129811,4.92413,1.01075,2.82613,2.66777,2.91372
line,2.25,lqi,0,6,14.5053,16,67,123,0.132551,0.133099,4.66834,0.728419,2.8118,3.10343,2.92766
line,2.25,lqi,0,7,16.7742,20,60,130,0.137483,0.132003,5.1706,0.969791,3.31304,3.56251,3.48874
line,2.25,lqi,0,8,17.4037,18,46,144,0.127071,0.125427,4.86275,0.848502,3.57894,3.76946,4.0916
line,2.25,lqi,0,9,16.5386,13,51,139,0.129811,0.132003,4.27052,0.822122,3.47401,4.02302,3.68714
line,2.25,lqi,0,10,17.04,17,57,133,0.133647,0.133099,4.75979,0.880982,3.55679,3.9229,3.65278
line,2.25,lqi,0,11,16.5491,21,61,129,0.130359,0.135839,5.31849,1.03248,3.34721,3.312,3.27268
line,2.25,lqi,0,12,14.5903,18,75,115,0.138579,0.129811,4.94276,0.941641,2.74149,2.81879,2.87722
line,2.25,lqi,0,13,14.297,15,66,124,0.136387,0.134195,4.51387,0.772177,2.7515,2.86898,3.11991
line,2.25,lqi,0,14,15.3564,15,60,130,0.138031,0.132003,4.51606,0.86306,2.99311,3.2281,3.48604
line,2.25,lqi,0,15,16.4646,17,59,131,0.132003,0.130907,4.79541,0.942073,3.30104,3.59065,3.57255
line,2.25,lqi,0,16,16.1598,23,65,125,0.131455,0.127619,5.57976,1.08931,3.34458,2.91242,2.97462
line,2.25,lqi,0,17,17.8224,19,43,147,0.136935,0.136935,5.04024,0.950757,3.66028,3.95633,3.94094
line,2.25,lqi,0,18,14.6022,13,64,126,0.129811,0.134195,4.24712,0.704138,2.86067,3.43525,3.09106
line,2.25,lqi,0,19,17.1152,15,52,138,0.129811,0.132003,4.52592,0.900889,3.43125,4.24573,3.74962
line,2.25,leo,0,0,17.538,17,64,126,0.132003,0.130359,6.28378,0.797384,3.03488,4.17384,2.98574
line,2.25,leo,0,1,15.0327,20,86,104,0.134195,0.137483,6.43708,0.979696,2.3728,2.4523,2.51915
line,2.25,leo,0,2,16.5131,24,85,105,0.132551,0.131455,7.60365,0.980711,2.39613,2.80309,2.46555
line,2.25,leo,0,3,19.3213,20,56,134,0.134743,0.135291,6.90514,0.899368,3.36847,4.34844,3.52984
line,2.25,leo,0,4,16.972,24,82,108,0.133099,0.133099,7.56482,1.14758,2.76419,2.92034,2.30887
line,2.25,leo,0,5,17.2485,19,65,125,0.127071,0.129811,6.3009,1.11552,3.26985,3.10447,3.20083
line,2.25,leo,0,6,16.3394,18,74,116,0.132003,0.133099,6.69699,0.809861,2.67754,3.16864,2.72122
line,2.25,leo,0,7,14.9744,16,86,104,0.137483,0.132003,5.94962,0.775451,2.68484,2.76588,2.52909
line,2.25,leo,0,8,15.6652,14,78,112,0.127071,0.125427,5.68567,0.709309,2.92132,3.21539,2.881
line,2.25,leo,0,9,20.2584,21,51,139,0.129811,0.132003,7.38656,0.97385,3.67504,4.27837,3.68273
line,2.25,leo,0,10,16.5517,14,58,132,0.133647,0.133099,5.56285,0.816378,3.08923,3.57685,3.23964
line,2.25,leo,0,11,18.1532,16,58,132,0.130359,0.135839,6.17805,0.835222,3.43876,4.32949,3.10546
line,2.25,leo,0,12,14.9651,16,81,109,0.138579,0.129811,6.15072,0.814464,2.56187,2.85435,2.31527
line,2.25,leo,0,13,16.3021,18,71,119,0.136387,0.134195,6.38948,0.85531,2.74111,3.26356,2.78201
line,2.25,leo,0,14,16.0666,13,64,126,0.138031,0.132003,5.14112,0.732117,2.93202,3.81409,3.1772
line,2.25,leo,0,15,18.7011,18,56,134,0.132003,0.130907,6.83317,0.871234,3.34737,3.90998,3.47643
line,2.25,leo,0,16,18.0964,23,70,120,0.131455,0.127619,7.83245,1.2361,2.52487,3.43566,2.80825
line,2.25,leo,0,17,17.0345,15,60,130,0.136935,0.136935,5.80488,0.833612,3.04896,3.80749,3.26572
line,2.25,leo,0,18,13.236,15,93,97,0.129811,0.134195,5.62904,0.743681,2.08789,2.58224,1.92918
line,2.25,leo,0,19,22.3596,24,40,150,0.129811,0.132003,7.90087,1.09853,4.56515,4.45219,4.08101
line,2.25,lqi-literal,0,0,17.2317,17,56,134,0.132003,0.130359,4.76965,0.842955,3.54713,4.33059,3.47903
line,2.25,lqi-literal,0,1,15.843,21,67,123,0.134195,0.137483,5.2878,0.969595,2.97787,3.50857,2.82752
line,2.25,lqi-literal,0,2,16.8084,20,61,129,0.132551,0.131455,5.18484,1.00493,3.20889,4.00412,3.14156
line,2.25,lqi-literal,0,3,15.1261,16,76,114,0.134743,0.134195,4.64203,0.89188,2.93486,3.50898,2.87935
line,2.25,lqi-literal,0,4,18.5057,20,59,131,0.133099,0.133099,5.17991,0.991572,3.85968,5.03205,3.17625
line,2.25,lqi-literal,0,5,16.1565,24,69,121,0.127071,0.129811,5.70683,1.06444,3.00007,3.27041,2.85783
line,2.25,lqi-literal,0,6,19.2427,19,45,145,0.132551,0.133099,5.06051,0.946435,3.94066,5.09295,3.93652
line,2.25,lqi-literal,0,7,17.477,18,58,132,0.137483,0.132003,4.92467,0.98281,3.8741,3.88784,3.53805
line,2.25,lqi-literal,0,8,18.1219,28,60,130,0.127071,0.125427,6.18388,1.31018,3.56238,3.64082,3.17216
line,2.25,lqi-literal,0,9,12.9537,19,93,97,0.129811,0.132003,5.0375,0.88117,2.25087,2.59214,1.93017
line,2.25,lqi-literal,0,10,15.659,18,68,122,0.133647,0.133099,4.89179,0.867048,3.15336,3.62378,2.85631
line,2.25,lqi-literal,0,11,17.5599,19,56,134,0.130359,0.135839,5.06764,0.937779,3.54692,4.13649,3.60487
line,2.25,lqi-literal,0,12,19.2181,14,40,150,0.138579,0.129811,4.40159,0.854081,4.49897,4.86795,4.32714
line,2.25,lqi-literal,0,13,15.0327,19,74,116,0.136387,0.134195,5.03804,0.932261,3.10525,3.04091,2.64562
line,2.25,lqi-literal,0,14,17.412,23,58,132,0.138031,0.132003,5.57866,1.1425,3.2696,3.87098,3.28026
line,2.25,lqi-literal,0,15,18.98,29,55,135,0.132003,0.130907,6.36904,1.24131,3.66042,4.0112,3.43508
line,2.25,lqi-literal,0,16,16.0143,18,65,125,0.131455,0.127619,4.92358,0.980902,2.83784,3.96613,3.04676
line,2.25,lqi-literal,0,17,16.7111,19,63,127,0.136935,0.136935,5.06161,1.01612,3.35328,3.81534,3.19088
line,2.25,lqi-literal,0,18,15.9771,23,69,121,0.129811,0.134195,5.56222,1.03094,3.00484,3.43903,2.67606
line,2.25,lqi-literal,0,19,16.2545,18,59,131,0.129811,0.132003,4.92632,0.797116,3.29897,3.84239,3.12785
line,2.5,hopcount,0,0,20.9563,24,65,125,0.108987,0.107891,4.56562,1.51298,4.79802,4.53997,5.32284
line,2.5,hopcount,0,1,15.7185,20,85,105,0.108439,0.107891,4.23263,1.32569,3.20082,3.14587,3.59714
line,2.5,hopcount,0,2,14.8855,22,97,93,0.109535,0.110083,4.46321,1.28405,2.97194,2.81775,3.12889
line,2.5,hopcount,0,3,17.6642,18,72,118,0.113919,0.111179,4.02869,1.15021,3.7692,4.08201,4.40901
line,2.5,hopcount,0,4,15.4766,26,98,92,0.107343,0.109535,4.79527,1.53325,3.10798,2.77263,3.0506
line,2.5,hopcount,0,5,17.774,21,65,125,0.111179,0.107343,4.30358,1.28977,3.91061,3.90049,4.15098
line,2.5,hopcount,0,6,15.9253,22,80,110,0.108439,0.107343,4.39339,1.25214,3.41337,3.15535,3.49522
line,2.5,hopcount,0,7,20.5149,17,53,137,0.112823,0.111179,3.9219,1.1671,4.88017,4.80511,5.51665
line,2.5,hopcount,0,8,17.6974,19,65,125,0.105151,0.103507,3.99653,1.11415,3.84764,4.01679,4.51362
line,2.5,hopcount,0,9,21.1815,21,52,138,0.112823,0.108439,4.30793,1.49089,5.0414,4.76189,5.35815
line,2.5,hopcount,0,10,18.8304,23,68,122,0.110631,0.110083,4.644,1.42105,4.39906,3.71505,4.43056
line,2.5,hopcount,0,11,18.2024,27,77,113,0.106795,0.110631,5.01232,1.59041,3.96089,3.63745,3.78393
line,2.5,hopcount,0,12,14.7337,24,98,92,0.111727,0.109535,4.59791,1.53375,2.88293,2.53,2.96781
line,2.5,hopcount,0,13,17.2456,25,77,113,0.107343,0.110083,4.74911,1.50213,3.52523,3.35288,3.89877
line,2.5,hopcount,0,14,16.8936,30,78,112,0.110083,0.112275,5.35353,1.84381,3.28479,2.64929,3.53987
line,2.5,hopcount,0,15,18.1185,26,77,113,0.111179,0.111179,4.86412,1.57244,3.89868,3.61406,3.94685
line,2.5,hopcount,0,16,16.9934,20,78,112,0.109535,0.110083,4.20535,1.35662,3.72416,3.67225,3.8154
line,2.5,hopcount,0,17,19.1133,24,61,129,0.108987,0.114467,4.66444,1.35808,4.15878,4.28051,4.42805
line,2.5,hopcount,0,18,18.9767,23,75,115,0.106795,0.110083,4.59336,1.47861,4.02808,4.10617,4.55363
line,2.5,hopcount,0,19,14.7233,24,98,92,0.106795,0.112275,4.57165,1.50119,2.97046,2.54554,2.91542
line,2.5,lqi,0,0,18.296,23,74,116,0.108987,0.107891,4.56549,1.43809,3.93011,3.6201,4.52534
line,2.5,lqi,0,1,17.2756,14,63,127,0.108439,0.107891,3.53865,1.14436,3.9729,3.73277,4.67058
line,2.5,lqi,0,2,18.001,19,66,124,0.109535,0.110083,4.22575,1.42588,3.83989,3.81827,4.47156
line,2.5,lqi,0,3,15.3274,25,87,103,0.113919,0.111179,4.66225,1.41838,2.9489,2.69313,3.37964
line,2.5,lqi,0,4,17.8787,17,63,127,0.107891,0.109535,3.88509,1.20541,3.99297,3.57401,5.00383
line,2.5,lqi,0,5,19.6343,20,60,130,0.110631,0.107343,4.17217,1.36528,4.28772,4.37523,5.21591
line,2.5,lqi,0,6,20.7544,27,61,129,0.108439,0.107343,4.99709,1.75353,4.3231,4.40676,5.05819
line,2.5,lqi,0,7,23.3897,25,40,150,0.112823,0.111179,4.79489,1.46018,5.24086,5.3844,6.28536
line,2.5,lqi,0,8,16.7455,21,76,114,0.105151,0.103507,4.26282,1.18823,3.34005,3.61575,4.12999
line,2.5,lqi,0,9,17.525,19,69,121,0.112823,0.108439,4.07009,1.36775,3.84361,3.64773,4.37453
line,2.5,lqi,0,10,17.7357,24,71,119,0.110631,0.110083,4.80202,1.42872,3.71869,3.4547,4.11091
line,2.5,lqi,0,11,16.2048,23,85,105,0.106247,0.110631,4.51368,1.37109,3.39523,3.05207,3.65585
line,2.5,lqi,0,12,15.0586,19,82,108,0.111727,0.109535,4.12355,1.28094,3.05489,3.0334,3.34453
line,2.5,lqi,0,13,17.4934,23,73,117,0.107343,0.110083,4.47687,1.4124,3.69852,3.3053,4.38287
line,2.5,lqi,0,14,17.0796,19,63,127,0.110083,0.112275,4.0249,1.33277,3.63064,3.42099,4.44798
line,2.5,lqi,0,15,18.226,21,72,118,0.111179,0.111179,4.37319,1.43041,3.81336,3.85964,4.527
line,2.5,lqi,0,16,20.4991,23,58,132,0.108987,0.109535,4.5157,1.61225,4.26689,4.37911,5.50659
line,2.5,lqi,0,17,20.67,25,53,137,0.108987,0.114467,4.82174,1.59184,4.62028,4.20638,5.20626
line,2.5,lqi,0,18,19.347,20,58,132,0.106795,0.110083,4.27681,1.29425,4.19954,4.36205,4.99743
line,2.5,lqi,0,19,18.4423,22,70,120,0.106795,0.112275,4.40671,1.39389,3.91799,3.98771,4.51693
line,2.5,leo,0,0,15.8209,17,83,107,0.108987,0.107891,5.02243,1.14977,3.31773,2.80661,3.30753
line,2.5,leo,0,1,18.7361,19,70,120,0.108439,0.107891,5.52648,1.26103,3.74642,3.57401,4.4118
line,2.5,leo,0,2,16.5595,19,87,103,0.109535,0.110083,5.52179,1.29293,3.19301,3.08828,3.24389
line,2.5,leo,0,3,17.5473,16,84,106,0.113919,0.111179,4.88279,1.03584,3.45331,3.80001,4.15026
line,2.5,leo,0,4,17.8974,19,76,114,0.107343,0.109535,5.02092,1.16568,3.8056,3.52331,4.16504
line,2.5,leo,0,5,18.7294,20,71,119,0.111179,0.107343,5.47567,1.27027,3.93218,3.55486,4.27787
line,2.5,leo,0,6,16.1488,21,97,93,0.108439,0.107343,5.64992,1.23302,2.80196,3.11391,3.13425
line,2.5,leo,0,7,19.5851,20,77,113,0.112823,0.111179,5.80478,1.18119,3.7785,4.15011,4.44649
line,2.5,leo,0,8,16.0639,16,82,108,0.105151,0.103507,4.90751,1.03089,2.95423,3.41913,3.54348
line,2.5,leo,0,9,21.7683,21,61,129,0.112823,0.108439,5.89909,1.34884,4.66721,4.31781,5.31413
line,2.5,leo,0,10,19.4083,22,80,110,0.110631,0.110083,6.35473,1.21113,3.98977,3.56346,4.0685
line,2.5,leo,0,11,16.7103,20,90,100,0.106795,0.110631,5.34914,1.22699,3.34899,3.13728,3.43044
line,2.5,leo,0,12,17.2456,19,82,108,0.111727,0.109535,5.40829,1.16076,3.21203,3.38104,3.86218
line,2.5,leo,0,13,14.9285,21,97,93,0.107343,0.110083,5.45704,1.27941,2.71301,2.28371,2.97792
line,2.5,leo,0,14,19.2651,17,63,127,0.110083,0.112275,5.22801,1.27283,4.11382,3.83418,4.59389
line,2.5,leo,0,15,18.9159,22,74,116,0.111179,0.111179,6.04299,1.32003,3.79024,3.44516,4.09516
line,2.5,leo,0,16,21.4954,21,60,130,0.109535,0.110083,5.7299,1.37126,4.67058,4.30521,5.1988
line,2.5,leo,0,17,21.727,20,56,134,0.108987,0.114467,5.74997,1.22596,4.48282,5.01613,5.02868
line,2.5,leo,0,18,19.6416,15,63,127,0.106795,0.110083,4.79952,1.1383,4.11246,4.3035,5.07091
line,2.5,leo,0,19,19.6999,25,68,122,0.106795,0.112275,6.26965,1.36622,3.99209,3.55554,4.29734
line,2.5,lqi-literal,0,0,20.9563,24,65,125,0.108987,0.107891,4.56562,1.51298,4.79802,4.53997,5.32284
line,2.5,lqi-literal,0,1,15.7185,20,85,105,0.108439,0.107891,4.23263,1.32569,3.20082,3.14587,3.59714
line,2.5,lqi-literal,0,2,14.8855,22,97,93,0.109535,0.110083,4.46321,1.28405,2.97194,2.81775,3.12889
line,2.5,lqi-literal,0,3,17.6642,18,72,118,0.113919,0.111179,4.02869,1.15021,3.7692,4.08201,4.40901
line,2.5,lqi-literal,0,4,15.4766,26,98,92,0.107343,0.109535,4.79527,1.53325,3.10798,2.77263,3.0506
line,2.5,lqi-literal,0,5,17.774,21,65,125,0.111179,0.107343,4.30358,1.28977,3.91061,3.90049,4.15098
line,2.5,lqi-literal,0,6,15.9253,22,80,110,0.108439,0.107343,4.39339,1.25214,3.41337,3.15535,3.49522
line,2.5,lqi-literal,0,7,20.5149,17,53,137,0.112823,0.111179,3.9219,1.1671,4.88017,4.80511,5.51665
line,2.5,lqi-literal,0,8,17.6974,19,65,125,0.105151,0.103507,3.99653,1.11415,3.84764,4.01679,4.51362
line,2.5,lqi-literal,0,9,21.1815,21,52,138,0.112823,0.108439,4.30793,1.49089,5.0414,4.76189,5.35815
line,2.5,lqi-literal,0,10,18.8304,23,68,122,0.110631,0.110083,4.644,1.42105,4.39906,3.71505,4.43056
line,2.5,lqi-literal,0,11,18.2024,27,77,113,0.106795,0.110631,5.01232,1.59041,3.96089,3.63745,3.78393
line,2.5,lqi-literal,0,12,14.7337,24,98,92,0.111727,0.109535,4.59791,1.53375,2.88293,2.53,2.96781
line,2.5,lqi-literal,0,13,17.2456,25,77,113,0.107343,0.110083,4.74911,1.50213,3.52523,3.35288,3.89877
line,2.5,lqi-literal,0,14,16.8936,30,78,112,0.110083,0.112275,5.35353,1.84381,3.28479,2.64929,3.53987
line,2.5,lqi-literal,0,15,18.1185,26,77,113,0.111179,0.111179,4.86412,1.57244,3.89868,3.61406,3.94685
line,2.5,lqi-literal,0,16,16.9934,20,78,112,0.109535,0.110083,4.20535,1.35662,3.72416,3.67225,3.8154
line,2.5,lqi-literal,0,17,19.1133,24,61,129,0.108987,0.114467,4.66444,1.35808,4.15878,4.28051,4.42805
line,2.5,lqi-literal,0,18,18.9767,23,75,115,0.106795,0.110083,4.59336,1.47861,4.02808,4.10617,4.55363
line,2.5,lqi-literal,0,19,14.7233,24,98,92,0.106795,0.112275,4.57165,1.50119,2.97046,2.54554,2.91542
line,2.625,hopcount,0,0,19.7548,28,73,117,0.103507,0.0996713,4.53579,1.78467,4.44648,3.83328,4.95143
line,2.625,hopcount,0,1,23.7076,23,62,128,0.101315,0.100767,3.90918,1.42308,5.60713,6.13248,6.43362
line,2.625,hopcount,0,2,18.0943,24,84,106,0.0974793,0.101863,4.12842,1.66308,4.09377,3.50135,4.50832
line,2.625,hopcount,0,3,18.5626,17,82,108,0.102959,0.103507,3.45492,1.22921,4.25392,4.5237,4.89435
line,2.625,hopcount,0,4,21.4317,18,66,124,0.101315,0.0991233,3.71131,1.42113,5.23561,4.92828,5.93488
line,2.625,hopcount,0,5,19.6835,18,80,110,0.0991233,0.0969313,3.50122,1.18723,4.5833,4.66376,5.55195
line,2.625,hopcount,0,6,20.6067,22,73,117,0.0996713,0.100219,3.92962,1.67725,4.49171,4.71548,5.59274
line,2.625,hopcount,0,7,21.1537,22,61,129,0.104603,0.103507,3.92651,1.48765,5.10225,4.72194,5.70723
line,2.625,hopcount,0,8,20.6312,20,64,126,0.0991233,0.0969313,3.82094,1.41929,4.88879,4.68323,5.62293
line,2.625,hopcount,0,9,13.8084,23,102,88,0.100767,0.101863,3.94396,1.30472,2.76311,2.41746,3.17649
line,2.625,hopcount,0,10,21.2144,17,59,131,0.105699,0.102959,3.23294,1.18297,5.31543,5.13899,6.13545
line,2.625,hopcount,0,11,15.3998,19,91,99,0.103507,0.0980273,3.3623,1.27334,3.49027,3.24284,3.82948
line,2.625,hopcount,0,12,16.4797,19,84,106,0.105151,0.103507,3.80027,1.40707,3.68983,3.41508,3.95878
line,2.625,hopcount,0,13,22.1194,19,67,123,0.101863,0.0996713,3.72181,1.34967,5.37351,5.01609,6.45675
line,2.625,hopcount,0,14,23.0464,17,47,143,0.101315,0.100767,3.33227,1.42855,5.49005,5.53369,7.05979
line,2.625,hopcount,0,15,17.6069,20,84,106,0.0996713,0.0985753,3.81642,1.43987,3.82235,3.76776,4.56221
line,2.625,hopcount,0,16,19.1308,22,83,107,0.101315,0.101315,3.96694,1.42702,4.33676,4.31779,4.87967
line,2.625,hopcount,0,17,16.2146,22,92,98,0.0996713,0.100219,3.98688,1.54981,3.33902,3.34926,3.78977
line,2.625,hopcount,0,18,22.3118,25,55,135,0.0991233,0.104055,4.29694,1.83614,4.94028,4.84395,6.19134
line,2.625,hopcount,0,19,20.5665,21,71,119,0.104055,0.100767,3.82574,1.528,4.85713,4.49289,5.65791
line,2.625,lqi,0,0,18.8416,17,66,124,0.104055,0.0991233,3.55675,1.25305,4.24272,4.15974,5.42616
line,2.625,lqi,0,1,19.4655,15,62,128,0.100767,0.100767,3.21928,1.29518,4.38687,4.49838,5.86423
line,2.625,lqi,0,2,18.5105,22,74,116,0.0980273,0.101315,3.98245,1.63253,4.05353,3.45888,5.18381
line,2.625,lqi,0,3,18.4675,22,78,112,0.102959,0.103507,3.70411,1.40923,4.2162,3.91001,5.02145
line,2.625,lqi,0,4,18.2809,25,80,110,0.101863,0.0996713,4.40306,1.72554,3.99858,3.2642,4.68802
line,2.625,lqi,0,5,16.5094,24,94,96,0.0996713,0.0980273,4.0938,1.72111,3.37282,2.95372,4.17028
line,2.625,lqi,0,6,18.0767,18,77,113,0.0996713,0.100219,3.47314,1.47483,3.85723,3.91829,5.15336
line,2.625,lqi,0,7,15.981,18,84,106,0.104055,0.104603,3.43232,1.1425,3.3933,3.5577,4.24656
line,2.625,lqi,0,8,22.975,16,53,137,0.100219,0.0969313,3.51863,1.21465,5.35676,5.78079,6.90701
line,2.625,lqi,0,9,17.3558,18,79,111,0.101315,0.101863,3.39712,1.39718,3.87807,3.55501,4.92525
line,2.625,lqi,0,10,17.2798,17,84,106,0.105699,0.102959,3.51218,1.42136,3.7342,3.74894,4.65449
line,2.625,lqi,0,11,12.6875,19,109,81,0.103507,0.0985753,3.48625,1.34682,2.47755,2.14011,3.0347
line,2.625,lqi,0,12,17.601,20,79,111,0.106247,0.104055,3.75702,1.16058,3.81035,3.87532,4.78739
line,2.625,lqi,0,13,22.4626,27,67,123,0.102411,0.101315,4.67737,2.19344,4.75037,4.45881,6.17888
line,2.625,lqi,0,14,18.9929,19,68,122,0.101315,0.100219,3.63335,1.28208,4.35123,4.07151,5.45321
line,2.625,lqi,0,15,21.4245,14,52,138,0.0996713,0.0985753,3.2463,1.26268,5.11983,5.11401,6.48343
line,2.625,lqi,0,16,21.4129,25,71,119,0.100767,0.101863,4.37655,1.92538,4.73652,4.16819,6.00362
line,2.625,lqi,0,17,16.4956,25,90,100,0.100219,0.101315,4.05737,1.44613,3.39314,3.1729,4.22452
line,2.625,lqi,0,18,18.5119,20,74,116,0.0991233,0.104055,3.61999,1.46433,3.94859,3.77104,5.50473
line,2.625,lqi,0,19,19.3237,28,71,119,0.104055,0.100767,4.3179,1.80546,4.20403,3.83885,4.95259
line,2.625,leo,0,0,15.6757,16,94,96,0.103507,0.0996713,4.00936,1.02949,3.40933,3.21296,3.81141
line,2.625,leo,0,1,18.6552,16,76,114,0.101315,0.100767,3.82409,1.13596,4.26189,4.30508,4.92609
line,2.625,leo,0,2,15.4128,21,103,87,0.0974793,0.101863,5.42932,1.53456,2.73069,2.53483,2.98405
line,2.625,leo,0,3,19.6705,19,74,116,0.102959,0.103507,4.58035,1.38833,4.24293,4.19275,5.05964
line,2.625,leo,0,4,19.9824,20,74,116,0.101315,0.0991233,4.80482,1.3529,4.35512,4.18006,5.08904
line,2.625,leo,0,5,17.5422,15,73,117,0.0991233,0.0969313,3.77109,1.16981,3.90172,3.78872,4.71481
line,2.625,leo,0,6,20.6835,19,68,122,0.0996713,0.100219,4.52385,1.40617,4.66319,4.61038,5.28002
line,2.625,leo,0,7,15.0221,24,99,91,0.104603,0.103507,4.90416,1.43312,3.00728,2.43138,3.03802
line,2.625,leo,0,8,23.3024,22,61,129,0.0991233,0.0969313,5.05388,1.45406,5.22113,5.05072,6.32657
line,2.625,leo,0,9,15.7642,20,92,98,0.100767,0.101863,4.39539,1.21249,3.3059,3.02081,3.627
line,2.625,leo,0,10,19.2632,24,79,111,0.105699,0.102959,5.3644,1.59834,4.02604,3.45432,4.61147
line,2.625,leo,0,11,17.3802,17,81,109,0.103507,0.0980273,4.17088,1.31684,3.83435,3.50265,4.35399
line,2.625,leo,0,12,21.5719,21,72,118,0.105151,0.103507,5.50691,1.63615,4.46796,4.47547,5.27674
line,2.625,leo,0,13,17.6164,20,93,97,0.101863,0.0996713,5.21131,1.55083,3.46449,3.03549,4.15272
line,2.625,leo,0,14,17.1447,20,84,106,0.101315,0.100767,4.43236,1.47517,3.42138,3.26878,4.34493
line,2.625,leo,0,15,15.8129,20,91,99,0.0996713,0.0985753,4.45387,1.24297,3.25073,2.99011,3.677
line,2.625,leo,0,16,21.4481,26,78,112,0.101315,0.101315,5.92966,1.60518,4.53538,3.93894,5.23632
line,2.625,leo,0,17,21.2756,19,66,124,0.0991233,0.100767,4.58364,1.4744,4.67637,4.375,5.96635
line,2.625,leo,0,18,20.351,20,76,114,0.0991233,0.104055,4.9779,1.61242,4.17171,3.90573,5.48005
line,2.625,leo,0,19,25.7657,21,56,134,0.104055,0.100767,5.16438,1.4225,5.73404,5.94514,7.29483
line,2.625,lqi-literal,0,0,19.7548,28,73,117,0.103507,0.0996713,4.53579,1.78467,4.44648,3.83328,4.95143
line,2.625,lqi-literal,0,1,23.7076,23,62,128,0.101315,0.100767,3.90918,1.42308,5.60713,6.13248,6.43362
line,2.625,lqi-literal,0,2,18.0943,24,84,106,0.0974793,0.101863,4.12842,1.66308,4.09377,3.50135,4.50832
line,2.625,lqi-literal,0,3,18.5626,17,82,108,0.102959,0.103507,3.45492,1.22921,4.25392,4.5237,4.89435
line,2.625,lqi-literal,0,4,21.4317,18,66,124,0.101315,0.0991233,3.71131,1.42113,5.23561,4.92828,5.93488
line,2.625,lqi-literal,0,5,19.6835,18,80,110,0.0991233,0.0969313,3.50122,1.18723,4.5833,4.66376,5.55195
line,2.625,lqi-literal,0,6,20.6067,22,73,117,0.0996713,0.100219,3.92962,1.67725,4.49171,4.71548,5.59274
line,2.625,lqi-literal,0,7,21.1537,22,61,129,0.104603,0.103507,3.92651,1.48765,5.10225,4.72194,5.70723
line,2.625,lqi-literal,0,8,20.6312,20,64,126,0.0991233,0.0969313,3.82094,1.41929,4.88879,4.68323,5.62293
line,2.625,lqi-literal,0,9,13.8084,23,102,88,0.100767,0.101863,3.94396,1.30472,2.76311,2.41746,3.17649
line,2.625,lqi-literal,0,10,21.2144,17,59,131,0.105699,0.102959,3.23294,1.18297,5.31543,5.13899,6.13545
line,2.625,lqi-literal,0,11,15.3998,19,91,99,0.103507,0.0980273,3.3623,1.27334,3.49027,3.24284,3.82948
line,2.625,lqi-literal,0,12,16.4797,19,84,106,0.105151,0.103507,3.80027,1.40707,3.68983,3.41508,3.95878
line,2.625,lqi-literal,0,13,22.1194,19,67,123,0.101863,0.0996713,3.72181,1.34967,5.37351,5.01609,6.45675
line,2.625,lqi-literal,0,14,23.0464,17,47,143,0.101315,0.100767,3.33227,1.42855,5.49005,5.53369,7.05979
line,2.625,lqi-literal,0,15,17.6069,20,84,106,0.0996713,0.0985753,3.81642,1.43987,3.82235,3.76776,4.56221
line,2.625,lqi-literal,0,16,19.1308,22,83,107,0.101315,0.101315,3.96694,1.42702,4.33676,4.31779,4.87967
line,2.625,lqi-literal,0,17,16.2146,22,92,98,0.0996713,0.100219,3.98688,1.54981,3.33902,3.34926,3.78977
line,2.625,lqi-literal,0,18,22.3118,25,55,135,0.0991233,0.104055,4.29694,1.83614,4.94028,4.84395,6.19134
line,2.625,lqi-literal,0,19,20.5665,21,71,119,0.104055,0.100767,3.82574,1.528,4.85713,4.49289,5.65791
line,3,hopcount,0,0,6.68256,5,139,51,0.0859713,0.0854233,1.38676,0.407063,1.58605,1.3622,1.76909
line,3,hopcount,0,1,7.03431,6,141,49,0.0843273,0.0854233,1.39022,0.543046,1.57686,1.42196,1.93248
line,3,hopcount,0,2,13.3965,5,111,79,0.0843273,0.0859713,1.5243,0.390371,3.35557,3.3359,4.62002
line,3,hopcount,0,3,9.53801,7,124,66,0.0843273,0.0832313,1.52868,0.531346,2.30157,2.0696,2.93926
line,3,hopcount,0,4,12.2042,5,127,63,0.0854233,0.0854233,1.33304,0.43274,3.07465,2.89053,4.30234
line,3,hopcount,0,5,7.66543,6,126,64,0.0876153,0.0832313,1.3376,0.263678,1.88748,1.75539,2.25043
line,3,hopcount,0,6,9.95425,4,120,70,0.0843273,0.0848753,1.37639,0.312684,2.42626,2.42594,3.24378
line,3,hopcount,0,7,11.0745,5,111,79,0.0870673,0.0843273,1.25053,0.357843,2.90931,2.77714,3.60831
line,3,hopcount,0,8,8.91631,5,140,50,0.0854233,0.0854233,1.50954,0.292751,2.0726,2.16564,2.70493
line,3,hopcount,0,9,10.6411,8,134,56,0.0876153,0.0837793,1.45089,0.503014,2.75947,2.32747,3.42885
line,3,hopcount,0,10,16.3669,5,91,99,0.0848753,0.0870673,1.315,0.497618,4.50309,4.35243,5.52679
line,3,hopcount,0,11,12.7144,5,112,78,0.0859713,0.0843273,1.37019,0.428017,3.24371,3.19157,4.31066
line,3,hopcount,0,12,5.88896,8,149,41,0.0859713,0.0870673,1.44322,0.367176,1.31674,1.11637,1.47242
line,3,hopcount,0,13,7.08112,4,136,54,0.0848753,0.0837793,1.30425,0.298771,1.54924,1.6231,2.1371
line,3,hopcount,0,14,10.7657,2,110,80,0.0843273,0.0848753,1.30264,0.491904,2.48776,2.63238,3.68184
line,3,hopcount,0,15,9.58157,8,132,58,0.0826833,0.0826833,1.27912,0.45799,2.36138,2.2401,3.07762
line,3,hopcount,0,16,10.5854,9,128,62,0.0837793,0.0843273,1.66272,0.679458,2.49695,2.31863,3.25953
line,3,hopcount,0,17,8.731,9,129,61,0.0865193,0.0848753,1.48715,0.533168,2.0013,1.94886,2.58912
line,3,hopcount,0,18,5.79297,7,148,42,0.0843273,0.0870673,1.34051,0.342255,1.32404,1.01199,1.60279
line,3,hopcount,0,19,6.86082,5,144,46,0.0854233,0.0843273,1.31538,0.261297,1.57309,1.57792,1.96338
line,3,lqi,0,0,9.44959,7,132,58,0.0859713,0.0854233,1.52611,0.586705,2.35855,1.96182,2.84501
line,3,lqi,0,1,7.03431,6,141,49,0.0843273,0.0854233,1.39022,0.543046,1.57686,1.42196,1.93248
line,3,lqi,0,2,6.33768,5,142,48,0.0843273,0.0859713,1.47585,0.419249,1.297,1.26787,1.70741
line,3,lqi,0,3,9.53801,7,124,66,0.0843273,0.0832313,1.52868,0.531346,2.30157,2.0696,2.93926
line,3,lqi,0,4,12.2042,5,127,63,0.0854233,0.0854233,1.33304,0.43274,3.07465,2.89053,4.30234
line,3,lqi,0,5,7.66543,6,126,64,0.0876153,0.0832313,1.3376,0.263678,1.88748,1.75539,2.25043
line,3,lqi,0,6,9.95425,4,120,70,0.0843273,0.0848753,1.37639,0.312684,2.42626,2.42594,3.24378
line,3,lqi,0,7,8.9851,4,124,66,0.0870673,0.0843273,1.33178,0.488826,2.07726,1.99644,2.9194
line,3,lqi,0,8,8.91631,5,140,50,0.0854233,0.0854233,1.50954,0.292751,2.0726,2.16564,2.70493
line,3,lqi,0,9,10.1445,6,119,71,0.0876153,0.0837793,1.34397,0.455671,2.82121,2.16346,3.18883
line,3,lqi,0,10,19.1959,5,83,107,0.0848753,0.0870673,1.29223,0.565489,5.27262,5.10883,6.78475
line,3,lqi,0,11,12.7144,5,112,78,0.0859713,0.0843273,1.37019,0.428017,3.24371,3.19157,4.31066
line,3,lqi,0,12,5.88896,8,149,41,0.0859713,0.0870673,1.44322,0.367176,1.31674,1.11637,1.47242
line,3,lqi,0,13,7.08112,4,136,54,0.0848753,0.0837793,1.30425,0.298771,1.54924,1.6231,2.1371
line,3,lqi,0,14,10.7657,2,110,80,0.0843273,0.0848753,1.30264,0.491904,2.48776,2.63238,3.68184
line,3,lqi,0,15,9.88875,7,124,66,0.0826833,0.0826833,1.38385,0.565673,2.28017,2.4857,3.00798
line,3,lqi,0,16,10.5854,9,128,62,0.0837793,0.0843273,1.66272,0.679458,2.49695,2.31863,3.25953
line,3,lqi,0,17,8.731,9,129,61,0.0865193,0.0848753,1.48715,0.533168,2.0013,1.94886,2.58912
line,3,lqi,0,18,5.79297,7,148,42,0.0843273,0.0870673,1.34051,0.342255,1.32404,1.01199,1.60279
line,3,lqi,0,19,9.61025,6,134,56,0.0854233,0.0843273,1.56039,0.413621,2.34457,2.03122,3.0907
line,3,leo,0,0,6.68256,5,139,51,0.0859713,0.0854233,1.38676,0.407063,1.58605,1.3622,1.76909
line,3,leo,0,1,7.03037,6,141,49,0.0843273,0.0854233,1.47109,0.449481,1.56015,1.46666,1.91324
line,3,leo,0,2,13.2427,5,111,79,0.0843273,0.0859713,1.44672,0.390371,3.30599,3.3359,4.59345
line,3,leo,0,3,12.2048,7,116,74,0.0843273,0.0832313,1.63506,0.670821,2.94828,2.69174,4.09138
line,3,leo,0,4,12.2042,5,127,63,0.0854233,0.0854233,1.33304,0.43274,3.07465,2.89053,4.30234
line,3,leo,0,5,7.66543,6,126,64,0.0876153,0.0832313,1.3376,0.263678,1.88748,1.75539,2.25043
line,3,leo,0,6,9.19124,5,124,66,0.0843273,0.0848753,1.6179,0.51895,2.03288,2.09641,2.7559
line,3,leo,0,7,11.0745,5,111,79,0.0870673,0.0843273,1.25053,0.357843,2.90931,2.77714,3.60831
line,3,leo,0,8,16.7018,3,115,75,0.0854233,0.0854233,1.56418,0.384145,4.15496,4.41083,6.01683
line,3,leo,0,9,7.89187,8,142,48,0.0876153,0.0837793,1.42774,0.43146,2.03094,1.52739,2.30294
line,3,leo,0,10,16.3669,5,91,99,0.0848753,0.0870673,1.315,0.497618,4.50309,4.35243,5.52679
line,3,leo,0,11,12.6957,5,112,78,0.0859713,0.0843273,1.35143,0.428017,3.24371,3.19157,4.31066
line,3,leo,0,12,8.57401,8,139,51,0.0859713,0.0870673,1.5609,0.47252,2.05627,1.72974,2.58155
line,3,leo,0,13,9.18687,2,128,62,0.0848753,0.0837793,1.3201,0.218836,2.21456,2.29734,2.96737
line,3,leo,0,14,10.7657,2,110,80,0.0843273,0.0848753,1.30264,0.491904,2.48776,2.63238,3.68184
line,3,leo,0,15,9.37671,8,133,57,0.0826833,0.0826833,1.27237,0.45799,2.26752,2.20402,3.00943
line,3,leo,0,16,12.0541,9,124,66,0.0837793,0.0843273,1.6986,0.685506,2.93251,2.74056,3.82883
line,3,leo,0,17,7.89446,8,132,58,0.0865193,0.0848753,1.4183,0.4851,1.76372,1.76409,2.29186
line,3,leo,0,18,5.79752,7,148,42,0.0843273,0.0870673,1.34506,0.342255,1.32404,1.01199,1.60279
line,3,leo,0,19,6.86082,5,144,46,0.0854233,0.0843273,1.31538,0.261297,1.57309,1.57792,1.96338
line,3,lqi-literal,0,0,6.68256,5,139,51,0.0859713,0.0854233,1.38676,0.407063,1.58605,1.3622,1.76909
line,3,lqi-literal,0,1,7.03431,6,141,49,0.0843273,0.0854233,1.39022,0.543046,1.57686,1.42196,1.93248
line,3,lqi-literal,0,2,13.3965,5,111,79,0.0843273,0.0859713,1.5243,0.390371,3.35557,3.3359,4.62002
line,3,lqi-literal,0,3,9.53801,7,124,66,0.0843273,0.0832313,1.52868,0.531346,2.30157,2.0696,2.93926
line,3,lqi-literal,0,4,12.2042,5,127,63,0.0854233,0.0854233,1.33304,0.43274,3.07465,2.89053,4.30234
line,3,lqi-literal,0,5,7.66543,6,126,64,0.0876153,0.0832313,1.3376,0.263678,1.88748,1.75539,2.25043
line,3,lqi-literal,0,6,9.95425,4,120,70,0.0843273,0.0848753,1.37639,0.312684,2.42626,2.42594,3.24378
line,3,lqi-literal,0,7,11.0745,5,111,79,0.0870673,0.0843273,1.25053,0.357843,2.90931,2.77714,3.60831
line,3,lqi-literal,0,8,8.91631,5,140,50,0.0854233,0.0854233,1.50954,0.292751,2.0726,2.16564,2.70493
line,3,lqi-literal,0,9,10.6411,8,134,56,0.0876153,0.0837793,1.45089,0.503014,2.75947,2.32747,3.42885
line,3,lqi-literal,0,10,16.3669,5,91,99,0.0848753,0.0870673,1.315,0.497618,4.50309,4.35243,5.52679
line,3,lqi-literal,0,11,12.7144,5,112,78,0.0859713,0.0843273,1.37019,0.428017,3.24371,3.19157,4.31066
line,3,lqi-literal,0,12,5.88896,8,149,41,0.0859713,0.0870673,1.44322,0.367176,1.31674,1.11637,1.47242
line,3,lqi-literal,0,13,7.08112,4,136,54,0.0848753,0.0837793,1.30425,0.298771,1.54924,1.6231,2.1371
line,3,lqi-literal,0,14,10.7657,2,110,80,0.0843273,0.0848753,1.30264,0.491904,2.48776,2.63238,3.68184
line,3,lqi-literal,0,15,9.58157,8,132,58,0.0826833,0.0826833,1.27912,0.45799,2.36138,2.2401,3.07762
line,3,lqi-literal,0,16,10.5854,9,128,62,0.0837793,0.0843273,1.66272,0.679458,2.49695,2.31863,3.25953
line,3,lqi-literal,0,17,8.731,9,129,61,0.0865193,0.0848753,1.48715,0.533168,2.0013,1.94886,2.58912
line,3,lqi-literal,0,18,5.79297,7,148,42,0.0843273,0.0870673,1.34051,0.342255,1.32404,1.01199,1.60279
line,3,lqi-literal,0,19,6.86082,5,144,46,0.0854233,0.0843273,1.31538,0.261297,1.57309,1.57792,1.96338
circle,2,hopcount,0,0,12.5288,0,0,190,0.230095,0.228451,4.31043,0.120308,2.50262,3.12943,2.00741
circle,2,hopcount,0,1,13.166,0,0,190,0.227355,0.231191,4.32578,0.137052,2.59629,3.50459,2.14378
circle,2,hopcount,0,2,12.8103,0,0,190,0.229547,0.225163,4.33729,0.149115,2.51196,3.32057,2.03662
circle,2,hopcount,0,3,13.3509,0,0,190,0.226807,0.230095,4.30715,0.137458,2.72401,3.53897,2.18639
circle,2,hopcount,0,4,13.0466,1,1,189,0.233931,0.237767,4.57122,0.128303,2.53895,3.32474,2.01172
circle,2,hopcount,0,5,12.7973,3,2,188,0.218587,0.225711,5.01716,0.15963,2.38347,2.9323,1.86047
circle,2,hopcount,0,6,12.7942,1,1,189,0.226259,0.227355,4.55587,0.117528,2.3884,3.26389,2.01486
circle,2,hopcount,0,7,12.8497,1,1,189,0.231191,0.222423,4.56245,0.158949,2.27525,3.34318,2.05621
circle,2,hopcount,0,8,12.4031,0,0,190,0.226259,0.226807,4.2929,0.0998203,2.42107,3.10488,2.03134
circle,2,hopcount,0,9,12.5972,0,0,190,0.224615,0.224615,4.31591,0.0968619,2.46684,3.32885,1.93954
circle,2,hopcount,0,10,13.0089,1,1,189,0.225163,0.228999,4.5482,0.136392,2.40285,3.32699,2.14034
circle,2,hopcount,0,11,12.6117,1,1,189,0.226259,0.222971,4.55587,0.115273,2.26397,3.31836,1.90896
circle,2,hopcount,0,12,12.8207,2,2,188,0.229547,0.222423,4.78652,0.130817,2.47352,2.93845,2.03943
circle,2,hopcount,0,13,13.1298,2,2,188,0.227355,0.231191,4.76734,0.144025,2.40463,3.28172,2.07353
circle,2,hopcount,0,14,12.5536,0,0,190,0.230643,0.225711,4.3614,0.132177,2.19739,3.31486,2.0914
circle,2,hopcount,0,15,12.6329,0,0,190,0.230643,0.230643,4.29673,0.108383,2.53475,3.21657,2.01519
circle,2,hopcount,0,16,12.8805,2,1,189,0.226259,0.224615,4.77665,0.134227,2.29261,3.23862,1.98749
circle,2,hopcount,0,17,12.8859,0,0,190,0.228999,0.224615,4.32633,0.135958,2.47832,3.36469,2.12698
circle,2,hopcount,0,18,13.5084,2,2,188,0.230643,0.223519,4.77994,0.145386,2.59716,3.42023,2.11153
circle,2,hopcount,0,19,13.6432,1,1,189,0.228451,0.221327,4.57067,0.133131,2.66179,3.68033,2.14747
circle,2,lqi,0,0,12.4027,0,0,190,0.230095,0.228451,4.31043,0.132904,2.38073,2.77397,2.34614
circle,2,lqi,0,1,12.73,1,0,190,0.227355,0.231191,4.55313,0.140307,2.41534,2.79516,2.36748
circle,2,lqi,0,2,12.2201,0,0,190,0.229547,0.225163,4.33729,0.134611,2.3456,2.58988,2.35798
circle,2,lqi,0,3,12.5288,0,0,190,0.226807,0.230095,4.30715,0.123148,2.52528,2.67479,2.44158
circle,2,lqi,0,4,12.4137,0,0,190,0.233931,0.237767,4.34277,0.134,2.41331,2.70529,2.34667
circle,2,lqi,0,5,12.117,0,0,190,0.218587,0.225711,4.34057,0.130542,2.34748,2.49183,2.36232
circle,2,lqi,0,6,12.1954,0,0,190,0.226259,0.227355,4.32304,0.11799,2.38504,2.62045,2.29528
circle,2,lqi,0,7,12.4146,0,0,190,0.231191,0.222423,4.34441,0.134619,2.45277,2.66413,2.3651
circle,2,lqi,0,8,12.8559,1,0,190,0.226259,0.226807,4.51861,0.120807,2.46191,2.91414,2.38735
circle,2,lqi,0,9,12.3977,0,0,190,0.224615,0.224615,4.31591,0.115702,2.36135,2.80422,2.35126
circle,2,lqi,0,10,12.3163,0,0,190,0.225163,0.228999,4.32687,0.135744,2.42755,2.50589,2.46608
circle,2,lqi,0,11,12.3032,0,0,190,0.226259,0.222971,4.33455,0.123079,2.47178,2.6311,2.29348
circle,2,lqi,0,12,12.5848,0,0,190,0.229547,0.222423,4.33126,0.142861,2.49203,2.68168,2.48499
circle,2,lqi,0,13,12.2419,0,0,190,0.227355,0.231191,4.3066,0.129038,2.40259,2.51231,2.43282
circle,2,lqi,0,14,12.3971,0,0,190,0.230643,0.225711,4.3614,0.127719,2.44085,2.66815,2.34266
circle,2,lqi,0,15,12.4957,0,0,190,0.230643,0.230643,4.29673,0.126551,2.45225,2.638,2.52083
circle,2,lqi,0,16,12.6437,0,0,190,0.226259,0.224615,4.32304,0.151356,2.32955,2.95685,2.43199
circle,2,lqi,0,17,12.0731,0,0,190,0.228999,0.224615,4.32633,0.142559,2.36124,2.47682,2.31258
circle,2,lqi,0,18,12.4296,0,0,190,0.230643,0.223519,4.32249,0.118028,2.44988,2.78407,2.30098
circle,2,lqi,0,19,12.6687,0,0,190,0.228451,0.221327,4.34277,0.120226,2.44113,2.84463,2.4702
circle,2,leo,0,0,12.5288,0,0,190,0.230095,0.228451,4.31043,0.120308,2.50262,3.12943,2.00741
circle,2,leo,0,1,13.166,0,0,190,0.227355,0.231191,4.32578,0.137052,2.59629,3.50459,2.14378
circle,2,leo,0,2,12.8103,0,0,190,0.229547,0.225163,4.33729,0.149115,2.51196,3.32057,2.03662
circle,2,leo,0,3,13.3509,0,0,190,0.226807,0.230095,4.30715,0.137458,2.72401,3.53897,2.18639
circle,2,leo,0,4,13.0883,1,1,189,0.233931,0.237767,4.61902,0.124298,2.62938,3.20871,2.0352
circle,2,leo,0,5,12.984,3,3,187,0.218587,0.225711,5.03942,0.161059,2.26827,3.14312,1.92781
circle,2,leo,0,6,12.787,1,1,189,0.226259,0.227355,4.57978,0.120986,2.38317,3.24146,2.00799
circle,2,leo,0,7,12.7934,1,1,189,0.231191,0.222423,4.57577,0.162955,2.20173,3.35467,2.04464
circle,2,leo,0,8,12.4031,0,0,190,0.226259,0.226807,4.2929,0.0998203,2.42107,3.10488,2.03134
circle,2,leo,0,9,12.5972,0,0,190,0.224615,0.224615,4.31591,0.0968619,2.46684,3.32885,1.93954
circle,2,leo,0,10,13.0089,1,1,189,0.225163,0.228999,4.5482,0.136392,2.40285,3.32699,2.14034
circle,2,leo,0,11,12.9921,2,2,188,0.226259,0.222971,4.85439,0.11699,2.42185,3.24276,1.90686
circle,2,leo,0,12,12.8293,2,2,188,0.229547,0.222423,4.846,0.146955,2.42652,2.91967,2.03816
circle,2,leo,0,13,13.3935,2,2,188,0.227355,0.231191,4.84908,0.147009,2.42736,3.28374,2.22779
circle,2,leo,0,14,12.5536,0,0,190,0.230643,0.225711,4.3614,0.132177,2.19739,3.31486,2.0914
circle,2,leo,0,15,12.6329,0,0,190,0.230643,0.230643,4.29673,0.108383,2.53475,3.21657,2.01519
circle,2,leo,0,16,13.2375,2,2,188,0.226259,0.224615,4.81771,0.137685,2.40817,3.38052,2.04252
circle,2,leo,0,17,12.8859,0,0,190,0.228999,0.224615,4.32633,0.135958,2.47832,3.36469,2.12698
circle,2,leo,0,18,13.0963,1,1,189,0.230643,0.223519,4.60313,0.144838,2.49198,3.24651,2.15568
circle,2,leo,0,19,13.6432,1,1,189,0.228451,0.221327,4.57067,0.133131,2.66179,3.68033,2.14747
circle,2,lqi-literal,0,0,12.5288,0,0,190,0.230095,0.228451,4.31043,0.120308,2.50262,3.12943,2.00741
circle,2,lqi-literal,0,1,13.166,0,0,190,0.227355,0.231191,4.32578,0.137052,2.59629,3.50459,2.14378
circle,2,lqi-literal,0,2,12.8103,0,0,190,0.229547,0.225163,4.33729,0.149115,2.51196,3.32057,2.03662
circle,2,lqi-literal,0,3,13.3509,0,0,190,0.226807,0.230095,4.30715,0.137458,2.72401,3.53897,2.18639
circle,2,lqi-literal,0,4,13.0466,1,1,189,0.233931,0.237767,4.57122,0.128303,2.53895,3.32474,2.01172
circle,2,lqi-literal,0,5,12.7973,3,2,188,0.218587,0.225711,5.01716,0.15963,2.38347,2.9323,1.86047
circle,2,lqi-literal,0,6,12.7942,1,1,189,0.226259,0.227355,4.55587,0.117528,2.3884,3.26389,2.01486
circle,2,lqi-literal,0,7,12.8497,1,1,189,0.231191,0.222423,4.56245,0.158949,2.27525,3.34318,2.05621
circle,2,lqi-literal,0,8,12.4031,0,0,190,0.226259,0.226807,4.2929,0.0998203,2.42107,3.10488,2.03134
circle,2,lqi-literal,0,9,12.5972,0,0,190,0.224615,0.224615,4.31591,0.0968619,2.46684,3.32885,1.93954
circle,2,lqi-literal,0,10,13.0089,1,1,189,0.225163,0.228999,4.5482,0.136392,2.40285,3.32699,2.14034
circle,2,lqi-literal,0,11,12.6117,1,1,189,0.226259,0.222971,4.55587,0.115273,2.26397,3.31836,1.90896
circle,2,lqi-literal,0,12,12.8207,2,2,188,0.229547,0.222423,4.78652,0.130817,2.47352,2.93845,2.03943
circle,2,lqi-literal,0,13,13.1298,2,2,188,0.227355,0.231191,4.76734,0.144025,2.40463,3.28172,2.07353
circle,2,lqi-literal,0,14,12.5536,0,0,190,0.230643,0.225711,4.3614,0.132177,2.19739,3.31486,2.0914
circle,2,lqi-literal,0,15,12.6329,0,0,190,0.230643,0.230643,4.29673,0.108383,2.53475,3.21657,2.01519
circle,2,lqi-literal,0,16,12.8805,2,1,189,0.226259,0.224615,4.77665,0.134227,2.29261,3.23862,1.98749
circle,2,lqi-literal,0,17,12.8859,0,0,190,0.228999,0.224615,4.32633,0.135958,2.47832,3.36469,2.12698
circle,2,lqi-literal,0,18,13.5084,2,2,188,0.230643,0.223519,4.77994,0.145386,2.59716,3.42023,2.11153
circle,2,lqi-literal,0,19,13.6432,1,1,189,0.228451,0.221327,4.57067,0.133131,2.66179,3.68033,2.14747
circle,2.25,hopcount,0,0,15.4548,21,39,151,0.153923,0.148443,6.2057,0.647471,3.14533,3.08317,2.0708
circle,2.25,hopcount,0,1,16.2891,10,17,173,0.158855,0.157759,4.4561,0.468765,3.77306,4.5369,2.7377
circle,2.25,hopcount,0,2,14.7144,18,45,145,0.150635,0.146251,5.7264,0.647145,2.7633,3.21589,2.06481
circle,2.25,hopcount,0,3,15.3496,11,30,160,0.155567,0.152279,4.61441,0.430031,3.10441,4.39931,2.49358
circle,2.25,hopcount,0,4,15.2611,26,62,128,0.155567,0.157211,6.99724,0.725698,2.67669,2.81361,1.73506
circle,2.25,hopcount,0,5,14.6942,14,34,156,0.144607,0.153375,5.13591,0.560614,3.02551,3.31001,2.36415
circle,2.25,hopcount,0,6,16.9027,14,14,176,0.152279,0.151183,5.11509,0.466328,3.80976,4.43809,2.76997
circle,2.25,hopcount,0,7,14.6577,12,34,156,0.158307,0.156115,4.80834,0.451172,3.40918,3.4367,2.23786
circle,2.25,hopcount,0,8,16.084,16,27,163,0.147895,0.146251,5.40101,0.52185,3.44756,3.91463,2.50478
circle,2.25,hopcount,0,9,14.704,18,37,153,0.148991,0.150087,5.73955,0.534792,2.84984,3.1407,2.14007
circle,2.25,hopcount,0,10,13.9886,10,30,160,0.156663,0.152279,4.48022,0.420863,2.97633,3.48037,2.32192
circle,2.25,hopcount,0,11,13.6823,17,54,136,0.148443,0.151731,5.58837,0.532949,2.80124,2.70785,1.75167
circle,2.25,hopcount,0,12,14.1741,13,45,145,0.154471,0.147347,4.98034,0.458865,2.88003,3.26985,2.28316
circle,2.25,hopcount,0,13,14.5825,12,41,149,0.157211,0.155567,4.77546,0.510149,3.42024,3.38329,2.18055
circle,2.25,hopcount,0,14,14.9957,17,42,148,0.157211,0.150087,5.58398,0.596478,3.10294,3.19804,2.20702
circle,2.25,hopcount,0,15,15.4915,16,28,162,0.151731,0.155567,5.39389,0.551817,3.20938,3.53567,2.49345
circle,2.25,hopcount,0,16,13.8551,13,41,149,0.150087,0.149539,4.94363,0.482309,2.85754,3.12901,2.14295
circle,2.25,hopcount,0,17,14.977,11,25,165,0.151183,0.153923,4.65496,0.401181,3.21386,4.04986,2.35201
circle,2.25,hopcount,0,18,14.9608,16,34,156,0.152827,0.154471,5.36265,0.582359,2.96946,3.38227,2.35678
circle,2.25,hopcount,0,19,15.3479,12,28,162,0.152827,0.154471,4.77217,0.467028,3.20351,3.967,2.6309
circle,2.25,lqi,0,0,14.3513,10,15,175,0.153923,0.148443,4.47419,0.397733,3.00194,3.19009,2.98496
circle,2.25,lqi,0,1,15.7881,10,13,177,0.158855,0.157759,4.46487,0.390208,3.40231,4.05379,3.16032
circle,2.25,lqi,0,2,13.4651,7,27,163,0.150635,0.146251,4.02228,0.328523,2.57738,3.49942,2.74062
circle,2.25,lqi,0,3,14.4098,12,18,172,0.155567,0.152279,4.76888,0.421326,2.84864,3.28638,2.77672
circle,2.25,lqi,0,4,14.8189,14,24,166,0.155567,0.157211,5.08988,0.497159,3.04725,3.17542,2.69638
circle,2.25,lqi,0,5,14.1014,7,13,177,0.144607,0.153375,4.04091,0.323294,2.9972,3.23819,3.20381
circle,2.25,lqi,0,6,14.6527,10,22,168,0.152279,0.151183,4.512,0.373174,2.86296,3.65742,2.94366
circle,2.25,lqi,0,7,14.6549,9,21,169,0.158307,0.156115,4.35424,0.420684,3.08173,3.53851,2.9453
circle,2.25,lqi,0,8,15.1929,10,10,180,0.147895,0.146251,4.45775,0.366394,3.32844,3.63907,3.10711
circle,2.25,lqi,0,9,14.132,13,30,160,0.148991,0.150087,4.97212,0.473906,2.83665,3.10667,2.44352
circle,2.25,lqi,0,10,13.8406,10,28,162,0.156663,0.152279,4.45172,0.399459,2.77463,3.26528,2.64056
circle,2.25,lqi,0,11,15.0029,11,17,173,0.148443,0.151731,4.65496,0.416261,3.10088,3.67798,2.85266
circle,2.25,lqi,0,12,14.0891,7,14,176,0.154471,0.147347,4.03105,0.359882,3.20491,3.1493,3.04213
circle,2.25,lqi,0,13,15.1615,10,20,170,0.157211,0.155567,4.44734,0.417276,3.18505,3.59343,3.20565
circle,2.25,lqi,0,14,14.07,9,25,165,0.157211,0.150087,4.35205,0.394119,2.92362,3.24833,2.84459
circle,2.25,lqi,0,15,13.9549,14,36,154,0.151731,0.155567,5.1107,0.499944,2.53743,2.98037,2.51914
circle,2.25,lqi,0,16,14.5975,9,15,175,0.150087,0.149539,4.32246,0.42714,3.12376,3.42561,2.99894
circle,2.25,lqi,0,17,13.4474,10,32,158,0.151183,0.153923,4.4994,0.404832,2.62756,3.16878,2.44175
circle,2.25,lqi,0,18,14.7685,13,24,166,0.152827,0.154471,4.91184,0.472208,2.91019,3.44056,2.72644
circle,2.25,lqi,0,19,14.4864,9,16,174,0.152827,0.154471,4.30711,0.379199,3.20932,3.32037,2.96312
circle,2.25,leo,0,0,15.1233,12,34,156,0.153923,0.148443,5.75435,0.460134,2.81027,3.47601,2.32021
circle,2.25,leo,0,1,14.8371,13,49,141,0.158855,0.157759,5.91169,0.545759,2.64346,3.29666,2.12296
circle,2.25,leo,0,2,14.4495,10,32,158,0.150635,0.146251,4.90092,0.500131,2.73799,3.56609,2.44747
circle,2.25,leo,0,3,15.5913,11,27,163,0.155567,0.152279,5.26897,0.444817,3.11982,3.9396,2.51022
circle,2.25,leo,0,4,15.2162,15,42,148,0.155567,0.157211,6.25508,0.555457,2.79595,3.20102,2.09589
circle,2.25,leo,0,5,15.8299,16,38,152,0.144607,0.153375,6.22505,0.587521,2.97606,3.50178,2.24154
circle,2.25,leo,0,6,16.1498,15,31,159,0.152279,0.151183,6.25364,0.489944,2.91549,3.77927,2.40801
circle,2.25,leo,0,7,15.4432,14,44,146,0.158307,0.156115,5.98087,0.495518,2.86567,3.65148,2.1352
circle,2.25,leo,0,8,15.6129,13,29,161,0.147895,0.146251,5.59562,0.433803,3.33961,3.53158,2.41816
circle,2.25,leo,0,9,14.8417,11,28,162,0.148991,0.150087,5.17727,0.385695,2.80852,3.77529,2.39586
circle,2.25,leo,0,10,15.2542,14,32,158,0.156663,0.152279,5.91199,0.486632,2.90387,3.30892,2.33386
circle,2.25,leo,0,11,15.7029,13,27,163,0.148443,0.151731,5.8842,0.435893,3.21615,3.57522,2.29129
circle,2.25,leo,0,12,16.7125,14,20,170,0.154471,0.147347,6.08732,0.505598,3.06687,4.03602,2.71488
circle,2.25,leo,0,13,16.238,13,31,159,0.157211,0.155567,5.89162,0.50093,3.41056,3.67718,2.44495
circle,2.25,leo,0,14,14.8625,11,33,157,0.157211,0.150087,5.55468,0.461978,2.89909,3.27692,2.36257
circle,2.25,leo,0,15,16.8773,14,20,170,0.151731,0.155567,6.05284,0.527203,3.43732,3.88284,2.6698
circle,2.25,leo,0,16,15.0826,12,31,159,0.150087,0.149539,5.46505,0.48704,2.81589,3.50118,2.51376
circle,2.25,leo,0,17,14.8312,13,38,152,0.151183,0.153923,5.70506,0.491981,2.86581,3.26223,2.20101
circle,2.25,leo,0,18,14.7946,17,45,145,0.152827,0.154471,6.53945,0.555461,2.60814,2.73763,2.04666
circle,2.25,leo,0,19,16.1421,17,33,157,0.152827,0.154471,6.52611,0.523101,2.91222,3.31495,2.55845
circle,2.25,lqi-literal,0,0,15.4548,21,39,151,0.153923,0.148443,6.2057,0.647471,3.14533,3.08317,2.0708
circle,2.25,lqi-literal,0,1,16.2891,10,17,173,0.158855,0.157759,4.4561,0.468765,3.77306,4.5369,2.7377
circle,2.25,lqi-literal,0,2,14.7144,18,45,145,0.150635,0.146251,5.7264,0.647145,2.7633,3.21589,2.06481
circle,2.25,lqi-literal,0,3,15.3496,11,30,160,0.155567,0.152279,4.61441,0.430031,3.10441,4.39931,2.49358
circle,2.25,lqi-literal,0,4,15.2611,26,62,128,0.155567,0.157211,6.99724,0.725698,2.67669,2.81361,1.73506
circle,2.25,lqi-literal,0,5,14.6942,14,34,156,0.144607,0.153375,5.13591,0.560614,3.02551,3.31001,2.36415
circle,2.25,lqi-literal,0,6,16.9027,14,14,176,0.152279,0.151183,5.11509,0.466328,3.80976,4.43809,2.76997
circle,2.25,lqi-literal,0,7,14.6577,12,34,156,0.158307,0.156115,4.80834,0.451172,3.40918,3.4367,2.23786
circle,2.25,lqi-literal,0,8,16.084,16,27,163,0.147895,0.146251,5.40101,0.52185,3.44756,3.91463,2.50478
circle,2.25,lqi-literal,0,9,14.704,18,37,153,0.148991,0.150087,5.73955,0.534792,2.84984,3.1407,2.14007
circle,2.25,lqi-literal,0,10,13.9886,10,30,160,0.156663,0.152279,4.48022,0.420863,2.97633,3.48037,2.32192
circle,2.25,lqi-literal,0,11,13.6823,17,54,136,0.148443,0.151731,5.58837,0.532949,2.80124,2.70785,1.75167
circle,2.25,lqi-literal,0,12,14.1741,13,45,145,0.154471,0.147347,4.98034,0.458865,2.88003,3.26985,2.28316
circle,2.25,lqi-literal,0,13,14.5825,12,41,149,0.157211,0.155567,4.77546,0.510149,3.42024,3.38329,2.18055
circle,2.25,lqi-literal,0,14,14.9957,17,42,148,0.157211,0.150087,5.58398,0.596478,3.10294,3.19804,2.20702
circle,2.25,lqi-literal,0,15,15.4915,16,28,162,0.151731,0.155567,5.39389,0.551817,3.20938,3.53567,2.49345
circle,2.25,lqi-literal,0,16,13.8551,13,41,149,0.150087,0.149539,4.94363,0.482309,2.85754,3.12901,2.14295
circle,2.25,lqi-literal,0,17,14.977,11,25,165,0.151183,0.153923,4.65496,0.401181,3.21386,4.04986,2.35201
circle,2.25,lqi-literal,0,18,14.9608,16,34,156,0.152827,0.154471,5.36265,0.582359,2.96946,3.38227,2.35678
circle,2.25,lqi-literal,0,19,15.3479,12,28,162,0.152827,0.154471,4.77217,0.467028,3.20351,3.967,2.6309
circle,2.5,hopcount,0,0,16.8685,20,48,142,0.116111,0.115563,4.5382,0.785044,3.79113,4.39315,3.1293
circle,2.5,hopcount,0,1,13.6821,12,57,133,0.114467,0.113371,3.60329,0.675938,3.15627,3.29835,2.72039
circle,2.5,hopcount,0,2,16.024,19,35,155,0.113919,0.121043,4.38373,0.832026,3.88808,3.29894,3.38623
circle,2.5,hopcount,0,3,15.4315,17,46,144,0.117755,0.116659,4.16631,0.701642,3.69506,3.66175,2.97236
circle,2.5,hopcount,0,4,16.0293,23,50,140,0.118303,0.114467,4.86243,0.922723,3.69788,3.24259,3.07088
circle,2.5,hopcount,0,5,17.7171,17,22,168,0.117755,0.113371,4.16285,0.812236,4.02712,4.47344,4.01029
circle,2.5,hopcount,0,6,13.1388,20,70,120,0.114467,0.112823,4.51628,0.784733,2.65057,2.75018,2.2097
circle,2.5,hopcount,0,7,14.5486,19,50,140,0.118303,0.117755,4.41771,0.823389,3.33163,3.13154,2.60828
circle,2.5,hopcount,0,8,16.4297,18,37,153,0.110631,0.111727,4.28954,0.775632,3.86924,3.82397,3.449
circle,2.5,hopcount,0,9,15.4345,19,50,140,0.117755,0.113371,4.43305,0.742817,3.40599,3.72659,2.89492
circle,2.5,hopcount,0,10,14.9952,17,46,144,0.115563,0.113919,4.15863,0.770195,3.15929,3.64797,3.02964
circle,2.5,hopcount,0,11,14.371,12,51,139,0.115563,0.118303,3.59616,0.554173,3.23239,3.85017,2.90421
circle,2.5,hopcount,0,12,14.6966,12,44,146,0.115015,0.114467,3.59945,0.565415,3.52116,3.49608,3.28505
circle,2.5,hopcount,0,13,15.0324,15,37,153,0.112275,0.120495,3.93682,0.683068,3.49924,3.14922,3.53128
circle,2.5,hopcount,0,14,12.8593,18,68,122,0.116111,0.116659,4.27639,0.757274,2.59317,2.76074,2.23896
circle,2.5,hopcount,0,15,14.491,22,60,130,0.118851,0.116659,4.73152,0.855512,2.93422,2.98509,2.74918
circle,2.5,hopcount,0,16,16.9521,19,38,152,0.115563,0.117755,4.40839,0.818844,3.97731,4.04518,3.46909
circle,2.5,hopcount,0,17,16.583,17,38,152,0.117207,0.119947,4.18768,0.81693,3.98953,3.99058,3.36109
circle,2.5,hopcount,0,18,16.4831,19,38,152,0.113919,0.116659,4.39962,0.731107,4.00548,3.76532,3.351
circle,2.5,hopcount,0,19,16.0696,21,46,144,0.115563,0.119947,4.61596,0.855129,3.59284,3.58196,3.18822
circle,2.5,lqi,0,0,15.2181,17,40,150,0.116659,0.116111,4.19535,0.743705,3.29379,3.31122,3.44122
circle,2.5,lqi,0,1,14.5383,21,53,137,0.114467,0.113371,4.64062,0.867086,2.95735,2.882,2.96339
circle,2.5,lqi,0,2,15.6317,10,25,165,0.113919,0.121043,3.35736,0.558153,3.5688,3.85291,4.05949
circle,2.5,lqi,0,3,15.7649,12,30,160,0.117755,0.116659,3.58356,0.596761,3.64698,3.8483,3.85484
circle,2.5,lqi,0,4,18.5874,10,9,181,0.118851,0.115015,3.36284,0.596662,4.58529,4.90069,4.90804
circle,2.5,lqi,0,5,16.7589,15,24,166,0.116659,0.113371,3.94943,0.68833,3.91046,4.01869,3.96192
circle,2.5,lqi,0,6,15.5583,16,36,154,0.114467,0.112823,4.02937,0.698383,3.53731,3.33121,3.73476
circle,2.5,lqi,0,7,16.6545,14,26,164,0.118851,0.117207,3.83332,0.655595,3.79629,4.08924,4.04401
circle,2.5,lqi,0,8,14.1636,15,51,139,0.110631,0.111727,3.94011,0.650948,3.05121,3.33325,2.96572
circle,2.5,lqi,0,9,14.7524,12,41,149,0.117755,0.113919,3.60109,0.5924,3.27724,3.55817,3.4918
circle,2.5,lqi,0,10,14.0075,13,41,149,0.115563,0.113919,3.70844,0.582353,3.16792,3.19686,3.12243
circle,2.5,lqi,0,11,15.9154,8,19,171,0.115563,0.117755,3.14268,0.511502,3.58783,4.11729,4.32282
circle,2.5,lqi,0,12,14.1668,9,46,144,0.115015,0.114467,3.24564,0.500298,3.01799,3.75029,3.42308
circle,2.5,lqi,0,13,15.5181,13,30,160,0.112275,0.120495,3.70679,0.58046,3.76482,3.46616,3.76711
circle,2.5,lqi,0,14,16.7404,16,21,169,0.116111,0.116659,4.04581,0.777637,3.90957,3.73337,4.04125
circle,2.5,lqi,0,15,17.0176,17,25,165,0.118851,0.116659,4.13671,0.778516,3.66941,4.01925,4.17819
circle,2.5,lqi,0,16,14.0757,13,41,149,0.115563,0.118303,3.71775,0.620643,3.14023,3.21914,3.14408
circle,2.5,lqi,0,17,17.8236,14,18,172,0.117207,0.119947,3.80427,0.698188,4.342,4.39748,4.34448
circle,2.5,lqi,0,18,16.0549,13,30,160,0.113919,0.116659,3.69528,0.582693,3.86755,3.8481,3.83071
circle,2.5,lqi,0,19,14.6207,13,42,148,0.115563,0.119947,3.70624,0.614069,3.27776,3.39054,3.39655
circle,2.5,leo,0,0,16.621,17,47,143,0.116111,0.115563,5.09414,0.776494,3.34375,3.98687,3.18803
circle,2.5,leo,0,1,13.6661,19,75,115,0.114467,0.113371,5.45757,0.836061,2.31116,2.53005,2.30342
circle,2.5,leo,0,2,15.7707,16,48,142,0.113919,0.121043,5.08883,0.734751,3.39007,3.53897,2.78307
circle,2.5,leo,0,3,15.6076,13,43,147,0.117755,0.116659,4.30721,0.716606,3.84646,3.306,3.19691
circle,2.5,leo,0,4,18.31,20,37,153,0.118303,0.114467,5.58317,0.870486,4.06599,3.85778,3.69984
circle,2.5,leo,0,5,15.3303,14,37,153,0.117755,0.113371,4.28777,0.679148,3.33471,3.5184,3.27915
circle,2.5,leo,0,6,15.3188,20,53,137,0.114467,0.112823,5.43493,0.746022,3.05274,2.92976,2.92803
circle,2.5,leo,0,7,13.4133,13,64,126,0.118303,0.117755,4.49828,0.678864,2.7132,2.88887,2.39808
circle,2.5,leo,0,8,16.062,16,46,144,0.110631,0.111727,5.09448,0.652012,3.34884,3.82784,2.91647
circle,2.5,leo,0,9,17.0045,19,47,143,0.117755,0.113371,5.43446,0.757826,3.7958,3.69175,3.09349
circle,2.5,leo,0,10,15.2787,15,50,140,0.115563,0.113919,4.7835,0.66332,3.22559,3.39026,2.98657
circle,2.5,leo,0,11,17.3716,15,31,159,0.115563,0.118303,4.71296,0.671234,3.99236,4.14595,3.61526
circle,2.5,leo,0,12,17.1426,13,33,157,0.115563,0.114467,4.38268,0.691617,3.83832,4.34322,3.65669
circle,2.5,leo,0,13,14.498,12,49,141,0.112275,0.120495,4.15555,0.597799,3.00787,3.41087,3.09313
circle,2.5,leo,0,14,16.8242,18,41,149,0.116111,0.116659,5.46445,0.820266,3.49899,3.59995,3.20774
circle,2.5,leo,0,15,15.3927,17,53,137,0.118851,0.116659,5.06358,0.762928,2.96495,3.49638,2.86931
circle,2.5,leo,0,16,16.5768,15,43,147,0.115563,0.117755,4.84476,0.744667,3.47104,3.92067,3.36233
circle,2.5,leo,0,17,16.608,18,49,141,0.117207,0.119947,5.44096,0.759653,3.50094,3.44871,3.22053
circle,2.5,leo,0,18,17.4768,21,43,147,0.113919,0.116659,5.90153,0.795456,3.55181,3.61058,3.38683
circle,2.5,leo,0,19,14.9618,18,56,134,0.115563,0.119947,5.28766,0.798906,3.03964,2.81944,2.78065
circle,2.5,lqi-literal,0,0,16.8685,20,48,142,0.116111,0.115563,4.5382,0.785044,3.79113,4.39315,3.1293
circle,2.5,lqi-literal,0,1,13.6821,12,57,133,0.114467,0.113371,3.60329,0.675938,3.15627,3.29835,2.72039
circle,2.5,lqi-literal,0,2,16.024,19,35,155,0.113919,0.121043,4.38373,0.832026,3.88808,3.29894,3.38623
circle,2.5,lqi-literal,0,3,15.4315,17,46,144,0.117755,0.116659,4.16631,0.701642,3.69506,3.66175,2.97236
circle,2.5,lqi-literal,0,4,16.0293,23,50,140,0.118303,0.114467,4.86243,0.922723,3.69788,3.24259,3.07088
circle,2.5,lqi-literal,0,5,17.7171,17,22,168,0.117755,0.113371,4.16285,0.812236,4.02712,4.47344,4.01029
circle,2.5,lqi-literal,0,6,13.1388,20,70,120,0.114467,0.112823,4.51628,0.784733,2.65057,2.75018,2.2097
circle,2.5,lqi-literal,0,7,14.5486,19,50,140,0.118303,0.117755,4.41771,0.823389,3.33163,3.13154,2.60828
circle,2.5,lqi-literal,0,8,16.4297,18,37,153,0.110631,0.111727,4.28954,0.775632,3.86924,3.82397,3.449
circle,2.5,lqi-literal,0,9,15.4345,19,50,140,0.117755,0.113371,4.43305,0.742817,3.40599,3.72659,2.89492
circle,2.5,lqi-literal,0,10,14.9952,17,46,144,0.115563,0.113919,4.15863,0.770195,3.15929,3.64797,3.02964
circle,2.5,lqi-literal,0,11,14.371,12,51,139,0.115563,0.118303,3.59616,0.554173,3.23239,3.85017,2.90421
circle,2.5,lqi-literal,0,12,14.6966,12,44,146,0.115015,0.114467,3.59945,0.565415,3.52116,3.49608,3.28505
circle,2.5,lqi-literal,0,13,15.0324,15,37,153,0.112275,0.120495,3.93682,0.683068,3.49924,3.14922,3.53128
circle,2.5,lqi-literal,0,14,12.8593,18,68,122,0.116111,0.116659,4.27639,0.757274,2.59317,2.76074,2.23896
circle,2.5,lqi-literal,0,15,14.491,22,60,130,0.118851,0.116659,4.73152,0.855512,2.93422,2.98509,2.74918
circle,2.5,lqi-literal,0,16,16.9521,19,38,152,0.115563,0.117755,4.40839,0.818844,3.97731,4.04518,3.46909
circle,2.5,lqi-literal,0,17,16.583,17,38,152,0.117207,0.119947,4.18768,0.81693,3.98953,3.99058,3.36109
circle,2.5,lqi-literal,0,18,16.4831,19,38,152,0.113919,0.116659,4.39962,0.731107,4.00548,3.76532,3.351
circle,2.5,lqi-literal,0,19,16.0696,21,46,144,0.115563,0.119947,4.61596,0.855129,3.59284,3.58196,3.18822
circle,2.625,hopcount,0,0,16.1529,22,53,137,0.106247,0.102411,4.326,1.01378,3.58438,3.59834,3.42177
circle,2.625,hopcount,0,1,16.6559,11,29,161,0.105151,0.104603,3.16769,0.701306,4.28776,3.76776,4.52167
circle,2.625,hopcount,0,2,14.5328,20,61,129,0.102959,0.105151,4.12008,0.995512,3.41544,2.82517,2.96844
circle,2.625,hopcount,0,3,14.7857,16,61,129,0.107343,0.106795,3.68523,0.836512,3.46637,3.26563,3.31787
circle,2.625,hopcount,0,4,17.7493,25,55,135,0.107343,0.102411,4.5667,1.19479,3.98781,3.92059,3.8696
circle,2.625,hopcount,0,5,15.2245,17,51,139,0.106247,0.103507,3.72515,0.753288,3.7214,3.37146,3.44346
circle,2.625,hopcount,0,6,13.9079,22,70,120,0.105151,0.103507,4.32216,0.887874,3.09801,2.70138,2.68985
circle,2.625,hopcount,0,7,14.9723,17,68,122,0.107891,0.106795,3.7986,0.888382,2.99341,3.64086,3.43641
circle,2.625,hopcount,0,8,17.1964,17,40,150,0.104055,0.101863,3.805,0.879433,4.12595,4.17239,4.00773
circle,2.625,hopcount,0,9,14.2322,14,57,133,0.104055,0.106247,3.49027,0.75436,3.09366,3.52722,3.15642
circle,2.625,hopcount,0,10,16.4018,13,34,156,0.108987,0.108987,3.3632,0.789801,3.90054,3.89717,4.23315
circle,2.625,hopcount,0,11,18.3884,25,37,153,0.106247,0.102411,4.61405,1.13773,4.32986,3.78836,4.30974
circle,2.625,hopcount,0,12,18.7808,17,30,160,0.105699,0.104603,3.80446,0.793462,4.35196,4.9417,4.67893
circle,2.625,hopcount,0,13,17.1328,12,33,157,0.103507,0.107343,3.25349,0.697769,3.97109,4.4998,4.49984
circle,2.625,hopcount,0,14,15.4574,17,59,131,0.105699,0.105151,3.79367,0.753901,3.81648,3.57964,3.30281
circle,2.625,hopcount,0,15,15.7967,14,45,145,0.105699,0.102411,3.48862,0.759574,3.48115,4.02997,3.82931
circle,2.625,hopcount,0,16,16.4768,16,44,146,0.104603,0.106247,3.66756,0.796002,3.95245,4.04654,3.80342
circle,2.625,hopcount,0,17,15.0935,24,72,118,0.103507,0.106247,4.55164,1.1225,3.11238,3.1001,2.99715
circle,2.625,hopcount,0,18,19.7103,24,31,159,0.102411,0.107891,4.55219,1.13311,4.2234,4.96774,4.62356
circle,2.625,hopcount,0,19,17.6889,19,39,151,0.105151,0.106795,3.96999,0.987421,4.21598,4.20431,4.09925
circle,2.625,lqi,0,0,16.028,13,44,146,0.107343,0.102411,3.37032,0.776578,3.54493,3.81068,4.31569
circle,2.625,lqi,0,1,17.524,14,27,163,0.106247,0.104603,3.50342,0.767249,4.17582,4.01529,4.8514
circle,2.625,lqi,0,2,18.2126,14,26,164,0.102959,0.105699,3.50068,0.807651,4.293,4.39599,5.00658
circle,2.625,lqi,0,3,17.6866,12,25,165,0.107343,0.106795,3.26298,0.681925,4.15146,4.29988,5.07621
circle,2.625,lqi,0,4,17.5536,13,37,153,0.106795,0.103507,3.34878,0.737735,4.03047,4.5289,4.69741
circle,2.625,lqi,0,5,16.2129,9,33,157,0.105699,0.102411,2.96342,0.6659,3.77452,3.94112,4.65985
circle,2.625,lqi,0,6,15.3384,14,47,143,0.105151,0.103507,3.48095,0.715874,3.61304,3.3987,3.9212
circle,2.625,lqi,0,7,18.7249,7,18,172,0.106795,0.107343,2.75859,0.609349,4.34952,5.2905,5.50283
circle,2.625,lqi,0,8,19.4782,15,19,171,0.105151,0.100767,3.59323,0.826096,4.51732,4.93976,5.3959
circle,2.625,lqi,0,9,15.9068,16,48,142,0.104055,0.107891,3.70112,0.853381,3.54204,3.52354,4.07472
circle,2.625,lqi,0,10,15.323,17,47,143,0.108987,0.108987,3.78873,0.88437,3.32681,3.26534,3.83977
circle,2.625,lqi,0,11,16.9073,20,40,150,0.106795,0.102959,4.09652,1.02327,3.6164,3.80907,4.15227
circle,2.625,lqi,0,12,15.554,22,51,139,0.104603,0.105151,4.27443,1.12187,3.14535,3.17111,3.63146
circle,2.625,lqi,0,13,16.2628,14,39,151,0.105151,0.107343,3.48643,0.895888,3.6679,3.91664,4.0834
circle,2.625,lqi,0,14,17.8711,21,33,157,0.105151,0.104603,4.19623,0.9993,3.90105,4.06461,4.50012
circle,2.625,lqi,0,15,17.7272,14,26,164,0.105699,0.102411,3.47969,0.797243,4.02491,4.35937,4.85788
circle,2.625,lqi,0,16,17.3828,16,37,153,0.104055,0.106247,3.69163,0.874164,3.90284,4.31291,4.39095
circle,2.625,lqi,0,17,16.0074,14,45,145,0.103507,0.106795,3.48479,0.757271,3.55483,3.82807,4.17213
circle,2.625,lqi,0,18,17.6861,14,34,156,0.102411,0.107891,3.47458,0.822088,3.75625,4.50765,4.91521
circle,2.625,lqi,0,19,14.5123,18,59,131,0.105151,0.106795,3.90211,0.822458,2.85162,3.21943,3.50472
circle,2.625,leo,0,0,16.8034,23,61,129,0.106247,0.102411,5.59911,0.948586,3.43989,3.40212,3.20503
circle,2.625,leo,0,1,16.3188,14,41,149,0.105151,0.104603,3.94018,0.771659,3.75107,3.721,3.92517
circle,2.625,leo,0,2,14.8993,14,58,132,0.102959,0.105151,4.00814,0.723965,3.33448,3.26377,3.36088
circle,2.625,leo,0,3,17.3563,16,49,141,0.107343,0.106795,4.26124,0.85105,3.92469,4.06079,4.04435
circle,2.625,leo,0,4,18.5377,24,60,130,0.107343,0.102411,5.75381,1.06817,3.90528,3.83034,3.77035
circle,2.625,leo,0,5,18.3276,15,40,150,0.106247,0.103507,4.06249,0.781755,4.41335,4.45293,4.40733
circle,2.625,leo,0,6,14.8703,16,67,123,0.105151,0.103507,4.35859,0.822444,3.20423,3.11022,3.16617
circle,2.625,leo,0,7,16.2442,16,52,138,0.107891,0.106795,4.27165,0.797257,3.56345,3.68086,3.7163
circle,2.625,leo,0,8,18.9698,12,24,166,0.104055,0.101863,3.64441,0.692062,4.69684,5.00458,4.72602
circle,2.625,leo,0,9,13.1664,13,66,124,0.104055,0.106247,3.86568,0.699215,2.81477,2.7693,2.80716
circle,2.625,leo,0,10,17.859,16,34,156,0.108987,0.108987,4.30395,0.919365,3.86222,4.27702,4.27844
circle,2.625,leo,0,11,17.378,15,35,155,0.106247,0.102411,4.26929,0.8184,4.04839,3.92322,4.11001
circle,2.625,leo,0,12,15.0768,17,59,131,0.105699,0.104603,4.37431,0.774042,3.06851,3.28292,3.36673
circle,2.625,leo,0,13,18.2181,16,31,159,0.103507,0.107343,4.32689,0.877723,4.077,4.12415,4.60146
circle,2.625,leo,0,14,16.0706,15,50,140,0.105699,0.105151,4.12932,0.70242,3.7875,3.6992,3.54134
circle,2.625,leo,0,15,13.066,13,67,123,0.105699,0.102411,3.81373,0.819248,2.6396,2.79172,2.79363
circle,2.625,leo,0,16,16.5389,16,55,135,0.104603,0.106247,4.66299,0.837749,3.37171,3.85067,3.60497
circle,2.625,leo,0,17,18.2839,16,46,144,0.103507,0.106247,4.48785,0.889268,3.90392,4.59311,4.19996
circle,2.625,leo,0,18,20.481,15,26,164,0.102411,0.107891,4.32254,0.843021,4.58932,5.01275,5.50309
circle,2.625,leo,0,19,14.4516,12,50,140,0.105151,0.106795,3.60373,0.703718,3.15256,3.24794,3.53174
circle,2.625,lqi-literal,0,0,16.1529,22,53,137,0.106247,0.102411,4.326,1.01378,3.58438,3.59834,3.42177
circle,2.625,lqi-literal,0,1,16.6559,11,29,161,0.105151,0.104603,3.16769,0.701306,4.28776,3.76776,4.52167
circle,2.625,lqi-literal,0,2,14.5328,20,61,129,0.102959,0.105151,4.12008,0.995512,3.41544,2.82517,2.96844
circle,2.625,lqi-literal,0,3,14.7857,16,61,129,0.107343,0.106795,3.68523,0.836512,3.46637,3.26563,3.31787
circle,2.625,lqi-literal,0,4,17.7493,25,55,135,0.107343,0.102411,4.5667,1.19479,3.98781,3.92059,3.8696
circle,2.625,lqi-literal,0,5,15.2245,17,51,139,0.106247,0.103507,3.72515,0.753288,3.7214,3.37146,3.44346
circle,2.625,lqi-literal,0,6,13.9079,22,70,120,0.105151,0.103507,4.32216,0.887874,3.09801,2.70138,2.68985
circle,2.625,lqi-literal,0,7,14.9723,17,68,122,0.107891,0.106795,3.7986,0.888382,2.99341,3.64086,3.43641
circle,2.625,lqi-literal,0,8,17.1964,17,40,150,0.104055,0.101863,3.805,0.879433,4.12595,4.17239,4.00773
circle,2.625,lqi-literal,0,9,14.2322,14,57,133,0.104055,0.106247,3.49027,0.75436,3.09366,3.52722,3.15642
circle,2.625,lqi-literal,0,10,16.4018,13,34,156,0.108987,0.108987,3.3632,0.789801,3.90054,3.89717,4.23315
circle,2.625,lqi-literal,0,11,18.3884,25,37,153,0.106247,0.102411,4.61405,1.13773,4.32986,3.78836,4.30974
circle,2.625,lqi-literal,0,12,18.7808,17,30,160,0.105699,0.104603,3.80446,0.793462,4.35196,4.9417,4.67893
circle,2.625,lqi-literal,0,13,17.1328,12,33,157,0.103507,0.107343,3.25349,0.697769,3.97109,4.4998,4.49984
circle,2.625,lqi-literal,0,14,15.4574,17,59,131,0.105699,0.105151,3.79367,0.753901,3.81648,3.57964,3.30281
circle,2.625,lqi-literal,0,15,15.7967,14,45,145,0.105699,0.102411,3.48862,0.759574,3.48115,4.02997,3.82931
circle,2.625,lqi-literal,0,16,16.4768,16,44,146,0.104603,0.106247,3.66756,0.796002,3.95245,4.04654,3.80342
circle,2.625,lqi-literal,0,17,15.0935,24,72,118,0.103507,0.106247,4.55164,1.1225,3.11238,3.1001,2.99715
circle,2.625,lqi-literal,0,18,19.7103,24,31,159,0.102411,0.107891,4.55219,1.13311,4.2234,4.96774,4.62356
circle,2.625,lqi-literal,0,19,17.6889,19,39,151,0.105151,0.106795,3.96999,0.987421,4.21598,4.20431,4.09925
circle,3,hopcount,0,0,14.5601,5,68,122,0.0859713,0.0865193,1.52181,0.514571,3.76229,3.65906,4.92984
circle,3,hopcount,0,1,13.4227,14,76,114,0.0859713,0.0848753,1.86624,0.75527,3.44282,3.13822,4.04933
circle,3,hopcount,0,2,13.6183,12,82,108,0.0865193,0.0859713,1.73018,0.898684,3.42252,3.05169,4.34269
circle,3,hopcount,0,3,11.9342,5,86,104,0.0865193,0.0854233,1.43929,0.419795,3.07918,3.01927,3.80468
circle,3,hopcount,0,4,17.3933,8,64,126,0.0865193,0.0859713,1.60031,0.67358,4.60316,4.4756,5.86816
circle,3,hopcount,0,5,10.1371,9,101,89,0.0881633,0.0843273,1.64383,0.394498,2.29835,2.59327,3.03469
circle,3,hopcount,0,6,15.4563,18,75,115,0.0843273,0.0854233,2.26097,1.09001,3.74402,3.40108,4.79044
circle,3,hopcount,0,7,11.9789,17,108,82,0.0881633,0.0848753,2.10741,0.749579,2.45461,3.05741,3.43686
circle,3,hopcount,0,8,12.4735,12,94,96,0.0859713,0.0854233,1.88627,0.836639,2.97153,2.90578,3.70189
circle,3,hopcount,0,9,18.2709,5,53,137,0.0859713,0.0870673,1.38229,0.56782,4.7938,4.87204,6.48195
circle,3,hopcount,0,10,10.8932,9,99,91,0.0854233,0.0876153,1.76113,0.626435,2.63007,2.56815,3.13436
circle,3,hopcount,0,11,11.1107,16,100,90,0.0865193,0.0865193,2.08701,0.918595,2.32814,2.4774,3.12653
circle,3,hopcount,0,12,20.9389,6,42,148,0.0865193,0.0843273,1.65913,0.712898,5.45676,5.80654,7.13273
circle,3,hopcount,0,13,8.91907,11,120,70,0.0859713,0.0843273,1.80211,0.633332,1.84725,2.02523,2.44085
circle,3,hopcount,0,14,12.3874,10,93,97,0.0854233,0.0854233,1.63021,0.616671,3.25978,2.81369,3.8962
circle,3,hopcount,0,15,13.8389,15,74,116,0.0843273,0.0854233,1.82762,0.802282,3.408,3.40371,4.22755
circle,3,hopcount,0,16,9.44996,12,107,83,0.0848753,0.0848753,1.85566,0.553249,2.10663,2.15835,2.60632
circle,3,hopcount,0,17,10.0692,16,104,86,0.0870673,0.0865193,1.9001,0.778848,2.20389,2.30927,2.70354
circle,3,hopcount,0,18,14.306,9,69,121,0.0854233,0.0843273,1.63143,0.590683,3.51547,3.77901,4.61966
circle,3,hopcount,0,19,13.735,15,98,92,0.0848753,0.0865193,2.17825,0.728504,3.52748,3.08087,4.0485
circle,3,lqi,0,0,14.5601,5,68,122,0.0859713,0.0865193,1.52181,0.514571,3.76229,3.65906,4.92984
circle,3,lqi,0,1,12.314,9,76,114,0.0859713,0.0848753,1.55313,0.591662,3.10946,3.08304,3.8059
circle,3,lqi,0,2,17.0043,13,65,125,0.0865193,0.0859713,1.73254,0.919151,4.63972,3.80676,5.73362
circle,3,lqi,0,3,11.9342,5,86,104,0.0865193,0.0854233,1.43929,0.419795,3.07918,3.01927,3.80468
circle,3,lqi,0,4,16.3648,13,68,122,0.0865193,0.0859713,1.95111,0.898428,3.99074,4.02598,5.3261
circle,3,lqi,0,5,12.6499,11,93,97,0.0881633,0.0843273,1.72782,0.682119,3.08057,3.03049,3.95639
circle,3,lqi,0,6,14.6641,17,82,108,0.0843273,0.0854233,2.07081,0.994798,3.48419,3.34042,4.60413
circle,3,lqi,0,7,13.5985,10,94,96,0.0881633,0.0848753,1.6125,0.652442,2.81885,4.00448,4.33718
circle,3,lqi,0,8,13.2051,12,87,103,0.0859713,0.0854233,1.84967,0.852113,3.19392,3.15972,3.97825
circle,3,lqi,0,9,18.2709,5,53,137,0.0859713,0.0870673,1.38229,0.56782,4.7938,4.87204,6.48195
circle,3,lqi,0,10,12.8891,7,80,110,0.0854233,0.0876153,1.40957,0.493421,3.31808,3.22999,4.26499
circle,3,lqi,0,11,11.1107,16,100,90,0.0865193,0.0865193,2.08701,0.918595,2.32814,2.4774,3.12653
circle,3,lqi,0,12,15.1402,8,75,115,0.0865193,0.0843273,1.61212,0.530502,3.71063,4.23678,4.87926
circle,3,lqi,0,13,10.6194,13,111,79,0.0859713,0.0843273,2.03418,0.734923,2.33606,2.34473,2.99918
circle,3,lqi,0,14,12.4251,17,100,90,0.0854233,0.0854233,2.02802,0.835246,3.20522,2.51907,3.66673
circle,3,lqi,0,15,13.5475,12,79,111,0.0843273,0.0854233,1.8371,0.88043,3.11072,3.31856,4.23097
circle,3,lqi,0,16,19.857,5,46,144,0.0848753,0.0848753,1.46788,0.574204,5.34955,5.36274,6.93287
circle,3,lqi,0,17,9.73936,13,103,87,0.0870673,0.0865193,1.8901,0.712114,2.08984,2.24445,2.62926
circle,3,lqi,0,18,17.3245,8,50,140,0.0854233,0.0843273,1.61086,0.664288,4.28471,4.8376,5.75725
circle,3,lqi,0,19,13.907,12,87,103,0.0848753,0.0865193,1.96878,0.656392,3.67204,3.11461,4.32383
circle,3,leo,0,0,13.7834,7,70,120,0.0859713,0.0865193,1.79831,0.566645,3.41338,3.35316,4.47941
circle,3,leo,0,1,11.974,16,89,101,0.0859713,0.0848753,2.09046,0.830495,2.85387,2.67158,3.35679
circle,3,leo,0,2,13.2036,13,87,103,0.0865193,0.0859713,1.86131,0.786927,3.33394,2.98109,4.06783
circle,3,leo,0,3,8.94939,7,105,85,0.0865193,0.0854233,1.52252,0.446193,2.18885,2.06272,2.55716
circle,3,leo,0,4,20.4389,8,41,149,0.0865193,0.0859713,1.67153,0.811352,5.41647,5.2086,7.15844
circle,3,leo,0,5,10.7516,10,96,94,0.0881633,0.0843273,1.67499,0.446385,2.60896,2.62425,3.22457
circle,3,leo,0,6,19.4277,12,51,139,0.0843273,0.0854233,1.98484,0.952746,5.00136,4.74348,6.57548
circle,3,leo,0,7,15.7901,12,84,106,0.0881633,0.0848753,1.86405,0.712081,3.51312,4.43159,5.0962
circle,3,leo,0,8,13.2022,10,87,103,0.0859713,0.0854233,1.8686,0.813366,3.14036,3.11958,4.08894
circle,3,leo,0,9,18.2709,5,53,137,0.0859713,0.0870673,1.38229,0.56782,4.7938,4.87204,6.48195
circle,3,leo,0,10,15.5813,8,72,118,0.0854233,0.0876153,1.72179,0.583257,3.99431,3.99314,5.11579
circle,3,leo,0,11,16.1356,10,72,118,0.0865193,0.0865193,1.81396,0.758084,3.64035,4.41421,5.336
circle,3,leo,0,12,23.1887,6,26,164,0.0865193,0.0843273,1.80594,0.73911,6.02226,6.43019,8.02036
circle,3,leo,0,13,12.7569,13,87,103,0.0859713,0.0843273,2.15476,0.806715,2.8404,3.12081,3.66392
circle,3,leo,0,14,17.1101,12,65,125,0.0854233,0.0854233,1.7978,0.814492,4.44939,4.16555,5.71207
circle,3,leo,0,15,16.9257,11,54,136,0.0843273,0.0854233,1.74894,0.74699,4.35329,4.34299,5.56376
circle,3,leo,0,16,10.054,11,99,91,0.0848753,0.0848753,1.80101,0.538892,2.35506,2.33537,2.85395
circle,3,leo,0,17,14.953,13,66,124,0.0870673,0.0865193,1.93653,0.71647,3.59995,3.85875,4.6677
circle,3,leo,0,18,13.4393,8,73,117,0.0854233,0.0843273,1.75657,0.558181,3.1924,3.47564,4.28676
circle,3,leo,0,19,14.0738,13,88,102,0.0848753,0.0865193,2.04219,0.690692,3.65119,3.23533,4.28305
circle,3,lqi-literal,0,0,14.5601,5,68,122,0.0859713,0.0865193,1.52181,0.514571,3.76229,3.65906,4.92984
circle,3,lqi-literal,0,1,13.4227,14,76,114,0.0859713,0.0848753,1.86624,0.75527,3.44282,3.13822,4.04933
circle,3,lqi-literal,0,2,13.6183,12,82,108,0.0865193,0.0859713,1.73018,0.898684,3.42252,3.05169,4.34269
circle,3,lqi-literal,0,3,11.9342,5,86,104,0.0865193,0.0854233,1.43929,0.419795,3.07918,3.01927,3.80468
circle,3,lqi-literal,0,4,17.3933,8,64,126,0.0865193,0.0859713,1.60031,0.67358,4.60316,4.4756,5.86816
circle,3,lqi-literal,0,5,10.1371,9,101,89,0.0881633,0.0843273,1.64383,0.394498,2.29835,2.59327,3.03469
circle,3,lqi-literal,0,6,15.4563,18,75,115,0.0843273,0.0854233,2.26097,1.09001,3.74402,3.40108,4.79044
circle,3,lqi-literal,0,7,11.9789,17,108,82,0.0881633,0.0848753,2.10741,0.749579,2.45461,3.05741,3.43686
circle,3,lqi-literal,0,8,12.4735,12,94,96,0.0859713,0.0854233,1.88627,0.836639,2.97153,2.90578,3.70189
circle,3,lqi-literal,0,9,18.2709,5,53,137,0.0859713,0.0870673,1.38229,0.56782,4.7938,4.87204,6.48195
circle,3,lqi-literal,0,10,10.8932,9,99,91,0.0854233,0.0876153,1.76113,0.626435,2.63007,2.56815,3.13436
circle,3,lqi-literal,0,11,11.1107,16,100,90,0.0865193,0.0865193,2.08701,0.918595,2.32814,2.4774,3.12653
circle,3,lqi-literal,0,12,20.9389,6,42,148,0.0865193,0.0843273,1.65913,0.712898,5.45676,5.80654,7.13273
circle,3,lqi-literal,0,13,8.91907,11,120,70,0.0859713,0.0843273,1.80211,0.633332,1.84725,2.02523,2.44085
circle,3,lqi-literal,0,14,12.3874,10,93,97,0.0854233,0.0854233,1.63021,0.616671,3.25978,2.81369,3.8962
circle,3,lqi-literal,0,15,13.8389,15,74,116,0.0843273,0.0854233,1.82762,0.802282,3.408,3.40371,4.22755
circle,3,lqi-literal,0,16,9.44996,12,107,83,0.0848753,0.0848753,1.85566,0.553249,2.10663,2.15835,2.60632
circle,3,lqi-literal,0,17,10.0692,16,104,86,0.0870673,0.0865193,1.9001,0.778848,2.20389,2.30927,2.70354
circle,3,lqi-literal,0,18,14.306,9,69,121,0.0854233,0.0843273,1.63143,0.590683,3.51547,3.77901,4.61966
circle,3,lqi-literal,0,19,13.735,15,98,92,0.0848753,0.0865193,2.17825,0.728504,3.52748,3.08087,4.0485
triangle,2,hopcount,0,0,11.9284,0,0,190,0.234479,0.233383,4.46059,0.117542,2.302,2.73467,1.84572
triangle,2,hopcount,0,1,11.7139,0,0,190,0.238863,0.232287,4.44963,0.111175,2.17764,2.64265,1.8617
triangle,2,hopcount,0,2,11.3723,0,0,190,0.236671,0.237219,4.47812,0.11352,2.02451,2.47957,1.80268
triangle,2,hopcount,0,3,11.8077,0,0,190,0.236123,0.237219,4.46552,0.103271,2.19828,2.7002,1.86705
triangle,2,hopcount,0,4,11.427,0,0,190,0.239411,0.241055,4.46935,0.112271,2.06679,2.50584,1.79228
triangle,2,hopcount,0,5,11.627,0,0,190,0.232835,0.236123,4.48415,0.124918,2.08169,2.60466,1.86258
triangle,2,hopcount,0,6,12.127,1,1,189,0.235027,0.233383,4.7137,0.111849,2.3495,2.62652,1.85699
triangle,2,hopcount,0,7,12.0392,0,0,190,0.233931,0.230643,4.48415,0.113566,2.22293,2.79914,1.95488
triangle,2,hopcount,0,8,11.9579,0,0,190,0.233383,0.234479,4.45839,0.0894148,2.18068,2.89452,1.86701
triangle,2,hopcount,0,9,11.7647,0,0,190,0.230095,0.236123,4.46442,0.102588,2.1967,2.76016,1.77466
triangle,2,hopcount,0,10,12.1731,0,0,190,0.235027,0.233931,4.49456,0.0940996,2.19009,2.91702,2.00835
triangle,2,hopcount,0,11,12.02,0,0,190,0.228999,0.236123,4.47867,0.108253,2.2697,2.8364,1.86181
triangle,2,hopcount,0,12,11.2928,0,0,190,0.229547,0.230095,4.4836,0.104457,2.10717,2.37454,1.76339
triangle,2,hopcount,0,13,11.5001,0,0,190,0.236671,0.238863,4.46826,0.098739,1.97842,2.53529,1.94386
triangle,2,hopcount,0,14,12.2376,0,0,190,0.233931,0.235575,4.49401,0.132084,2.21174,2.97861,1.95165
triangle,2,hopcount,0,15,11.7385,0,0,190,0.236123,0.232835,4.47757,0.0942111,2.1745,2.62794,1.89533
triangle,2,hopcount,0,16,12.1967,0,0,190,0.231739,0.234479,4.49292,0.107121,2.43131,2.84392,1.85518
triangle,2,hopcount,0,17,11.3981,0,0,190,0.232835,0.235575,4.46881,0.103758,2.10159,2.50537,1.75015
triangle,2,hopcount,0,18,11.9936,0,0,190,0.238315,0.235575,4.46661,0.11939,2.22408,2.84357,1.8661
triangle,2,hopcount,0,19,11.8806,0,0,190,0.232835,0.236671,4.4847,0.104263,2.16479,2.73298,1.92433
triangle,2,hopcount,1,0,10.5619,7,36,154,0.137483,0.142415,3.58153,0.325853,2.09616,2.31259,1.96588
triangle,2,hopcount,1,1,13.6821,11,18,172,0.142415,0.140771,4.10891,0.464952,2.81334,3.28496,2.7268
triangle,2,hopcount,1,2,11.5383,8,35,155,0.139127,0.143511,3.7726,0.421232,2.34873,2.68561,2.02746
triangle,2,hopcount,1,3,12.2953,7,32,158,0.138031,0.142415,3.59136,0.418302,2.35276,3.19715,2.45526
triangle,2,hopcount,1,4,12.9652,12,30,160,0.141867,0.137483,4.23774,0.431417,2.56144,3.25779,2.19749
triangle,2,hopcount,1,5,11.6771,6,35,155,0.142415,0.140223,3.42529,0.297096,2.61437,2.88483,2.17292
triangle,2,hopcount,1,6,14.3768,7,10,180,0.143511,0.136387,3.57437,0.407666,3.00592,3.93525,3.17366
triangle,2,hopcount,1,7,11.2189,8,37,153,0.142415,0.141319,3.74258,0.341484,2.14122,2.72621,1.98372
triangle,2,hopcount,1,8,13.3093,6,17,173,0.140223,0.144059,3.38001,0.337734,2.96429,3.49995,2.84304
triangle,2,hopcount,1,9,12.9819,11,28,162,0.142963,0.143511,4.06813,0.46162,2.74725,3.1639,2.25447
triangle,2,hopcount,1,10,12.0828,8,32,158,0.144607,0.141867,3.73128,0.403525,2.40064,3.0442,2.21673
triangle,2,hopcount,1,11,10.3432,2,37,153,0.142963,0.140771,2.88721,0.224543,2.23136,2.6722,2.04417
triangle,2,hopcount,1,12,11.3733,7,38,152,0.143511,0.136387,3.52764,0.344926,2.47385,2.68933,2.05768
triangle,2,hopcount,1,13,11.8869,8,29,161,0.144059,0.145155,3.6287,0.397577,2.51495,2.87828,2.17819
triangle,2,hopcount,1,14,11.9825,4,22,168,0.138579,0.140771,3.15559,0.305127,2.63624,3.17983,2.42633
triangle,2,hopcount,1,15,11.5566,3,28,162,0.141319,0.141319,3.01091,0.254219,2.58553,3.01763,2.40565
triangle,2,hopcount,1,16,11.1891,4,32,158,0.141867,0.140223,3.20948,0.28898,2.27875,2.89904,2.23077
triangle,2,hopcount,1,17,10.8412,5,41,149,0.140223,0.143511,3.35231,0.413478,2.20654,2.58206,2.00313
triangle,2,hopcount,1,18,12.3558,6,17,173,0.139127,0.138031,3.41083,0.276501,2.76962,3.03199,2.58968
triangle,2,hopcount,1,19,12.2746,7,26,164,0.141319,0.141867,3.5602,0.320321,2.67327,3.12212,2.31555
triangle,2,lqi,0,0,11.3262,0,0,190,0.234479,0.233383,4.46059,0.106616,2.08791,2.40988,1.79332
triangle,2,lqi,0,1,11.5234,0,0,190,0.238863,0.232287,4.44963,0.1062,2.14098,2.44374,1.91167
triangle,2,lqi,0,2,11.2733,0,0,190,0.236671,0.237219,4.47812,0.104002,1.98144,2.38161,1.85425
triangle,2,lqi,0,3,11.2905,0,0,190,0.236123,0.237219,4.46552,0.0996757,2.03324,2.34426,1.87449
triangle,2,lqi,0,4,11.3719,0,0,190,0.239411,0.241055,4.46935,0.102269,2.01338,2.4345,1.87194
triangle,2,lqi,0,5,11.7708,0,0,190,0.232835,0.236123,4.48415,0.110636,2.17378,2.55884,1.97441
triangle,2,lqi,0,6,11.7982,1,1,189,0.235027,0.233383,4.7137,0.10102,2.13349,2.52958,1.85202
triangle,2,lqi,0,7,12.0144,0,0,190,0.233931,0.230643,4.48415,0.118194,2.28574,2.5848,2.07695
triangle,2,lqi,0,8,12.0523,1,1,189,0.233383,0.234479,4.68794,0.0913694,2.24968,2.58713,1.96829
triangle,2,lqi,0,9,11.7558,0,0,190,0.230095,0.236123,4.46442,0.1015,2.20129,2.6605,1.86188
triangle,2,lqi,0,10,11.7071,0,0,190,0.235027,0.233931,4.49456,0.105848,2.10052,2.52415,2.01303
triangle,2,lqi,0,11,11.7059,0,0,190,0.228999,0.236123,4.47867,0.102106,2.26531,2.5342,1.86049
triangle,2,lqi,0,12,11.611,0,0,190,0.229547,0.230095,4.4836,0.107022,2.16308,2.50078,1.89688
triangle,2,lqi,0,13,11.6289,0,0,190,0.236671,0.238863,4.46826,0.110291,2.10686,2.37169,2.0963
triangle,2,lqi,0,14,12.0938,0,0,190,0.233931,0.235575,4.49401,0.118947,2.25497,2.69001,2.06635
triangle,2,lqi,0,15,11.7075,0,0,190,0.236123,0.232835,4.47757,0.0962569,2.17274,2.49823,1.99371
triangle,2,lqi,0,16,11.8321,0,0,190,0.231739,0.234479,4.49292,0.124199,2.23465,2.57015,1.94398
triangle,2,lqi,0,17,11.4894,0,0,190,0.232835,0.235575,4.46881,0.112426,2.16297,2.3594,1.91743
triangle,2,lqi,0,18,11.6514,0,0,190,0.238315,0.235575,4.46661,0.11213,2.17394,2.5653,1.85957
triangle,2,lqi,0,19,11.6959,0,0,190,0.232835,0.236671,4.4847,0.0947135,2.11904,2.53232,1.9956
triangle,2,lqi,1,0,9.35225,7,45,145,0.137483,0.142415,3.57643,0.356419,1.79232,1.66604,1.68115
triangle,2,lqi,1,1,11.6397,7,32,158,0.142415,0.140771,3.58642,0.361882,2.35858,2.78953,2.2601
triangle,2,lqi,1,2,11.6382,8,36,154,0.139127,0.143511,3.75186,0.428929,2.15838,2.82791,2.18844
triangle,2,lqi,1,3,11.2845,6,37,153,0.138031,0.142415,3.51931,0.388113,2.00473,2.79742,2.29448
triangle,2,lqi,1,4,11.5717,8,38,152,0.141867,0.137483,3.65763,0.440945,2.21028,2.89481,2.08863
triangle,2,lqi,1,5,10.7023,10,41,149,0.142415,0.140223,4.01792,0.391226,2.09064,2.11188,1.80803
triangle,2,lqi,1,6,12.4471,8,23,167,0.143511,0.136387,3.71501,0.35923,2.52281,3.06598,2.50419
triangle,2,lqi,1,7,11.3009,9,37,153,0.142415,0.141319,3.88997,0.35766,2.15894,2.50707,2.10349
triangle,2,lqi,1,8,11.6866,8,33,157,0.140223,0.144059,3.63625,0.331064,2.28106,2.9197,2.23427
triangle,2,lqi,1,9,11.3396,6,30,160,0.142963,0.143511,3.43182,0.278431,2.30747,2.87407,2.16137
triangle,2,lqi,1,10,10.7005,8,42,148,0.144607,0.141867,3.69283,0.339527,1.9575,2.49859,1.92563
triangle,2,lqi,1,11,11.5453,5,31,159,0.142963,0.140771,3.35021,0.333,2.48196,2.76951,2.32687
triangle,2,lqi,1,12,12.8509,10,32,158,0.143511,0.136387,3.93127,0.477215,2.56891,3.02679,2.56677
triangle,2,lqi,1,13,11.4066,8,32,158,0.144059,0.145155,3.67516,0.363076,2.32713,2.53747,2.21451
triangle,2,lqi,1,14,11.1893,9,34,156,0.138579,0.140771,3.89688,0.403789,2.03711,2.49932,2.07282
triangle,2,lqi,1,15,11.8412,7,31,159,0.141319,0.141319,3.58773,0.386594,2.3695,2.81809,2.39666
triangle,2,lqi,1,16,12.5261,2,11,179,0.141867,0.140223,2.94375,0.240816,2.8223,3.26978,2.96734
triangle,2,lqi,1,17,13.8462,7,14,176,0.140223,0.143511,3.63495,0.470183,2.93035,3.51545,3.01154
triangle,2,lqi,1,18,11.8488,7,32,158,0.139127,0.138031,3.53393,0.310899,2.42175,2.98632,2.31871
triangle,2,lqi,1,19,11.9547,9,24,166,0.141319,0.141867,3.85565,0.471059,2.29813,2.67772,2.36894
triangle,2,leo,0,0,11.9284,0,0,190,0.234479,0.233383,4.46059,0.117542,2.302,2.73467,1.84572
triangle,2,leo,0,1,11.768,0,0,190,0.238863,0.232287,4.44963,0.114153,2.19532,2.6286,1.90914
triangle,2,leo,0,2,11.3723,0,0,190,0.236671,0.237219,4.47812,0.11352,2.02451,2.47957,1.80268
triangle,2,leo,0,3,11.8077,0,0,190,0.236123,0.237219,4.46552,0.103271,2.19828,2.7002,1.86705
triangle,2,leo,0,4,11.427,0,0,190,0.239411,0.241055,4.46935,0.112271,2.06679,2.50584,1.79228
triangle,2,leo,0,5,11.627,0,0,190,0.232835,0.236123,4.48415,0.124918,2.08169,2.60466,1.86258
triangle,2,leo,0,6,11.9828,1,1,189,0.235027,0.233383,4.75092,0.111849,2.18602,2.64677,1.81881
triangle,2,leo,0,7,12.0392,0,0,190,0.233931,0.230643,4.48415,0.113566,2.22293,2.79914,1.95488
triangle,2,leo,0,8,11.9579,0,0,190,0.233383,0.234479,4.45839,0.0894148,2.18068,2.89452,1.86701
triangle,2,leo,0,9,11.7647,0,0,190,0.230095,0.236123,4.46442,0.102588,2.1967,2.76016,1.77466
triangle,2,leo,0,10,12.1731,0,0,190,0.235027,0.233931,4.49456,0.0940996,2.19009,2.91702,2.00835
triangle,2,leo,0,11,12.02,0,0,190,0.228999,0.236123,4.47867,0.108253,2.2697,2.8364,1.86181
triangle,2,leo,0,12,11.2928,0,0,190,0.229547,0.230095,4.4836,0.104457,2.10717,2.37454,1.76339
triangle,2,leo,0,13,11.5001,0,0,190,0.236671,0.238863,4.46826,0.098739,1.97842,2.53529,1.94386
triangle,2,leo,0,14,12.2376,0,0,190,0.233931,0.235575,4.49401,0.132084,2.21174,2.97861,1.95165
triangle,2,leo,0,15,11.7385,0,0,190,0.236123,0.232835,4.47757,0.0942111,2.1745,2.62794,1.89533
triangle,2,leo,0,16,12.1967,0,0,190,0.231739,0.234479,4.49292,0.107121,2.43131,2.84392,1.85518
triangle,2,leo,0,17,11.3981,0,0,190,0.232835,0.235575,4.46881,0.103758,2.10159,2.50537,1.75015
triangle,2,leo,0,18,11.9936,0,0,190,0.238315,0.235575,4.46661,0.11939,2.22408,2.84357,1.8661
triangle,2,leo,0,19,11.8806,0,0,190,0.232835,0.236671,4.4847,0.104263,2.16479,2.73298,1.92433
triangle,2,leo,1,0,11.6392,8,35,155,0.137483,0.142415,3.95081,0.366383,2.34119,2.5059,2.19503
triangle,2,leo,1,1,13.1469,11,26,164,0.142415,0.140771,4.41921,0.441612,2.48054,3.08431,2.43806
triangle,2,leo,1,2,12.64,7,31,159,0.139127,0.143511,3.85544,0.375265,2.59926,3.19919,2.32819
triangle,2,leo,1,3,12.7863,10,32,158,0.138031,0.142415,4.34243,0.498363,2.33704,2.99718,2.3308
triangle,2,leo,1,4,14.6974,10,20,170,0.141867,0.137483,4.5015,0.508099,2.81901,3.88731,2.7021
triangle,2,leo,1,5,11.2596,7,33,157,0.142415,0.140223,3.83078,0.36162,2.32104,2.5148,1.94873
triangle,2,leo,1,6,12.6493,7,22,168,0.143511,0.136387,3.77239,0.297934,2.51991,3.4592,2.31993
triangle,2,leo,1,7,10.5089,6,40,150,0.142415,0.141319,3.52407,0.292229,2.05538,2.48992,1.86352
triangle,2,leo,1,8,13.1428,4,17,173,0.140223,0.144059,3.27162,0.295262,2.91697,3.52859,2.84605
triangle,2,leo,1,9,13.1625,9,23,167,0.142963,0.143511,4.09065,0.406982,2.78889,3.18358,2.40592
triangle,2,leo,1,10,11.6138,6,35,155,0.144607,0.141867,3.61838,0.373045,2.159,3.04469,2.13221
triangle,2,leo,1,11,12.6795,7,30,160,0.142963,0.140771,4.02236,0.477401,2.41771,3.11642,2.36192
triangle,2,leo,1,12,13.2094,7,30,160,0.143511,0.136387,3.79662,0.350248,2.81251,3.45941,2.5107
triangle,2,leo,1,13,13.5583,4,13,177,0.142963,0.144607,3.24948,0.320034,3.14193,3.76416,2.79512
triangle,2,leo,1,14,13.3499,8,22,168,0.138579,0.140771,3.98605,0.418051,2.82656,3.18412,2.65581
triangle,2,leo,1,15,11.2943,6,34,156,0.141319,0.141319,3.58862,0.326326,2.41462,2.64058,2.04155
triangle,2,leo,1,16,11.7744,4,24,166,0.141867,0.140223,3.32015,0.256204,2.4911,3.01105,2.41379
triangle,2,leo,1,17,12.0402,2,27,163,0.140223,0.143511,2.97081,0.268049,2.61062,3.45575,2.45123
triangle,2,leo,1,18,12.4921,8,25,165,0.139127,0.138031,3.8629,0.33684,2.45009,3.12954,2.43561
triangle,2,leo,1,19,12.7435,8,23,167,0.141319,0.141867,3.90528,0.406724,2.66802,3.00211,2.47815
triangle,2,lqi-literal,0,0,11.9284,0,0,190,0.234479,0.233383,4.46059,0.117542,2.302,2.73467,1.84572
triangle,2,lqi-literal,0,1,11.7139,0,0,190,0.238863,0.232287,4.44963,0.111175,2.17764,2.64265,1.8617
triangle,2,lqi-literal,0,2,11.3723,0,0,190,0.236671,0.237219,4.47812,0.11352,2.02451,2.47957,1.80268
triangle,2,lqi-literal,0,3,11.8077,0,0,190,0.236123,0.237219,4.46552,0.103271,2.19828,2.7002,1.86705
triangle,2,lqi-literal,0,4,11.427,0,0,190,0.239411,0.241055,4.46935,0.112271,2.06679,2.50584,1.79228
triangle,2,lqi-literal,0,5,11.627,0,0,190,0.232835,0.236123,4.48415,0.124918,2.08169,2.60466,1.86258
triangle,2,lqi-literal,0,6,12.127,1,1,189,0.235027,0.233383,4.7137,0.111849,2.3495,2.62652,1.85699
triangle,2,lqi-literal,0,7,12.0392,0,0,190,0.233931,0.230643,4.48415,0.113566,2.22293,2.79914,1.95488
triangle,2,lqi-literal,0,8,11.9579,0,0,190,0.233383,0.234479,4.45839,0.0894148,2.18068,2.89452,1.86701
triangle,2,lqi-literal,0,9,11.7647,0,0,190,0.230095,0.236123,4.46442,0.102588,2.1967,2.76016,1.77466
triangle,2,lqi-literal,0,10,12.1731,0,0,190,0.235027,0.233931,4.49456,0.0940996,2.19009,2.91702,2.00835
triangle,2,lqi-literal,0,11,12.02,0,0,190,0.228999,0.236123,4.47867,0.108253,2.2697,2.8364,1.86181
triangle,2,lqi-literal,0,12,11.2928,0,0,190,0.229547,0.230095,4.4836,0.104457,2.10717,2.37454,1.76339
triangle,2,lqi-literal,0,13,11.5001,0,0,190,0.236671,0.238863,4.46826,0.098739,1.97842,2.53529,1.94386
triangle,2,lqi-literal,0,14,12.2376,0,0,190,0.233931,0.235575,4.49401,0.132084,2.21174,2.97861,1.95165
triangle,2,lqi-literal,0,15,11.7385,0,0,190,0.236123,0.232835,4.47757,0.0942111,2.1745,2.62794,1.89533
triangle,2,lqi-literal,0,16,12.1967,0,0,190,0.231739,0.234479,4.49292,0.107121,2.43131,2.84392,1.85518
triangle,2,lqi-literal,0,17,11.3981,0,0,190,0.232835,0.235575,4.46881,0.103758,2.10159,2.50537,1.75015
triangle,2,lqi-literal,0,18,11.9936,0,0,190,0.238315,0.235575,4.46661,0.11939,2.22408,2.84357,1.8661
triangle,2,lqi-literal,0,19,11.8806,0,0,190,0.232835,0.236671,4.4847,0.104263,2.16479,2.73298,1.92433
triangle,2,lqi-literal,1,0,10.5619,7,36,154,0.137483,0.142415,3.58153,0.325853,2.09616,2.31259,1.96588
triangle,2,lqi-literal,1,1,13.6821,11,18,172,0.142415,0.140771,4.10891,0.464952,2.81334,3.28496,2.7268
triangle,2,lqi-literal,1,2,11.5383,8,35,155,0.139127,0.143511,3.7726,0.421232,2.34873,2.68561,2.02746
triangle,2,lqi-literal,1,3,12.2953,7,32,158,0.138031,0.142415,3.59136,0.418302,2.35276,3.19715,2.45526
triangle,2,lqi-literal,1,4,12.9652,12,30,160,0.141867,0.137483,4.23774,0.431417,2.56144,3.25779,2.19749
triangle,2,lqi-literal,1,5,11.6771,6,35,155,0.142415,0.140223,3.42529,0.297096,2.61437,2.88483,2.17292
triangle,2,lqi-literal,1,6,14.3768,7,10,180,0.143511,0.136387,3.57437,0.407666,3.00592,3.93525,3.17366
triangle,2,lqi-literal,1,7,11.2189,8,37,153,0.142415,0.141319,3.74258,0.341484,2.14122,2.72621,1.98372
triangle,2,lqi-literal,1,8,13.3093,6,17,173,0.140223,0.144059,3.38001,0.337734,2.96429,3.49995,2.84304
triangle,2,lqi-literal,1,9,12.9819,11,28,162,0.142963,0.143511,4.06813,0.46162,2.74725,3.1639,2.25447
triangle,2,lqi-literal,1,10,12.0828,8,32,158,0.144607,0.141867,3.73128,0.403525,2.40064,3.0442,2.21673
triangle,2,lqi-literal,1,11,10.3432,2,37,153,0.142963,0.140771,2.88721,0.224543,2.23136,2.6722,2.04417
triangle,2,lqi-literal,1,12,11.3733,7,38,152,0.143511,0.136387,3.52764,0.344926,2.47385,2.68933,2.05768
triangle,2,lqi-literal,1,13,11.8869,8,29,161,0.144059,0.145155,3.6287,0.397577,2.51495,2.87828,2.17819
triangle,2,lqi-literal,1,14,11.9825,4,22,168,0.138579,0.140771,3.15559,0.305127,2.63624,3.17983,2.42633
triangle,2,lqi-literal,1,15,11.5566,3,28,162,0.141319,0.141319,3.01091,0.254219,2.58553,3.01763,2.40565
triangle,2,lqi-literal,1,16,11.1891,4,32,158,0.141867,0.140223,3.20948,0.28898,2.27875,2.89904,2.23077
triangle,2,lqi-literal,1,17,10.8412,5,41,149,0.140223,0.143511,3.35231,0.413478,2.20654,2.58206,2.00313
triangle,2,lqi-literal,1,18,12.3558,6,17,173,0.139127,0.138031,3.41083,0.276501,2.76962,3.03199,2.58968
triangle,2,lqi-literal,1,19,12.2746,7,26,164,0.141319,0.141867,3.5602,0.320321,2.67327,3.12212,2.31555
triangle,2.25,hopcount,0,0,15.8942,7,6,184,0.182419,0.180227,4.69961,0.286214,3.45035,4.4183,2.67706
triangle,2.25,hopcount,0,1,16.359,10,13,177,0.181323,0.187351,5.25838,0.376944,3.44428,4.27314,2.63755
triangle,2.25,hopcount,0,2,16.292,7,10,180,0.175295,0.180227,4.73852,0.33617,3.33976,4.89589,2.62618
triangle,2.25,hopcount,0,3,15.1419,2,2,188,0.182967,0.182419,3.80943,0.209263,3.12357,4.88514,2.74914
triangle,2.25,hopcount,0,4,15.5764,8,14,176,0.187899,0.179679,4.88586,0.312752,3.12215,4.42642,2.46169
triangle,2.25,hopcount,0,5,15.467,11,18,172,0.172555,0.181323,5.42271,0.359089,2.81621,4.05005,2.46507
triangle,2.25,hopcount,0,6,16.5165,13,14,176,0.180775,0.179131,5.83632,0.397933,3.10314,4.32029,2.49889
triangle,2.25,hopcount,0,7,15.6907,6,6,184,0.182419,0.175843,4.52925,0.284206,2.99364,4.79578,2.72956
triangle,2.25,hopcount,0,8,15.521,4,4,186,0.179131,0.175843,4.12988,0.217459,3.29106,4.62237,2.90523
triangle,2.25,hopcount,0,9,16.7553,8,7,183,0.171459,0.182419,4.88148,0.298063,3.62317,4.93933,2.65939
triangle,2.25,hopcount,0,10,15.7935,15,30,160,0.185159,0.177487,6.20171,0.395094,2.83127,3.77043,2.23239
triangle,2.25,hopcount,0,11,15.9927,13,26,164,0.176939,0.177487,5.8018,0.358538,2.98325,4.17932,2.31536
triangle,2.25,hopcount,0,12,15.9243,8,15,175,0.187351,0.174199,4.92422,0.328193,3.32558,4.42721,2.55754
triangle,2.25,hopcount,0,13,16.5071,10,9,181,0.177487,0.181871,5.2644,0.334079,3.21653,4.70911,2.6236
triangle,2.25,hopcount,0,14,15.9892,6,12,178,0.182967,0.186255,4.5824,0.312309,2.93892,4.96839,2.8179
triangle,2.25,hopcount,0,15,15.6442,9,20,170,0.181323,0.184063,5.04198,0.313406,2.96618,4.42468,2.53257
triangle,2.25,hopcount,0,16,15.8835,9,8,182,0.181871,0.175295,5.11267,0.3164,2.93735,4.54426,2.61568
triangle,2.25,hopcount,0,17,16.4804,11,18,172,0.179679,0.178035,5.47532,0.363052,3.31243,4.67085,2.30107
triangle,2.25,hopcount,0,18,15.9208,8,5,185,0.180227,0.181323,4.88532,0.324969,3.33264,4.37275,2.64361
triangle,2.25,hopcount,0,19,16.2334,13,12,178,0.181871,0.182419,5.80563,0.412648,3.1276,4.1634,2.35986
triangle,2.25,hopcount,1,0,10.7081,9,58,132,0.112823,0.109535,2.7328,0.35634,2.37006,3.0284,1.99819
triangle,2.25,hopcount,1,1,9.29456,7,65,125,0.113371,0.113371,2.53067,0.332496,1.98542,2.46385,1.75538
triangle,2.25,hopcount,1,2,10.1915,11,59,131,0.111727,0.113371,2.95582,0.332715,2.13803,2.73867,1.80117
triangle,2.25,hopcount,1,3,10.2522,9,64,126,0.113919,0.114467,2.78642,0.317111,2.05724,2.96608,1.89693
triangle,2.25,hopcount,1,4,10.4461,12,66,124,0.116111,0.113371,3.02239,0.415894,2.09578,2.92556,1.75699
triangle,2.25,hopcount,1,5,9.46476,6,62,128,0.112823,0.113371,2.4687,0.293677,1.94264,2.75423,1.77932
triangle,2.25,hopcount,1,6,10.0846,8,68,122,0.111727,0.110083,2.66617,0.302239,2.13429,3.00008,1.75995
triangle,2.25,hopcount,1,7,9.76366,7,65,125,0.113919,0.112823,2.49572,0.30156,1.94763,2.85247,1.93954
triangle,2.25,hopcount,1,8,9.44704,2,62,128,0.114467,0.112275,2.06953,0.226019,2.14299,2.93543,1.84632
triangle,2.25,hopcount,1,9,10.556,8,56,134,0.111179,0.113919,2.63692,0.304119,2.43572,2.89308,2.06109
triangle,2.25,hopcount,1,10,9.01922,8,74,116,0.110083,0.112275,2.66336,0.297077,1.99842,2.2957,1.54231
triangle,2.25,hopcount,1,11,8.76852,10,77,113,0.117207,0.110631,2.88061,0.414464,1.84793,1.96747,1.4302
triangle,2.25,hopcount,1,12,9.48594,9,64,126,0.113371,0.111727,2.7946,0.360042,2.03168,2.25455,1.81997
triangle,2.25,hopcount,1,13,10.1145,4,54,136,0.117207,0.109535,2.32477,0.236339,2.21385,2.97499,2.13782
triangle,2.25,hopcount,1,14,10.2933,9,61,129,0.112275,0.110083,2.74476,0.315775,2.36076,2.74814,1.90152
triangle,2.25,hopcount,1,15,8.8572,5,73,117,0.111727,0.111727,2.3625,0.243937,1.89506,2.42869,1.70356
triangle,2.25,hopcount,1,16,9.43513,8,70,120,0.111727,0.113919,2.72875,0.391964,1.91402,2.49142,1.68333
triangle,2.25,hopcount,1,17,9.48136,8,64,126,0.113919,0.110631,2.70897,0.206912,1.91665,2.76458,1.65969
triangle,2.25,hopcount,1,18,10.5002,10,60,130,0.108439,0.112823,2.84367,0.32761,2.33397,2.88904,1.88462
triangle,2.25,hopcount,1,19,10.4005,9,61,129,0.114467,0.112275,2.67963,0.327405,2.41618,2.95464,1.7959
triangle,2.25,lqi,0,0,13.2194,0,0,190,0.182419,0.180227,3.42487,0.15348,2.8491,3.35915,3.07013
triangle,2.25,lqi,0,1,13.4078,0,0,190,0.181323,0.187351,3.45884,0.172412,2.92608,3.4021,3.07967
triangle,2.25,lqi,0,2,13.021,0,0,190,0.175295,0.180227,3.46268,0.157498,2.81888,3.22425,3.00221
triangle,2.25,lqi,0,3,13.128,0,0,190,0.182967,0.182419,3.44405,0.162145,2.86276,3.19686,3.09681
triangle,2.25,lqi,0,4,14.1501,4,4,186,0.187899,0.179679,4.15235,0.212675,2.9119,3.53222,2.97342
triangle,2.25,lqi,0,5,13.1141,0,0,190,0.172555,0.181323,3.45391,0.173508,2.80625,3.1919,3.1346
triangle,2.25,lqi,0,6,15.5666,7,7,183,0.180775,0.179131,4.75003,0.267347,2.93152,4.33635,2.9215
triangle,2.25,lqi,0,7,13.3016,0,0,190,0.182419,0.175843,3.45062,0.183878,2.92553,3.2699,3.11338
triangle,2.25,lqi,0,8,13.1662,0,0,190,0.179131,0.175843,3.41281,0.144066,2.72166,3.50046,3.03228
triangle,2.25,lqi,0,9,14.6875,4,4,186,0.171459,0.182419,4.15674,0.201632,2.83951,4.16107,2.97465
triangle,2.25,lqi,0,10,13.675,0,0,190,0.185159,0.177487,3.48021,0.157533,2.98636,3.48841,3.19983
triangle,2.25,lqi,0,11,13.3811,0,0,190,0.176939,0.177487,3.4709,0.154028,2.87689,3.40874,3.11616
triangle,2.25,lqi,0,12,13.3813,0,0,190,0.187351,0.174199,3.44843,0.17587,3.04674,3.22312,3.12558
triangle,2.25,lqi,0,13,13.1003,0,0,190,0.177487,0.181871,3.42651,0.175271,2.91339,3.17682,3.04899
triangle,2.25,lqi,0,14,13.4447,0,0,190,0.182967,0.186255,3.46925,0.167309,2.91536,3.41127,3.11227
triangle,2.25,lqi,0,15,13.1289,0,0,190,0.181323,0.184063,3.42048,0.166119,2.86687,3.25035,3.05964
triangle,2.25,lqi,0,16,13.5417,0,0,190,0.181871,0.175295,3.46268,0.170159,2.96223,3.5111,3.07837
triangle,2.25,lqi,0,17,12.6442,0,0,190,0.179679,0.178035,3.46268,0.18457,2.64977,3.08253,2.90692
triangle,2.25,lqi,0,18,13.0724,0,0,190,0.180227,0.181323,3.45117,0.170163,2.8652,3.17797,3.04637
triangle,2.25,lqi,0,19,13.1168,0,0,190,0.181871,0.182419,3.45884,0.173508,2.83229,3.28149,3.00636
triangle,2.25,lqi,1,0,8.25468,4,65,125,0.112823,0.109535,2.25571,0.240961,1.74515,1.95798,1.83253
triangle,2.25,lqi,1,1,8.49334,4,62,128,0.113371,0.113371,2.26899,0.238085,1.86996,2.01534,1.87422
triangle,2.25,lqi,1,2,9.20579,5,60,130,0.111727,0.113371,2.4039,0.256527,1.98873,2.33756,1.99397
triangle,2.25,lqi,1,3,9.48296,3,49,141,0.113919,0.114467,2.22355,0.236454,2.12175,2.43619,2.23664
triangle,2.25,lqi,1,4,8.7038,2,57,133,0.116111,0.113371,2.02547,0.21476,1.86949,2.28553,2.07907
triangle,2.25,lqi,1,5,9.7505,3,52,138,0.112823,0.113371,2.18901,0.186355,2.27507,2.65745,2.21642
triangle,2.25,lqi,1,6,10.563,3,45,145,0.111727,0.110083,2.20397,0.23121,2.27014,3.09224,2.54362
triangle,2.25,lqi,1,7,9.63402,2,49,141,0.113919,0.112823,2.03461,0.189701,2.28988,2.55534,2.33774
triangle,2.25,lqi,1,8,8.64551,2,65,125,0.114467,0.112275,2.06915,0.22327,1.79814,2.34199,1.98622
triangle,2.25,lqi,1,9,9.27977,4,59,131,0.111179,0.113919,2.27392,0.230011,2.14,2.32087,2.08988
triangle,2.25,lqi,1,10,9.5293,5,60,130,0.110083,0.112275,2.38189,0.206629,2.0846,2.52377,2.11006
triangle,2.25,lqi,1,11,9.18004,7,63,127,0.117207,0.110631,2.57052,0.331673,2.06138,2.06735,1.92128
triangle,2.25,lqi,1,12,9.40582,5,60,130,0.113371,0.111727,2.40099,0.227017,2.22799,2.20377,2.12095
triangle,2.25,lqi,1,13,9.37961,2,52,138,0.117207,0.109535,2.13733,0.201472,2.14623,2.53778,2.13005
triangle,2.25,lqi,1,14,9.7939,3,48,142,0.112275,0.110083,2.16771,0.229689,2.16088,2.68154,2.33172
triangle,2.25,lqi,1,15,11.1508,4,45,145,0.111727,0.111727,2.27974,0.258859,2.62116,3.10757,2.66001
triangle,2.25,lqi,1,16,9.92006,2,47,143,0.111727,0.113919,2.08648,0.209773,2.19572,2.8274,2.37504
triangle,2.25,lqi,1,17,8.88284,5,62,128,0.113919,0.110631,2.40668,0.253139,1.92328,2.1908,1.88439
triangle,2.25,lqi,1,18,11.246,7,43,147,0.108439,0.112823,2.55256,0.297428,2.46981,3.16492,2.54002
triangle,2.25,lqi,1,19,9.60691,3,51,139,0.114467,0.112275,2.15768,0.202909,2.17445,2.68895,2.15617
triangle,2.25,leo,0,0,16.2626,9,21,169,0.182419,0.180227,5.76706,0.333873,3.05242,4.24033,2.50628
triangle,2.25,leo,0,1,16.9604,12,16,174,0.181323,0.187351,6.35576,0.388319,3.19245,4.06404,2.59117
triangle,2.25,leo,0,2,15.4737,6,15,175,0.175295,0.180227,5.0526,0.278009,3.01314,4.26356,2.51086
triangle,2.25,leo,0,3,15.1713,3,3,187,0.182967,0.182419,4.20728,0.236175,3.1098,4.49246,2.76024
triangle,2.25,leo,0,4,16.0877,11,21,169,0.187899,0.179679,6.34754,0.355131,3.05281,3.65971,2.30497
triangle,2.25,leo,0,5,15.9153,11,25,165,0.172555,0.181323,6.43843,0.382447,2.75269,3.70407,2.28382
triangle,2.25,leo,0,6,16.9853,11,22,168,0.180775,0.179131,6.44092,0.37029,3.38358,3.96565,2.46499
triangle,2.25,leo,0,7,16.6358,9,7,183,0.182419,0.175843,5.75142,0.327645,3.27832,4.27848,2.6417
triangle,2.25,leo,0,8,15.7691,6,14,176,0.179131,0.175843,4.86445,0.249673,3.28324,4.41426,2.60246
triangle,2.25,leo,0,9,16.5804,8,14,176,0.171459,0.182419,5.38713,0.315691,3.38837,4.63358,2.50178
triangle,2.25,leo,0,10,17.151,12,18,172,0.185159,0.177487,6.94104,0.368836,3.20115,3.74082,2.53654
triangle,2.25,leo,0,11,16.7092,10,15,175,0.176939,0.177487,5.92144,0.290536,3.27342,4.3462,2.52314
triangle,2.25,leo,0,12,15.4702,6,12,178,0.187351,0.174199,5.00226,0.284069,3.28007,4.07477,2.46744
triangle,2.25,leo,0,13,18.7606,13,10,180,0.177487,0.181871,7.18013,0.393053,3.4445,4.49795,2.88562
triangle,2.25,leo,0,14,17.2185,9,13,177,0.182967,0.186255,6.10099,0.323827,3.03965,4.59898,2.78581
triangle,2.25,leo,0,15,14.9612,8,10,180,0.181323,0.184063,5.15518,0.29066,2.8926,3.69986,2.55752
triangle,2.25,leo,0,16,16.7001,11,11,179,0.181871,0.175295,6.44559,0.357921,2.92871,3.94494,2.66574
triangle,2.25,leo,0,17,15.8877,9,17,173,0.179679,0.178035,5.88683,0.335829,3.09459,3.79297,2.41978
triangle,2.25,leo,0,18,16.7561,10,16,174,0.180227,0.181323,6.19193,0.35618,3.07514,4.17017,2.60116
triangle,2.25,leo,0,19,15.4328,7,13,177,0.181871,0.182419,5.0491,0.313293,3.09921,3.96892,2.63801
triangle,2.25,leo,1,0,10.6844,8,64,126,0.112823,0.109535,3.21566,0.332196,2.20273,2.88356,1.82794
triangle,2.25,leo,1,1,10.0881,9,62,128,0.113371,0.113371,3.1415,0.355011,2.10374,2.41022,1.85084
triangle,2.25,leo,1,2,9.69648,9,66,124,0.111727,0.113371,3.28856,0.374058,1.96632,2.1745,1.66795
triangle,2.25,leo,1,3,9.42084,4,69,121,0.113919,0.114467,2.6027,0.253982,1.93683,2.5733,1.82563
triangle,2.25,leo,1,4,10.7842,11,66,124,0.116111,0.113371,3.34788,0.418829,2.11545,2.87305,1.79953
triangle,2.25,leo,1,5,9.86997,5,62,128,0.112823,0.113371,2.6879,0.253875,1.99378,2.93112,1.7771
triangle,2.25,leo,1,6,11.3476,8,55,135,0.111727,0.110083,3.19842,0.306269,2.31893,3.30725,1.99496
triangle,2.25,leo,1,7,9.25183,5,72,118,0.113919,0.112823,2.75105,0.288404,1.85138,2.44229,1.69196
triangle,2.25,leo,1,8,11.2202,5,55,135,0.114467,0.112275,2.70885,0.377271,2.41529,3.33666,2.15541
triangle,2.25,leo,1,9,8.44574,10,89,101,0.111179,0.113919,3.17064,0.344463,1.69253,1.81253,1.20047
triangle,2.25,leo,1,10,10.0822,6,65,125,0.110083,0.112275,2.77217,0.22205,2.32769,2.76571,1.77221
triangle,2.25,leo,1,11,9.66756,10,65,125,0.117207,0.110631,3.10158,0.450758,2.15142,2.14353,1.59244
triangle,2.25,leo,1,12,11.0109,9,57,133,0.113371,0.111727,3.20664,0.35683,2.29084,2.93612,1.99535
triangle,2.25,leo,1,13,8.7678,5,70,120,0.117207,0.109535,2.70063,0.225569,1.63078,2.33368,1.65039
triangle,2.25,leo,1,14,11.9464,9,49,141,0.112275,0.110083,3.23758,0.428278,2.5773,3.21157,2.26934
triangle,2.25,leo,1,15,11.9259,5,47,143,0.111727,0.111727,2.68622,0.297027,2.70717,3.52315,2.48888
triangle,2.25,leo,1,16,11.3419,9,60,130,0.111727,0.113919,3.49704,0.356591,2.25472,3.0085,1.99938
triangle,2.25,leo,1,17,8.92052,7,73,117,0.113919,0.110631,3.06308,0.259788,1.68515,2.27495,1.413
triangle,2.25,leo,1,18,11.1424,7,54,136,0.108439,0.112823,2.87404,0.308419,2.34439,3.13239,2.26195
triangle,2.25,leo,1,19,10.634,10,62,128,0.114467,0.112275,3.13049,0.334096,2.35266,2.79752,1.79245
triangle,2.25,lqi-literal,0,0,15.8942,7,6,184,0.182419,0.180227,4.69961,0.286214,3.45035,4.4183,2.67706
triangle,2.25,lqi-literal,0,1,16.359,10,13,177,0.181323,0.187351,5.25838,0.376944,3.44428,4.27314,2.63755
triangle,2.25,lqi-literal,0,2,16.292,7,10,180,0.175295,0.180227,4.73852,0.33617,3.33976,4.89589,2.62618
triangle,2.25,lqi-literal,0,3,15.1419,2,2,188,0.182967,0.182419,3.80943,0.209263,3.12357,4.88514,2.74914
triangle,2.25,lqi-literal,0,4,15.5764,8,14,176,0.187899,0.179679,4.88586,0.312752,3.12215,4.42642,2.46169
triangle,2.25,lqi-literal,0,5,15.467,11,18,172,0.172555,0.181323,5.42271,0.359089,2.81621,4.05005,2.46507
triangle,2.25,lqi-literal,0,6,16.5165,13,14,176,0.180775,0.179131,5.83632,0.397933,3.10314,4.32029,2.49889
triangle,2.25,lqi-literal,0,7,15.6907,6,6,184,0.182419,0.175843,4.52925,0.284206,2.99364,4.79578,2.72956
triangle,2.25,lqi-literal,0,8,15.521,4,4,186,0.179131,0.175843,4.12988,0.217459,3.29106,4.62237,2.90523
triangle,2.25,lqi-literal,0,9,16.7553,8,7,183,0.171459,0.182419,4.88148,0.298063,3.62317,4.93933,2.65939
triangle,2.25,lqi-literal,0,10,15.7935,15,30,160,0.185159,0.177487,6.20171,0.395094,2.83127,3.77043,2.23239
triangle,2.25,lqi-literal,0,11,15.9927,13,26,164,0.176939,0.177487,5.8018,0.358538,2.98325,4.17932,2.31536
triangle,2.25,lqi-literal,0,12,15.9243,8,15,175,0.187351,0.174199,4.92422,0.328193,3.32558,4.42721,2.55754
triangle,2.25,lqi-literal,0,13,16.5071,10,9,181,0.177487,0.181871,5.2644,0.334079,3.21653,4.70911,2.6236
triangle,2.25,lqi-literal,0,14,15.9892,6,12,178,0.182967,0.186255,4.5824,0.312309,2.93892,4.96839,2.8179
triangle,2.25,lqi-literal,0,15,15.6442,9,20,170,0.181323,0.184063,5.04198,0.313406,2.96618,4.42468,2.53257
triangle,2.25,lqi-literal,0,16,15.8835,9,8,182,0.181871,0.175295,5.11267,0.3164,2.93735,4.54426,2.61568
triangle,2.25,lqi-literal,0,17,16.4804,11,18,172,0.179679,0.178035,5.47532,0.363052,3.31243,4.67085,2.30107
triangle,2.25,lqi-literal,0,18,15.9208,8,5,185,0.180227,0.181323,4.88532,0.324969,3.33264,4.37275,2.64361
triangle,2.25,lqi-literal,0,19,16.2334,13,12,178,0.181871,0.182419,5.80563,0.412648,3.1276,4.1634,2.35986
triangle,2.25,lqi-literal,1,0,10.7081,9,58,132,0.112823,0.109535,2.7328,0.35634,2.37006,3.0284,1.99819
triangle,2.25,lqi-literal,1,1,9.29456,7,65,125,0.113371,0.113371,2.53067,0.332496,1.98542,2.46385,1.75538
triangle,2.25,lqi-literal,1,2,10.1915,11,59,131,0.111727,0.113371,2.95582,0.332715,2.13803,2.73867,1.80117
triangle,2.25,lqi-literal,1,3,10.2522,9,64,126,0.113919,0.114467,2.78642,0.317111,2.05724,2.96608,1.89693
triangle,2.25,lqi-literal,1,4,10.4461,12,66,124,0.116111,0.113371,3.02239,0.415894,2.09578,2.92556,1.75699
triangle,2.25,lqi-literal,1,5,9.46476,6,62,128,0.112823,0.113371,2.4687,0.293677,1.94264,2.75423,1.77932
triangle,2.25,lqi-literal,1,6,10.0846,8,68,122,0.111727,0.110083,2.66617,0.302239,2.13429,3.00008,1.75995
triangle,2.25,lqi-literal,1,7,9.76366,7,65,125,0.113919,0.112823,2.49572,0.30156,1.94763,2.85247,1.93954
triangle,2.25,lqi-literal,1,8,9.44704,2,62,128,0.114467,0.112275,2.06953,0.226019,2.14299,2.93543,1.84632
triangle,2.25,lqi-literal,1,9,10.556,8,56,134,0.111179,0.113919,2.63692,0.304119,2.43572,2.89308,2.06109
triangle,2.25,lqi-literal,1,10,9.01922,8,74,116,0.110083,0.112275,2.66336,0.297077,1.99842,2.2957,1.54231
triangle,2.25,lqi-literal,1,11,8.76852,10,77,113,0.117207,0.110631,2.88061,0.414464,1.84793,1.96747,1.4302
triangle,2.25,lqi-literal,1,12,9.48594,9,64,126,0.113371,0.111727,2.7946,0.360042,2.03168,2.25455,1.81997
triangle,2.25,lqi-literal,1,13,10.1145,4,54,136,0.117207,0.109535,2.32477,0.236339,2.21385,2.97499,2.13782
triangle,2.25,lqi-literal,1,14,10.2933,9,61,129,0.112275,0.110083,2.74476,0.315775,2.36076,2.74814,1.90152
triangle,2.25,lqi-literal,1,15,8.8572,5,73,117,0.111727,0.111727,2.3625,0.243937,1.89506,2.42869,1.70356
triangle,2.25,lqi-literal,1,16,9.43513,8,70,120,0.111727,0.113919,2.72875,0.391964,1.91402,2.49142,1.68333
triangle,2.25,lqi-literal,1,17,9.48136,8,64,126,0.113919,0.110631,2.70897,0.206912,1.91665,2.76458,1.65969
triangle,2.25,lqi-literal,1,18,10.5002,10,60,130,0.108439,0.112823,2.84367,0.32761,2.33397,2.88904,1.88462
triangle,2.25,lqi-literal,1,19,10.4005,9,61,129,0.114467,0.112275,2.67963,0.327405,2.41618,2.95464,1.7959
triangle,2.5,hopcount,0,0,15.5466,11,38,152,0.132551,0.130359,3.96777,0.510154,3.32682,4.3475,3.13142
triangle,2.5,hopcount,0,1,17.9407,16,14,176,0.133647,0.134195,4.60367,0.540428,4.22884,4.79498,3.50488
triangle,2.5,hopcount,0,2,15.3851,18,51,139,0.134195,0.131455,4.93125,0.665308,3.3288,3.56155,2.63258
triangle,2.5,hopcount,0,3,15.5069,22,45,145,0.133099,0.134195,5.38857,0.766045,3.00516,3.29277,2.78711
triangle,2.5,hopcount,0,4,14.2119,11,40,150,0.137483,0.132003,3.98257,0.446823,3.03216,3.60562,2.87525
triangle,2.5,hopcount,0,5,17.0156,16,28,162,0.128715,0.132551,4.62395,0.62066,3.77361,4.41646,3.31967
triangle,2.5,hopcount,0,6,16.0238,14,26,164,0.133647,0.128715,4.36597,0.548933,3.32529,4.21598,3.30525
triangle,2.5,hopcount,0,7,16.1378,20,33,157,0.140771,0.134743,5.18539,0.713049,3.10994,3.79628,3.05761
triangle,2.5,hopcount,0,8,16.6394,12,21,169,0.124331,0.123783,4.0784,0.459527,3.49326,4.74902,3.61111
triangle,2.5,hopcount,0,9,14.5359,17,58,132,0.132551,0.132551,4.75102,0.620365,3.38245,3.18519,2.33181
triangle,2.5,hopcount,0,10,14.443,16,59,131,0.133647,0.133647,4.60367,0.604622,3.11586,3.31954,2.53203
triangle,2.5,hopcount,0,11,14.6917,15,51,139,0.130907,0.130907,4.5062,0.600802,3.10097,3.78233,2.4396
triangle,2.5,hopcount,0,12,17.5404,13,21,169,0.138031,0.132003,4.26356,0.596432,4.01121,4.94554,3.45362
triangle,2.5,hopcount,0,13,17.1977,13,18,172,0.127071,0.135839,4.24164,0.519853,4.01505,4.60119,3.55706
triangle,2.5,hopcount,0,14,16.1778,15,32,158,0.133099,0.130359,4.55113,0.6042,3.57925,3.9302,3.2496
triangle,2.5,hopcount,0,15,16.9079,16,30,160,0.132551,0.133099,4.60422,0.575979,3.70614,4.61937,3.13651
triangle,2.5,hopcount,0,16,16.0592,21,40,150,0.129811,0.130359,5.33932,0.778844,3.20362,3.40893,3.06838
triangle,2.5,hopcount,0,17,16.2774,17,31,159,0.136387,0.135291,4.78829,0.660587,3.05887,4.40814,3.0898
triangle,2.5,hopcount,0,18,17.5124,16,18,172,0.130907,0.131455,4.61573,0.638259,4.1568,4.44168,3.39761
triangle,2.5,hopcount,0,19,15.7387,16,37,153,0.128167,0.131455,4.64587,0.475258,3.22007,4.2267,2.91115
triangle,2.5,hopcount,1,0,10.6221,7,71,119,0.0952873,0.0958353,1.94146,0.296455,2.69629,2.97483,2.52194
triangle,2.5,hopcount,1,1,8.50287,7,81,109,0.0936433,0.0952873,1.93471,0.292415,1.85493,2.35046,1.88143
triangle,2.5,hopcount,1,2,9.65386,6,74,116,0.0958353,0.0974793,1.88521,0.28785,2.16981,2.94395,2.17372
triangle,2.5,hopcount,1,3,9.9478,7,69,121,0.0925473,0.0963833,1.92742,0.264157,2.30381,2.89926,2.36422
triangle,2.5,hopcount,1,4,7.93334,6,88,102,0.0952873,0.0941913,1.86459,0.265802,1.77864,1.99036,1.84446
triangle,2.5,hopcount,1,5,9.72312,6,66,124,0.0930953,0.0947393,1.87716,0.256453,2.24098,2.83546,2.32523
triangle,2.5,hopcount,1,6,8.91177,8,85,105,0.0947393,0.0952873,2.05942,0.340772,1.97224,2.58344,1.76587
triangle,2.5,hopcount,1,7,9.68786,9,83,107,0.0963833,0.0936433,2.08927,0.30379,2.24113,2.92906,1.93458
triangle,2.5,hopcount,1,8,8.68673,9,89,101,0.0952873,0.0925473,2.09623,0.352298,1.92779,2.40332,1.71926
triangle,2.5,hopcount,1,9,8.63634,8,89,101,0.0914513,0.0919993,2.0009,0.277459,1.76982,2.63929,1.76542
triangle,2.5,hopcount,1,10,9.76965,9,77,113,0.0930953,0.0941913,2.08931,0.328288,2.17643,2.85511,2.13322
triangle,2.5,hopcount,1,11,8.29455,6,75,115,0.0925473,0.0974793,1.89095,0.20257,1.94913,2.08495,1.97693
triangle,2.5,hopcount,1,12,10.4266,8,72,118,0.0925473,0.0930953,2.07093,0.347535,2.39201,3.19322,2.23724
triangle,2.5,hopcount,1,13,8.81846,7,81,109,0.0919993,0.0941913,1.96409,0.277258,1.87851,2.51535,1.99706
triangle,2.5,hopcount,1,14,10.4088,8,75,115,0.0952873,0.0980273,2.07325,0.353998,2.491,3.16874,2.12855
triangle,2.5,hopcount,1,15,10.7638,7,67,123,0.0958353,0.0887113,1.93943,0.258616,2.71377,3.06753,2.59995
triangle,2.5,hopcount,1,16,11.0659,10,70,120,0.0941913,0.0969313,2.22617,0.34208,2.59593,3.35025,2.36039
triangle,2.5,hopcount,1,17,9.36438,6,74,116,0.0974793,0.0958353,1.89225,0.257566,2.26089,2.744,2.01636
triangle,2.5,hopcount,1,18,9.61184,2,70,120,0.0925473,0.0958353,1.60429,0.174698,2.57644,2.81362,2.25441
triangle,2.5,hopcount,1,19,10.3194,12,75,115,0.0958353,0.0936433,2.34321,0.391505,2.23796,3.00648,2.15076
triangle,2.5,lqi,0,0,16.6353,19,31,159,0.131455,0.130359,5.00571,0.637784,3.3744,3.87728,3.47826
triangle,2.5,lqi,0,1,16.4789,13,19,171,0.133647,0.134195,4.22027,0.524468,3.34534,4.37551,3.74549
triangle,2.5,lqi,0,2,16.3011,15,26,164,0.134195,0.131455,4.51277,0.551878,3.15227,4.35463,3.46389
triangle,2.5,lqi,0,3,15.596,10,22,168,0.133099,0.134195,3.82974,0.454611,3.23538,4.15597,3.65297
triangle,2.5,lqi,0,4,16.0161,6,14,176,0.137483,0.132003,3.32091,0.361673,3.44706,5.02656,3.59042
triangle,2.5,lqi,0,5,16.6228,6,6,184,0.129263,0.132551,3.32036,0.342952,3.88933,4.80737,4.00094
triangle,2.5,lqi,0,6,15.2298,13,27,163,0.133647,0.128715,4.23506,0.492977,3.04957,3.78772,3.40207
triangle,2.5,lqi,0,7,16.4368,8,12,178,0.140771,0.134743,3.59258,0.473586,3.43424,4.70291,3.95794
triangle,2.5,lqi,0,8,15.4449,14,36,154,0.124331,0.123783,4.32213,0.567148,3.056,3.88888,3.36259
triangle,2.5,lqi,0,9,16.6214,16,29,161,0.132551,0.132551,4.62559,0.561546,3.1924,4.43507,3.54172
triangle,2.5,lqi,0,10,15.4656,6,20,170,0.133647,0.133647,3.29679,0.361321,3.4387,4.33037,3.77111
triangle,2.5,lqi,0,11,15.0979,14,27,163,0.130359,0.129811,4.37036,0.52143,3.18182,3.44164,3.32248
triangle,2.5,lqi,0,12,14.6561,4,19,171,0.138031,0.132003,3.0706,0.325278,3.08937,4.15938,3.74148
triangle,2.5,lqi,0,13,15.5038,13,28,162,0.127071,0.135839,4.24712,0.445595,3.01508,4.22541,3.30765
triangle,2.5,lqi,0,14,16.3811,14,20,170,0.133099,0.130359,4.43392,0.522022,3.39929,4.13812,3.62432
triangle,2.5,lqi,0,15,16.3799,14,20,170,0.132551,0.133099,4.35501,0.492281,3.20163,4.40916,3.65622
triangle,2.5,lqi,0,16,17.5373,15,16,174,0.128715,0.130359,4.51387,0.607992,3.62922,4.82934,3.69784
triangle,2.5,lqi,0,17,14.7635,13,30,160,0.136387,0.135291,4.26027,0.519429,2.8073,3.67581,3.22897
triangle,2.5,lqi,0,18,15.1428,11,25,165,0.130907,0.131455,3.96558,0.451291,3.16181,3.74781,3.55395
triangle,2.5,lqi,0,19,14.8884,13,30,160,0.128167,0.131455,4.24054,0.475476,3.04226,3.63558,3.23491
triangle,2.5,lqi,1,0,8.82766,7,79,111,0.0952873,0.0958353,1.93964,0.289597,2.01484,2.26239,2.13007
triangle,2.5,lqi,1,1,9.42805,7,71,119,0.0936433,0.0952873,1.94618,0.277077,2.26329,2.45145,2.30112
triangle,2.5,lqi,1,2,9.45852,7,73,117,0.0958353,0.0974793,1.97337,0.2787,2.19611,2.57842,2.2386
triangle,2.5,lqi,1,3,9.03704,4,71,119,0.0925473,0.0969313,1.70253,0.252281,2.0815,2.42069,2.39057
triangle,2.5,lqi,1,4,9.58591,4,63,127,0.0952873,0.0941913,1.74958,0.20483,2.16474,2.78744,2.48984
triangle,2.5,lqi,1,5,9.9298,8,66,124,0.0930953,0.0947393,2.04011,0.315958,2.32337,2.61049,2.45204
triangle,2.5,lqi,1,6,8.38277,6,85,105,0.0947393,0.0952873,1.91051,0.279037,1.8274,2.27445,1.90136
triangle,2.5,lqi,1,7,8.99988,4,74,116,0.0969313,0.0936433,1.74448,0.189083,2.04734,2.65149,2.17692
triangle,2.5,lqi,1,8,9.41107,5,73,117,0.0952873,0.0925473,1.81514,0.25409,2.19192,2.70491,2.25717
triangle,2.5,lqi,1,9,8.00247,4,91,99,0.0914513,0.0919993,1.72513,0.217826,1.67832,2.43273,1.76501
triangle,2.5,lqi,1,10,9.57174,8,74,116,0.0930953,0.0941913,2.0273,0.255829,2.10501,2.64984,2.34648
triangle,2.5,lqi,1,11,8.69284,2,68,122,0.0925473,0.0974793,1.62251,0.1767,2.1749,2.1923,2.33641
triangle,2.5,lqi,1,12,9.02362,8,76,114,0.0925473,0.0930953,2.05562,0.245769,2.10608,2.31224,2.11826
triangle,2.5,lqi,1,13,9.77544,6,66,124,0.0919993,0.0941913,1.88972,0.277057,2.26396,2.76935,2.38917
triangle,2.5,lqi,1,14,8.39606,2,74,116,0.0958353,0.0974793,1.58338,0.186338,1.92053,2.34291,2.16959
triangle,2.5,lqi,1,15,10.3028,6,63,127,0.0958353,0.0881633,1.87071,0.305356,2.43952,2.98657,2.51665
triangle,2.5,lqi,1,16,10.0573,5,63,127,0.0941913,0.0969313,1.84178,0.283885,2.24793,2.97163,2.52091
triangle,2.5,lqi,1,17,8.42937,6,77,113,0.0969313,0.0952873,1.9256,0.294028,1.74566,2.20198,2.06988
triangle,2.5,lqi,1,18,9.32645,2,67,123,0.0925473,0.0958353,1.58313,0.194119,2.21259,2.78104,2.36718
triangle,2.5,lqi,1,19,9.46736,7,68,122,0.0958353,0.0936433,1.93496,0.256366,2.10079,2.57371,2.41205
triangle,2.5,leo,0,0,16.7579,16,36,154,0.132551,0.130359,5.52277,0.576075,3.4038,3.88457,3.10773
triangle,2.5,leo,0,1,16.9647,12,32,158,0.133647,0.134195,4.90394,0.531637,3.77587,4.30499,3.18041
triangle,2.5,leo,0,2,17.8095,22,43,147,0.134195,0.131455,6.91746,0.761424,3.17526,3.83078,2.85893
triangle,2.5,leo,0,3,14.4751,16,58,132,0.133099,0.134195,5.55362,0.612548,2.7097,2.86063,2.47135
triangle,2.5,leo,0,4,15.1676,15,46,144,0.137483,0.132003,5.2147,0.64001,3.06042,3.15476,2.82818
triangle,2.5,leo,0,5,16.124,18,63,127,0.128715,0.132551,5.78496,0.736385,2.9571,3.77314,2.6112
triangle,2.5,leo,0,6,15.9792,12,38,152,0.133647,0.128715,4.7678,0.539569,2.92664,4.35192,3.13089
triangle,2.5,leo,0,7,17.3069,15,33,157,0.140771,0.134743,5.50261,0.630641,3.24314,4.11666,3.53836
triangle,2.5,leo,0,8,16.7013,11,27,163,0.124331,0.123783,4.57724,0.475392,3.39321,4.43168,3.57563
triangle,2.5,leo,0,9,17.4403,19,44,146,0.132551,0.132551,6.28147,0.656435,3.34998,4.02309,2.86421
triangle,2.5,leo,0,10,17.5607,22,51,139,0.133647,0.133647,6.78984,0.765609,3.2164,3.65426,2.86734
triangle,2.5,leo,0,11,16.7205,12,30,160,0.130907,0.130907,4.61337,0.504485,3.61195,4.43601,3.29288
triangle,2.5,leo,0,12,19.0962,17,17,173,0.138031,0.132003,6.13972,0.686273,3.88668,4.43857,3.67496
triangle,2.5,leo,0,13,15.9865,9,22,168,0.127071,0.135839,4.06858,0.436779,3.54627,4.33727,3.33469
triangle,2.5,leo,0,14,17.2642,17,40,150,0.133099,0.130359,5.9089,0.635273,3.36438,4.03607,3.05616
triangle,2.5,leo,0,15,16.6784,16,45,145,0.132551,0.133099,5.64241,0.589007,3.04342,4.03465,3.10322
triangle,2.5,leo,0,16,16.9357,16,39,151,0.129811,0.130359,5.92092,0.627572,3.23556,3.90157,2.9899
triangle,2.5,leo,0,17,16.3044,17,39,151,0.136387,0.135291,5.90404,0.638389,3.01817,3.63674,2.83538
triangle,2.5,leo,0,18,16.7968,16,40,150,0.130907,0.131455,5.57711,0.632488,3.07206,4.33682,2.916
triangle,2.5,leo,0,19,16.9209,13,17,173,0.128167,0.131455,4.92898,0.487504,3.35628,4.37749,3.511
triangle,2.5,leo,1,0,9.76154,7,81,109,0.0952873,0.0958353,2.29625,0.305246,2.21682,2.59226,2.15984
triangle,2.5,leo,1,1,10.918,9,72,118,0.0936433,0.0952873,2.47792,0.323458,2.31811,3.17846,2.43108
triangle,2.5,leo,1,2,9.08999,4,77,113,0.0958353,0.0974793,2.0399,0.251,2.23864,2.21824,2.1489
triangle,2.5,leo,1,3,11.1424,10,64,126,0.0925473,0.0963833,2.60917,0.387033,2.44273,2.93935,2.57519
triangle,2.5,leo,1,4,10.7366,9,69,121,0.0952873,0.0941913,2.71631,0.336835,2.38223,2.73419,2.37756
triangle,2.5,leo,1,5,9.91498,4,70,120,0.0930953,0.0947393,2.00141,0.222594,2.11919,2.94002,2.44393
triangle,2.5,leo,1,6,10.6899,13,73,117,0.0947393,0.0952873,3.04963,0.472194,2.27374,2.49807,2.20625
triangle,2.5,leo,1,7,10.2005,7,77,113,0.0963833,0.0936433,2.41055,0.28892,2.42132,2.82801,2.06165
triangle,2.5,leo,1,8,8.05583,7,90,100,0.0952873,0.0925473,2.27968,0.334197,1.72971,1.90655,1.61786
triangle,2.5,leo,1,9,9.71829,7,77,113,0.0914513,0.0919993,2.29899,0.267319,1.90813,2.93088,2.12951
triangle,2.5,leo,1,10,10.4145,9,74,116,0.0930953,0.0941913,2.35864,0.300212,2.33616,2.91529,2.3169
triangle,2.5,leo,1,11,8.98255,6,81,109,0.0925473,0.0974793,2.23238,0.238787,1.94184,2.47481,1.90471
triangle,2.5,leo,1,12,10.3696,9,76,114,0.0925473,0.0930953,2.66486,0.34835,2.44908,2.64317,2.07853
triangle,2.5,leo,1,13,10.3486,6,64,126,0.0919993,0.0941913,2.1448,0.273299,2.28635,2.84232,2.61566
triangle,2.5,leo,1,14,10.8583,12,73,117,0.0952873,0.0980273,2.76765,0.378885,2.39283,2.86984,2.25578
triangle,2.5,leo,1,15,11,9,75,115,0.0958353,0.0887113,2.56377,0.356156,2.43336,3.10851,2.3537
triangle,2.5,leo,1,16,9.69243,8,79,111,0.0941913,0.0969313,2.46034,0.310104,2.09216,2.67437,1.96434
triangle,2.5,leo,1,17,10.313,10,77,113,0.0974793,0.0958353,2.67638,0.394026,2.3185,2.59965,2.13113
triangle,2.5,leo,1,18,9.53466,4,72,118,0.0925473,0.0958353,1.84921,0.218852,2.33956,2.68067,2.25798
triangle,2.5,leo,1,19,11.0848,8,70,120,0.0958353,0.0936433,2.46379,0.386393,2.42006,3.22909,2.39597
triangle,2.5,lqi-literal,0,0,15.5466,11,38,152,0.132551,0.130359,3.96777,0.510154,3.32682,4.3475,3.13142
triangle,2.5,lqi-literal,0,1,17.9407,16,14,176,0.133647,0.134195,4.60367,0.540428,4.22884,4.79498,3.50488
triangle,2.5,lqi-literal,0,2,15.3851,18,51,139,0.134195,0.131455,4.93125,0.665308,3.3288,3.56155,2.63258
triangle,2.5,lqi-literal,0,3,15.5069,22,45,145,0.133099,0.134195,5.38857,0.766045,3.00516,3.29277,2.78711
triangle,2.5,lqi-literal,0,4,14.2119,11,40,150,0.137483,0.132003,3.98257,0.446823,3.03216,3.60562,2.87525
triangle,2.5,lqi-literal,0,5,17.0156,16,28,162,0.128715,0.132551,4.62395,0.62066,3.77361,4.41646,3.31967
triangle,2.5,lqi-literal,0,6,16.0238,14,26,164,0.133647,0.128715,4.36597,0.548933,3.32529,4.21598,3.30525
triangle,2.5,lqi-literal,0,7,16.1378,20,33,157,0.140771,0.134743,5.18539,0.713049,3.10994,3.79628,3.05761
triangle,2.5,lqi-literal,0,8,16.6394,12,21,169,0.124331,0.123783,4.0784,0.459527,3.49326,4.74902,3.61111
triangle,2.5,lqi-literal,0,9,14.5359,17,58,132,0.132551,0.132551,4.75102,0.620365,3.38245,3.18519,2.33181
triangle,2.5,lqi-literal,0,10,14.443,16,59,131,0.133647,0.133647,4.60367,0.604622,3.11586,3.31954,2.53203
triangle,2.5,lqi-literal,0,11,14.6917,15,51,139,0.130907,0.130907,4.5062,0.600802,3.10097,3.78233,2.4396
triangle,2.5,lqi-literal,0,12,17.5404,13,21,169,0.138031,0.132003,4.26356,0.596432,4.01121,4.94554,3.45362
triangle,2.5,lqi-literal,0,13,17.1977,13,18,172,0.127071,0.135839,4.24164,0.519853,4.01505,4.60119,3.55706
triangle,2.5,lqi-literal,0,14,16.1778,15,32,158,0.133099,0.130359,4.55113,0.6042,3.57925,3.9302,3.2496
triangle,2.5,lqi-literal,0,15,16.9079,16,30,160,0.132551,0.133099,4.60422,0.575979,3.70614,4.61937,3.13651
triangle,2.5,lqi-literal,0,16,16.0592,21,40,150,0.129811,0.130359,5.33932,0.778844,3.20362,3.40893,3.06838
triangle,2.5,lqi-literal,0,17,16.2774,17,31,159,0.136387,0.135291,4.78829,0.660587,3.05887,4.40814,3.0898
triangle,2.5,lqi-literal,0,18,17.5124,16,18,172,0.130907,0.131455,4.61573,0.638259,4.1568,4.44168,3.39761
triangle,2.5,lqi-literal,0,19,15.7387,16,37,153,0.128167,0.131455,4.64587,0.475258,3.22007,4.2267,2.91115
triangle,2.5,lqi-literal,1,0,10.6221,7,71,119,0.0952873,0.0958353,1.94146,0.296455,2.69629,2.97483,2.52194
triangle,2.5,lqi-literal,1,1,8.50287,7,81,109,0.0936433,0.0952873,1.93471,0.292415,1.85493,2.35046,1.88143
triangle,2.5,lqi-literal,1,2,9.65386,6,74,116,0.0958353,0.0974793,1.88521,0.28785,2.16981,2.94395,2.17372
triangle,2.5,lqi-literal,1,3,9.9478,7,69,121,0.0925473,0.0963833,1.92742,0.264157,2.30381,2.89926,2.36422
triangle,2.5,lqi-literal,1,4,7.93334,6,88,102,0.0952873,0.0941913,1.86459,0.265802,1.77864,1.99036,1.84446
triangle,2.5,lqi-literal,1,5,9.72312,6,66,124,0.0930953,0.0947393,1.87716,0.256453,2.24098,2.83546,2.32523
triangle,2.5,lqi-literal,1,6,8.91177,8,85,105,0.0947393,0.0952873,2.05942,0.340772,1.97224,2.58344,1.76587
triangle,2.5,lqi-literal,1,7,9.68786,9,83,107,0.0963833,0.0936433,2.08927,0.30379,2.24113,2.92906,1.93458
triangle,2.5,lqi-literal,1,8,8.68673,9,89,101,0.0952873,0.0925473,2.09623,0.352298,1.92779,2.40332,1.71926
triangle,2.5,lqi-literal,1,9,8.63634,8,89,101,0.0914513,0.0919993,2.0009,0.277459,1.76982,2.63929,1.76542
triangle,2.5,lqi-literal,1,10,9.76965,9,77,113,0.0930953,0.0941913,2.08931,0.328288,2.17643,2.85511,2.13322
triangle,2.5,lqi-literal,1,11,8.29455,6,75,115,0.0925473,0.0974793,1.89095,0.20257,1.94913,2.08495,1.97693
triangle,2.5,lqi-literal,1,12,10.4266,8,72,118,0.0925473,0.0930953,2.07093,0.347535,2.39201,3.19322,2.23724
triangle,2.5,lqi-literal,1,13,8.81846,7,81,109,0.0919993,0.0941913,1.96409,0.277258,1.87851,2.51535,1.99706
triangle,2.5,lqi-literal,1,14,10.4088,8,75,115,0.0952873,0.0980273,2.07325,0.353998,2.491,3.16874,2.12855
triangle,2.5,lqi-literal,1,15,10.7638,7,67,123,0.0958353,0.0887113,1.93943,0.258616,2.71377,3.06753,2.59995
triangle,2.5,lqi-literal,1,16,11.0659,10,70,120,0.0941913,0.0969313,2.22617,0.34208,2.59593,3.35025,2.36039
triangle,2.5,lqi-literal,1,17,9.36438,6,74,116,0.0974793,0.0958353,1.89225,0.257566,2.26089,2.744,2.01636
triangle,2.5,lqi-literal,1,18,9.61184,2,70,120,0.0925473,0.0958353,1.60429,0.174698,2.57644,2.81362,2.25441
triangle,2.5,lqi-literal,1,19,10.3194,12,75,115,0.0958353,0.0936433,2.34321,0.391505,2.23796,3.00648,2.15076
triangle,2.625,hopcount,0,0,17.3332,13,32,158,0.120495,0.112823,3.73364,0.532588,4.26799,4.53929,4.02632
triangle,2.625,hopcount,0,1,17.2568,14,28,162,0.115015,0.118851,3.8503,0.723409,4.11934,4.23556,4.09434
triangle,2.625,hopcount,0,2,17.5073,22,44,146,0.114467,0.114467,4.76587,0.881656,3.62376,4.50425,3.50279
triangle,2.625,hopcount,0,3,18.7579,21,35,155,0.119399,0.117755,4.65212,0.86956,3.85673,5.13953,4.00284
triangle,2.625,hopcount,0,4,17.9348,19,37,153,0.117755,0.120495,4.44949,0.810652,3.70236,4.93262,3.80142
triangle,2.625,hopcount,0,5,17.4032,12,30,160,0.111727,0.117755,3.61096,0.623134,3.94654,4.96199,4.03106
triangle,2.625,hopcount,0,6,17.1582,15,30,160,0.113919,0.116659,3.96532,0.606737,3.85182,4.60852,3.89522
triangle,2.625,hopcount,0,7,16.0112,15,43,147,0.122139,0.117755,3.95655,0.650922,3.26784,4.27368,3.62231
triangle,2.625,hopcount,0,8,17.4145,12,34,156,0.110631,0.112823,3.60877,0.61525,4.33508,4.71975,3.91223
triangle,2.625,hopcount,0,9,16.1795,18,46,144,0.110631,0.118303,4.34215,0.68472,3.40722,4.12526,3.39117
triangle,2.625,hopcount,0,10,17.2226,17,42,148,0.120495,0.117207,4.20412,0.787744,4.00981,4.24644,3.73682
triangle,2.625,hopcount,0,11,15.5114,16,42,148,0.118303,0.112275,4.08965,0.7425,3.21664,3.93624,3.29578
triangle,2.625,hopcount,0,12,16.9614,16,37,153,0.118303,0.113371,4.10719,0.695815,3.95188,4.18512,3.78969
triangle,2.625,hopcount,0,13,17.933,20,35,155,0.119947,0.112823,4.55776,0.774041,3.81048,4.86009,3.69788
triangle,2.625,hopcount,0,14,14.9498,11,49,141,0.118851,0.113919,3.54362,0.547989,3.24802,3.89904,3.47834
triangle,2.625,hopcount,0,15,17.2496,12,36,154,0.112275,0.113371,3.60877,0.591384,3.79214,4.85444,4.17721
triangle,2.625,hopcount,0,16,17.5736,19,37,153,0.113371,0.114467,4.45442,0.817867,4.03041,4.34754,3.69556
triangle,2.625,hopcount,0,17,14.6806,10,50,140,0.117755,0.114467,3.40614,0.507708,3.34284,3.81418,3.37749
triangle,2.625,hopcount,0,18,16.9482,14,34,156,0.115563,0.116659,3.84866,0.713983,3.85833,4.24231,4.05269
triangle,2.625,hopcount,0,19,16.3535,15,37,153,0.117755,0.114467,3.97738,0.612195,3.77929,4.12993,3.62246
triangle,2.625,hopcount,1,0,11.0743,4,64,126,0.0887113,0.0876153,1.54516,0.253306,2.71443,3.39615,2.98894
triangle,2.625,hopcount,1,1,8.91419,6,90,100,0.0876153,0.0898073,1.7125,0.285962,2.21931,2.45392,2.06508
triangle,2.625,hopcount,1,2,10.3439,1,71,119,0.0881633,0.0865193,1.35184,0.17489,2.6537,3.17669,2.8121
triangle,2.625,hopcount,1,3,10.4294,5,73,117,0.0887113,0.0892593,1.63134,0.280232,2.63941,3.03093,2.66956
triangle,2.625,hopcount,1,4,8.96065,7,88,102,0.0898073,0.0870673,1.77823,0.309196,2.26961,2.44821,1.97852
triangle,2.625,hopcount,1,5,10.1029,10,76,114,0.0903553,0.0892593,1.9153,0.382068,2.34687,2.8133,2.46578
triangle,2.625,hopcount,1,6,11.0836,8,76,114,0.0887113,0.0881633,1.82983,0.372405,2.53747,3.60762,2.55939
triangle,2.625,hopcount,1,7,10.0371,5,74,116,0.0892593,0.0936433,1.68016,0.269207,2.49922,2.88137,2.52422
triangle,2.625,hopcount,1,8,10.3972,8,84,106,0.0887113,0.0892593,1.79299,0.354858,2.65965,3.11233,2.29944
triangle,2.625,hopcount,1,9,10.2473,3,80,110,0.0843273,0.0909033,1.49414,0.212265,2.50041,3.37721,2.48803
triangle,2.625,hopcount,1,10,10.373,5,75,115,0.0909033,0.0859713,1.63737,0.224703,2.55572,3.15578,2.62258
triangle,2.625,hopcount,1,11,7.96177,6,90,100,0.0865193,0.0898073,1.67055,0.285511,1.91961,2.05286,1.85692
triangle,2.625,hopcount,1,12,9.45651,6,88,102,0.0881633,0.0903553,1.73324,0.26969,2.19288,2.67887,2.40332
triangle,2.625,hopcount,1,13,11.0518,7,72,118,0.0919993,0.0887113,1.80015,0.415422,2.6113,3.48992,2.55426
triangle,2.625,hopcount,1,14,10.7048,10,79,111,0.0865193,0.0892593,1.99161,0.39833,2.69941,3.01819,2.42152
triangle,2.625,hopcount,1,15,10.2017,8,75,115,0.0887113,0.0870673,1.74412,0.386761,2.82128,2.66795,2.40584
triangle,2.625,hopcount,1,16,9.27622,8,86,104,0.0881633,0.0898073,1.84733,0.372153,2.17253,2.71041,1.99582
triangle,2.625,hopcount,1,17,9.30214,5,81,109,0.0865193,0.0887113,1.63357,0.273841,2.22482,2.57103,2.42365
triangle,2.625,hopcount,1,18,10.4529,11,84,106,0.0903553,0.0870673,1.98849,0.482365,2.82947,2.73613,2.23903
triangle,2.625,hopcount,1,19,9.71506,6,83,107,0.0887113,0.0881633,1.72396,0.325997,2.26744,2.80835,2.41244
triangle,2.625,lqi,0,0,14.6247,11,44,146,0.121043,0.112275,3.508,0.517584,3.14432,3.50101,3.72042
triangle,2.625,lqi,0,1,15.6268,14,39,151,0.116659,0.118303,3.86236,0.655028,3.36643,3.79272,3.71535
triangle,2.625,lqi,0,2,16.2471,11,25,165,0.115563,0.114467,3.49978,0.628326,3.53799,4.15515,4.19579
triangle,2.625,lqi,0,3,16.5797,12,28,162,0.119399,0.117755,3.61007,0.625131,3.70009,4.28528,4.12193
triangle,2.625,lqi,0,4,17.8351,8,24,166,0.117755,0.119947,3.18378,0.516189,3.9466,5.60303,4.3478
triangle,2.625,lqi,0,5,17.26,10,23,167,0.112823,0.117207,3.40449,0.582365,3.84639,4.69288,4.5038
triangle,2.625,lqi,0,6,17.5345,10,25,165,0.113919,0.116659,3.3886,0.578388,3.88351,4.93147,4.52194
triangle,2.625,lqi,0,7,17.5246,20,41,149,0.122139,0.119947,4.53382,0.822819,3.62298,4.42679,3.87606
triangle,2.625,lqi,0,8,15.8447,11,32,158,0.109535,0.112823,3.49265,0.613082,3.55388,3.88881,4.07391
triangle,2.625,lqi,0,9,16.5131,17,44,146,0.110631,0.117207,4.18713,0.748362,3.5927,3.957,3.80004
triangle,2.625,lqi,0,10,18.592,14,18,172,0.120495,0.117207,3.83825,0.629482,4.07617,4.81944,4.99098
triangle,2.625,lqi,0,11,17.7288,16,33,157,0.117755,0.113371,4.0902,0.722642,3.72665,4.81572,4.1425
triangle,2.625,lqi,0,12,16.5034,5,21,169,0.116659,0.113919,2.81462,0.474315,3.65615,4.79949,4.52822
triangle,2.625,lqi,0,13,13.4844,9,52,138,0.121043,0.115015,3.2641,0.527197,2.83659,3.26428,3.35618
triangle,2.625,lqi,0,14,17.8297,12,36,154,0.118303,0.113371,3.64329,0.609911,3.79744,4.78965,4.75777
triangle,2.625,lqi,0,15,16.9486,12,31,159,0.112275,0.113371,3.62247,0.568147,3.65291,4.47429,4.40511
triangle,2.625,lqi,0,16,18.3812,11,18,172,0.112275,0.114467,3.52773,0.617336,4.38335,4.95028,4.67574
triangle,2.625,lqi,0,17,15.4436,12,36,154,0.117755,0.115563,3.64165,0.606943,3.0838,3.92897,3.94892
triangle,2.625,lqi,0,18,16.1476,16,41,149,0.115563,0.116659,4.07869,0.711021,3.33861,4.01888,3.76813
triangle,2.625,lqi,0,19,15.3497,8,40,150,0.117755,0.114467,3.17062,0.544438,3.3696,3.96787,4.06497
triangle,2.625,lqi,1,0,10.5296,6,66,124,0.0887113,0.0876153,1.67198,0.311502,2.57522,2.87526,2.91926
triangle,2.625,lqi,1,1,9.94372,3,70,120,0.0876153,0.0903553,1.51332,0.285349,2.45674,2.71495,2.79538
triangle,2.625,lqi,1,2,9.63159,1,71,119,0.0881633,0.0865193,1.35184,0.163909,2.31303,2.81404,2.81408
triangle,2.625,lqi,1,3,10.0482,3,73,117,0.0892593,0.0892593,1.51345,0.203455,2.33872,2.94311,2.87096
triangle,2.625,lqi,1,4,10.6769,5,70,120,0.0903553,0.0870673,1.61827,0.313172,2.61607,2.98975,2.96221
triangle,2.625,lqi,1,5,9.31225,7,80,110,0.0909033,0.0892593,1.71739,0.343234,2.25205,2.42033,2.39908
triangle,2.625,lqi,1,6,10.3077,6,77,113,0.0887113,0.0881633,1.72852,0.306399,2.45749,2.85437,2.7841
triangle,2.625,lqi,1,7,9.76467,6,76,114,0.0892593,0.0930953,1.76032,0.252808,2.23237,2.73558,2.60124
triangle,2.625,lqi,1,8,8.41607,9,94,96,0.0892593,0.0892593,1.83928,0.368241,1.86504,2.12097,2.04402
triangle,2.625,lqi,1,9,9.91681,1,71,119,0.0843273,0.0909033,1.3602,0.170635,2.44509,2.92119,2.84447
triangle,2.625,lqi,1,10,9.67607,4,74,116,0.0909033,0.0859713,1.58816,0.242182,2.31888,2.74378,2.60618
triangle,2.625,lqi,1,11,9.34515,3,73,117,0.0865193,0.0898073,1.47959,0.214624,2.24361,2.68809,2.54291
triangle,2.625,lqi,1,12,8.13458,5,88,102,0.0876153,0.0903553,1.68623,0.2615,1.86613,2.098,2.04475
triangle,2.625,lqi,1,13,10.9152,7,68,122,0.0919993,0.0887113,1.78248,0.384703,2.42813,3.21579,2.92341
triangle,2.625,lqi,1,14,9.81458,5,77,113,0.0870673,0.0892593,1.64213,0.288147,2.37225,2.73728,2.59846
triangle,2.625,lqi,1,15,9.33278,6,81,109,0.0887113,0.0870673,1.66907,0.330924,2.18354,2.38776,2.5857
triangle,2.625,lqi,1,16,10.1843,6,74,116,0.0887113,0.0892593,1.71815,0.344666,2.33207,2.83583,2.7756
triangle,2.625,lqi,1,17,11.0741,9,68,122,0.0865193,0.0887113,1.91074,0.437471,2.42066,3.02844,3.10159
triangle,2.625,lqi,1,18,9.97694,6,77,113,0.0903553,0.0870673,1.68674,0.274969,2.13418,3.06849,2.63513
triangle,2.625,lqi,1,19,10.081,8,77,113,0.0892593,0.0887113,1.8362,0.368976,2.30631,2.86647,2.52509
triangle,2.625,leo,0,0,17.5086,11,32,158,0.120495,0.112823,3.9998,0.531335,4.00181,4.46895,4.27337
triangle,2.625,leo,0,1,15.5795,10,44,146,0.115015,0.118851,3.72412,0.581942,3.54498,3.92088,3.57371
triangle,2.625,leo,0,2,18.1486,21,61,129,0.114467,0.114467,6.09542,0.915684,3.23638,4.2528,3.41941
triangle,2.625,leo,0,3,14.6852,19,70,120,0.119399,0.117755,5.16543,0.83345,2.73603,3.10739,2.60576
triangle,2.625,leo,0,4,15.7463,13,55,135,0.117755,0.120495,4.27107,0.674554,3.24146,3.88377,3.43725
triangle,2.625,leo,0,5,17.9791,16,37,153,0.111727,0.117755,4.71848,0.800382,4.03712,4.13764,4.05598
triangle,2.625,leo,0,6,16.6849,16,47,143,0.113919,0.116659,4.87764,0.643558,3.38128,3.93491,3.61692
triangle,2.625,leo,0,7,18.7565,14,32,158,0.122139,0.117755,4.3521,0.716088,4.14861,4.93326,4.36655
triangle,2.625,leo,0,8,19.5342,13,25,165,0.110631,0.112823,4.58947,0.676673,4.27211,5.46319,4.30928
triangle,2.625,leo,0,9,18.5529,19,40,150,0.110631,0.118303,5.45634,0.781376,3.80575,4.48872,3.79181
triangle,2.625,leo,0,10,16.6793,18,59,131,0.120495,0.117207,5.08107,0.742569,3.3239,3.9844,3.30962
triangle,2.625,leo,0,11,15.8876,14,50,140,0.118303,0.112275,4.5519,0.692176,3.33996,3.72772,3.34529
triangle,2.625,leo,0,12,17.1733,12,38,152,0.118303,0.113371,4.22347,0.621561,3.93412,4.33492,3.82754
triangle,2.625,leo,0,13,17.0404,19,44,146,0.119947,0.112823,5.13301,0.789231,3.59178,3.91703,3.3766
triangle,2.625,leo,0,14,16.9041,18,49,141,0.118851,0.113919,5.12166,0.801419,3.71002,3.78211,3.25614
triangle,2.625,leo,0,15,17.527,16,37,153,0.112275,0.113371,4.93051,0.757817,3.93371,4.03976,3.63956
triangle,2.625,leo,0,16,16.7437,11,33,157,0.111727,0.115563,3.92598,0.566835,3.92974,4.13311,3.96074
triangle,2.625,leo,0,17,15.4478,15,58,132,0.117755,0.114467,4.80136,0.668396,2.91347,3.7277,3.10461
triangle,2.625,leo,0,18,18.4129,15,36,154,0.115563,0.116659,4.76389,0.721685,3.75057,4.77895,4.16556
triangle,2.625,leo,0,19,18.275,20,37,153,0.117755,0.114467,5.51975,0.754601,3.61922,4.36,3.78918
triangle,2.625,leo,1,0,10.5884,4,68,122,0.0887113,0.0876153,1.74269,0.247316,2.58583,3.06983,2.76644
triangle,2.625,leo,1,1,9.98217,8,87,103,0.0876153,0.0898073,2.26221,0.318578,2.44144,2.69371,2.08881
triangle,2.625,leo,1,2,10.5678,3,73,117,0.0881633,0.0865193,1.72156,0.217815,2.57247,3.22401,2.65725
triangle,2.625,leo,1,3,9.41406,6,86,104,0.0887113,0.0892593,2.0038,0.302243,2.23541,2.52639,2.16825
triangle,2.625,leo,1,4,10.3268,7,81,109,0.0898073,0.0870673,2.1046,0.361837,2.6389,2.81377,2.23079
triangle,2.625,leo,1,5,9.16975,8,90,100,0.0903553,0.0892593,2.01349,0.337267,2.15225,2.38313,2.10399
triangle,2.625,leo,1,6,10.56,6,76,114,0.0887113,0.0881633,1.95902,0.298761,2.40306,3.1708,2.55145
triangle,2.625,leo,1,7,9.10477,11,98,92,0.0892593,0.0936433,2.58446,0.443352,1.85186,2.21754,1.82465
triangle,2.625,leo,1,8,11.1453,5,73,117,0.0887113,0.0892593,1.79956,0.326021,2.96091,3.12908,2.75171
triangle,2.625,leo,1,9,10.759,2,79,111,0.0843273,0.0909033,1.71625,0.203534,2.5914,3.49297,2.57965
triangle,2.625,leo,1,10,10.4004,6,76,114,0.0909033,0.0859713,1.95169,0.27585,2.46223,2.94937,2.58435
triangle,2.625,leo,1,11,9.17655,5,78,112,0.0865193,0.0898073,1.75108,0.254964,2.27322,2.40145,2.31951
triangle,2.625,leo,1,12,10.5975,7,79,111,0.0881633,0.0903553,2.11127,0.310767,2.51696,2.83685,2.64315
triangle,2.625,leo,1,13,11.684,11,70,120,0.0919993,0.0887113,2.41348,0.529708,2.79433,3.01523,2.75054
triangle,2.625,leo,1,14,10.9204,5,75,115,0.0865193,0.0892593,1.81723,0.251843,2.7841,3.22999,2.66142
triangle,2.625,leo,1,15,9.10949,8,86,104,0.0887113,0.0870673,1.96548,0.388778,2.08938,2.31831,2.17177
triangle,2.625,leo,1,16,9.13578,5,86,104,0.0881633,0.0898073,1.82638,0.293338,2.19807,2.631,2.00902
triangle,2.625,leo,1,17,10.8168,6,73,117,0.0865193,0.0887113,1.91618,0.343702,2.60045,2.98676,2.79447
triangle,2.625,leo,1,18,9.99101,7,81,109,0.0903553,0.0870673,2.0858,0.369665,2.57892,2.56342,2.21578
triangle,2.625,leo,1,19,10.4469,7,76,114,0.0887113,0.0881633,1.98504,0.389398,2.48431,2.83497,2.57634
triangle,2.625,lqi-literal,0,0,17.3332,13,32,158,0.120495,0.112823,3.73364,0.532588,4.26799,4.53929,4.02632
triangle,2.625,lqi-literal,0,1,17.2568,14,28,162,0.115015,0.118851,3.8503,0.723409,4.11934,4.23556,4.09434
triangle,2.625,lqi-literal,0,2,17.5073,22,44,146,0.114467,0.114467,4.76587,0.881656,3.62376,4.50425,3.50279
triangle,2.625,lqi-literal,0,3,18.7579,21,35,155,0.119399,0.117755,4.65212,0.86956,3.85673,5.13953,4.00284
triangle,2.625,lqi-literal,0,4,17.9348,19,37,153,0.117755,0.120495,4.44949,0.810652,3.70236,4.93262,3.80142
triangle,2.625,lqi-literal,0,5,17.4032,12,30,160,0.111727,0.117755,3.61096,0.623134,3.94654,4.96199,4.03106
triangle,2.625,lqi-literal,0,6,17.1582,15,30,160,0.113919,0.116659,3.96532,0.606737,3.85182,4.60852,3.89522
triangle,2.625,lqi-literal,0,7,16.0112,15,43,147,0.122139,0.117755,3.95655,0.650922,3.26784,4.27368,3.62231
triangle,2.625,lqi-literal,0,8,17.4145,12,34,156,0.110631,0.112823,3.60877,0.61525,4.33508,4.71975,3.91223
triangle,2.625,lqi-literal,0,9,16.1795,18,46,144,0.110631,0.118303,4.34215,0.68472,3.40722,4.12526,3.39117
triangle,2.625,lqi-literal,0,10,17.2226,17,42,148,0.120495,0.117207,4.20412,0.787744,4.00981,4.24644,3.73682
triangle,2.625,lqi-literal,0,11,15.5114,16,42,148,0.118303,0.112275,4.08965,0.7425,3.21664,3.93624,3.29578
triangle,2.625,lqi-literal,0,12,16.9614,16,37,153,0.118303,0.113371,4.10719,0.695815,3.95188,4.18512,3.78969
triangle,2.625,lqi-literal,0,13,17.933,20,35,155,0.119947,0.112823,4.55776,0.774041,3.81048,4.86009,3.69788
triangle,2.625,lqi-literal,0,14,14.9498,11,49,141,0.118851,0.113919,3.54362,0.547989,3.24802,3.89904,3.47834
triangle,2.625,lqi-literal,0,15,17.2496,12,36,154,0.112275,0.113371,3.60877,0.591384,3.79214,4.85444,4.17721
triangle,2.625,lqi-literal,0,16,17.5736,19,37,153,0.113371,0.114467,4.45442,0.817867,4.03041,4.34754,3.69556
triangle,2.625,lqi-literal,0,17,14.6806,10,50,140,0.117755,0.114467,3.40614,0.507708,3.34284,3.81418,3.37749
triangle,2.625,lqi-literal,0,18,16.9482,14,34,156,0.115563,0.116659,3.84866,0.713983,3.85833,4.24231,4.05269
triangle,2.625,lqi-literal,0,19,16.3535,15,37,153,0.117755,0.114467,3.97738,0.612195,3.77929,4.12993,3.62246
triangle,2.625,lqi-literal,1,0,11.0743,4,64,126,0.0887113,0.0876153,1.54516,0.253306,2.71443,3.39615,2.98894
triangle,2.625,lqi-literal,1,1,8.91419,6,90,100,0.0876153,0.0898073,1.7125,0.285962,2.21931,2.45392,2.06508
triangle,2.625,lqi-literal,1,2,10.3439,1,71,119,0.0881633,0.0865193,1.35184,0.17489,2.6537,3.17669,2.8121
triangle,2.625,lqi-literal,1,3,10.4294,5,73,117,0.0887113,0.0892593,1.63134,0.280232,2.63941,3.03093,2.66956
triangle,2.625,lqi-literal,1,4,8.96065,7,88,102,0.0898073,0.0870673,1.77823,0.309196,2.26961,2.44821,1.97852
triangle,2.625,lqi-literal,1,5,10.1029,10,76,114,0.0903553,0.0892593,1.9153,0.382068,2.34687,2.8133,2.46578
triangle,2.625,lqi-literal,1,6,11.0836,8,76,114,0.0887113,0.0881633,1.82983,0.372405,2.53747,3.60762,2.55939
triangle,2.625,lqi-literal,1,7,10.0371,5,74,116,0.0892593,0.0936433,1.68016,0.269207,2.49922,2.88137,2.52422
triangle,2.625,lqi-literal,1,8,10.3972,8,84,106,0.0887113,0.0892593,1.79299,0.354858,2.65965,3.11233,2.29944
triangle,2.625,lqi-literal,1,9,10.2473,3,80,110,0.0843273,0.0909033,1.49414,0.212265,2.50041,3.37721,2.48803
triangle,2.625,lqi-literal,1,10,10.373,5,75,115,0.0909033,0.0859713,1.63737,0.224703,2.55572,3.15578,2.62258
triangle,2.625,lqi-literal,1,11,7.96177,6,90,100,0.0865193,0.0898073,1.67055,0.285511,1.91961,2.05286,1.85692
triangle,2.625,lqi-literal,1,12,9.45651,6,88,102,0.0881633,0.0903553,1.73324,0.26969,2.19288,2.67887,2.40332
triangle,2.625,lqi-literal,1,13,11.0518,7,72,118,0.0919993,0.0887113,1.80015,0.415422,2.6113,3.48992,2.55426
triangle,2.625,lqi-literal,1,14,10.7048,10,79,111,0.0865193,0.0892593,1.99161,0.39833,2.69941,3.01819,2.42152
triangle,2.625,lqi-literal,1,15,10.2017,8,75,115,0.0887113,0.0870673,1.74412,0.386761,2.82128,2.66795,2.40584
triangle,2.625,lqi-literal,1,16,9.27622,8,86,104,0.0881633,0.0898073,1.84733,0.372153,2.17253,2.71041,1.99582
triangle,2.625,lqi-literal,1,17,9.30214,5,81,109,0.0865193,0.0887113,1.63357,0.273841,2.22482,2.57103,2.42365
triangle,2.625,lqi-literal,1,18,10.4529,11,84,106,0.0903553,0.0870673,1.98849,0.482365,2.82947,2.73613,2.23903
triangle,2.625,lqi-literal,1,19,9.71506,6,83,107,0.0887113,0.0881633,1.72396,0.325997,2.26744,2.80835,2.41244
triangle,3,hopcount,0,0,12.9686,19,112,78,0.0930953,0.0914513,2.68632,0.921265,2.66083,3.05482,3.4608
triangle,3,hopcount,0,1,13.9246,16,79,111,0.0925473,0.0892593,2.42323,0.685217,3.30347,3.34376,3.98711
triangle,3,hopcount,0,2,16.0529,22,81,109,0.0909033,0.0925473,2.94246,1.05162,3.67486,3.63174,4.56881
triangle,3,hopcount,0,3,17.9146,12,47,143,0.0941913,0.0903553,2.30176,0.718682,4.48157,4.85556,5.37248
triangle,3,hopcount,0,4,13.5943,14,85,105,0.0947393,0.0898073,2.65626,0.763487,3.25925,2.93764,3.79308
triangle,3,hopcount,0,5,11.7871,14,95,95,0.0919993,0.0892593,2.49284,0.701832,2.65632,2.53916,3.21572
triangle,3,hopcount,0,6,14.6105,14,75,115,0.0925473,0.0903553,2.54208,0.725706,3.14327,3.88245,4.13414
triangle,3,hopcount,0,7,15.5495,14,76,114,0.0947393,0.0936433,2.72963,0.933383,3.62585,3.65621,4.41604
triangle,3,hopcount,0,8,15.8668,16,80,110,0.0941913,0.0930953,2.47547,0.834303,3.99389,3.77302,4.60279
triangle,3,hopcount,0,9,14.0197,17,81,109,0.0941913,0.0925473,2.72912,0.765307,3.1209,3.32248,3.89517
triangle,3,hopcount,0,10,15.989,11,66,124,0.0958353,0.0909033,2.38899,0.659718,4.011,3.96466,4.77786
triangle,3,hopcount,0,11,11.1244,16,103,87,0.0898073,0.0914513,2.3489,0.93001,2.61256,2.17863,2.87307
triangle,3,hopcount,0,12,17.026,17,79,111,0.0914513,0.0887113,2.82673,1.01454,4.16603,3.77409,5.06446
triangle,3,hopcount,0,13,15.6543,12,67,123,0.0925473,0.0919993,2.52181,0.820209,3.90741,3.61039,4.60998
triangle,3,hopcount,0,14,16.7458,24,69,121,0.0914513,0.0936433,3.14594,1.1967,4.05568,3.77628,4.38613
triangle,3,hopcount,0,15,18.0303,12,54,136,0.0903553,0.0914513,2.52273,0.772572,4.52761,4.69832,5.3273
triangle,3,hopcount,0,16,18.978,7,43,147,0.0919993,0.0919993,1.98693,0.64055,4.99634,5.08815,6.08207
triangle,3,hopcount,0,17,14.6479,16,77,113,0.0930953,0.0903553,2.87686,0.961291,3.17208,3.38252,4.07166
triangle,3,hopcount,0,18,14.4689,13,72,118,0.0925473,0.0919993,2.31921,0.707925,3.40086,3.60164,4.25474
triangle,3,hopcount,0,19,14.4168,13,80,110,0.0936433,0.0930953,2.27347,0.737969,3.86628,3.11608,4.23623
triangle,3,hopcount,1,0,8.48629,5,105,85,0.0788473,0.0788473,1.10068,0.263127,2.17953,2.2379,2.54736
triangle,3,hopcount,1,1,9.26723,4,105,85,0.0782993,0.0777513,1.0083,0.256322,2.30126,2.91304,2.63225
triangle,3,hopcount,1,2,10.07,5,93,97,0.0799433,0.0772033,0.898634,0.258345,2.73178,2.76139,3.26272
triangle,3,hopcount,1,3,7.3871,3,113,77,0.0788473,0.0788473,1.01142,0.146017,1.84042,2.17797,2.05359
triangle,3,hopcount,1,4,7.69181,2,102,88,0.0777513,0.0782993,0.796301,0.16314,2.07214,2.01148,2.49269
triangle,3,hopcount,1,5,7.30196,8,118,72,0.0777513,0.0788473,1.11232,0.366855,1.86463,1.7142,2.08736
triangle,3,hopcount,1,6,8.33991,2,109,81,0.0788473,0.0772033,0.968961,0.20405,2.15898,2.37171,2.48016
triangle,3,hopcount,1,7,9.88394,6,95,95,0.0777513,0.0777513,1.01998,0.293091,2.83175,2.64541,2.93821
triangle,3,hopcount,1,8,9.33642,4,95,95,0.0777513,0.0777513,0.833787,0.19042,2.54266,2.80662,2.80743
triangle,3,hopcount,1,9,8.12288,2,110,80,0.0772033,0.0788473,0.895725,0.213904,2.01931,2.27277,2.56512
triangle,3,hopcount,1,10,11.3391,6,83,107,0.0788473,0.0788473,0.979334,0.354225,3.13483,3.10289,3.61009
triangle,3,hopcount,1,11,9.46679,6,89,101,0.0772033,0.0799433,0.98317,0.266522,2.41961,2.76151,2.87883
triangle,3,hopcount,1,12,9.29804,4,102,88,0.0793953,0.0788473,1.06294,0.245853,2.44343,2.48353,2.90404
triangle,3,hopcount,1,13,9.63524,8,99,91,0.0777513,0.0772033,1.09992,0.325271,2.53273,2.65685,2.86551
triangle,3,hopcount,1,14,6.37813,4,116,74,0.0772033,0.0777513,0.923594,0.204079,1.66212,1.62819,1.80519
triangle,3,hopcount,1,15,7.73354,9,110,80,0.0766553,0.0755593,1.03035,0.386012,2.00174,2.02231,2.14092
triangle,3,hopcount,1,16,9.10751,4,104,86,0.0772033,0.0788473,0.917227,0.211921,2.47842,2.44472,2.89917
triangle,3,hopcount,1,17,10.2027,0,82,108,0.0793953,0.0766553,0.734912,0.182296,2.61998,2.98093,3.52848
triangle,3,hopcount,1,18,9.38137,7,97,93,0.0782993,0.0782993,1.03617,0.328646,2.52785,2.58372,2.74838
triangle,3,hopcount,1,19,9.63256,4,91,99,0.0788473,0.0782993,1.00286,0.269082,2.59205,2.6644,2.94702
triangle,3,lqi,0,0,14.4059,14,78,112,0.0930953,0.0914513,2.47408,0.869355,3.51614,3.31244,4.04933
triangle,3,lqi,0,1,13.1718,13,81,109,0.0925473,0.0892593,2.20588,0.675796,3.09473,3.25722,3.75641
triangle,3,lqi,0,2,18.6152,17,65,125,0.0909033,0.0925473,2.48576,0.900329,4.51135,4.58702,5.94734
triangle,3,lqi,0,3,17.7681,15,58,132,0.0941913,0.0903553,2.74881,0.978983,4.26468,4.17103,5.42003
triangle,3,lqi,0,4,13.7551,16,92,98,0.0947393,0.0898073,2.59778,0.806737,3.14505,3.25216,3.76885
triangle,3,lqi,0,5,10.9427,17,100,90,0.0919993,0.0892593,2.52961,0.780048,2.50112,2.39673,2.5539
triangle,3,lqi,0,6,18.8541,14,64,126,0.0936433,0.0892593,2.67102,0.789573,4.44712,4.9841,5.77935
triangle,3,lqi,0,7,17.2231,12,61,129,0.0947393,0.0936433,2.57131,0.923203,4.18594,4.03007,5.32424
triangle,3,lqi,0,8,16.0496,14,73,117,0.0941913,0.0930953,2.37968,0.785569,4.05069,4.00064,4.64573
triangle,3,lqi,0,9,15.8683,10,72,118,0.0941913,0.0925473,2.14428,0.567137,3.74195,4.15736,5.07081
triangle,3,lqi,0,10,17.4501,15,62,128,0.0958353,0.0909033,2.78541,0.887039,4.2618,4.35119,4.97789
triangle,3,lqi,0,11,12.1666,16,105,85,0.0903553,0.0925473,2.47787,0.96367,2.64787,2.51818,3.37613
triangle,3,lqi,0,12,17.6733,16,63,127,0.0914513,0.0887113,2.77993,0.956575,4.25901,4.11259,5.38507
triangle,3,lqi,0,13,16.9719,16,59,131,0.0925473,0.0919993,2.63072,0.906306,4.41331,3.66212,5.1749
triangle,3,lqi,0,14,18.7647,22,59,131,0.0914513,0.0936433,3.03986,1.14648,4.77706,4.20273,5.41349
triangle,3,lqi,0,15,10.8899,11,95,95,0.0903553,0.0914513,2.15984,0.748697,2.38206,2.46395,2.95357
triangle,3,lqi,0,16,21.3979,7,32,158,0.0919993,0.0919993,1.98929,0.644128,5.48945,6.31174,6.77927
triangle,3,lqi,0,17,16.9511,15,57,133,0.0930953,0.0903553,2.54403,0.82595,4.21718,4.14429,5.03624
triangle,3,lqi,0,18,15.4915,16,71,119,0.0925473,0.0919993,2.58282,0.879006,3.66819,3.60303,4.57394
triangle,3,lqi,0,19,13.4071,14,87,103,0.0936433,0.0930953,2.36437,0.773642,3.5661,2.67411,3.84218
triangle,3,lqi,1,0,8.48629,5,105,85,0.0788473,0.0788473,1.10068,0.263127,2.17953,2.2379,2.54736
triangle,3,lqi,1,1,9.26723,4,105,85,0.0782993,0.0777513,1.0083,0.256322,2.30126,2.91304,2.63225
triangle,3,lqi,1,2,10.07,5,93,97,0.0799433,0.0772033,0.898634,0.258345,2.73178,2.76139,3.26272
triangle,3,lqi,1,3,7.3871,3,113,77,0.0788473,0.0788473,1.01142,0.146017,1.84042,2.17797,2.05359
triangle,3,lqi,1,4,7.69181,2,102,88,0.0777513,0.0782993,0.796301,0.16314,2.07214,2.01148,2.49269
triangle,3,lqi,1,5,7.30196,8,118,72,0.0777513,0.0788473,1.11232,0.366855,1.86463,1.7142,2.08736
triangle,3,lqi,1,6,8.33991,2,109,81,0.0788473,0.0772033,0.968961,0.20405,2.15898,2.37171,2.48016
triangle,3,lqi,1,7,9.88394,6,95,95,0.0777513,0.0777513,1.01998,0.293091,2.83175,2.64541,2.93821
triangle,3,lqi,1,8,9.33642,4,95,95,0.0777513,0.0777513,0.833787,0.19042,2.54266,2.80662,2.80743
triangle,3,lqi,1,9,11.3117,1,80,110,0.0772033,0.0788473,0.838719,0.20046,2.91098,3.48641,3.7191
triangle,3,lqi,1,10,11.1257,4,81,109,0.0788473,0.0788473,0.82468,0.31636,3.11051,3.15358,3.56288
triangle,3,lqi,1,11,9.46679,6,89,101,0.0772033,0.0799433,0.98317,0.266522,2.41961,2.76151,2.87883
triangle,3,lqi,1,12,9.29804,4,102,88,0.0793953,0.0788473,1.06294,0.245853,2.44343,2.48353,2.90404
triangle,3,lqi,1,13,9.68006,7,91,99,0.0777513,0.0772033,1.12779,0.298481,2.50847,2.7328,2.85756
triangle,3,lqi,1,14,9.57233,1,85,105,0.0772033,0.0777513,0.802668,0.191345,2.63141,2.7224,3.06954
triangle,3,lqi,1,15,9.67172,7,97,93,0.0766553,0.0755593,0.925617,0.323944,2.63341,2.73666,2.89988
triangle,3,lqi,1,16,9.10751,4,104,86,0.0772033,0.0788473,0.917227,0.211921,2.47842,2.44472,2.89917
triangle,3,lqi,1,17,10.2027,0,82,108,0.0793953,0.0766553,0.734912,0.182296,2.61998,2.98093,3.52848
triangle,3,lqi,1,18,9.38137,7,97,93,0.0782993,0.0782993,1.03617,0.328646,2.52785,2.58372,2.74838
triangle,3,lqi,1,19,9.63256,4,91,99,0.0788473,0.0782993,1.00286,0.269082,2.59205,2.6644,2.94702
triangle,3,leo,0,0,14.1916,17,89,101,0.0930953,0.0914513,2.5466,0.943111,2.93454,3.59144,3.9914
triangle,3,leo,0,1,21.0531,14,42,148,0.0925473,0.0892593,2.74131,0.866279,5.35262,5.33827,6.57277
triangle,3,leo,0,2,18.9143,19,68,122,0.0909033,0.0925473,2.80202,1.06941,4.23763,4.79963,5.82218
triangle,3,leo,0,3,16.8247,10,51,139,0.0941913,0.0903553,2.17603,0.607854,4.2406,4.51908,5.09657
triangle,3,leo,0,4,12.0081,14,100,90,0.0947393,0.0898073,2.51253,0.657187,2.86504,2.57302,3.21576
triangle,3,leo,0,5,13.9916,16,81,109,0.0919993,0.0892593,2.58847,0.859021,3.44048,2.89954,4.02284
triangle,3,leo,0,6,14.2365,13,81,109,0.0925473,0.0903553,2.57337,0.651703,3.13895,3.74663,3.94297
triangle,3,leo,0,7,16.7321,16,66,124,0.0947393,0.0936433,2.8218,0.870713,3.94738,4.11668,4.78712
triangle,3,leo,0,8,20.4958,19,56,134,0.0941913,0.0930953,2.92092,1.19257,5.10963,4.9472,6.13819
triangle,3,leo,0,9,14.3917,11,72,118,0.0941913,0.0925473,2.40717,0.632823,3.34899,3.74578,4.07024
triangle,3,leo,0,10,19.0953,15,51,139,0.0958353,0.0909033,2.8231,0.943473,4.72359,4.81705,5.60133
triangle,3,leo,0,11,12.7252,15,95,95,0.0898073,0.0914513,2.3139,0.849162,3.02755,2.70373,3.64954
triangle,3,leo,0,12,12.8001,17,105,85,0.0914513,0.0887113,2.98341,0.974156,2.97332,2.5143,3.17475
triangle,3,leo,0,13,18.2351,19,62,128,0.0925473,0.0919993,2.98214,1.1577,4.34791,4.3252,5.23755
triangle,3,leo,0,14,19.6806,15,53,137,0.0914513,0.0936433,2.60812,0.922253,5.08864,4.75196,6.12455
triangle,3,leo,0,15,16.5643,12,65,125,0.0903553,0.0914513,2.43309,0.81315,4.27242,3.96246,4.90141
triangle,3,leo,0,16,16.8845,11,55,135,0.0919993,0.0919993,2.43782,0.708088,4.22688,4.24062,5.08709
triangle,3,leo,0,17,14.4406,11,75,115,0.0930953,0.0903553,2.45131,0.791627,3.38887,3.43002,4.19531
triangle,3,leo,0,18,14.6589,15,74,116,0.0925473,0.0919993,2.57607,0.87319,3.39441,3.42086,4.20988
triangle,3,leo,0,19,13.4514,13,92,98,0.0936433,0.0930953,2.58062,0.796507,2.97984,3.17794,3.72974
triangle,3,leo,1,0,10.2697,4,91,99,0.0788473,0.0788473,1.01926,0.285517,2.72223,2.86375,3.22124
triangle,3,leo,1,1,9.27124,4,105,85,0.0782993,0.0777513,1.01231,0.256322,2.30126,2.91304,2.63225
triangle,3,leo,1,2,10.0525,5,93,97,0.0799433,0.0772033,0.921233,0.254887,2.74096,2.73508,3.24323
triangle,3,leo,1,3,7.3871,3,113,77,0.0788473,0.0788473,1.01142,0.146017,1.84042,2.17797,2.05359
triangle,3,leo,1,4,7.92087,3,101,89,0.0777513,0.0782993,0.870973,0.198095,2.13715,2.01148,2.54712
triangle,3,leo,1,5,8.83946,6,100,90,0.0777513,0.0788473,0.995357,0.252147,2.31729,2.43764,2.68043
triangle,3,leo,1,6,8.7978,3,107,83,0.0788473,0.0772033,1.06514,0.24664,2.26946,2.44712,2.6134
triangle,3,leo,1,7,5.54275,8,136,54,0.0777513,0.0777513,1.11814,0.279051,1.33064,1.33676,1.32266
triangle,3,leo,1,8,9.33642,4,95,95,0.0777513,0.0777513,0.833787,0.19042,2.54266,2.80662,2.80743
triangle,3,leo,1,9,8.01811,2,109,81,0.0772033,0.0788473,0.797358,0.185147,2.11948,2.20097,2.55911
triangle,3,leo,1,10,11.3873,6,83,107,0.0788473,0.0788473,1.02761,0.354225,3.13483,3.10289,3.61009
triangle,3,leo,1,11,8.69485,5,93,97,0.0772033,0.0799433,1.0952,0.24259,2.17582,2.52422,2.49987
triangle,3,leo,1,12,9.26435,4,102,88,0.0793953,0.0788473,1.02925,0.245853,2.44343,2.48353,2.90404
triangle,3,leo,1,13,9.63633,8,99,91,0.0777513,0.0772033,1.10102,0.325271,2.53273,2.65685,2.86551
triangle,3,leo,1,14,6.34554,4,116,74,0.0772033,0.0777513,0.891001,0.204079,1.66212,1.62819,1.80519
triangle,3,leo,1,15,9.60943,6,93,97,0.0766553,0.0755593,0.974611,0.327796,2.53472,2.90924,2.71085
triangle,3,leo,1,16,9.10751,4,104,86,0.0772033,0.0788473,0.917227,0.211921,2.47842,2.44472,2.89917
triangle,3,leo,1,17,10.2027,0,82,108,0.0793953,0.0766553,0.734912,0.182296,2.61998,2.98093,3.52848
triangle,3,leo,1,18,9.26506,6,94,96,0.0782993,0.0782993,0.990255,0.263204,2.43308,2.57638,2.84555
triangle,3,leo,1,19,7.68414,7,107,83,0.0788473,0.0782993,1.05147,0.270325,1.96192,2.18434,2.05893
triangle,3,lqi-literal,0,0,12.9686,19,112,78,0.0930953,0.0914513,2.68632,0.921265,2.66083,3.05482,3.4608
triangle,3,lqi-literal,0,1,13.9246,16,79,111,0.0925473,0.0892593,2.42323,0.685217,3.30347,3.34376,3.98711
triangle,3,lqi-literal,0,2,16.0529,22,81,109,0.0909033,0.0925473,2.94246,1.05162,3.67486,3.63174,4.56881
triangle,3,lqi-literal,0,3,17.9146,12,47,143,0.0941913,0.0903553,2.30176,0.718682,4.48157,4.85556,5.37248
triangle,3,lqi-literal,0,4,13.5943,14,85,105,0.0947393,0.0898073,2.65626,0.763487,3.25925,2.93764,3.79308
triangle,3,lqi-literal,0,5,11.7871,14,95,95,0.0919993,0.0892593,2.49284,0.701832,2.65632,2.53916,3.21572
triangle,3,lqi-literal,0,6,14.6105,14,75,115,0.0925473,0.0903553,2.54208,0.725706,3.14327,3.88245,4.13414
triangle,3,lqi-literal,0,7,15.5495,14,76,114,0.0947393,0.0936433,2.72963,0.933383,3.62585,3.65621,4.41604
triangle,3,lqi-literal,0,8,15.8668,16,80,110,0.0941913,0.0930953,2.47547,0.834303,3.99389,3.77302,4.60279
triangle,3,lqi-literal,0,9,14.0197,17,81,109,0.0941913,0.0925473,2.72912,0.765307,3.1209,3.32248,3.89517
triangle,3,lqi-literal,0,10,15.989,11,66,124,0.0958353,0.0909033,2.38899,0.659718,4.011,3.96466,4.77786
triangle,3,lqi-literal,0,11,11.1244,16,103,87,0.0898073,0.0914513,2.3489,0.93001,2.61256,2.17863,2.87307
triangle,3,lqi-literal,0,12,17.026,17,79,111,0.0914513,0.0887113,2.82673,1.01454,4.16603,3.77409,5.06446
triangle,3,lqi-literal,0,13,15.6543,12,67,123,0.0925473,0.0919993,2.52181,0.820209,3.90741,3.61039,4.60998
triangle,3,lqi-literal,0,14,16.7458,24,69,121,0.0914513,0.0936433,3.14594,1.1967,4.05568,3.77628,4.38613
triangle,3,lqi-literal,0,15,18.0303,12,54,136,0.0903553,0.0914513,2.52273,0.772572,4.52761,4.69832,5.3273
triangle,3,lqi-literal,0,16,18.978,7,43,147,0.0919993,0.0919993,1.98693,0.64055,4.99634,5.08815,6.08207
triangle,3,lqi-literal,0,17,14.6479,16,77,113,0.0930953,0.0903553,2.87686,0.961291,3.17208,3.38252,4.07166
triangle,3,lqi-literal,0,18,14.4689,13,72,118,0.0925473,0.0919993,2.31921,0.707925,3.40086,3.60164,4.25474
triangle,3,lqi-literal,0,19,14.4168,13,80,110,0.0936433,0.0930953,2.27347,0.737969,3.86628,3.11608,4.23623
triangle,3,lqi-literal,1,0,8.48629,5,105,85,0.0788473,0.0788473,1.10068,0.263127,2.17953,2.2379,2.54736
triangle,3,lqi-literal,1,1,9.26723,4,105,85,0.0782993,0.0777513,1.0083,0.256322,2.30126,2.91304,2.63225
triangle,3,lqi-literal,1,2,10.07,5,93,97,0.0799433,0.0772033,0.898634,0.258345,2.73178,2.76139,3.26272
triangle,3,lqi-literal,1,3,7.3871,3,113,77,0.0788473,0.0788473,1.01142,0.146017,1.84042,2.17797,2.05359
triangle,3,lqi-literal,1,4,7.69181,2,102,88,0.0777513,0.0782993,0.796301,0.16314,2.07214,2.01148,2.49269
triangle,3,lqi-literal,1,5,7.30196,8,118,72,0.0777513,0.0788473,1.11232,0.366855,1.86463,1.7142,2.08736
triangle,3,lqi-literal,1,6,8.33991,2,109,81,0.0788473,0.0772033,0.968961,0.20405,2.15898,2.37171,2.48016
triangle,3,lqi-literal,1,7,9.88394,6,95,95,0.0777513,0.0777513,1.01998,0.293091,2.83175,2.64541,2.93821
triangle,3,lqi-literal,1,8,9.33642,4,95,95,0.0777513,0.0777513,0.833787,0.19042,2.54266,2.80662,2.80743
triangle,3,lqi-literal,1,9,8.12288,2,110,80,0.0772033,0.0788473,0.895725,0.213904,2.01931,2.27277,2.56512
triangle,3,lqi-literal,1,10,11.3391,6,83,107,0.0788473,0.0788473,0.979334,0.354225,3.13483,3.10289,3.61009
triangle,3,lqi-literal,1,11,9.46679,6,89,101,0.0772033,0.0799433,0.98317,0.266522,2.41961,2.76151,2.87883
triangle,3,lqi-literal,1,12,9.29804,4,102,88,0.0793953,0.0788473,1.06294,0.245853,2.44343,2.48353,2.90404
triangle,3,lqi-literal,1,13,9.63524,8,99,91,0.0777513,0.0772033,1.09992,0.325271,2.53273,2.65685,2.86551
triangle,3,lqi-literal,1,14,6.37813,4,116,74,0.0772033,0.0777513,0.923594,0.204079,1.66212,1.62819,1.80519
triangle,3,lqi-literal,1,15,7.73354,9,110,80,0.0766553,0.0755593,1.03035,0.386012,2.00174,2.02231,2.14092
triangle,3,lqi-literal,1,16,9.10751,4,104,86,0.0772033,0.0788473,0.917227,0.211921,2.47842,2.44472,2.89917
triangle,3,lqi-literal,1,17,10.2027,0,82,108,0.0793953,0.0766553,0.734912,0.182296,2.61998,2.98093,3.52848
triangle,3,lqi-literal,1,18,9.38137,7,97,93,0.0782993,0.0782993,1.03617,0.328646,2.52785,2.58372,2.74838
triangle,3,lqi-literal,1,19,9.63256,4,91,99,0.0788473,0.0782993,1.00286,0.269082,2.59205,2.6644,2.94702
