layout,envFactor,metric,interference,run,totalEnergyMWs,pingTimeouts,pingNoRoute,pingSent,energy_netScan,energy_connect,energy_pathDiscovery,energy_pathDiscoveryReply,energy_ping,energy_pingReply,energy_ack
around,2,hopcount,0,0,10.7483,5,5,185,0.254755,0.256947,6.14262,0.191723,1.32669,1.41104,1.16449
around,2,hopcount,0,1,11.6129,12,12,178,0.256947,0.254207,7.90015,0.297018,0.869271,1.09267,0.942623
around,2,hopcount,0,2,8.65193,1,1,189,0.255303,0.255303,5.09237,0.1011,0.980931,1.05579,0.911131
around,2,hopcount,0,3,9.43133,1,1,189,0.256399,0.252015,5.09401,0.0850033,1.24019,1.40228,1.10143
around,2,hopcount,0,4,10.5875,6,6,184,0.253659,0.254207,6.38532,0.179739,1.30387,1.19229,1.01836
around,2,hopcount,0,5,8.86924,1,1,189,0.256947,0.252563,5.08963,0.0801129,1.05958,1.17441,0.955993
around,2,hopcount,0,6,9.91129,0,0,190,0.255851,0.252563,4.85789,0.0869886,1.50588,1.59211,1.36001
around,2,hopcount,0,7,10.3631,5,5,185,0.251467,0.252563,6.12892,0.184568,1.18518,1.27446,1.08598
around,2,hopcount,0,8,9.65191,0,0,190,0.252015,0.256399,4.8409,0.0801129,1.40641,1.53428,1.2818
around,2,hopcount,0,9,9.96213,5,5,185,0.254207,0.254207,6.13714,0.176248,0.977948,1.13375,1.02862
around,2,hopcount,0,10,11.115,11,18,172,0.256399,0.254207,7.67061,0.283305,0.868143,0.970316,0.811979
around,2,hopcount,0,11,8.98087,0,0,190,0.255303,0.256399,4.86939,0.0861966,1.12367,1.32674,1.06317
around,2,hopcount,0,12,10.2529,6,6,184,0.253659,0.255303,6.40615,0.188265,1.01486,1.17918,0.955475
around,2,hopcount,0,13,11.3153,10,10,180,0.258043,0.256399,7.3901,0.289672,0.990977,1.10028,1.02979
around,2,hopcount,0,14,9.09955,0,0,190,0.255851,0.254207,4.85131,0.100959,1.18336,1.30501,1.14884
around,2,hopcount,0,15,9.61151,2,2,188,0.254755,0.254755,5.34054,0.113343,1.2583,1.26596,1.12385
around,2,hopcount,0,16,8.99913,0,0,190,0.253111,0.255851,4.86501,0.0801129,1.21591,1.27332,1.05581
around,2,hopcount,0,17,9.8016,5,6,184,0.255303,0.256399,6.14975,0.153235,0.972083,1.08725,0.92759
around,2,hopcount,0,18,8.69976,0,0,190,0.259139,0.250919,4.86008,0.0930416,1.0975,1.15479,0.984297
around,2,hopcount,0,19,10.2247,1,1,189,0.256947,0.252015,5.10935,0.0988393,2.02804,1.27304,1.20649
around,2,lqi,0,0,10.2071,2,2,188,0.254755,0.256947,5.37781,0.118337,1.42507,1.48314,1.29103
around,2,lqi,0,1,10.2524,6,6,184,0.256947,0.254207,6.35957,0.168019,1.04009,1.10652,1.06703
around,2,lqi,0,2,8.65193,1,1,189,0.255303,0.255303,5.09237,0.1011,0.980931,1.05579,0.911131
around,2,lqi,0,3,9.43133,1,1,189,0.256399,0.252015,5.09401,0.0850033,1.24019,1.40228,1.10143
around,2,lqi,0,4,9.54752,2,2,188,0.253659,0.254207,5.3652,0.10287,1.18933,1.25993,1.12232
around,2,lqi,0,5,8.86924,1,1,189,0.256947,0.252563,5.08963,0.0801129,1.05958,1.17441,0.955993
around,2,lqi,0,6,9.91129,0,0,190,0.255851,0.252563,4.85789,0.0869886,1.50588,1.59211,1.36001
around,2,lqi,0,7,10.033,2,2,188,0.251467,0.252563,5.36794,0.110277,1.25451,1.51313,1.28306
around,2,lqi,0,8,9.65191,0,0,190,0.252015,0.256399,4.8409,0.0801129,1.40641,1.53428,1.2818
around,2,lqi,0,9,9.11541,2,2,188,0.254207,0.254207,5.3674,0.103721,1.04683,1.12857,0.960478
around,2,lqi,0,10,9.8861,5,12,178,0.256399,0.254207,6.13933,0.134243,0.96427,1.16231,0.975338
around,2,lqi,0,11,8.98087,0,0,190,0.255303,0.256399,4.86939,0.0861966,1.12367,1.32674,1.06317
around,2,lqi,0,12,9.74901,4,4,186,0.253659,0.255303,5.88951,0.131096,1.01903,1.18499,1.01543
around,2,lqi,0,13,9.89137,4,4,186,0.258043,0.256399,5.85992,0.141834,1.10204,1.18102,1.09212
around,2,lqi,0,14,9.13244,0,0,190,0.255851,0.254207,4.85131,0.102598,1.19645,1.31301,1.15901
around,2,lqi,0,15,9.61151,2,2,188,0.254755,0.254755,5.34054,0.113343,1.2583,1.26596,1.12385
around,2,lqi,0,16,8.99913,0,0,190,0.253111,0.255851,4.86501,0.0801129,1.21591,1.27332,1.05581
around,2,lqi,0,17,9.61665,4,4,186,0.255303,0.256399,5.89335,0.124127,0.996303,1.08658,1.00459
around,2,lqi,0,18,8.69976,0,0,190,0.259139,0.250919,4.86008,0.0930416,1.0975,1.15479,0.984297
around,2,lqi,0,19,10.2247,1,1,189,0.256947,0.252015,5.10935,0.0988393,2.02804,1.27304,1.20649
around,2,leo,0,0,9.97778,1,1,189,0.254755,0.256947,5.1685,0.11161,1.45239,1.5042,1.22938
around,2,leo,0,1,10.3004,6,6,184,0.256947,0.254207,6.55484,0.166768,1.02582,1.07749,0.964304
around,2,leo,0,2,8.35786,1,9,181,0.255303,0.255303,5.09237,0.100371,0.896163,0.954773,0.803576
around,2,leo,0,3,9.43133,1,1,189,0.256399,0.252015,5.09401,0.0850033,1.24019,1.40228,1.10143
around,2,leo,0,4,9.54752,2,2,188,0.253659,0.254207,5.3652,0.10287,1.18933,1.25993,1.12232
around,2,leo,0,5,8.86924,1,1,189,0.256947,0.252563,5.08963,0.0801129,1.05958,1.17441,0.955993
around,2,leo,0,6,9.91129,0,0,190,0.255851,0.252563,4.85789,0.0869886,1.50588,1.59211,1.36001
around,2,leo,0,7,10.033,2,2,188,0.251467,0.252563,5.36794,0.110277,1.25451,1.51313,1.28306
around,2,leo,0,8,9.65191,0,0,190,0.252015,0.256399,4.8409,0.0801129,1.40641,1.53428,1.2818
around,2,leo,0,9,9.07084,2,2,188,0.254207,0.254207,5.3674,0.100999,1.02461,1.1249,0.944511
around,2,leo,0,10,9.85736,5,12,178,0.256399,0.254207,6.25248,0.132897,0.956776,1.09707,0.907522
around,2,leo,0,11,8.98087,0,0,190,0.255303,0.256399,4.86939,0.0861966,1.12367,1.32674,1.06317
around,2,leo,0,12,9.58241,4,10,180,0.253659,0.255303,5.96944,0.130583,0.980536,1.04555,0.947338
around,2,leo,0,13,10.358,5,5,185,0.258043,0.256399,6.27782,0.148652,1.10482,1.18029,1.13201
around,2,leo,0,14,9.09955,0,0,190,0.255851,0.254207,4.85131,0.100959,1.18336,1.30501,1.14884
around,2,leo,0,15,9.5051,2,8,182,0.254755,0.254755,5.39657,0.113002,1.20232,1.22042,1.06328
around,2,leo,0,16,8.99913,0,0,190,0.253111,0.255851,4.86501,0.0801129,1.21591,1.27332,1.05581
around,2,leo,0,17,9.52681,3,4,186,0.255303,0.256399,5.69078,0.110498,1.01219,1.16299,1.03865
around,2,leo,0,18,8.69976,0,0,190,0.259139,0.250919,4.86008,0.0930416,1.0975,1.15479,0.984297
around,2,leo,0,19,9.82504,1,1,189,0.256947,0.252015,5.10935,0.0965671,1.43208,1.34291,1.33518
around,2,lqi-literal,0,0,10.7483,5,5,185,0.254755,0.256947,6.14262,0.191723,1.32669,1.41104,1.16449
around,2,lqi-literal,0,1,11.6129,12,12,178,0.256947,0.254207,7.90015,0.297018,0.869271,1.09267,0.942623
around,2,lqi-literal,0,2,8.65193,1,1,189,0.255303,0.255303,5.09237,0.1011,0.980931,1.05579,0.911131
around,2,lqi-literal,0,3,9.43133,1,1,189,0.256399,0.252015,5.09401,0.0850033,1.24019,1.40228,1.10143
around,2,lqi-literal,0,4,10.5875,6,6,184,0.253659,0.254207,6.38532,0.179739,1.30387,1.19229,1.01836
around,2,lqi-literal,0,5,8.86924,1,1,189,0.256947,0.252563,5.08963,0.0801129,1.05958,1.17441,0.955993
around,2,lqi-literal,0,6,9.91129,0,0,190,0.255851,0.252563,4.85789,0.0869886,1.50588,1.59211,1.36001
around,2,lqi-literal,0,7,10.3631,5,5,185,0.251467,0.252563,6.12892,0.184568,1.18518,1.27446,1.08598
around,2,lqi-literal,0,8,9.65191,0,0,190,0.252015,0.256399,4.8409,0.0801129,1.40641,1.53428,1.2818
around,2,lqi-literal,0,9,9.96213,5,5,185,0.254207,0.254207,6.13714,0.176248,0.977948,1.13375,1.02862
around,2,lqi-literal,0,10,11.115,11,18,172,0.256399,0.254207,7.67061,0.283305,0.868143,0.970316,0.811979
around,2,lqi-literal,0,11,8.98087,0,0,190,0.255303,0.256399,4.86939,0.0861966,1.12367,1.32674,1.06317
around,2,lqi-literal,0,12,10.2529,6,6,184,0.253659,0.255303,6.40615,0.188265,1.01486,1.17918,0.955475
around,2,lqi-literal,0,13,11.3153,10,10,180,0.258043,0.256399,7.3901,0.289672,0.990977,1.10028,1.02979
around,2,lqi-literal,0,14,9.09955,0,0,190,0.255851,0.254207,4.85131,0.100959,1.18336,1.30501,1.14884
around,2,lqi-literal,0,15,9.61151,2,2,188,0.254755,0.254755,5.34054,0.113343,1.2583,1.26596,1.12385
around,2,lqi-literal,0,16,8.99913,0,0,190,0.253111,0.255851,4.86501,0.0801129,1.21591,1.27332,1.05581
around,2,lqi-literal,0,17,9.8016,5,6,184,0.255303,0.256399,6.14975,0.153235,0.972083,1.08725,0.92759
around,2,lqi-literal,0,18,8.69976,0,0,190,0.259139,0.250919,4.86008,0.0930416,1.0975,1.15479,0.984297
around,2,lqi-literal,0,19,10.2247,1,1,189,0.256947,0.252015,5.10935,0.0988393,2.02804,1.27304,1.20649
around,2.25,hopcount,0,0,13.2965,10,10,180,0.248179,0.253659,7.28598,0.294226,1.75076,1.96284,1.50083
around,2.25,hopcount,0,1,12.7641,15,15,175,0.251467,0.246535,8.4655,0.377418,1.17413,1.23726,1.01184
around,2.25,hopcount,0,2,10.6004,5,5,185,0.248727,0.248727,5.97603,0.19837,1.33091,1.46311,1.13448
around,2.25,hopcount,0,3,11.1215,3,3,187,0.252015,0.247083,5.49063,0.133054,1.72342,1.80852,1.46678
around,2.25,hopcount,0,4,12.3472,10,10,180,0.249275,0.247631,7.19994,0.19201,1.50386,1.66256,1.29192
around,2.25,hopcount,0,5,9.7154,0,0,190,0.252563,0.247631,4.72691,0.0801129,1.4622,1.66439,1.28159
around,2.25,hopcount,0,6,11.4518,0,0,190,0.251467,0.248179,4.72034,0.0944915,2.02871,2.33576,1.77288
around,2.25,hopcount,0,7,11.7703,5,5,185,0.248179,0.248727,5.98699,0.183164,1.73896,1.90418,1.46011
around,2.25,hopcount,0,8,11.7148,5,5,185,0.244891,0.249823,6.01055,0.182068,1.74666,1.81264,1.4682
around,2.25,hopcount,0,9,10.3068,2,2,188,0.248179,0.249275,5.24464,0.104147,1.4749,1.68784,1.29782
around,2.25,hopcount,0,10,12.0839,10,17,173,0.249275,0.251467,7.24707,0.234141,1.37102,1.50514,1.22577
around,2.25,hopcount,0,11,10.4756,0,0,190,0.250919,0.252015,4.78884,0.088039,1.76523,1.84164,1.48893
around,2.25,hopcount,0,12,12.3457,11,11,179,0.251467,0.254207,7.56813,0.27365,1.35887,1.42352,1.21583
around,2.25,hopcount,0,13,12.1131,7,7,183,0.253659,0.250371,6.52829,0.205006,1.59185,1.76664,1.51728
around,2.25,hopcount,0,14,10.3957,0,0,190,0.253659,0.247083,4.74116,0.111004,1.68447,1.83285,1.52553
around,2.25,hopcount,0,15,11.8383,5,5,185,0.248727,0.242151,5.95685,0.203362,1.79238,1.85149,1.54335
around,2.25,hopcount,0,16,10.8224,2,2,188,0.249275,0.249823,5.27972,0.103517,1.58335,1.83517,1.52153
around,2.25,hopcount,0,17,11.5508,6,7,183,0.252563,0.256947,6.31134,0.168725,1.58646,1.63841,1.33634
around,2.25,hopcount,0,18,11.5912,7,7,183,0.253659,0.246535,6.53431,0.20184,1.46233,1.54428,1.34827
around,2.25,hopcount,0,19,11.0603,3,3,187,0.253659,0.244891,5.49885,0.101622,1.76953,1.75278,1.43901
around,2.25,lqi,0,0,11.8797,4,4,186,0.248179,0.253659,5.80019,0.144086,1.82645,1.97573,1.63145
around,2.25,lqi,0,1,10.8135,5,5,185,0.251467,0.246535,5.97603,0.147539,1.38621,1.51067,1.29499
around,2.25,lqi,0,2,10.0226,3,3,187,0.248727,0.248727,5.46652,0.137938,1.27413,1.40662,1.23996
around,2.25,lqi,0,3,10.9907,2,2,188,0.252015,0.247083,5.24519,0.130715,1.75732,1.84566,1.51269
around,2.25,lqi,0,4,11.5671,5,5,185,0.249275,0.247631,5.97713,0.14632,1.61889,1.83931,1.48857
around,2.25,lqi,0,5,9.7154,0,0,190,0.252563,0.247631,4.72691,0.0801129,1.4622,1.66439,1.28159
around,2.25,lqi,0,6,11.4518,0,0,190,0.251467,0.248179,4.72034,0.0944915,2.02871,2.33576,1.77288
around,2.25,lqi,0,7,11.1403,2,2,188,0.248179,0.248727,5.24026,0.111474,1.71352,1.99277,1.58534
around,2.25,lqi,0,8,11.0187,2,2,188,0.244891,0.249823,5.25232,0.119621,1.77815,1.8433,1.53055
around,2.25,lqi,0,9,10.2783,2,2,188,0.248179,0.249275,5.24464,0.10146,1.45999,1.68704,1.28766
around,2.25,lqi,0,10,11.235,6,13,177,0.249275,0.251467,6.26312,0.137392,1.35466,1.61121,1.36792
around,2.25,lqi,0,11,10.4756,0,0,190,0.250919,0.252015,4.78884,0.088039,1.76523,1.84164,1.48893
around,2.25,lqi,0,12,11.4904,6,6,184,0.251467,0.254207,6.31901,0.155459,1.43468,1.70225,1.37333
around,2.25,lqi,0,13,11.1415,4,10,180,0.253659,0.250371,5.77114,0.140834,1.67651,1.63587,1.41308
around,2.25,lqi,0,14,10.9765,0,0,190,0.253659,0.247083,4.74116,0.111306,1.91002,2.01182,1.70149
around,2.25,lqi,0,15,11.5844,3,3,187,0.248727,0.242151,5.4572,0.138554,1.82543,1.93123,1.7411
around,2.25,lqi,0,16,10.5119,1,1,189,0.249275,0.249823,5.03592,0.0874947,1.55766,1.87898,1.45271
around,2.25,lqi,0,17,11.3557,6,6,184,0.252563,0.256947,6.33162,0.14788,1.44308,1.6023,1.32135
around,2.25,lqi,0,18,10.9015,4,4,186,0.253659,0.246535,5.78101,0.154868,1.52666,1.58504,1.35368
around,2.25,lqi,0,19,11.0308,3,3,187,0.253659,0.244891,5.49885,0.100595,1.70099,1.78882,1.44301
around,2.25,leo,0,0,11.9345,3,3,187,0.248179,0.253659,5.62591,0.142,1.88113,2.13656,1.64704
around,2.25,leo,0,1,11.6839,6,6,184,0.251467,0.246535,6.47458,0.15718,1.39627,1.80296,1.35488
around,2.25,leo,0,2,10.1009,2,2,188,0.248727,0.248727,5.26998,0.125863,1.41088,1.55815,1.23852
around,2.25,leo,0,3,11.5197,4,5,185,0.252015,0.247083,5.77439,0.126762,1.68845,1.93079,1.50019
around,2.25,leo,0,4,11.2696,6,12,178,0.249275,0.247631,6.53718,0.14002,1.40301,1.51894,1.17352
around,2.25,leo,0,5,9.7154,0,0,190,0.252563,0.247631,4.72691,0.0801129,1.4622,1.66439,1.28159
around,2.25,leo,0,6,11.4518,0,0,190,0.251467,0.248179,4.72034,0.0944915,2.02871,2.33576,1.77288
around,2.25,leo,0,7,11.1403,2,2,188,0.248179,0.248727,5.24026,0.111474,1.71352,1.99277,1.58534
around,2.25,leo,0,8,10.9109,2,8,182,0.244891,0.249823,5.30615,0.110526,1.69261,1.83818,1.46877
around,2.25,leo,0,9,10.3063,2,2,188,0.248179,0.249275,5.30286,0.102188,1.4996,1.61508,1.28913
around,2.25,leo,0,10,10.7762,5,18,172,0.249275,0.251467,6.09559,0.128824,1.32267,1.51697,1.21146
around,2.25,leo,0,11,10.4756,0,0,190,0.250919,0.252015,4.78884,0.088039,1.76523,1.84164,1.48893
around,2.25,leo,0,12,11.3855,5,5,185,0.251467,0.254207,6.3723,0.136922,1.37494,1.64655,1.34908
around,2.25,leo,0,13,11.7955,5,5,185,0.253659,0.250371,6.32134,0.171303,1.60365,1.69403,1.50114
around,2.25,leo,0,14,10.3957,0,0,190,0.253659,0.247083,4.74116,0.111004,1.68447,1.83285,1.52553
around,2.25,leo,0,15,11.2319,2,8,182,0.248727,0.242151,5.35008,0.131203,1.7999,1.87918,1.58066
around,2.25,leo,0,16,10.6336,2,2,188,0.249275,0.249823,5.39561,0.0955875,1.56208,1.76694,1.31428
around,2.25,leo,0,17,11.2069,5,6,184,0.252563,0.256947,6.21446,0.131637,1.42711,1.58714,1.33704
around,2.25,leo,0,18,10.4858,2,8,182,0.253659,0.246535,5.37149,0.115196,1.52254,1.62664,1.3497
around,2.25,leo,0,19,11.2801,3,3,187,0.253659,0.244891,5.7109,0.10508,1.76819,1.75548,1.44192
around,2.25,lqi-literal,0,0,13.2965,10,10,180,0.248179,0.253659,7.28598,0.294226,1.75076,1.96284,1.50083
around,2.25,lqi-literal,0,1,12.7641,15,15,175,0.251467,0.246535,8.4655,0.377418,1.17413,1.23726,1.01184
around,2.25,lqi-literal,0,2,10.6004,5,5,185,0.248727,0.248727,5.97603,0.19837,1.33091,1.46311,1.13448
around,2.25,lqi-literal,0,3,11.1215,3,3,187,0.252015,0.247083,5.49063,0.133054,1.72342,1.80852,1.46678
around,2.25,lqi-literal,0,4,12.3472,10,10,180,0.249275,0.247631,7.19994,0.19201,1.50386,1.66256,1.29192
around,2.25,lqi-literal,0,5,9.7154,0,0,190,0.252563,0.247631,4.72691,0.0801129,1.4622,1.66439,1.28159
around,2.25,lqi-literal,0,6,11.4518,0,0,190,0.251467,0.248179,4.72034,0.0944915,2.02871,2.33576,1.77288
around,2.25,lqi-literal,0,7,11.7703,5,5,185,0.248179,0.248727,5.98699,0.183164,1.73896,1.90418,1.46011
around,2.25,lqi-literal,0,8,11.7148,5,5,185,0.244891,0.249823,6.01055,0.182068,1.74666,1.81264,1.4682
around,2.25,lqi-literal,0,9,10.3068,2,2,188,0.248179,0.249275,5.24464,0.104147,1.4749,1.68784,1.29782
around,2.25,lqi-literal,0,10,12.0839,10,17,173,0.249275,0.251467,7.24707,0.234141,1.37102,1.50514,1.22577
around,2.25,lqi-literal,0,11,10.4756,0,0,190,0.250919,0.252015,4.78884,0.088039,1.76523,1.84164,1.48893
around,2.25,lqi-literal,0,12,12.3457,11,11,179,0.251467,0.254207,7.56813,0.27365,1.35887,1.42352,1.21583
around,2.25,lqi-literal,0,13,12.1131,7,7,183,0.253659,0.250371,6.52829,0.205006,1.59185,1.76664,1.51728
around,2.25,lqi-literal,0,14,10.3957,0,0,190,0.253659,0.247083,4.74116,0.111004,1.68447,1.83285,1.52553
around,2.25,lqi-literal,0,15,11.8383,5,5,185,0.248727,0.242151,5.95685,0.203362,1.79238,1.85149,1.54335
around,2.25,lqi-literal,0,16,10.8224,2,2,188,0.249275,0.249823,5.27972,0.103517,1.58335,1.83517,1.52153
around,2.25,lqi-literal,0,17,11.5508,6,7,183,0.252563,0.256947,6.31134,0.168725,1.58646,1.63841,1.33634
around,2.25,lqi-literal,0,18,11.5912,7,7,183,0.253659,0.246535,6.53431,0.20184,1.46233,1.54428,1.34827
around,2.25,lqi-literal,0,19,11.0603,3,3,187,0.253659,0.244891,5.49885,0.101622,1.76953,1.75278,1.43901
around,2.5,hopcount,0,0,15.9023,10,9,181,0.233383,0.238863,6.80045,0.208463,2.78302,3.39097,2.24717
around,2.5,hopcount,0,1,13.48,8,8,182,0.226259,0.226807,6.09475,0.24545,2.18289,2.61111,1.89276
around,2.5,hopcount,0,2,12.1133,5,21,169,0.225711,0.215847,5.39077,0.163285,2.69486,1.89455,1.52828
around,2.5,hopcount,0,3,12.781,5,13,177,0.231191,0.228451,5.47297,0.198536,2.2666,2.54203,1.84124
around,2.5,hopcount,0,4,14.0003,11,10,180,0.228451,0.232287,6.84367,0.284874,2.18494,2.4783,1.74778
around,2.5,hopcount,0,5,11.7735,6,6,184,0.226807,0.225711,5.6099,0.132186,1.88089,2.15298,1.54506
around,2.5,hopcount,0,6,15.353,10,9,181,0.228999,0.225711,6.46069,0.300006,2.85552,3.31344,1.96867
around,2.5,hopcount,0,7,14.7399,10,9,181,0.220779,0.220779,6.50836,0.227434,2.65361,2.92979,1.97911
around,2.5,hopcount,0,8,12.9712,1,1,189,0.228999,0.231739,4.52902,0.159299,2.52143,3.23153,2.06915
around,2.5,hopcount,0,9,11.3784,1,1,189,0.227903,0.229547,4.56683,0.0921299,2.11171,2.4135,1.73682
around,2.5,hopcount,0,10,12.3624,8,18,172,0.224067,0.226259,6.16216,0.247179,1.93195,2.06908,1.50166
around,2.5,hopcount,0,11,13.1209,2,2,188,0.235027,0.237767,4.93228,0.117302,2.37257,3.08544,2.14048
around,2.5,hopcount,0,12,12.6199,7,15,175,0.236671,0.244343,6.20825,0.136021,1.89773,2.39738,1.49948
around,2.5,hopcount,0,13,14.0032,13,13,177,0.230095,0.231739,7.33455,0.358245,2.13675,1.98087,1.73091
around,2.5,hopcount,0,14,13.1572,3,3,187,0.232287,0.228451,5.11087,0.151242,2.85663,2.58877,1.98891
around,2.5,hopcount,0,15,12.8004,4,4,186,0.214203,0.213655,4.98531,0.226191,2.50274,2.55185,2.1065
around,2.5,hopcount,0,16,14.5809,6,6,184,0.230095,0.228451,5.75238,0.197353,2.64135,3.21453,2.31678
around,2.5,hopcount,0,17,12.1371,7,8,182,0.242151,0.245987,6.2099,0.190435,1.83644,1.97173,1.44049
around,2.5,hopcount,0,18,11.6886,3,3,187,0.235027,0.232835,5.16183,0.137887,2.03619,2.1687,1.71612
around,2.5,hopcount,0,19,14.4675,4,4,186,0.230643,0.233931,5.40344,0.174367,3.81436,2.7981,1.81266
around,2.5,lqi,0,0,14.5415,9,8,182,0.233383,0.238863,6.57912,0.187489,2.48671,2.75035,2.06561
around,2.5,lqi,0,1,12.939,3,3,187,0.225711,0.226807,4.98209,0.131833,2.60451,2.60589,2.16218
around,2.5,lqi,0,2,12.5897,4,12,178,0.225711,0.215847,5.15684,0.169765,2.72771,2.14915,1.94465
around,2.5,lqi,0,3,13.4542,5,5,185,0.230643,0.227903,5.50475,0.192441,2.58229,2.51045,2.20573
around,2.5,lqi,0,4,13.5754,10,18,172,0.228451,0.232287,6.65468,0.217701,2.13475,2.32144,1.78606
around,2.5,lqi,0,5,11.6427,3,3,187,0.226807,0.225711,4.9092,0.115068,1.9383,2.51381,1.71384
around,2.5,lqi,0,6,14.1649,5,5,185,0.228999,0.225711,5.38638,0.155522,2.70239,3.33035,2.13556
around,2.5,lqi,0,7,13.3929,5,13,177,0.220779,0.220779,5.37433,0.134359,2.54066,2.8648,2.0372
around,2.5,lqi,0,8,12.8275,1,1,189,0.228999,0.231739,4.5345,0.138554,2.51547,2.74116,2.43707
around,2.5,lqi,0,9,11.4464,1,1,189,0.227903,0.229547,4.56683,0.0901204,2.09381,2.4759,1.76233
around,2.5,lqi,0,10,11.7766,10,25,165,0.224067,0.226259,6.66728,0.196125,1.55822,1.60022,1.30441
around,2.5,lqi,0,11,13.8305,3,3,187,0.235027,0.237767,5.16238,0.136449,2.81735,3.0726,2.16891
around,2.5,lqi,0,12,12.6962,5,5,185,0.236671,0.244343,5.72559,0.138008,2.08642,2.52055,1.74464
around,2.5,lqi,0,13,13.1365,1,1,189,0.228999,0.233383,4.61615,0.133568,2.78085,2.64974,2.49381
around,2.5,lqi,0,14,12.9119,2,2,188,0.232287,0.229547,4.82981,0.134548,2.72784,2.61844,2.1394
around,2.5,lqi,0,15,12.5621,4,12,178,0.214203,0.213107,4.97271,0.183442,2.5595,2.16164,2.25752
around,2.5,lqi,0,16,13.1598,4,7,183,0.230095,0.228451,5.30206,0.145137,2.35171,2.64186,2.2605
around,2.5,lqi,0,17,12.2662,6,6,184,0.242151,0.245987,6.01378,0.17205,1.968,2.00366,1.62056
around,2.5,lqi,0,18,12.0292,7,13,177,0.235575,0.230095,6.05427,0.164995,1.69297,1.93605,1.7153
around,2.5,lqi,0,19,12.9703,4,4,186,0.231739,0.233383,5.38042,0.133223,2.40364,2.58408,2.0038
around,2.5,leo,0,0,16.1229,5,5,185,0.233383,0.238863,6.19629,0.175217,3.20016,3.6951,2.38391
around,2.5,leo,0,1,12.6922,5,11,179,0.226259,0.226807,5.86428,0.194237,1.99034,2.46373,1.72657
around,2.5,leo,0,2,13.2993,5,17,173,0.225711,0.215847,5.69603,0.180438,3.15932,2.1093,1.71262
around,2.5,leo,0,3,13.6336,8,16,174,0.231191,0.228451,6.54693,0.240406,2.28249,2.33523,1.76888
around,2.5,leo,0,4,12.9099,8,20,170,0.228451,0.232287,6.90333,0.17576,1.95237,1.9336,1.48412
around,2.5,leo,0,5,11.1339,3,3,187,0.226807,0.225711,5.02307,0.0980769,1.88293,2.09052,1.58678
around,2.5,leo,0,6,15.0818,6,6,184,0.228999,0.225711,6.33405,0.198978,2.84216,3.20783,2.04406
around,2.5,leo,0,7,14.8128,7,7,183,0.220779,0.220779,6.33282,0.146218,2.68001,3.16949,2.04275
around,2.5,leo,0,8,13.301,2,3,187,0.228999,0.231739,4.91915,0.173701,2.54553,3.12119,2.08074
around,2.5,leo,0,9,11.3313,1,1,189,0.227903,0.229547,4.59128,0.0896808,2.0918,2.36312,1.73793
around,2.5,leo,0,10,11.6951,5,20,170,0.224067,0.226259,5.82443,0.145447,1.75761,1.97571,1.54162
around,2.5,leo,0,11,13.4194,2,2,188,0.235027,0.237767,4.96348,0.113296,2.56228,3.11048,2.19707
around,2.5,leo,0,12,12.6363,7,21,169,0.236671,0.244343,6.76107,0.171274,1.73608,1.96426,1.5226
around,2.5,leo,0,13,14.6554,8,8,182,0.230095,0.231739,7.27068,0.251962,2.15004,2.41437,2.1065
around,2.5,leo,0,14,13.2216,3,3,187,0.232287,0.228451,5.30487,0.161547,3.01039,2.31817,1.96583
around,2.5,leo,0,15,13.375,4,6,184,0.214203,0.213655,5.4393,0.227091,2.49183,2.66214,2.12675
around,2.5,leo,0,16,15.3456,7,7,183,0.230095,0.228451,6.68098,0.205287,2.59135,3.22386,2.18557
around,2.5,leo,0,17,12.0577,3,3,187,0.242151,0.245987,5.40267,0.139733,1.9368,2.35715,1.73318
around,2.5,leo,0,18,11.6207,4,18,172,0.235027,0.232835,5.8229,0.158643,1.79443,1.86878,1.50804
around,2.5,leo,0,19,14.7394,4,3,187,0.230643,0.233931,5.59336,0.158128,3.78999,2.81406,1.91928
around,2.5,lqi-literal,0,0,15.9023,10,9,181,0.233383,0.238863,6.80045,0.208463,2.78302,3.39097,2.24717
around,2.5,lqi-literal,0,1,13.48,8,8,182,0.226259,0.226807,6.09475,0.24545,2.18289,2.61111,1.89276
around,2.5,lqi-literal,0,2,12.1133,5,21,169,0.225711,0.215847,5.39077,0.163285,2.69486,1.89455,1.52828
around,2.5,lqi-literal,0,3,12.781,5,13,177,0.231191,0.228451,5.47297,0.198536,2.2666,2.54203,1.84124
around,2.5,lqi-literal,0,4,14.0003,11,10,180,0.228451,0.232287,6.84367,0.284874,2.18494,2.4783,1.74778
around,2.5,lqi-literal,0,5,11.7735,6,6,184,0.226807,0.225711,5.6099,0.132186,1.88089,2.15298,1.54506
around,2.5,lqi-literal,0,6,15.353,10,9,181,0.228999,0.225711,6.46069,0.300006,2.85552,3.31344,1.96867
around,2.5,lqi-literal,0,7,14.7399,10,9,181,0.220779,0.220779,6.50836,0.227434,2.65361,2.92979,1.97911
around,2.5,lqi-literal,0,8,12.9712,1,1,189,0.228999,0.231739,4.52902,0.159299,2.52143,3.23153,2.06915
around,2.5,lqi-literal,0,9,11.3784,1,1,189,0.227903,0.229547,4.56683,0.0921299,2.11171,2.4135,1.73682
around,2.5,lqi-literal,0,10,12.3624,8,18,172,0.224067,0.226259,6.16216,0.247179,1.93195,2.06908,1.50166
around,2.5,lqi-literal,0,11,13.1209,2,2,188,0.235027,0.237767,4.93228,0.117302,2.37257,3.08544,2.14048
around,2.5,lqi-literal,0,12,12.6199,7,15,175,0.236671,0.244343,6.20825,0.136021,1.89773,2.39738,1.49948
around,2.5,lqi-literal,0,13,14.0032,13,13,177,0.230095,0.231739,7.33455,0.358245,2.13675,1.98087,1.73091
around,2.5,lqi-literal,0,14,13.1572,3,3,187,0.232287,0.228451,5.11087,0.151242,2.85663,2.58877,1.98891
around,2.5,lqi-literal,0,15,12.8004,4,4,186,0.214203,0.213655,4.98531,0.226191,2.50274,2.55185,2.1065
around,2.5,lqi-literal,0,16,14.5809,6,6,184,0.230095,0.228451,5.75238,0.197353,2.64135,3.21453,2.31678
around,2.5,lqi-literal,0,17,12.1371,7,8,182,0.242151,0.245987,6.2099,0.190435,1.83644,1.97173,1.44049
around,2.5,lqi-literal,0,18,11.6886,3,3,187,0.235027,0.232835,5.16183,0.137887,2.03619,2.1687,1.71612
around,2.5,lqi-literal,0,19,14.4675,4,4,186,0.230643,0.233931,5.40344,0.174367,3.81436,2.7981,1.81266
around,2.625,hopcount,0,0,17.8155,15,18,172,0.220779,0.227903,7.39087,0.361058,3.55383,3.72128,2.33982
around,2.625,hopcount,0,1,13.5139,8,14,176,0.209819,0.209271,5.57306,0.294953,2.58522,2.35071,2.29091
around,2.625,hopcount,0,2,13.5111,12,17,173,0.204887,0.195571,6.41781,0.31399,2.03241,2.50953,1.8369
around,2.625,hopcount,0,3,13.9514,6,13,177,0.211463,0.208723,5.25041,0.228927,2.77021,3.14238,2.13926
around,2.625,hopcount,0,4,14.1623,11,11,179,0.213107,0.213107,6.34171,0.281396,2.41978,2.72075,1.97241
around,2.625,hopcount,0,5,12.5117,7,17,173,0.205983,0.201599,5.3457,0.171229,2.28241,2.70233,1.60247
around,2.625,hopcount,0,6,16.022,8,11,179,0.209271,0.209271,5.46072,0.219006,3.34697,4.194,2.38274
around,2.625,hopcount,0,7,15.0008,12,17,173,0.200503,0.202147,6.3537,0.287916,2.80572,3.0565,2.09429
around,2.625,hopcount,0,8,15.3169,8,7,183,0.208723,0.211463,5.62512,0.234977,2.92446,3.63304,2.47915
around,2.625,hopcount,0,9,12.634,4,9,181,0.212011,0.212559,4.84612,0.156902,2.51818,2.9015,1.78676
around,2.625,hopcount,0,10,12.6306,13,46,144,0.205983,0.209819,6.72792,0.275968,1.77615,1.95277,1.48197
around,2.625,hopcount,0,11,14.8164,8,7,183,0.214751,0.224615,5.81144,0.237098,3.23107,3.18648,1.91093
around,2.625,hopcount,0,12,13.6955,9,14,176,0.226807,0.238863,6.21854,0.22991,2.29086,2.77452,1.71597
around,2.625,hopcount,0,13,14.0977,10,10,180,0.212559,0.214203,6.19546,0.307389,2.41003,2.67139,2.0867
around,2.625,hopcount,0,14,14.8633,5,3,187,0.210367,0.211463,5.1754,0.212577,3.1831,3.6461,2.22429
around,2.625,hopcount,0,15,15.3443,10,9,181,0.192283,0.188995,5.73623,0.300932,3.53052,3.00561,2.38968
around,2.625,hopcount,0,16,14.6467,13,19,171,0.209819,0.211463,6.78162,0.293469,2.48831,2.58256,2.07943
around,2.625,hopcount,0,17,13.5778,7,7,183,0.237219,0.236123,5.9085,0.178339,2.60828,2.50122,1.90815
around,2.625,hopcount,0,18,13.3817,7,7,183,0.219683,0.219135,5.6334,0.222721,2.4329,2.5756,2.07828
around,2.625,hopcount,0,19,14.1101,4,5,185,0.218587,0.218587,5.08614,0.154272,3.00502,3.10359,2.32388
around,2.625,lqi,0,0,16.3869,10,9,181,0.219683,0.227903,6.3341,0.247627,3.23635,3.4757,2.64555
around,2.625,lqi,0,1,13.642,11,10,180,0.209819,0.209271,6.22827,0.226599,2.52158,2.17258,2.07392
around,2.625,lqi,0,2,12.8493,8,12,178,0.204887,0.196119,5.58292,0.238977,2.34955,2.2101,2.06672
around,2.625,lqi,0,3,13.6765,6,6,184,0.210367,0.209819,5.20822,0.215759,2.60447,2.85113,2.37674
around,2.625,lqi,0,4,13.928,8,7,183,0.213107,0.213107,5.7117,0.17724,2.60562,2.85671,2.15049
around,2.625,lqi,0,5,12.1614,8,16,174,0.205983,0.201599,5.57963,0.15444,2.1774,2.13133,1.71102
around,2.625,lqi,0,6,16.3343,7,6,184,0.209271,0.209271,5.28213,0.186791,3.20498,4.76495,2.4769
around,2.625,lqi,0,7,15.2804,13,15,175,0.200503,0.202147,6.5964,0.225659,2.89926,2.96626,2.19019
around,2.625,lqi,0,8,14.9153,7,7,183,0.208175,0.209819,5.4016,0.21477,3.0299,3.37833,2.47269
around,2.625,lqi,0,9,12.2026,4,4,186,0.208175,0.213655,4.88612,0.179358,2.19596,2.54086,1.97845
around,2.625,lqi,0,10,12.3184,9,22,168,0.205983,0.209819,5.88426,0.234913,1.90206,2.02878,1.85262
around,2.625,lqi,0,11,13.0689,5,19,171,0.214751,0.224615,5.20664,0.192832,2.74587,2.69919,1.785
around,2.625,lqi,0,12,13.6499,9,9,181,0.226807,0.238863,6.26895,0.21135,2.25434,2.48874,1.96085
around,2.625,lqi,0,13,13.4497,6,14,176,0.211463,0.215299,5.29425,0.169327,2.78782,2.44738,2.32412
around,2.625,lqi,0,14,14.4221,8,8,182,0.211463,0.212559,5.80486,0.228107,2.75169,2.9154,2.29803
around,2.625,lqi,0,15,15.4565,11,10,180,0.191187,0.190639,5.94879,0.298978,3.22936,2.77221,2.82529
around,2.625,lqi,0,16,14.9031,10,26,164,0.209819,0.211463,6.14066,0.223781,3.11023,2.64223,2.36489
around,2.625,lqi,0,17,14.466,5,5,185,0.237219,0.236123,5.5042,0.163791,3.67649,2.51236,2.13579
around,2.625,lqi,0,18,12.3335,7,21,169,0.219683,0.219135,5.70848,0.187297,2.00817,2.16806,1.82273
around,2.625,lqi,0,19,13.5865,8,15,175,0.220779,0.216943,5.8909,0.151158,2.5481,2.54857,2.01003
around,2.625,leo,0,0,18.5152,12,12,178,0.220779,0.227903,8.17808,0.290809,3.41053,3.61558,2.5715
around,2.625,leo,0,1,13.9061,10,24,166,0.209819,0.209271,6.81574,0.284367,2.40724,1.93765,2.04197
around,2.625,leo,0,2,14.7219,9,13,177,0.204887,0.195571,6.87813,0.307469,2.63525,2.52759,1.97297
around,2.625,leo,0,3,13.6718,9,26,164,0.211463,0.208723,6.43198,0.245577,2.44246,2.33654,1.795
around,2.625,leo,0,4,14.1125,5,5,185,0.213107,0.213107,5.57431,0.13807,2.59631,3.14813,2.22946
around,2.625,leo,0,5,13.1433,6,6,184,0.205983,0.201599,5.47361,0.140079,2.38901,2.81323,1.91977
around,2.625,leo,0,6,17.5712,10,16,174,0.209271,0.209271,7.18275,0.255774,3.19236,4.22328,2.29849
around,2.625,leo,0,7,13.8142,9,30,160,0.200503,0.202147,6.39561,0.183184,2.49045,2.56291,1.77941
around,2.625,leo,0,8,15.328,8,11,179,0.208723,0.211463,6.42851,0.23995,2.76362,3.11098,2.36473
around,2.625,leo,0,9,12.9106,2,2,188,0.212011,0.212559,4.53959,0.12844,2.68182,3.08637,2.04981
around,2.625,leo,0,10,14.8004,11,25,165,0.205983,0.209819,7.1183,0.222086,2.22426,2.72416,2.0958
around,2.625,leo,0,11,14.5685,4,4,186,0.214751,0.224615,5.4031,0.17296,3.12878,3.22927,2.19501
around,2.625,leo,0,12,14.5901,8,8,182,0.226807,0.238863,6.86625,0.176978,2.48144,2.77845,1.82128
around,2.625,leo,0,13,14.0868,10,22,168,0.212559,0.214203,7.24931,0.357266,1.99268,2.27123,1.78957
around,2.625,leo,0,14,15.1945,7,14,176,0.210367,0.211463,6.25443,0.190495,2.94789,3.19661,2.18324
around,2.625,leo,0,15,15.7477,7,15,175,0.192283,0.188995,5.77287,0.276757,3.9984,3.08737,2.23103
around,2.625,leo,0,16,15.6454,10,17,173,0.209819,0.211463,7.17912,0.279093,2.52175,3.05316,2.19098
around,2.625,leo,0,17,13.6256,4,4,186,0.237219,0.236123,5.41584,0.178888,2.666,2.89811,1.99343
around,2.625,leo,0,18,13.8716,9,23,167,0.219683,0.219135,6.96752,0.222953,2.11001,2.36778,1.76454
around,2.625,leo,0,19,14.9554,10,18,172,0.218587,0.218587,7.00872,0.21235,2.51464,2.86019,1.92231
around,2.625,lqi-literal,0,0,17.8155,15,18,172,0.220779,0.227903,7.39087,0.361058,3.55383,3.72128,2.33982
around,2.625,lqi-literal,0,1,13.5139,8,14,176,0.209819,0.209271,5.57306,0.294953,2.58522,2.35071,2.29091
around,2.625,lqi-literal,0,2,13.5111,12,17,173,0.204887,0.195571,6.41781,0.31399,2.03241,2.50953,1.8369
around,2.625,lqi-literal,0,3,13.9514,6,13,177,0.211463,0.208723,5.25041,0.228927,2.77021,3.14238,2.13926
around,2.625,lqi-literal,0,4,14.1623,11,11,179,0.213107,0.213107,6.34171,0.281396,2.41978,2.72075,1.97241
around,2.625,lqi-literal,0,5,12.5117,7,17,173,0.205983,0.201599,5.3457,0.171229,2.28241,2.70233,1.60247
around,2.625,lqi-literal,0,6,16.022,8,11,179,0.209271,0.209271,5.46072,0.219006,3.34697,4.194,2.38274
around,2.625,lqi-literal,0,7,15.0008,12,17,173,0.200503,0.202147,6.3537,0.287916,2.80572,3.0565,2.09429
around,2.625,lqi-literal,0,8,15.3169,8,7,183,0.208723,0.211463,5.62512,0.234977,2.92446,3.63304,2.47915
around,2.625,lqi-literal,0,9,12.634,4,9,181,0.212011,0.212559,4.84612,0.156902,2.51818,2.9015,1.78676
around,2.625,lqi-literal,0,10,12.6306,13,46,144,0.205983,0.209819,6.72792,0.275968,1.77615,1.95277,1.48197
around,2.625,lqi-literal,0,11,14.8164,8,7,183,0.214751,0.224615,5.81144,0.237098,3.23107,3.18648,1.91093
around,2.625,lqi-literal,0,12,13.6955,9,14,176,0.226807,0.238863,6.21854,0.22991,2.29086,2.77452,1.71597
around,2.625,lqi-literal,0,13,14.0977,10,10,180,0.212559,0.214203,6.19546,0.307389,2.41003,2.67139,2.0867
around,2.625,lqi-literal,0,14,14.8633,5,3,187,0.210367,0.211463,5.1754,0.212577,3.1831,3.6461,2.22429
around,2.625,lqi-literal,0,15,15.3443,10,9,181,0.192283,0.188995,5.73623,0.300932,3.53052,3.00561,2.38968
around,2.625,lqi-literal,0,16,14.6467,13,19,171,0.209819,0.211463,6.78162,0.293469,2.48831,2.58256,2.07943
around,2.625,lqi-literal,0,17,13.5778,7,7,183,0.237219,0.236123,5.9085,0.178339,2.60828,2.50122,1.90815
around,2.625,lqi-literal,0,18,13.3817,7,7,183,0.219683,0.219135,5.6334,0.222721,2.4329,2.5756,2.07828
around,2.625,lqi-literal,0,19,14.1101,4,5,185,0.218587,0.218587,5.08614,0.154272,3.00502,3.10359,2.32388
around,3,hopcount,0,0,16.7339,29,65,125,0.173103,0.170911,7.56886,0.660539,3.05633,2.9927,2.11152
around,3,hopcount,0,1,14.2356,20,43,147,0.156115,0.155019,5.89092,0.466819,2.72967,2.76873,2.0683
around,3,hopcount,0,2,15.3164,22,22,168,0.142415,0.140771,6.23194,0.557727,3.13793,2.8276,2.278
around,3,hopcount,0,3,15.5542,23,50,140,0.164883,0.154471,6.58315,0.604717,3.14447,2.87247,2.03009
around,3,hopcount,0,4,14.5828,22,40,150,0.156663,0.153923,6.24783,0.539006,2.78215,2.56206,2.14119
around,3,hopcount,0,5,14.0804,18,31,159,0.141867,0.139675,5.59252,0.464105,2.9167,2.69467,2.13086
around,3,hopcount,0,6,17.2376,35,63,127,0.143511,0.144059,7.83939,0.685707,3.22223,3.06008,2.14263
around,3,hopcount,0,7,13.4117,15,49,141,0.140771,0.144607,4.99467,0.352789,2.81778,3.12672,1.8344
around,3,hopcount,0,8,16.0889,27,53,137,0.146799,0.146251,7.10188,0.680898,3.24399,2.75304,2.01602
around,3,hopcount,0,9,15.9753,16,17,173,0.155019,0.155567,5.39009,0.427174,3.70121,3.64862,2.49762
around,3,hopcount,0,10,12.6597,24,73,117,0.150635,0.147347,6.40608,0.539766,2.04849,1.95239,1.41499
around,3,hopcount,0,11,14.5963,23,54,136,0.169267,0.165979,6.45546,0.560237,2.9628,2.33919,1.94334
around,3,hopcount,0,12,15.6415,21,28,162,0.176939,0.184063,6.67627,0.457841,2.88224,3.0966,2.16756
around,3,hopcount,0,13,18.0396,24,31,159,0.157211,0.151731,6.6609,0.678701,3.94223,3.91146,2.53734
around,3,hopcount,0,14,16.5024,27,41,149,0.148443,0.155019,7.3801,0.671784,3.19677,2.72476,2.22555
around,3,hopcount,0,15,16.0484,32,60,130,0.130359,0.136387,7.38926,0.840338,2.87825,2.54559,2.12822
around,3,hopcount,0,16,16.8933,21,34,156,0.157211,0.153375,6.21852,0.613052,3.76081,3.29628,2.69401
around,3,hopcount,0,17,16.928,23,32,158,0.193927,0.197215,7.21975,0.445475,3.40468,3.11634,2.35057
around,3,hopcount,0,18,15.1292,22,36,154,0.170363,0.169267,6.81029,0.488115,3.00325,2.49923,1.98868
around,3,hopcount,0,19,11.7461,16,81,109,0.178583,0.180227,5.83776,0.381171,2.05866,1.80959,1.30009
around,3,lqi,0,0,17.4563,30,45,145,0.173103,0.170911,7.73151,0.764854,3.22051,2.89053,2.50487
around,3,lqi,0,1,14.7385,20,26,164,0.156663,0.155567,5.90845,0.44273,2.9275,2.62727,2.52037
around,3,lqi,0,2,15.5739,17,20,170,0.142415,0.140771,5.44534,0.400914,3.77497,3.06817,2.6013
around,3,lqi,0,3,16.0039,16,15,175,0.164883,0.156663,5.41678,0.519513,3.38169,3.43031,2.93402
around,3,lqi,0,4,14.2039,21,38,152,0.156115,0.153375,6.04404,0.495062,2.90459,2.29355,2.15712
around,3,lqi,0,5,13.8353,19,35,155,0.142963,0.140223,5.73695,0.39134,2.89301,2.23061,2.30015
around,3,lqi,0,6,18.3702,33,40,150,0.143511,0.145703,7.45303,0.659076,3.85503,3.22718,2.88666
around,3,lqi,0,7,17.0911,29,35,155,0.140771,0.144607,7.15491,0.672181,3.24873,3.15645,2.57343
around,3,lqi,0,8,15.5325,22,54,136,0.145703,0.145703,6.31326,0.559443,3.1518,2.76949,2.44708
around,3,lqi,0,9,15.014,16,22,168,0.155019,0.155019,5.42243,0.342691,3.1434,3.36413,2.43127
around,3,lqi,0,10,15.4349,18,26,164,0.151183,0.148443,5.57991,0.446718,3.18841,3.34091,2.57934
around,3,lqi,0,11,14.6999,25,52,138,0.169267,0.165979,6.82725,0.580189,2.44968,2.53436,1.97323
around,3,lqi,0,12,15.9991,20,21,169,0.178035,0.184063,6.54957,0.377122,3.04073,3.13295,2.53663
around,3,lqi,0,13,15.6778,25,41,149,0.157759,0.152279,6.79054,0.485224,3.23675,2.62611,2.22911
around,3,lqi,0,14,16.8531,22,29,161,0.148443,0.153375,6.51382,0.52679,3.54587,3.12429,2.8405
around,3,lqi,0,15,16.9076,31,59,131,0.129263,0.136935,7.1743,0.737078,3.3634,2.79112,2.57551
around,3,lqi,0,16,12.342,16,57,133,0.156663,0.152827,5.22479,0.392545,2.71598,1.91779,1.7814
around,3,lqi,0,17,15.2875,21,48,142,0.195023,0.195571,6.88434,0.426468,2.7333,2.87287,1.97989
around,3,lqi,0,18,14.8608,15,31,159,0.169815,0.167623,5.55637,0.316096,3.14585,3.1748,2.33027
around,3,lqi,0,19,17.1321,23,33,157,0.178583,0.180227,6.7676,0.510177,3.41687,3.37276,2.70589
around,3,leo,0,0,19.6053,25,46,144,0.173103,0.170911,9.37512,0.577832,3.45902,3.36931,2.47997
around,3,leo,0,1,15.8651,23,37,153,0.156115,0.155019,7.8179,0.522873,2.56009,2.49526,2.1578
around,3,leo,0,2,15.8676,20,30,160,0.142415,0.140771,7.67377,0.570607,2.74562,2.4627,2.13168
around,3,leo,0,3,17.6753,23,42,148,0.164883,0.154471,8.34363,0.677737,2.9998,2.9767,2.35806
around,3,leo,0,4,17.0735,24,46,144,0.156663,0.153923,8.51908,0.522589,2.85714,2.66837,2.19571
around,3,leo,0,5,14.0945,20,57,133,0.141867,0.139675,7.05014,0.43231,2.26405,2.26367,1.80279
around,3,leo,0,6,18.5356,29,67,123,0.143511,0.143511,8.75201,0.672922,3.33842,3.1517,2.33357
around,3,leo,0,7,18.2872,22,40,150,0.140771,0.144607,7.9249,0.51537,3.44972,3.63116,2.48062
around,3,leo,0,8,18.3752,23,43,147,0.146799,0.146251,8.64692,0.616888,3.25327,3.21061,2.35447
around,3,leo,0,9,16.2454,17,33,157,0.155019,0.155567,7.27769,0.477135,3.0208,2.99225,2.16698
around,3,leo,0,10,14.663,18,42,148,0.150635,0.147347,7.08056,0.444923,2.61798,2.25888,1.96262
around,3,leo,0,11,17.8948,25,37,153,0.169267,0.165979,8.64028,0.592189,2.95355,3.14388,2.22963
around,3,leo,0,12,15.7267,17,39,151,0.176939,0.184063,7.26291,0.372174,2.53407,3.14859,2.04795
around,3,leo,0,13,17.6231,23,39,151,0.157211,0.151731,8.12396,0.651605,3.06098,3.05123,2.42634
around,3,leo,0,14,13.9684,22,84,106,0.148443,0.155019,7.82537,0.529787,2.19253,1.66651,1.45074
around,3,leo,0,15,18.9812,32,60,130,0.130359,0.136387,10.1665,0.780968,2.89026,2.78923,2.08749
around,3,leo,0,16,15.4683,20,55,135,0.157211,0.153375,7.64292,0.60633,2.67017,2.34703,1.89128
around,3,leo,0,17,16.295,24,64,126,0.193927,0.197215,9.24744,0.477161,2.29947,2.15725,1.7225
around,3,leo,0,18,17.9963,21,33,157,0.170363,0.169267,8.60629,0.519308,2.95391,3.26824,2.30888
around,3,leo,0,19,17.4344,20,51,139,0.178583,0.180227,8.15673,0.50534,3.26401,3.13802,2.01152
around,3,lqi-literal,0,0,16.7339,29,65,125,0.173103,0.170911,7.56886,0.660539,3.05633,2.9927,2.11152
around,3,lqi-literal,0,1,14.8158,19,34,156,0.156115,0.155019,5.79926,0.495455,3.37842,2.52598,2.30553
around,3,lqi-literal,0,2,15.3164,22,22,168,0.142415,0.140771,6.23194,0.557727,3.13793,2.8276,2.278
around,3,lqi-literal,0,3,15.5542,23,50,140,0.164883,0.154471,6.58315,0.604717,3.14447,2.87247,2.03009
around,3,lqi-literal,0,4,14.5828,22,40,150,0.156663,0.153923,6.24783,0.539006,2.78215,2.56206,2.14119
around,3,lqi-literal,0,5,14.0804,18,31,159,0.141867,0.139675,5.59252,0.464105,2.9167,2.69467,2.13086
around,3,lqi-literal,0,6,17.2376,35,63,127,0.143511,0.144059,7.83939,0.685707,3.22223,3.06008,2.14263
around,3,lqi-literal,0,7,14.4111,16,42,148,0.140771,0.144607,5.15682,0.365902,3.16172,3.39061,2.05071
around,3,lqi-literal,0,8,14.6824,22,58,132,0.146799,0.146251,6.29753,0.578649,3.10857,2.50159,1.90305
around,3,lqi-literal,0,9,15.9753,16,17,173,0.155019,0.155567,5.39009,0.427174,3.70121,3.64862,2.49762
around,3,lqi-literal,0,10,12.6597,24,73,117,0.150635,0.147347,6.40608,0.539766,2.04849,1.95239,1.41499
around,3,lqi-literal,0,11,14.5963,23,54,136,0.169267,0.165979,6.45546,0.560237,2.9628,2.33919,1.94334
around,3,lqi-literal,0,12,15.6415,21,28,162,0.176939,0.184063,6.67627,0.457841,2.88224,3.0966,2.16756
around,3,lqi-literal,0,13,18.0396,24,31,159,0.157211,0.151731,6.6609,0.678701,3.94223,3.91146,2.53734
around,3,lqi-literal,0,14,16.5024,27,41,149,0.148443,0.155019,7.3801,0.671784,3.19677,2.72476,2.22555
around,3,lqi-literal,0,15,16.0484,32,60,130,0.130359,0.136387,7.38926,0.840338,2.87825,2.54559,2.12822
around,3,lqi-literal,0,16,16.8933,21,34,156,0.157211,0.153375,6.21852,0.613052,3.76081,3.29628,2.69401
around,3,lqi-literal,0,17,16.928,23,32,158,0.193927,0.197215,7.21975,0.445475,3.40468,3.11634,2.35057
around,3,lqi-literal,0,18,15.1292,22,36,154,0.170363,0.169267,6.81029,0.488115,3.00325,2.49923,1.98868
around,3,lqi-literal,0,19,11.7461,16,81,109,0.178583,0.180227,5.83776,0.381171,2.05866,1.80959,1.30009
one-side,2,hopcount,0,0,12.3862,12,12,178,0.252015,0.253659,7.90563,0.293967,1.25377,1.25999,1.16721
one-side,2,hopcount,0,1,8.97174,0,0,190,0.257495,0.252015,4.83542,0.0835706,1.19538,1.29707,1.05079
one-side,2,hopcount,0,2,8.64504,0,0,190,0.255303,0.254207,4.84254,0.0910339,1.10699,1.15362,0.941343
one-side,2,hopcount,0,3,9.28543,0,0,190,0.258043,0.253111,4.84802,0.0880173,1.28094,1.4224,1.13489
one-side,2,hopcount,0,4,11.726,10,10,180,0.255303,0.254755,7.40325,0.258158,1.24197,1.24376,1.06886
one-side,2,hopcount,0,5,8.5509,0,0,190,0.259139,0.254755,4.86994,0.0801129,1.00846,1.13129,0.947203
one-side,2,hopcount,0,6,10.1616,5,5,185,0.254207,0.252015,6.13933,0.186814,1.12979,1.16684,1.03259
one-side,2,hopcount,0,7,8.84742,0,0,190,0.252563,0.253659,4.85843,0.0827417,1.09833,1.25369,1.04801
one-side,2,hopcount,0,8,8.6905,0,0,190,0.250919,0.257495,4.85241,0.0841186,1.1169,1.14238,0.986286
one-side,2,hopcount,0,9,8.20792,0,0,190,0.253659,0.252563,4.84693,0.0761073,0.912869,1.02114,0.844665
one-side,2,hopcount,0,10,8.74434,0,0,190,0.255303,0.252563,4.85186,0.0801129,1.13009,1.19849,0.975918
one-side,2,hopcount,0,11,9.24632,1,1,189,0.256947,0.254207,5.11045,0.0891115,1.18777,1.29359,1.05425
one-side,2,hopcount,0,12,9.75768,5,5,185,0.254755,0.257495,6.15851,0.16595,0.921269,1.07747,0.922227
one-side,2,hopcount,0,13,9.64787,1,1,189,0.254207,0.253111,5.09237,0.0910339,1.3966,1.3562,1.20435
one-side,2,hopcount,0,14,9.01953,0,0,190,0.255851,0.254207,4.84528,0.0876172,1.13847,1.28747,1.15063
one-side,2,hopcount,0,15,9.35235,2,2,188,0.254207,0.255303,5.3515,0.10773,1.13023,1.23425,1.01912
one-side,2,hopcount,0,16,10.6123,7,7,183,0.253111,0.255851,6.6472,0.194633,1.05289,1.18914,1.01949
one-side,2,hopcount,0,17,9.09198,1,1,189,0.254755,0.256399,5.13073,0.105659,1.08481,1.24259,1.01704
one-side,2,hopcount,0,18,8.91369,0,0,190,0.258043,0.250919,4.86501,0.093123,1.15451,1.25545,1.03664
one-side,2,hopcount,0,19,9.7496,3,3,187,0.258591,0.253659,5.62544,0.108865,1.2205,1.19335,1.08919
one-side,2,lqi,0,0,10.2205,2,2,188,0.252015,0.253659,5.35479,0.117236,1.41002,1.51226,1.32054
one-side,2,lqi,0,1,8.97174,0,0,190,0.257495,0.252015,4.83542,0.0835706,1.19538,1.29707,1.05079
one-side,2,lqi,0,2,8.64504,0,0,190,0.255303,0.254207,4.84254,0.0910339,1.10699,1.15362,0.941343
one-side,2,lqi,0,3,9.28543,0,0,190,0.258043,0.253111,4.84802,0.0880173,1.28094,1.4224,1.13489
one-side,2,lqi,0,4,9.94142,3,3,187,0.255303,0.254755,5.61612,0.117505,1.2235,1.325,1.14923
one-side,2,lqi,0,5,8.5509,0,0,190,0.259139,0.254755,4.86994,0.0801129,1.00846,1.13129,0.947203
one-side,2,lqi,0,6,9.56369,2,2,188,0.254207,0.252015,5.37233,0.116424,1.19458,1.24482,1.12931
one-side,2,lqi,0,7,8.84742,0,0,190,0.252563,0.253659,4.85843,0.0827417,1.09833,1.25369,1.04801
one-side,2,lqi,0,8,8.47457,0,0,190,0.250919,0.257495,4.85241,0.0810033,1.02221,1.09805,0.91249
one-side,2,lqi,0,9,8.20792,0,0,190,0.253659,0.252563,4.84693,0.0761073,0.912869,1.02114,0.844665
one-side,2,lqi,0,10,8.74434,0,0,190,0.255303,0.252563,4.85186,0.0801129,1.13009,1.19849,0.975918
one-side,2,lqi,0,11,9.24632,1,1,189,0.256947,0.254207,5.11045,0.0891115,1.18777,1.29359,1.05425
one-side,2,lqi,0,12,8.88076,2,2,188,0.254755,0.257495,5.38493,0.105355,0.949926,1.02747,0.900824
one-side,2,lqi,0,13,9.64787,1,1,189,0.254207,0.253111,5.09237,0.0910339,1.3966,1.3562,1.20435
one-side,2,lqi,0,14,9.01953,0,0,190,0.255851,0.254207,4.84528,0.0876172,1.13847,1.28747,1.15063
one-side,2,lqi,0,15,9.35235,2,2,188,0.254207,0.255303,5.3515,0.10773,1.13023,1.23425,1.01912
one-side,2,lqi,0,16,9.88347,4,4,186,0.253111,0.255851,5.88403,0.133723,1.09118,1.24523,1.02035
one-side,2,lqi,0,17,9.09198,1,1,189,0.254755,0.256399,5.13073,0.105659,1.08481,1.24259,1.01704
one-side,2,lqi,0,18,8.91369,0,0,190,0.258043,0.250919,4.86501,0.093123,1.15451,1.25545,1.03664
one-side,2,lqi,0,19,9.7496,3,3,187,0.258591,0.253659,5.62544,0.108865,1.2205,1.19335,1.08919
one-side,2,leo,0,0,10.9288,4,4,186,0.252015,0.253659,5.9654,0.14078,1.41769,1.49517,1.40414
one-side,2,leo,0,1,8.97174,0,0,190,0.257495,0.252015,4.83542,0.0835706,1.19538,1.29707,1.05079
one-side,2,leo,0,2,8.64504,0,0,190,0.255303,0.254207,4.84254,0.0910339,1.10699,1.15362,0.941343
one-side,2,leo,0,3,9.28543,0,0,190,0.258043,0.253111,4.84802,0.0880173,1.28094,1.4224,1.13489
one-side,2,leo,0,4,10.4863,4,4,186,0.255303,0.254755,6.07016,0.133703,1.25887,1.33109,1.18247
one-side,2,leo,0,5,8.5509,0,0,190,0.259139,0.254755,4.86994,0.0801129,1.00846,1.13129,0.947203
one-side,2,leo,0,6,9.57444,2,2,188,0.254207,0.252015,5.38455,0.112015,1.20263,1.25428,1.11473
one-side,2,leo,0,7,8.84742,0,0,190,0.252563,0.253659,4.85843,0.0827417,1.09833,1.25369,1.04801
one-side,2,leo,0,8,8.6905,0,0,190,0.250919,0.257495,4.85241,0.0841186,1.1169,1.14238,0.986286
one-side,2,leo,0,9,8.20792,0,0,190,0.253659,0.252563,4.84693,0.0761073,0.912869,1.02114,0.844665
one-side,2,leo,0,10,8.74434,0,0,190,0.255303,0.252563,4.85186,0.0801129,1.13009,1.19849,0.975918
one-side,2,leo,0,11,9.24632,1,1,189,0.256947,0.254207,5.11045,0.0891115,1.18777,1.29359,1.05425
one-side,2,leo,0,12,8.88153,2,2,188,0.254755,0.257495,5.38493,0.104857,0.950071,1.02776,0.901661
one-side,2,leo,0,13,9.64787,1,1,189,0.254207,0.253111,5.09237,0.0910339,1.3966,1.3562,1.20435
one-side,2,leo,0,14,9.01953,0,0,190,0.255851,0.254207,4.84528,0.0876172,1.13847,1.28747,1.15063
one-side,2,leo,0,15,9.62953,2,2,188,0.254207,0.255303,5.37705,0.0937316,1.19311,1.34523,1.1109
one-side,2,leo,0,16,10.3695,4,4,186,0.253111,0.255851,6.03605,0.133601,1.16509,1.36141,1.16436
one-side,2,leo,0,17,9.09198,1,1,189,0.254755,0.256399,5.13073,0.105659,1.08481,1.24259,1.01704
one-side,2,leo,0,18,8.91369,0,0,190,0.258043,0.250919,4.86501,0.093123,1.15451,1.25545,1.03664
one-side,2,leo,0,19,9.40354,1,1,189,0.258591,0.253659,5.1287,0.100393,1.26486,1.206,1.19133
one-side,2,lqi-literal,0,0,12.3862,12,12,178,0.252015,0.253659,7.90563,0.293967,1.25377,1.25999,1.16721
one-side,2,lqi-literal,0,1,8.97174,0,0,190,0.257495,0.252015,4.83542,0.0835706,1.19538,1.29707,1.05079
one-side,2,lqi-literal,0,2,8.64504,0,0,190,0.255303,0.254207,4.84254,0.0910339,1.10699,1.15362,0.941343
one-side,2,lqi-literal,0,3,9.28543,0,0,190,0.258043,0.253111,4.84802,0.0880173,1.28094,1.4224,1.13489
one-side,2,lqi-literal,0,4,11.726,10,10,180,0.255303,0.254755,7.40325,0.258158,1.24197,1.24376,1.06886
one-side,2,lqi-literal,0,5,8.5509,0,0,190,0.259139,0.254755,4.86994,0.0801129,1.00846,1.13129,0.947203
one-side,2,lqi-literal,0,6,10.1616,5,5,185,0.254207,0.252015,6.13933,0.186814,1.12979,1.16684,1.03259
one-side,2,lqi-literal,0,7,8.84742,0,0,190,0.252563,0.253659,4.85843,0.0827417,1.09833,1.25369,1.04801
one-side,2,lqi-literal,0,8,8.6905,0,0,190,0.250919,0.257495,4.85241,0.0841186,1.1169,1.14238,0.986286
one-side,2,lqi-literal,0,9,8.20792,0,0,190,0.253659,0.252563,4.84693,0.0761073,0.912869,1.02114,0.844665
one-side,2,lqi-literal,0,10,8.74434,0,0,190,0.255303,0.252563,4.85186,0.0801129,1.13009,1.19849,0.975918
one-side,2,lqi-literal,0,11,9.24632,1,1,189,0.256947,0.254207,5.11045,0.0891115,1.18777,1.29359,1.05425
one-side,2,lqi-literal,0,12,9.75768,5,5,185,0.254755,0.257495,6.15851,0.16595,0.921269,1.07747,0.922227
one-side,2,lqi-literal,0,13,9.64787,1,1,189,0.254207,0.253111,5.09237,0.0910339,1.3966,1.3562,1.20435
one-side,2,lqi-literal,0,14,9.01953,0,0,190,0.255851,0.254207,4.84528,0.0876172,1.13847,1.28747,1.15063
one-side,2,lqi-literal,0,15,9.35235,2,2,188,0.254207,0.255303,5.3515,0.10773,1.13023,1.23425,1.01912
one-side,2,lqi-literal,0,16,10.6123,7,7,183,0.253111,0.255851,6.6472,0.194633,1.05289,1.18914,1.01949
one-side,2,lqi-literal,0,17,9.09198,1,1,189,0.254755,0.256399,5.13073,0.105659,1.08481,1.24259,1.01704
one-side,2,lqi-literal,0,18,8.91369,0,0,190,0.258043,0.250919,4.86501,0.093123,1.15451,1.25545,1.03664
one-side,2,lqi-literal,0,19,9.7496,3,3,187,0.258591,0.253659,5.62544,0.108865,1.2205,1.19335,1.08919
one-side,2.25,hopcount,0,0,12.2787,8,8,182,0.240507,0.248727,6.68495,0.237209,1.65967,1.76375,1.44391
one-side,2.25,hopcount,0,1,10.3118,0,0,190,0.253111,0.252015,4.74335,0.102503,1.67418,1.84234,1.44427
one-side,2.25,hopcount,0,2,9.99729,0,0,190,0.245439,0.244343,4.6754,0.116442,1.61748,1.6822,1.41598
one-side,2.25,hopcount,0,3,11.6684,5,5,185,0.252015,0.245987,5.97493,0.186079,1.72471,1.75588,1.52878
one-side,2.25,hopcount,0,4,12.9438,11,11,179,0.248727,0.250371,7.50621,0.298949,1.66771,1.7413,1.23052
one-side,2.25,hopcount,0,5,9.57467,0,0,190,0.253111,0.250371,4.75651,0.0761073,1.41993,1.57623,1.24241
one-side,2.25,hopcount,0,6,12.0603,5,5,185,0.253659,0.251467,6.05549,0.189531,1.74638,1.96775,1.59604
one-side,2.25,hopcount,0,7,9.7122,0,0,190,0.248727,0.247631,4.73404,0.0835706,1.46456,1.65429,1.27938
one-side,2.25,hopcount,0,8,9.87505,0,0,190,0.251467,0.254207,4.75979,0.0875762,1.55852,1.63893,1.32456
one-side,2.25,hopcount,0,9,9.20242,0,0,190,0.243795,0.247631,4.68472,0.0801129,1.37881,1.42209,1.14526
one-side,2.25,hopcount,0,10,10.4616,0,0,190,0.242699,0.245987,4.68033,0.117294,1.70142,1.87641,1.59743
one-side,2.25,hopcount,0,11,11.5352,6,6,184,0.247631,0.251467,6.28065,0.190907,1.57962,1.68557,1.29936
one-side,2.25,hopcount,0,12,10.6837,5,5,185,0.250371,0.254207,6.07303,0.17861,1.32874,1.40848,1.19028
one-side,2.25,hopcount,0,13,11.5751,3,3,187,0.250371,0.244891,5.44515,0.127085,1.90602,1.93294,1.66862
one-side,2.25,hopcount,0,14,10.5218,0,0,190,0.252563,0.250919,4.7587,0.0908139,1.73029,1.85828,1.58021
one-side,2.25,hopcount,0,15,11.6531,6,6,184,0.247083,0.246535,6.16557,0.171938,1.68032,1.72403,1.41761
one-side,2.25,hopcount,0,16,12.6807,11,11,179,0.247083,0.249275,7.49579,0.262608,1.39964,1.80315,1.22311
one-side,2.25,hopcount,0,17,10.7063,3,3,187,0.247083,0.250919,5.50543,0.146017,1.53766,1.66359,1.35557
one-side,2.25,hopcount,0,18,11.6697,4,4,186,0.256399,0.247083,5.79745,0.153747,2.04287,1.6332,1.53896
one-side,2.25,hopcount,0,19,10.9225,1,1,189,0.255851,0.250919,5.02715,0.0938534,1.88866,1.84359,1.56249
one-side,2.25,lqi,0,0,11.6277,4,4,186,0.240507,0.248727,5.68949,0.15228,1.83628,1.88019,1.58021
one-side,2.25,lqi,0,1,10.5256,0,0,190,0.253111,0.252015,4.74335,0.107604,1.75796,1.86755,1.54396
one-side,2.25,lqi,0,2,10.4565,1,1,189,0.245439,0.244343,4.92358,0.134406,1.57763,1.81462,1.51644
one-side,2.25,lqi,0,3,11.6195,3,3,187,0.252015,0.245987,5.48406,0.119936,1.90229,2.00558,1.60959
one-side,2.25,lqi,0,4,11.3282,4,4,186,0.248727,0.250371,5.74868,0.135876,1.6732,1.77507,1.49632
one-side,2.25,lqi,0,5,9.57467,0,0,190,0.253111,0.250371,4.75651,0.0761073,1.41993,1.57623,1.24241
one-side,2.25,lqi,0,6,11.3742,2,2,188,0.253659,0.251467,5.30438,0.122348,1.85076,1.94744,1.64417
one-side,2.25,lqi,0,7,9.7122,0,0,190,0.248727,0.247631,4.73404,0.0835706,1.46456,1.65429,1.27938
one-side,2.25,lqi,0,8,9.92686,1,1,189,0.251467,0.254207,5.00578,0.0955875,1.45406,1.57575,1.29001
one-side,2.25,lqi,0,9,9.20242,0,0,190,0.243795,0.247631,4.68472,0.0801129,1.37881,1.42209,1.14526
one-side,2.25,lqi,0,10,11.0377,0,0,190,0.242699,0.245987,4.68033,0.124971,1.91091,1.97409,1.85873
one-side,2.25,lqi,0,11,10.5654,2,8,182,0.247631,0.251467,5.26766,0.113095,1.63249,1.69167,1.36135
one-side,2.25,lqi,0,12,10.5877,4,4,186,0.250371,0.254207,5.82266,0.132949,1.2625,1.55681,1.3082
one-side,2.25,lqi,0,13,11.3124,2,2,188,0.250371,0.244891,5.20245,0.109734,1.81837,1.99677,1.68986
one-side,2.25,lqi,0,14,10.6284,0,0,190,0.252563,0.250919,4.7587,0.104862,1.77926,1.87339,1.60872
one-side,2.25,lqi,0,15,10.8699,2,2,188,0.247083,0.246535,5.1597,0.113292,1.63293,1.85915,1.61116
one-side,2.25,lqi,0,16,10.8913,3,3,187,0.247083,0.249275,5.50707,0.114204,1.59393,1.76682,1.4129
one-side,2.25,lqi,0,17,10.3529,2,8,182,0.247083,0.250919,5.25725,0.111225,1.54435,1.63237,1.30969
one-side,2.25,lqi,0,18,11.7949,4,4,186,0.256399,0.247083,5.79635,0.137279,2.10974,1.66272,1.58535
one-side,2.25,lqi,0,19,10.9225,1,1,189,0.255851,0.250919,5.02715,0.0938534,1.88866,1.84359,1.56249
one-side,2.25,leo,0,0,11.9008,4,4,186,0.240507,0.248727,5.78784,0.141991,1.76555,2.07643,1.63975
one-side,2.25,leo,0,1,10.3118,0,0,190,0.253111,0.252015,4.74335,0.102503,1.67418,1.84234,1.44427
one-side,2.25,leo,0,2,9.99729,0,0,190,0.245439,0.244343,4.6754,0.116442,1.61748,1.6822,1.41598
one-side,2.25,leo,0,3,11.3765,2,2,188,0.252015,0.245987,5.24591,0.118812,1.94482,1.87554,1.69339
one-side,2.25,leo,0,4,11.7924,4,4,186,0.248727,0.250371,5.98008,0.14798,1.77785,1.89963,1.48778
one-side,2.25,leo,0,5,9.57467,0,0,190,0.253111,0.250371,4.75651,0.0761073,1.41993,1.57623,1.24241
one-side,2.25,leo,0,6,11.4555,2,2,188,0.253659,0.251467,5.3427,0.116338,1.83706,1.97085,1.68343
one-side,2.25,leo,0,7,9.7122,0,0,190,0.248727,0.247631,4.73404,0.0835706,1.46456,1.65429,1.27938
one-side,2.25,leo,0,8,9.87505,0,0,190,0.251467,0.254207,4.75979,0.0875762,1.55852,1.63893,1.32456
one-side,2.25,leo,0,9,9.20242,0,0,190,0.243795,0.247631,4.68472,0.0801129,1.37881,1.42209,1.14526
one-side,2.25,leo,0,10,10.4616,0,0,190,0.242699,0.245987,4.68033,0.117294,1.70142,1.87641,1.59743
one-side,2.25,leo,0,11,10.9525,3,9,181,0.247631,0.251467,5.66621,0.116143,1.59958,1.74553,1.32595
one-side,2.25,leo,0,12,10.7947,4,4,186,0.250371,0.254207,5.93142,0.128172,1.32186,1.64465,1.264
one-side,2.25,leo,0,13,11.0518,1,1,189,0.250371,0.244891,5.0092,0.109966,1.85048,1.98824,1.59862
one-side,2.25,leo,0,14,10.5218,0,0,190,0.252563,0.250919,4.7587,0.0908139,1.73029,1.85828,1.58021
one-side,2.25,leo,0,15,10.7322,3,11,179,0.247083,0.246535,5.5661,0.117866,1.59698,1.62713,1.3305
one-side,2.25,leo,0,16,10.9922,4,10,180,0.247083,0.249275,5.89741,0.122511,1.49569,1.68194,1.29825
one-side,2.25,leo,0,17,10.8272,4,10,180,0.247083,0.250919,5.88408,0.12827,1.40616,1.61165,1.29906
one-side,2.25,leo,0,18,11.1085,1,1,189,0.256399,0.247083,5.06037,0.109685,2.09446,1.79814,1.5424
one-side,2.25,leo,0,19,11.1488,1,1,189,0.255851,0.250919,5.15982,0.0978591,1.88694,1.90271,1.5947
one-side,2.25,lqi-literal,0,0,12.2787,8,8,182,0.240507,0.248727,6.68495,0.237209,1.65967,1.76375,1.44391
one-side,2.25,lqi-literal,0,1,10.3118,0,0,190,0.253111,0.252015,4.74335,0.102503,1.67418,1.84234,1.44427
one-side,2.25,lqi-literal,0,2,9.99729,0,0,190,0.245439,0.244343,4.6754,0.116442,1.61748,1.6822,1.41598
one-side,2.25,lqi-literal,0,3,11.6684,5,5,185,0.252015,0.245987,5.97493,0.186079,1.72471,1.75588,1.52878
one-side,2.25,lqi-literal,0,4,12.9438,11,11,179,0.248727,0.250371,7.50621,0.298949,1.66771,1.7413,1.23052
one-side,2.25,lqi-literal,0,5,9.57467,0,0,190,0.253111,0.250371,4.75651,0.0761073,1.41993,1.57623,1.24241
one-side,2.25,lqi-literal,0,6,12.0603,5,5,185,0.253659,0.251467,6.05549,0.189531,1.74638,1.96775,1.59604
one-side,2.25,lqi-literal,0,7,9.7122,0,0,190,0.248727,0.247631,4.73404,0.0835706,1.46456,1.65429,1.27938
one-side,2.25,lqi-literal,0,8,9.87505,0,0,190,0.251467,0.254207,4.75979,0.0875762,1.55852,1.63893,1.32456
one-side,2.25,lqi-literal,0,9,9.20242,0,0,190,0.243795,0.247631,4.68472,0.0801129,1.37881,1.42209,1.14526
one-side,2.25,lqi-literal,0,10,10.4616,0,0,190,0.242699,0.245987,4.68033,0.117294,1.70142,1.87641,1.59743
one-side,2.25,lqi-literal,0,11,11.5352,6,6,184,0.247631,0.251467,6.28065,0.190907,1.57962,1.68557,1.29936
one-side,2.25,lqi-literal,0,12,10.6837,5,5,185,0.250371,0.254207,6.07303,0.17861,1.32874,1.40848,1.19028
one-side,2.25,lqi-literal,0,13,11.5751,3,3,187,0.250371,0.244891,5.44515,0.127085,1.90602,1.93294,1.66862
one-side,2.25,lqi-literal,0,14,10.5218,0,0,190,0.252563,0.250919,4.7587,0.0908139,1.73029,1.85828,1.58021
one-side,2.25,lqi-literal,0,15,11.6531,6,6,184,0.247083,0.246535,6.16557,0.171938,1.68032,1.72403,1.41761
one-side,2.25,lqi-literal,0,16,12.6807,11,11,179,0.247083,0.249275,7.49579,0.262608,1.39964,1.80315,1.22311
one-side,2.25,lqi-literal,0,17,10.7063,3,3,187,0.247083,0.250919,5.50543,0.146017,1.53766,1.66359,1.35557
one-side,2.25,lqi-literal,0,18,11.6697,4,4,186,0.256399,0.247083,5.79745,0.153747,2.04287,1.6332,1.53896
one-side,2.25,lqi-literal,0,19,10.9225,1,1,189,0.255851,0.250919,5.02715,0.0938534,1.88866,1.84359,1.56249
one-side,2.5,hopcount,0,0,14.9222,13,13,177,0.209819,0.224067,7.08192,0.295725,2.59023,2.49578,2.02464
one-side,2.5,hopcount,0,1,12.7736,2,2,188,0.232287,0.229547,4.79474,0.205387,2.65529,2.51306,2.14328
one-side,2.5,hopcount,0,2,12.5286,3,3,187,0.216395,0.209271,4.8133,0.234405,2.40082,2.50008,2.15434
one-side,2.5,hopcount,0,3,14.312,10,17,173,0.231739,0.222971,6.51056,0.291053,2.58532,2.52417,1.94623
one-side,2.5,hopcount,0,4,15.5331,15,14,176,0.228451,0.229547,7.80406,0.314869,2.13943,2.8079,2.00884
one-side,2.5,hopcount,0,5,11.3248,2,1,189,0.239959,0.230643,4.86378,0.0850974,2.01484,2.31896,1.57148
one-side,2.5,hopcount,0,6,12.9225,3,3,187,0.237767,0.235575,5.20567,0.144373,2.35824,2.74898,1.99186
one-side,2.5,hopcount,0,7,12.3422,1,1,189,0.221327,0.221327,4.46765,0.111839,2.39279,3.16269,1.76453
one-side,2.5,hopcount,0,8,11.7406,1,1,189,0.230643,0.235027,4.63314,0.131138,2.04478,2.64735,1.8185
one-side,2.5,hopcount,0,9,9.75176,0,0,190,0.214751,0.216943,4.09178,0.0801129,1.84581,1.85677,1.44559
one-side,2.5,hopcount,0,10,14.0347,6,6,184,0.212011,0.212559,5.45701,0.254396,2.54277,3.11971,2.23625
one-side,2.5,hopcount,0,11,12.2347,7,15,175,0.227903,0.228999,5.96385,0.161193,1.8887,2.21748,1.54659
one-side,2.5,hopcount,0,12,11.5294,3,3,187,0.244343,0.245439,5.32294,0.106199,1.74447,2.23917,1.62681
one-side,2.5,hopcount,0,13,15.2097,14,14,176,0.218039,0.215299,7.2753,0.375357,2.60981,2.43944,2.07642
one-side,2.5,hopcount,0,14,11.4148,2,2,188,0.233383,0.229547,4.872,0.129601,1.93737,2.22563,1.78725
one-side,2.5,hopcount,0,15,12.94,8,8,182,0.214203,0.213107,5.92104,0.223309,1.97388,2.66698,1.72744
one-side,2.5,hopcount,0,16,11.614,6,30,160,0.231191,0.228451,5.76773,0.161955,1.65118,2.20492,1.36856
one-side,2.5,hopcount,0,17,10.9389,0,0,190,0.225163,0.236671,4.33729,0.0979492,2.09582,2.29785,1.64811
one-side,2.5,hopcount,0,18,12.476,5,21,169,0.242151,0.236671,5.66586,0.143191,2.50336,1.99982,1.68493
one-side,2.5,hopcount,0,19,12.9673,5,5,185,0.233383,0.232287,5.60503,0.155088,2.27012,2.61736,1.854
one-side,2.5,lqi,0,0,14.2355,7,7,183,0.209819,0.224067,5.74793,0.168892,2.57331,3.08543,2.22603
one-side,2.5,lqi,0,1,13.7435,6,14,176,0.232835,0.229547,5.73594,0.191994,2.59851,2.60322,2.15142
one-side,2.5,lqi,0,2,12.2678,3,2,188,0.216395,0.209271,4.80399,0.19524,2.55149,2.03531,2.25612
one-side,2.5,lqi,0,3,13.1217,5,13,177,0.231739,0.222971,5.41269,0.155244,2.65945,2.44764,1.99198
one-side,2.5,lqi,0,4,13.8127,8,16,174,0.228999,0.228999,6.21476,0.187972,2.41369,2.40858,2.12969
one-side,2.5,lqi,0,5,11.4981,2,1,189,0.239959,0.230643,4.8731,0.106195,1.98567,2.43815,1.62439
one-side,2.5,lqi,0,6,12.6673,2,1,189,0.237767,0.235575,4.97886,0.122579,2.39366,2.68843,2.01046
one-side,2.5,lqi,0,7,12.3257,3,3,187,0.221327,0.221327,4.92236,0.119891,2.21172,2.67704,1.95201
one-side,2.5,lqi,0,8,12.0842,1,1,189,0.230643,0.233931,4.63479,0.123079,2.23852,2.55282,2.07045
one-side,2.5,lqi,0,9,9.75176,0,0,190,0.214751,0.216943,4.09178,0.0801129,1.84581,1.85677,1.44559
one-side,2.5,lqi,0,10,12.4434,4,20,170,0.212011,0.213655,4.98422,0.185856,2.95874,1.82912,2.05976
one-side,2.5,lqi,0,11,12.0184,4,12,178,0.227903,0.228999,5.25109,0.139071,2.18223,2.22372,1.76538
one-side,2.5,lqi,0,12,11.3453,3,3,187,0.244343,0.245439,5.3202,0.103986,1.81961,2.02966,1.58204
one-side,2.5,lqi,0,13,14.2544,4,4,186,0.218039,0.216395,4.98093,0.169159,2.93485,3.34505,2.38995
one-side,2.5,lqi,0,14,13.8423,4,4,186,0.233383,0.229547,5.32891,0.149057,2.88682,2.7533,2.26132
one-side,2.5,lqi,0,15,12.1524,4,12,178,0.214203,0.213107,4.99572,0.149028,2.21001,2.44734,1.92297
one-side,2.5,lqi,0,16,12.4116,7,15,175,0.231191,0.228451,6.01262,0.153643,1.96279,2.14026,1.68267
one-side,2.5,lqi,0,17,11.5895,1,1,189,0.225163,0.236671,4.56793,0.110514,2.15857,2.39444,1.8962
one-side,2.5,lqi,0,18,12.8678,5,5,185,0.243247,0.233931,5.66915,0.167248,2.43539,2.09985,2.01899
one-side,2.5,lqi,0,19,11.9267,4,12,178,0.233383,0.232287,5.39467,0.147412,1.97425,2.25611,1.68863
one-side,2.5,leo,0,0,17.0481,12,12,178,0.209819,0.224067,8.47367,0.280085,2.66096,3.05724,2.14231
one-side,2.5,leo,0,1,12.6951,2,2,188,0.232287,0.229547,4.82138,0.193108,2.51277,2.49823,2.20778
one-side,2.5,leo,0,2,12.3578,3,3,187,0.216395,0.209271,4.95618,0.208762,2.21327,2.47851,2.07542
one-side,2.5,leo,0,3,14.978,5,5,185,0.231739,0.222971,5.73001,0.180303,2.81857,3.41027,2.38417
one-side,2.5,leo,0,4,15.6421,12,23,167,0.228451,0.229547,8.6871,0.271861,1.94858,2.50635,1.77022
one-side,2.5,leo,0,5,11.2915,2,1,189,0.239959,0.230643,4.91488,0.0844614,1.95122,2.30931,1.56098
one-side,2.5,leo,0,6,12.8684,2,2,188,0.237767,0.235575,5.0628,0.141456,2.46496,2.74161,1.98428
one-side,2.5,leo,0,7,12.7438,3,2,188,0.221327,0.221327,5.16742,0.125597,2.39272,2.82758,1.78788
one-side,2.5,leo,0,8,11.8013,2,7,183,0.230643,0.235027,4.98621,0.131142,2.20884,2.30764,1.70181
one-side,2.5,leo,0,9,9.75176,0,0,190,0.214751,0.216943,4.09178,0.0801129,1.84581,1.85677,1.44559
one-side,2.5,leo,0,10,14.1359,5,5,185,0.212011,0.212559,5.68981,0.238099,2.53235,2.97651,2.27451
one-side,2.5,leo,0,11,12.3705,8,24,166,0.227903,0.228999,6.70005,0.150708,1.70024,1.97399,1.38858
one-side,2.5,leo,0,12,11.6079,4,18,172,0.244343,0.245439,5.92672,0.12593,1.557,2.10594,1.4025
one-side,2.5,leo,0,13,15.0113,9,9,181,0.218039,0.215299,7.39078,0.282846,2.32882,2.70142,1.87406
one-side,2.5,leo,0,14,11.9644,2,2,188,0.233383,0.229547,4.99607,0.129759,2.01315,2.50235,1.86014
one-side,2.5,leo,0,15,13.86,8,14,176,0.214203,0.213107,6.652,0.186168,1.98509,2.83092,1.77855
one-side,2.5,leo,0,16,13.6776,13,35,155,0.231191,0.228451,8.41593,0.271203,1.56638,1.72785,1.2366
one-side,2.5,leo,0,17,10.9389,0,0,190,0.225163,0.236671,4.33729,0.0979492,2.09582,2.29785,1.64811
one-side,2.5,leo,0,18,13.7584,6,6,184,0.242151,0.236671,6.45943,0.170734,2.4824,2.41535,1.75169
one-side,2.5,leo,0,19,14.3675,7,6,184,0.233383,0.232287,6.7663,0.168732,2.27358,2.75375,1.93949
one-side,2.5,lqi-literal,0,0,14.9222,13,13,177,0.209819,0.224067,7.08192,0.295725,2.59023,2.49578,2.02464
one-side,2.5,lqi-literal,0,1,12.7736,2,2,188,0.232287,0.229547,4.79474,0.205387,2.65529,2.51306,2.14328
one-side,2.5,lqi-literal,0,2,12.5286,3,3,187,0.216395,0.209271,4.8133,0.234405,2.40082,2.50008,2.15434
one-side,2.5,lqi-literal,0,3,14.312,10,17,173,0.231739,0.222971,6.51056,0.291053,2.58532,2.52417,1.94623
one-side,2.5,lqi-literal,0,4,15.5331,15,14,176,0.228451,0.229547,7.80406,0.314869,2.13943,2.8079,2.00884
one-side,2.5,lqi-literal,0,5,11.3248,2,1,189,0.239959,0.230643,4.86378,0.0850974,2.01484,2.31896,1.57148
one-side,2.5,lqi-literal,0,6,12.9225,3,3,187,0.237767,0.235575,5.20567,0.144373,2.35824,2.74898,1.99186
one-side,2.5,lqi-literal,0,7,12.3422,1,1,189,0.221327,0.221327,4.46765,0.111839,2.39279,3.16269,1.76453
one-side,2.5,lqi-literal,0,8,11.7406,1,1,189,0.230643,0.235027,4.63314,0.131138,2.04478,2.64735,1.8185
one-side,2.5,lqi-literal,0,9,9.75176,0,0,190,0.214751,0.216943,4.09178,0.0801129,1.84581,1.85677,1.44559
one-side,2.5,lqi-literal,0,10,14.0347,6,6,184,0.212011,0.212559,5.45701,0.254396,2.54277,3.11971,2.23625
one-side,2.5,lqi-literal,0,11,12.2347,7,15,175,0.227903,0.228999,5.96385,0.161193,1.8887,2.21748,1.54659
one-side,2.5,lqi-literal,0,12,11.5294,3,3,187,0.244343,0.245439,5.32294,0.106199,1.74447,2.23917,1.62681
one-side,2.5,lqi-literal,0,13,15.2097,14,14,176,0.218039,0.215299,7.2753,0.375357,2.60981,2.43944,2.07642
one-side,2.5,lqi-literal,0,14,11.4148,2,2,188,0.233383,0.229547,4.872,0.129601,1.93737,2.22563,1.78725
one-side,2.5,lqi-literal,0,15,12.94,8,8,182,0.214203,0.213107,5.92104,0.223309,1.97388,2.66698,1.72744
one-side,2.5,lqi-literal,0,16,11.614,6,30,160,0.231191,0.228451,5.76773,0.161955,1.65118,2.20492,1.36856
one-side,2.5,lqi-literal,0,17,10.9389,0,0,190,0.225163,0.236671,4.33729,0.0979492,2.09582,2.29785,1.64811
one-side,2.5,lqi-literal,0,18,12.476,5,21,169,0.242151,0.236671,5.66586,0.143191,2.50336,1.99982,1.68493
one-side,2.5,lqi-literal,0,19,12.9673,5,5,185,0.233383,0.232287,5.60503,0.155088,2.27012,2.61736,1.854
one-side,2.625,hopcount,0,0,15.3383,16,24,166,0.192283,0.204339,7.05159,0.35782,2.66178,2.74069,2.12978
one-side,2.625,hopcount,0,1,13.9971,6,6,184,0.208723,0.205983,5.26466,0.238919,2.99244,2.68647,2.3999
one-side,2.625,hopcount,0,2,13.3101,6,6,184,0.192831,0.188447,4.92161,0.313321,2.53549,2.73908,2.41933
one-side,2.625,hopcount,0,3,15.1709,8,8,182,0.206531,0.199407,5.48264,0.209919,3.21144,3.44722,2.41374
one-side,2.625,hopcount,0,4,14.7625,14,22,168,0.210367,0.214203,6.93335,0.35789,2.50111,2.68385,1.8617
one-side,2.625,hopcount,0,5,12.4048,2,2,188,0.217491,0.215847,4.46155,0.100335,2.38127,3.3241,1.70419
one-side,2.625,hopcount,0,6,14.7659,6,5,185,0.223519,0.221875,5.48551,0.190966,2.99291,3.48488,2.16622
one-side,2.625,hopcount,0,7,14.6804,10,13,177,0.196119,0.200503,5.91981,0.19746,3.09281,2.95729,2.11639
one-side,2.625,hopcount,0,8,12.3199,4,4,186,0.216395,0.219135,4.94202,0.201442,2.40236,2.40864,1.92987
one-side,2.625,hopcount,0,9,10.4115,0,0,190,0.188447,0.189543,3.62379,0.101955,2.1425,2.44379,1.72152
one-side,2.625,hopcount,0,10,15.0826,11,19,171,0.186803,0.187351,5.97345,0.346167,3.14433,3.1727,2.07178
one-side,2.625,hopcount,0,11,15.2405,11,10,180,0.204887,0.209271,6.24361,0.28333,3.3329,2.96651,1.99994
one-side,2.625,hopcount,0,12,12.8574,9,11,179,0.232287,0.233383,6.28046,0.192729,1.96929,2.3262,1.6231
one-side,2.625,hopcount,0,13,16.1414,16,16,174,0.193927,0.193379,7.03899,0.39703,2.91851,3.29155,2.10802
one-side,2.625,hopcount,0,14,13.4116,4,4,186,0.219683,0.212559,5.03682,0.215862,3.16743,2.71323,1.846
one-side,2.625,hopcount,0,15,13.9013,7,11,179,0.196119,0.189543,5.09581,0.225451,2.63956,3.3912,2.16361
one-side,2.625,hopcount,0,16,12.2265,8,32,158,0.214751,0.213107,5.70403,0.237526,2.16741,2.00145,1.68821
one-side,2.625,hopcount,0,17,13.9042,11,18,172,0.207079,0.210915,6.30499,0.230593,2.40288,2.71532,1.83245
one-side,2.625,hopcount,0,18,13.4374,4,11,179,0.228999,0.219683,5.1382,0.205833,2.96935,2.65133,2.02402
one-side,2.625,hopcount,0,19,13.677,8,15,175,0.215847,0.218039,5.84267,0.221541,2.56539,2.68969,1.92384
one-side,2.625,lqi,0,0,14.9232,11,15,175,0.192283,0.204339,6.03537,0.270531,2.72092,3.23792,2.26183
one-side,2.625,lqi,0,1,14.6029,10,16,174,0.208175,0.208723,6.09024,0.257049,3.1067,2.49765,2.23438
one-side,2.625,lqi,0,2,13.4359,7,14,176,0.192831,0.188447,5.16267,0.257261,2.822,2.28327,2.52941
one-side,2.625,lqi,0,3,14.8222,10,17,173,0.207627,0.201051,5.88036,0.259866,3.40431,2.55745,2.31158
one-side,2.625,lqi,0,4,14.6217,13,28,162,0.209819,0.213655,6.73668,0.232903,2.75339,2.44827,2.02697
one-side,2.625,lqi,0,5,12.3331,2,1,189,0.217491,0.215847,4.46977,0.110786,2.33419,3.25799,1.72698
one-side,2.625,lqi,0,6,13.91,3,3,187,0.223519,0.221875,4.87523,0.132812,2.88965,3.35868,2.20819
one-side,2.625,lqi,0,7,12.7151,7,15,175,0.196119,0.200503,5.31063,0.17553,2.41703,2.49459,1.92072
one-side,2.625,lqi,0,8,13.5302,3,3,187,0.215847,0.220231,4.70809,0.175045,3.54749,2.44523,2.21827
one-side,2.625,lqi,0,9,10.1373,1,1,189,0.188447,0.189543,3.83745,0.0957435,1.91758,2.26721,1.64133
one-side,2.625,lqi,0,10,15.137,8,9,181,0.186803,0.186803,5.32152,0.282618,3.20067,3.25402,2.70461
one-side,2.625,lqi,0,11,13.5419,6,14,176,0.204887,0.209271,5.23726,0.171938,2.7422,2.91409,2.06228
one-side,2.625,lqi,0,12,12.5109,5,12,178,0.232287,0.233383,5.44666,0.136681,2.00594,2.69841,1.75751
one-side,2.625,lqi,0,13,15.6079,15,15,175,0.192831,0.192831,6.82862,0.304056,2.92308,2.77818,2.38827
one-side,2.625,lqi,0,14,14.5584,7,7,183,0.219683,0.212559,5.63888,0.194902,3.19961,2.89753,2.19523
one-side,2.625,lqi,0,15,13.5941,8,16,174,0.197763,0.190091,5.33961,0.215574,2.71376,2.69672,2.24055
one-side,2.625,lqi,0,16,14.3261,14,29,161,0.214751,0.213107,6.93061,0.241627,2.51905,2.20837,1.99862
one-side,2.625,lqi,0,17,13.0754,6,13,177,0.207079,0.210915,5.24658,0.161151,2.58488,2.75186,1.91294
one-side,2.625,lqi,0,18,14.7832,6,6,184,0.228999,0.220779,5.49701,0.208597,3.78622,2.50419,2.33746
one-side,2.625,lqi,0,19,13.6695,4,4,186,0.215847,0.218039,5.01545,0.156289,2.78116,3.07475,2.20796
one-side,2.625,leo,0,0,18.2669,16,17,173,0.192283,0.204339,9.21282,0.384991,3.10611,2.92639,2.23992
one-side,2.625,leo,0,1,13.8576,4,4,186,0.208723,0.205983,5.0833,0.225711,2.87839,2.78544,2.4701
one-side,2.625,leo,0,2,13.3915,7,22,168,0.192831,0.188447,5.76161,0.304299,2.40232,2.31274,2.22925
one-side,2.625,leo,0,3,15.4397,6,6,184,0.206531,0.199407,5.57167,0.208151,3.19283,3.58049,2.48059
one-side,2.625,leo,0,4,15.5374,11,27,163,0.210367,0.214203,7.7077,0.288034,2.33303,2.82635,1.95774
one-side,2.625,leo,0,5,12.112,2,8,182,0.217491,0.215847,4.62976,0.0930777,2.30972,3.02394,1.62217
one-side,2.625,leo,0,6,15.378,8,11,179,0.223519,0.221875,6.59325,0.210447,2.88859,3.2017,2.03859
one-side,2.625,leo,0,7,13.8542,9,28,162,0.196119,0.200503,6.45362,0.227057,2.29818,2.64138,1.83736
one-side,2.625,leo,0,8,13.0695,6,11,179,0.216395,0.219135,5.76372,0.208671,2.3849,2.38789,1.88873
one-side,2.625,leo,0,9,10.4115,0,0,190,0.188447,0.189543,3.62379,0.101955,2.1425,2.44379,1.72152
one-side,2.625,leo,0,10,15.9524,12,24,166,0.186803,0.187351,7.14395,0.341973,3.03499,2.92205,2.13531
one-side,2.625,leo,0,11,13.6323,6,23,167,0.204887,0.209271,5.76689,0.209278,3.10282,2.43947,1.6997
one-side,2.625,leo,0,12,13.2278,6,15,175,0.232287,0.233383,6.48159,0.165451,1.96293,2.53492,1.61719
one-side,2.625,leo,0,13,16.1811,10,10,180,0.193927,0.193379,6.60236,0.316274,3.05459,3.54004,2.28051
one-side,2.625,leo,0,14,13.7997,8,16,174,0.219683,0.212559,6.51129,0.245983,2.65041,2.22491,1.7349
one-side,2.625,leo,0,15,13.5621,8,20,170,0.196119,0.189543,5.94475,0.203148,2.44116,2.78155,1.80582
one-side,2.625,leo,0,16,13.8133,7,22,168,0.214751,0.213107,5.98227,0.214913,2.48862,2.67682,2.02286
one-side,2.625,leo,0,17,14.2096,9,23,167,0.207079,0.210915,6.71898,0.196666,2.37215,2.76117,1.74262
one-side,2.625,leo,0,18,15.2725,7,6,184,0.228999,0.219683,6.58228,0.234928,3.28702,2.58216,2.13744
one-side,2.625,leo,0,19,14.172,9,27,163,0.215847,0.218039,6.99316,0.243483,2.34741,2.47585,1.67824
one-side,2.625,lqi-literal,0,0,15.3383,16,24,166,0.192283,0.204339,7.05159,0.35782,2.66178,2.74069,2.12978
one-side,2.625,lqi-literal,0,1,13.9971,6,6,184,0.208723,0.205983,5.26466,0.238919,2.99244,2.68647,2.3999
one-side,2.625,lqi-literal,0,2,13.3101,6,6,184,0.192831,0.188447,4.92161,0.313321,2.53549,2.73908,2.41933
one-side,2.625,lqi-literal,0,3,15.1709,8,8,182,0.206531,0.199407,5.48264,0.209919,3.21144,3.44722,2.41374
one-side,2.625,lqi-literal,0,4,14.7625,14,22,168,0.210367,0.214203,6.93335,0.35789,2.50111,2.68385,1.8617
one-side,2.625,lqi-literal,0,5,12.4048,2,2,188,0.217491,0.215847,4.46155,0.100335,2.38127,3.3241,1.70419
one-side,2.625,lqi-literal,0,6,14.7659,6,5,185,0.223519,0.221875,5.48551,0.190966,2.99291,3.48488,2.16622
one-side,2.625,lqi-literal,0,7,14.6804,10,13,177,0.196119,0.200503,5.91981,0.19746,3.09281,2.95729,2.11639
one-side,2.625,lqi-literal,0,8,12.3199,4,4,186,0.216395,0.219135,4.94202,0.201442,2.40236,2.40864,1.92987
one-side,2.625,lqi-literal,0,9,10.4115,0,0,190,0.188447,0.189543,3.62379,0.101955,2.1425,2.44379,1.72152
one-side,2.625,lqi-literal,0,10,15.0826,11,19,171,0.186803,0.187351,5.97345,0.346167,3.14433,3.1727,2.07178
one-side,2.625,lqi-literal,0,11,15.2405,11,10,180,0.204887,0.209271,6.24361,0.28333,3.3329,2.96651,1.99994
one-side,2.625,lqi-literal,0,12,12.8574,9,11,179,0.232287,0.233383,6.28046,0.192729,1.96929,2.3262,1.6231
one-side,2.625,lqi-literal,0,13,16.1414,16,16,174,0.193927,0.193379,7.03899,0.39703,2.91851,3.29155,2.10802
one-side,2.625,lqi-literal,0,14,13.4116,4,4,186,0.219683,0.212559,5.03682,0.215862,3.16743,2.71323,1.846
one-side,2.625,lqi-literal,0,15,13.9013,7,11,179,0.196119,0.189543,5.09581,0.225451,2.63956,3.3912,2.16361
one-side,2.625,lqi-literal,0,16,12.2265,8,32,158,0.214751,0.213107,5.70403,0.237526,2.16741,2.00145,1.68821
one-side,2.625,lqi-literal,0,17,13.9042,11,18,172,0.207079,0.210915,6.30499,0.230593,2.40288,2.71532,1.83245
one-side,2.625,lqi-literal,0,18,13.4374,4,11,179,0.228999,0.219683,5.1382,0.205833,2.96935,2.65133,2.02402
one-side,2.625,lqi-literal,0,19,13.677,8,15,175,0.215847,0.218039,5.84267,0.221541,2.56539,2.68969,1.92384
one-side,3,hopcount,0,0,15.003,21,57,133,0.145155,0.144059,5.85827,0.566937,2.7508,3.27687,2.26093
one-side,3,hopcount,0,1,15.4904,22,31,159,0.156115,0.145703,6.31089,0.543008,3.07872,2.7974,2.45858
one-side,3,hopcount,0,2,15.5238,21,34,156,0.134195,0.129263,6.02589,0.702346,3.26673,2.83861,2.42681
one-side,3,hopcount,0,3,15.6137,23,49,141,0.144059,0.139127,6.24195,0.576022,3.3317,2.92869,2.25214
one-side,3,hopcount,0,4,14.5356,25,60,130,0.150087,0.151731,6.66433,0.657438,2.85701,2.21698,1.83807
one-side,3,hopcount,0,5,12.7488,16,39,151,0.146799,0.146799,5.34769,0.363884,2.54854,2.4471,1.74798
one-side,3,hopcount,0,6,16.4944,23,51,139,0.164335,0.162143,6.4853,0.521227,3.06901,3.76504,2.32738
one-side,3,hopcount,0,7,13.5163,16,45,145,0.140771,0.144607,5.10695,0.529836,2.87614,2.67903,2.03892
one-side,3,hopcount,0,8,17.3491,24,23,167,0.166527,0.163239,6.82584,0.561124,3.596,3.3631,2.67322
one-side,3,hopcount,0,9,12.9451,16,20,170,0.133647,0.129811,4.99718,0.40276,2.68226,2.57851,2.02097
one-side,3,hopcount,0,10,15.8546,18,33,157,0.130359,0.132551,5.44508,0.613035,3.68777,3.2589,2.58685
one-side,3,hopcount,0,11,12.9702,19,62,128,0.154471,0.158855,5.78261,0.465771,2.52058,2.31588,1.572
one-side,3,hopcount,0,12,15.0705,22,37,153,0.169815,0.185707,6.72976,0.446169,2.57154,3.01898,1.94851
one-side,3,hopcount,0,13,13.7664,22,66,124,0.143511,0.148991,6.13478,0.613908,2.66067,2.15613,1.90843
one-side,3,hopcount,0,14,16.0185,19,31,159,0.157759,0.159403,6.14631,0.470345,3.27746,3.37651,2.43071
one-side,3,hopcount,0,15,14.632,20,42,148,0.136387,0.134743,5.6229,0.515562,2.9474,3.04481,2.23018
one-side,3,hopcount,0,16,15.296,26,50,140,0.156663,0.153923,6.8314,0.58799,2.77329,2.77879,2.01389
one-side,3,hopcount,0,17,13.8953,17,48,142,0.151183,0.151183,5.50911,0.408478,2.85068,2.78249,2.04222
one-side,3,hopcount,0,18,15.1562,22,45,145,0.175295,0.174199,6.59461,0.578085,3.4962,1.99161,2.14625
one-side,3,hopcount,0,19,16.0713,23,36,154,0.163239,0.167623,6.54702,0.523905,3.46371,2.96631,2.23955
one-side,3,lqi,0,0,15.382,19,53,137,0.145703,0.141319,5.55628,0.483353,3.40689,3.11606,2.53235
one-side,3,lqi,0,1,15.8651,23,36,154,0.156115,0.145703,6.42426,0.609728,3.1564,2.81968,2.5532
one-side,3,lqi,0,2,15.3511,17,26,164,0.134195,0.129263,5.42192,0.623318,3.31581,2.79186,2.93471
one-side,3,lqi,0,3,14.9479,22,50,140,0.145703,0.139675,6.13111,0.527363,3.22957,2.34841,2.42608
one-side,3,lqi,0,4,14.557,27,64,126,0.148991,0.151183,6.95738,0.625563,2.71089,2.03996,1.92302
one-side,3,lqi,0,5,14.5905,18,26,164,0.145703,0.146251,5.67543,0.320319,3.07291,2.9765,2.25338
one-side,3,lqi,0,6,16.328,21,49,141,0.164883,0.161047,6.20321,0.345743,3.51381,3.6201,2.31919
one-side,3,lqi,0,7,13.7615,20,34,156,0.140771,0.144607,5.65072,0.403301,3.00427,2.24344,2.17443
one-side,3,lqi,0,8,15.8164,18,17,173,0.166527,0.164883,5.94341,0.4532,3.32935,2.84536,2.91365
one-side,3,lqi,0,9,13.276,16,24,166,0.132003,0.132003,5.04448,0.286255,2.71999,2.70773,2.25351
one-side,3,lqi,0,10,14.6256,18,42,148,0.130359,0.132551,5.48453,0.526116,3.41701,2.44087,2.49415
one-side,3,lqi,0,11,14.3054,19,35,155,0.154471,0.158855,5.75538,0.393941,2.7665,3.00363,2.07268
one-side,3,lqi,0,12,13.8224,17,41,149,0.169815,0.185707,6.06567,0.337651,2.97064,2.06324,2.02967
one-side,3,lqi,0,13,14.6565,24,67,123,0.141867,0.148443,6.48592,0.536683,2.87809,2.31643,2.14905
one-side,3,lqi,0,14,15.1144,20,32,158,0.157759,0.159403,6.29808,0.423083,3.11978,2.49481,2.46145
one-side,3,lqi,0,15,15.6715,22,26,164,0.138031,0.134195,5.93256,0.518387,3.51633,2.59337,2.83862
one-side,3,lqi,0,16,15.4858,21,39,151,0.156115,0.155567,6.04248,0.528302,3.0488,2.99812,2.55639
one-side,3,lqi,0,17,13.0449,19,58,132,0.151183,0.151183,5.78589,0.379802,2.59534,2.08701,1.89448
one-side,3,lqi,0,18,16.3487,21,38,152,0.175843,0.173651,6.56232,0.499654,3.66156,2.4883,2.78738
one-side,3,lqi,0,19,14.9139,18,34,156,0.163239,0.167623,5.79911,0.342997,2.97617,2.87545,2.58931
one-side,3,leo,0,0,18.565,24,42,148,0.145155,0.144059,8.76688,0.621781,3.04329,3.3069,2.53697
one-side,3,leo,0,1,16.4553,21,49,141,0.156115,0.145703,7.54553,0.491821,3.07773,2.71422,2.32423
one-side,3,leo,0,2,15.9318,20,48,142,0.134195,0.129263,7.0972,0.669948,3.10575,2.50759,2.28789
one-side,3,leo,0,3,14.55,18,72,118,0.144059,0.139127,7.33375,0.460633,2.86136,1.85864,1.75244
one-side,3,leo,0,4,14.0272,23,81,109,0.150087,0.151731,8.19294,0.640816,1.99134,1.38517,1.51513
one-side,3,leo,0,5,15.9565,23,49,141,0.146799,0.146799,8.08239,0.424404,2.75197,2.62099,1.7832
one-side,3,leo,0,6,16.8658,24,63,127,0.164335,0.162143,8.01628,0.58597,2.69312,3.22818,2.01579
one-side,3,leo,0,7,17.6702,20,34,156,0.140771,0.144607,7.39632,0.508263,3.63607,3.31816,2.52604
one-side,3,leo,0,8,18.9804,21,18,172,0.166527,0.163239,8.08951,0.572553,3.81528,3.24442,2.9289
one-side,3,leo,0,9,11.9704,15,53,137,0.133647,0.129811,5.59677,0.317867,2.19836,2.05331,1.54061
one-side,3,leo,0,10,14.7411,18,54,136,0.130359,0.132551,6.57364,0.587992,2.89575,2.37237,2.04843
one-side,3,leo,0,11,15.3555,20,57,133,0.154471,0.158855,7.56706,0.533119,2.7744,2.41167,1.75589
one-side,3,leo,0,12,15.8111,22,60,130,0.169815,0.185707,8.64997,0.403401,2.34595,2.457,1.59921
one-side,3,leo,0,13,18.9956,25,41,149,0.143511,0.148991,8.23105,0.589514,3.74376,3.57926,2.55953
one-side,3,leo,0,14,17.7687,22,25,165,0.157759,0.159403,7.8551,0.542293,3.44986,3.06114,2.54313
one-side,3,leo,0,15,17.9959,24,45,145,0.136387,0.134743,7.9278,0.477683,3.33067,3.38199,2.60659
one-side,3,leo,0,16,19.0962,29,54,136,0.156663,0.153923,9.1898,0.781293,3.33555,3.01292,2.466
one-side,3,leo,0,17,17.0264,22,38,152,0.151183,0.151183,8.02493,0.499883,3.26996,2.74536,2.1839
one-side,3,leo,0,18,15.2857,17,54,136,0.175295,0.174199,7.11717,0.458294,3.09912,2.27772,1.98386
one-side,3,leo,0,19,15.5429,20,42,148,0.163239,0.167623,7.49362,0.407537,2.818,2.36441,2.12845
one-side,3,lqi-literal,0,0,15.003,21,57,133,0.145155,0.144059,5.85827,0.566937,2.7508,3.27687,2.26093
one-side,3,lqi-literal,0,1,15.4904,22,31,159,0.156115,0.145703,6.31089,0.543008,3.07872,2.7974,2.45858
one-side,3,lqi-literal,0,2,15.5238,21,34,156,0.134195,0.129263,6.02589,0.702346,3.26673,2.83861,2.42681
one-side,3,lqi-literal,0,3,15.6137,23,49,141,0.144059,0.139127,6.24195,0.576022,3.3317,2.92869,2.25214
one-side,3,lqi-literal,0,4,14.5356,25,60,130,0.150087,0.151731,6.66433,0.657438,2.85701,2.21698,1.83807
one-side,3,lqi-literal,0,5,12.7488,16,39,151,0.146799,0.146799,5.34769,0.363884,2.54854,2.4471,1.74798
one-side,3,lqi-literal,0,6,16.4944,23,51,139,0.164335,0.162143,6.4853,0.521227,3.06901,3.76504,2.32738
one-side,3,lqi-literal,0,7,13.5163,16,45,145,0.140771,0.144607,5.10695,0.529836,2.87614,2.67903,2.03892
one-side,3,lqi-literal,0,8,17.3491,24,23,167,0.166527,0.163239,6.82584,0.561124,3.596,3.3631,2.67322
one-side,3,lqi-literal,0,9,12.9451,16,20,170,0.133647,0.129811,4.99718,0.40276,2.68226,2.57851,2.02097
one-side,3,lqi-literal,0,10,15.8546,18,33,157,0.130359,0.132551,5.44508,0.613035,3.68777,3.2589,2.58685
one-side,3,lqi-literal,0,11,12.9702,19,62,128,0.154471,0.158855,5.78261,0.465771,2.52058,2.31588,1.572
one-side,3,lqi-literal,0,12,15.0705,22,37,153,0.169815,0.185707,6.72976,0.446169,2.57154,3.01898,1.94851
one-side,3,lqi-literal,0,13,13.7664,22,66,124,0.143511,0.148991,6.13478,0.613908,2.66067,2.15613,1.90843
one-side,3,lqi-literal,0,14,16.0185,19,31,159,0.157759,0.159403,6.14631,0.470345,3.27746,3.37651,2.43071
one-side,3,lqi-literal,0,15,14.632,20,42,148,0.136387,0.134743,5.6229,0.515562,2.9474,3.04481,2.23018
one-side,3,lqi-literal,0,16,15.296,26,50,140,0.156663,0.153923,6.8314,0.58799,2.77329,2.77879,2.01389
one-side,3,lqi-literal,0,17,13.8953,17,48,142,0.151183,0.151183,5.50911,0.408478,2.85068,2.78249,2.04222
one-side,3,lqi-literal,0,18,15.1562,22,45,145,0.175295,0.174199,6.59461,0.578085,3.4962,1.99161,2.14625
one-side,3,lqi-literal,0,19,16.0713,23,36,154,0.163239,0.167623,6.54702,0.523905,3.46371,2.96631,2.23955
u-shaped,2,hopcount,0,0,12.6805,1,1,189,0.233931,0.240507,4.83426,0.148927,2.5223,2.68678,2.01383
u-shaped,2,hopcount,0,1,13.6213,5,5,185,0.249275,0.240507,5.79519,0.211921,2.45499,2.65305,2.01639
u-shaped,2,hopcount,0,2,12.4769,4,8,182,0.242699,0.238863,5.59633,0.139692,2.12093,2.45362,1.68479
u-shaped,2,hopcount,0,3,11.6347,0,0,190,0.252015,0.244891,4.69787,0.0927898,2.14314,2.45392,1.75004
u-shaped,2,hopcount,0,4,12.6187,2,2,188,0.238863,0.239411,5.04846,0.108863,2.43033,2.50622,2.04656
u-shaped,2,hopcount,0,5,11.1584,0,0,190,0.247631,0.242699,4.69129,0.0832815,2.02775,2.16149,1.70424
u-shaped,2,hopcount,0,6,12.3636,4,4,186,0.237767,0.237219,5.49988,0.142619,2.06047,2.4631,1.72252
u-shaped,2,hopcount,0,7,11.8275,5,5,185,0.241603,0.238863,5.793,0.175152,1.80434,2.091,1.48353
u-shaped,2,hopcount,0,8,12.8944,2,2,188,0.242151,0.248179,5.10764,0.126655,2.45239,2.79748,1.91987
u-shaped,2,hopcount,0,9,11.2931,1,1,189,0.242699,0.247083,4.92084,0.107056,1.95065,2.21357,1.61121
u-shaped,2,hopcount,0,10,14.424,3,3,187,0.248727,0.247631,5.4183,0.115853,2.83434,3.39328,2.16586
u-shaped,2,hopcount,0,11,13.114,2,2,188,0.248727,0.244891,5.13176,0.139242,2.55943,2.86341,1.92649
u-shaped,2,hopcount,0,12,12.0329,1,1,189,0.230095,0.238863,4.66767,0.145639,2.21745,2.73376,1.79943
u-shaped,2,hopcount,0,13,12.5422,2,2,188,0.245439,0.248179,5.14929,0.118525,2.26184,2.63736,1.88154
u-shaped,2,hopcount,0,14,14.5014,8,8,182,0.250919,0.242699,6.63179,0.235063,2.5741,2.71956,1.84726
u-shaped,2,hopcount,0,15,15.3392,4,4,186,0.236671,0.237219,5.47796,0.164809,3.26334,3.64312,2.31612
u-shaped,2,hopcount,0,16,14.0633,5,5,185,0.241603,0.237767,5.77985,0.202814,2.57568,3.09177,1.93385
u-shaped,2,hopcount,0,17,13.2032,9,9,181,0.236671,0.246535,6.71393,0.255344,1.94236,2.20067,1.60767
u-shaped,2,hopcount,0,18,12.8215,2,2,188,0.245439,0.235575,5.05887,0.117224,2.43647,2.67743,2.05045
u-shaped,2,hopcount,0,19,12.431,0,0,190,0.245987,0.243795,4.72034,0.126052,2.25949,2.6865,2.14884
u-shaped,2,lqi,0,0,12.7744,1,1,189,0.231191,0.241055,4.82768,0.145469,2.49449,2.69726,2.13727
u-shaped,2,lqi,0,1,12.5808,3,9,181,0.249275,0.240507,5.335,0.14246,2.33296,2.33567,1.94497
u-shaped,2,lqi,0,2,12.0304,2,10,180,0.242699,0.238863,5.11751,0.10114,2.07597,2.53163,1.72264
u-shaped,2,lqi,0,3,11.7992,0,0,190,0.252015,0.244891,4.69787,0.0969917,2.3058,2.4172,1.78443
u-shaped,2,lqi,0,4,12.2185,2,2,188,0.238863,0.239411,5.05504,0.106853,2.18426,2.46678,1.92729
u-shaped,2,lqi,0,5,11.1544,0,0,190,0.247631,0.242699,4.69129,0.0856973,1.97843,2.21315,1.6955
u-shaped,2,lqi,0,6,12.0235,3,3,187,0.237767,0.237219,5.25992,0.113357,2.05864,2.35063,1.76598
u-shaped,2,lqi,0,7,11.5568,3,3,187,0.241603,0.238863,5.32842,0.132737,1.88537,2.15635,1.57344
u-shaped,2,lqi,0,8,13.3174,3,3,187,0.242151,0.246535,5.33774,0.134548,2.53447,2.69891,2.12305
u-shaped,2,lqi,0,9,11.2018,1,1,189,0.242699,0.247083,4.92139,0.0872148,2.01214,2.06504,1.62623
u-shaped,2,lqi,0,10,14.6885,3,3,187,0.248727,0.247631,5.41117,0.122574,2.93429,3.29928,2.42483
u-shaped,2,lqi,0,11,12.7865,1,1,189,0.248727,0.244891,4.89673,0.0999326,2.4257,2.91279,1.95773
u-shaped,2,lqi,0,12,11.2445,3,11,179,0.230095,0.238863,5.14156,0.130187,1.88445,1.94181,1.67756
u-shaped,2,lqi,0,13,12.0198,1,1,189,0.245439,0.248179,4.91262,0.109783,2.14474,2.49049,1.86851
u-shaped,2,lqi,0,14,12.9653,3,3,187,0.250919,0.242699,5.41665,0.128007,2.41034,2.61969,1.89703
u-shaped,2,lqi,0,15,14.8855,1,1,189,0.236671,0.237219,4.80193,0.115488,3.15918,3.84452,2.49046
u-shaped,2,lqi,0,16,13.6447,2,2,188,0.241603,0.237767,5.07805,0.130547,2.72029,3.07164,2.16479
u-shaped,2,lqi,0,17,12.6187,5,5,185,0.236671,0.246535,5.78039,0.154576,2.10975,2.3545,1.73628
u-shaped,2,lqi,0,18,12.8512,2,2,188,0.245439,0.235575,5.05887,0.113218,2.43869,2.70012,2.05928
u-shaped,2,lqi,0,19,12.7388,2,2,188,0.246535,0.244343,5.19149,0.133377,2.31047,2.46673,2.14582
u-shaped,2,leo,0,0,13.4964,2,2,188,0.233931,0.240507,5.17767,0.143769,2.55361,3.12561,2.02129
u-shaped,2,leo,0,1,12.8129,3,9,181,0.249275,0.240507,5.53352,0.164978,2.34882,2.31093,1.96488
u-shaped,2,leo,0,2,12.6214,3,11,179,0.242699,0.238863,5.57133,0.122014,2.0697,2.62443,1.75237
u-shaped,2,leo,0,3,11.6347,0,0,190,0.252015,0.244891,4.69787,0.0927898,2.14314,2.45392,1.75004
u-shaped,2,leo,0,4,12.6731,2,2,188,0.238863,0.239411,5.06178,0.111421,2.43696,2.54709,2.03754
u-shaped,2,leo,0,5,11.1584,0,0,190,0.247631,0.242699,4.69129,0.0832815,2.02775,2.16149,1.70424
u-shaped,2,leo,0,6,12.2047,4,4,186,0.237767,0.237219,5.57707,0.124028,1.97544,2.30303,1.75011
u-shaped,2,leo,0,7,11.1788,2,2,188,0.241603,0.238863,5.13518,0.12006,1.80898,2.08829,1.54579
u-shaped,2,leo,0,8,13.1395,2,2,188,0.242151,0.248179,5.13155,0.124608,2.50175,2.89082,2.00049
u-shaped,2,leo,0,9,11.3135,1,1,189,0.242699,0.247083,4.95861,0.104166,1.89857,2.20806,1.65426
u-shaped,2,leo,0,10,14.553,2,2,188,0.248727,0.247631,5.27635,0.105489,2.92373,3.52209,2.22897
u-shaped,2,leo,0,11,13.4137,2,2,188,0.248727,0.244891,5.20566,0.128188,2.54873,3.08591,1.95157
u-shaped,2,leo,0,12,12.2514,2,2,188,0.230095,0.238863,5.04649,0.155057,2.09907,2.65596,1.82589
u-shaped,2,leo,0,13,12.6354,1,1,189,0.245439,0.248179,4.95878,0.110514,2.54439,2.65693,1.87118
u-shaped,2,leo,0,14,14.1514,5,5,185,0.250919,0.242699,6.22978,0.166171,2.40639,2.8938,1.96165
u-shaped,2,leo,0,15,15.8124,3,3,187,0.236671,0.237219,5.82812,0.136528,3.28803,3.78003,2.30578
u-shaped,2,leo,0,16,14.3205,3,3,187,0.241603,0.237767,5.45085,0.14366,2.55622,3.42062,2.26978
u-shaped,2,leo,0,17,13.0222,4,4,186,0.236671,0.246535,5.69279,0.155405,2.09303,2.72218,1.87554
u-shaped,2,leo,0,18,13.3371,2,2,188,0.245439,0.235575,5.20668,0.110436,2.4747,2.96952,2.09475
u-shaped,2,leo,0,19,12.431,0,0,190,0.245987,0.243795,4.72034,0.126052,2.25949,2.6865,2.14884
u-shaped,2,lqi-literal,0,0,12.6805,1,1,189,0.233931,0.240507,4.83426,0.148927,2.5223,2.68678,2.01383
u-shaped,2,lqi-literal,0,1,13.6213,5,5,185,0.249275,0.240507,5.79519,0.211921,2.45499,2.65305,2.01639
u-shaped,2,lqi-literal,0,2,12.4769,4,8,182,0.242699,0.238863,5.59633,0.139692,2.12093,2.45362,1.68479
u-shaped,2,lqi-literal,0,3,11.6347,0,0,190,0.252015,0.244891,4.69787,0.0927898,2.14314,2.45392,1.75004
u-shaped,2,lqi-literal,0,4,12.6187,2,2,188,0.238863,0.239411,5.04846,0.108863,2.43033,2.50622,2.04656
u-shaped,2,lqi-literal,0,5,11.1584,0,0,190,0.247631,0.242699,4.69129,0.0832815,2.02775,2.16149,1.70424
u-shaped,2,lqi-literal,0,6,12.3636,4,4,186,0.237767,0.237219,5.49988,0.142619,2.06047,2.4631,1.72252
u-shaped,2,lqi-literal,0,7,11.8275,5,5,185,0.241603,0.238863,5.793,0.175152,1.80434,2.091,1.48353
u-shaped,2,lqi-literal,0,8,12.8944,2,2,188,0.242151,0.248179,5.10764,0.126655,2.45239,2.79748,1.91987
u-shaped,2,lqi-literal,0,9,11.2931,1,1,189,0.242699,0.247083,4.92084,0.107056,1.95065,2.21357,1.61121
u-shaped,2,lqi-literal,0,10,14.424,3,3,187,0.248727,0.247631,5.4183,0.115853,2.83434,3.39328,2.16586
u-shaped,2,lqi-literal,0,11,13.114,2,2,188,0.248727,0.244891,5.13176,0.139242,2.55943,2.86341,1.92649
u-shaped,2,lqi-literal,0,12,12.0329,1,1,189,0.230095,0.238863,4.66767,0.145639,2.21745,2.73376,1.79943
u-shaped,2,lqi-literal,0,13,12.5422,2,2,188,0.245439,0.248179,5.14929,0.118525,2.26184,2.63736,1.88154
u-shaped,2,lqi-literal,0,14,14.5014,8,8,182,0.250919,0.242699,6.63179,0.235063,2.5741,2.71956,1.84726
u-shaped,2,lqi-literal,0,15,15.3392,4,4,186,0.236671,0.237219,5.47796,0.164809,3.26334,3.64312,2.31612
u-shaped,2,lqi-literal,0,16,14.0633,5,5,185,0.241603,0.237767,5.77985,0.202814,2.57568,3.09177,1.93385
u-shaped,2,lqi-literal,0,17,13.2032,9,9,181,0.236671,0.246535,6.71393,0.255344,1.94236,2.20067,1.60767
u-shaped,2,lqi-literal,0,18,12.8215,2,2,188,0.245439,0.235575,5.05887,0.117224,2.43647,2.67743,2.05045
u-shaped,2,lqi-literal,0,19,12.431,0,0,190,0.245987,0.243795,4.72034,0.126052,2.25949,2.6865,2.14884
u-shaped,2.25,hopcount,0,0,17.3388,16,31,159,0.192283,0.197763,6.71895,0.495944,3.72742,3.55473,2.45172
u-shaped,2.25,hopcount,0,1,13.486,10,42,148,0.210367,0.206531,5.76582,0.285379,2.36732,2.88886,1.76176
u-shaped,2.25,hopcount,0,2,17.0017,9,15,175,0.198311,0.194475,5.60039,0.26717,3.95491,4.32859,2.45785
u-shaped,2.25,hopcount,0,3,14.1888,7,23,167,0.223519,0.211463,5.51777,0.206945,2.96885,3.2047,1.85556
u-shaped,2.25,hopcount,0,4,16.9152,15,25,165,0.197763,0.198311,6.69765,0.365621,3.45293,3.56155,2.44135
u-shaped,2.25,hopcount,0,5,14.7314,5,5,185,0.212011,0.213655,5.10361,0.189798,3.008,3.4652,2.5391
u-shaped,2.25,hopcount,0,6,14.4368,8,14,176,0.193379,0.190091,5.08862,0.267271,3.22367,3.28871,2.18508
u-shaped,2.25,hopcount,0,7,13.0649,8,15,175,0.199407,0.198311,5.35824,0.288253,2.67266,2.55677,1.79129
u-shaped,2.25,hopcount,0,8,17.5496,19,33,157,0.200503,0.200503,7.25744,0.44232,3.53807,3.67193,2.23882
u-shaped,2.25,hopcount,0,9,13.7651,7,7,183,0.202147,0.209819,5.26789,0.198808,2.59779,3.22481,2.06387
u-shaped,2.25,hopcount,0,10,17.7532,17,24,166,0.212559,0.220231,7.17811,0.447799,3.64302,3.65626,2.39527
u-shaped,2.25,hopcount,0,11,14.7367,9,27,163,0.211463,0.213655,5.72424,0.315102,2.66935,3.46687,2.13597
u-shaped,2.25,hopcount,0,12,14.4279,12,20,170,0.180775,0.188447,5.70815,0.408853,2.90752,2.91416,2.11996
u-shaped,2.25,hopcount,0,13,14.1916,15,51,139,0.215299,0.209271,6.78368,0.416848,2.41267,2.45241,1.70141
u-shaped,2.25,hopcount,0,14,15.9041,10,10,180,0.211463,0.208175,5.99598,0.309539,3.31419,3.32996,2.53477
u-shaped,2.25,hopcount,0,15,19.2091,21,26,164,0.190639,0.195023,7.40911,0.558467,4.08385,4.04109,2.73091
u-shaped,2.25,hopcount,0,16,17.5076,22,40,150,0.190091,0.191735,7.75374,0.615054,3.25845,3.28106,2.21748
u-shaped,2.25,hopcount,0,17,15.2487,14,21,169,0.204339,0.201051,6.37384,0.359109,2.71227,3.28719,2.11085
u-shaped,2.25,hopcount,0,18,15.8569,9,8,182,0.193927,0.187899,5.33571,0.248019,3.60564,3.83538,2.45035
u-shaped,2.25,hopcount,0,19,15.2807,7,15,175,0.213655,0.213107,5.45914,0.295283,3.16655,3.39497,2.53794
u-shaped,2.25,lqi,0,0,17.3501,14,18,172,0.192283,0.197763,6.32507,0.35329,4.24205,3.1338,2.90585
u-shaped,2.25,lqi,0,1,16.6615,14,14,176,0.210367,0.206531,6.46262,0.332362,3.43063,3.16978,2.84922
u-shaped,2.25,lqi,0,2,16.0626,12,26,164,0.198311,0.194475,6.19916,0.259062,3.09656,3.73148,2.38357
u-shaped,2.25,lqi,0,3,14.5187,10,18,172,0.223519,0.211463,6.10504,0.247719,2.73164,2.73597,2.26331
u-shaped,2.25,lqi,0,4,17.3081,12,11,179,0.197215,0.196667,6.12957,0.289124,4.0661,3.49219,2.93725
u-shaped,2.25,lqi,0,5,14.3343,7,7,183,0.212011,0.213655,5.47503,0.193123,2.81861,3.01666,2.40516
u-shaped,2.25,lqi,0,6,16.275,6,5,185,0.193379,0.190091,4.75667,0.195559,3.75873,4.09291,3.08771
u-shaped,2.25,lqi,0,7,12.3462,5,13,177,0.197215,0.198311,4.75673,0.167599,2.42743,2.61866,1.98028
u-shaped,2.25,lqi,0,8,17.049,9,11,179,0.201051,0.201051,5.47271,0.251429,4.14082,4.00745,2.77446
u-shaped,2.25,lqi,0,9,14.4659,9,16,174,0.201599,0.209271,5.63601,0.208569,2.82557,3.04079,2.34406
u-shaped,2.25,lqi,0,10,16.8212,11,19,171,0.212559,0.220231,6.09072,0.29638,3.47702,3.6988,2.82549
u-shaped,2.25,lqi,0,11,15.5359,9,17,173,0.209271,0.213655,5.70616,0.247568,3.39626,3.23475,2.5282
u-shaped,2.25,lqi,0,12,14.3717,7,7,183,0.178583,0.188447,4.76701,0.242177,3.19303,2.84152,2.96096
u-shaped,2.25,lqi,0,13,16.6415,12,19,171,0.214751,0.209819,6.16354,0.318181,3.37571,3.71626,2.64324
u-shaped,2.25,lqi,0,14,16.1046,11,11,179,0.211463,0.207627,6.19594,0.257218,3.05649,3.39405,2.78186
u-shaped,2.25,lqi,0,15,18.5398,16,22,168,0.189543,0.192283,6.55401,0.37871,3.89505,4.10685,3.22338
u-shaped,2.25,lqi,0,16,17.2359,14,22,168,0.191187,0.190639,6.29712,0.290707,4.02996,3.45282,2.78344
u-shaped,2.25,lqi,0,17,14.3595,7,7,183,0.205983,0.200503,5.09417,0.21225,2.91533,3.33075,2.4005
u-shaped,2.25,lqi,0,18,15.0275,9,18,172,0.193927,0.187899,5.37242,0.247556,3.21722,3.34133,2.46714
u-shaped,2.25,lqi,0,19,16.3917,8,8,182,0.216395,0.210367,5.56977,0.232446,3.5264,3.61362,3.02276
u-shaped,2.25,leo,0,0,18.6864,14,21,169,0.192283,0.197763,7.86288,0.44113,3.87078,3.54556,2.57602
u-shaped,2.25,leo,0,1,15.8903,10,19,171,0.210367,0.206531,6.52199,0.268407,2.92992,3.45495,2.29815
u-shaped,2.25,leo,0,2,18.5533,13,15,175,0.198311,0.194475,7.37078,0.321605,3.59018,4.38881,2.48911
u-shaped,2.25,leo,0,3,16.5585,8,12,178,0.223519,0.211463,6.43977,0.233301,3.35962,3.86403,2.22682
u-shaped,2.25,leo,0,4,20.3238,16,14,176,0.197763,0.198311,8.96909,0.394594,3.99354,3.70616,2.86433
u-shaped,2.25,leo,0,5,15.2139,6,7,183,0.212011,0.213655,5.89497,0.190932,2.92091,3.4372,2.34417
u-shaped,2.25,leo,0,6,15.9552,8,8,182,0.193379,0.190091,5.85439,0.254208,3.52737,3.57022,2.36553
u-shaped,2.25,leo,0,7,14.4207,8,8,182,0.199407,0.198311,5.74513,0.271197,2.95805,2.96098,2.08762
u-shaped,2.25,leo,0,8,20.223,14,12,178,0.200503,0.200503,7.85684,0.376813,4.04376,4.76148,2.78306
u-shaped,2.25,leo,0,9,14.6192,7,17,173,0.202147,0.209819,5.91438,0.187788,2.83992,3.17001,2.09511
u-shaped,2.25,leo,0,10,19.5919,17,18,172,0.212559,0.220231,8.29545,0.513617,3.68562,3.93611,2.72835
u-shaped,2.25,leo,0,11,17.5989,15,23,167,0.211463,0.213655,8.17713,0.383746,3.05967,3.26513,2.28806
u-shaped,2.25,leo,0,12,15.7791,9,9,181,0.180775,0.188447,5.84968,0.362715,3.11999,3.50058,2.57687
u-shaped,2.25,leo,0,13,16.4733,10,26,164,0.215299,0.209271,6.90169,0.305108,3.08407,3.41873,2.33912
u-shaped,2.25,leo,0,14,15.4775,8,16,174,0.211463,0.208175,6.52013,0.284957,2.87746,3.00292,2.37236
u-shaped,2.25,leo,0,15,21.4905,20,31,159,0.190639,0.195023,10.4039,0.522045,3.72611,3.7211,2.73171
u-shaped,2.25,leo,0,16,17.1183,12,36,154,0.190091,0.191735,7.34071,0.396928,3.45776,3.18978,2.35128
u-shaped,2.25,leo,0,17,15.0408,9,9,181,0.204339,0.201051,6.04948,0.242286,2.67121,3.40082,2.27161
u-shaped,2.25,leo,0,18,15.3333,10,32,158,0.193927,0.187899,6.72112,0.301586,2.89811,3.12731,1.90334
u-shaped,2.25,leo,0,19,18.1623,10,18,172,0.213655,0.213107,7.13787,0.297644,3.58997,3.99697,2.71306
u-shaped,2.25,lqi-literal,0,0,17.3388,16,31,159,0.192283,0.197763,6.71895,0.495944,3.72742,3.55473,2.45172
u-shaped,2.25,lqi-literal,0,1,13.486,10,42,148,0.210367,0.206531,5.76582,0.285379,2.36732,2.88886,1.76176
u-shaped,2.25,lqi-literal,0,2,17.0017,9,15,175,0.198311,0.194475,5.60039,0.26717,3.95491,4.32859,2.45785
u-shaped,2.25,lqi-literal,0,3,14.1888,7,23,167,0.223519,0.211463,5.51777,0.206945,2.96885,3.2047,1.85556
u-shaped,2.25,lqi-literal,0,4,16.9152,15,25,165,0.197763,0.198311,6.69765,0.365621,3.45293,3.56155,2.44135
u-shaped,2.25,lqi-literal,0,5,14.7314,5,5,185,0.212011,0.213655,5.10361,0.189798,3.008,3.4652,2.5391
u-shaped,2.25,lqi-literal,0,6,14.4368,8,14,176,0.193379,0.190091,5.08862,0.267271,3.22367,3.28871,2.18508
u-shaped,2.25,lqi-literal,0,7,13.0649,8,15,175,0.199407,0.198311,5.35824,0.288253,2.67266,2.55677,1.79129
u-shaped,2.25,lqi-literal,0,8,17.5496,19,33,157,0.200503,0.200503,7.25744,0.44232,3.53807,3.67193,2.23882
u-shaped,2.25,lqi-literal,0,9,13.7651,7,7,183,0.202147,0.209819,5.26789,0.198808,2.59779,3.22481,2.06387
u-shaped,2.25,lqi-literal,0,10,17.7532,17,24,166,0.212559,0.220231,7.17811,0.447799,3.64302,3.65626,2.39527
u-shaped,2.25,lqi-literal,0,11,14.7367,9,27,163,0.211463,0.213655,5.72424,0.315102,2.66935,3.46687,2.13597
u-shaped,2.25,lqi-literal,0,12,14.4279,12,20,170,0.180775,0.188447,5.70815,0.408853,2.90752,2.91416,2.11996
u-shaped,2.25,lqi-literal,0,13,14.1916,15,51,139,0.215299,0.209271,6.78368,0.416848,2.41267,2.45241,1.70141
u-shaped,2.25,lqi-literal,0,14,15.9041,10,10,180,0.211463,0.208175,5.99598,0.309539,3.31419,3.32996,2.53477
u-shaped,2.25,lqi-literal,0,15,19.2091,21,26,164,0.190639,0.195023,7.40911,0.558467,4.08385,4.04109,2.73091
u-shaped,2.25,lqi-literal,0,16,17.5076,22,40,150,0.190091,0.191735,7.75374,0.615054,3.25845,3.28106,2.21748
u-shaped,2.25,lqi-literal,0,17,15.2487,14,21,169,0.204339,0.201051,6.37384,0.359109,2.71227,3.28719,2.11085
u-shaped,2.25,lqi-literal,0,18,15.8569,9,8,182,0.193927,0.187899,5.33571,0.248019,3.60564,3.83538,2.45035
u-shaped,2.25,lqi-literal,0,19,15.2807,7,15,175,0.213655,0.213107,5.45914,0.295283,3.16655,3.39497,2.53794
u-shaped,2.5,hopcount,0,0,15.241,23,68,122,0.142415,0.143511,5.75469,0.79167,3.34345,2.82748,2.23781
u-shaped,2.5,hopcount,0,1,15.506,22,44,146,0.159951,0.157211,5.8939,0.615393,3.22089,3.0585,2.40011
u-shaped,2.5,hopcount,0,2,14.1574,22,62,128,0.146799,0.142415,5.65064,0.477107,2.9809,2.76618,1.99338
u-shaped,2.5,hopcount,0,3,16.0396,29,61,129,0.178035,0.168171,7.21032,0.756724,3.04822,2.87879,1.79935
u-shaped,2.5,hopcount,0,4,15.858,25,60,130,0.144607,0.141319,6.21914,0.773427,3.346,2.81123,2.42229
u-shaped,2.5,hopcount,0,5,11.8011,11,57,133,0.165431,0.163787,4.73206,0.315681,2.40879,2.34861,1.66679
u-shaped,2.5,hopcount,0,6,17.1132,23,32,158,0.145155,0.138031,5.85982,0.583726,3.83151,3.88119,2.6738
u-shaped,2.5,hopcount,0,7,12.0172,16,58,132,0.156115,0.150635,5.08174,0.464678,2.56737,1.88657,1.71006
u-shaped,2.5,hopcount,0,8,16.6114,27,62,128,0.144059,0.142415,6.26321,0.678671,3.08701,3.87616,2.41985
u-shaped,2.5,hopcount,0,9,15.5271,19,26,164,0.148991,0.156115,5.55725,0.460557,3.08413,3.92178,2.19827
u-shaped,2.5,hopcount,0,10,17.202,26,50,140,0.172555,0.165979,6.70603,0.908959,3.28629,3.03301,2.92921
u-shaped,2.5,hopcount,0,11,14.9821,22,71,119,0.175843,0.168171,6.11082,0.655674,2.99054,2.79,2.09102
u-shaped,2.5,hopcount,0,12,16.2169,19,39,151,0.128167,0.128715,5.0275,0.711044,3.55339,3.92443,2.74362
u-shaped,2.5,hopcount,0,13,15.8605,22,45,145,0.158307,0.156663,6.17659,0.617486,3.29254,2.72792,2.73103
u-shaped,2.5,hopcount,0,14,12.9911,22,77,113,0.151183,0.159951,6.23034,0.570771,2.29569,2.00928,1.57392
u-shaped,2.5,hopcount,0,15,16.2845,26,72,118,0.141319,0.139675,5.93831,0.807902,3.54299,3.08789,2.62639
u-shaped,2.5,hopcount,0,16,15.836,26,76,114,0.146251,0.140223,6.23943,0.744656,3.0928,3.18842,2.28424
u-shaped,2.5,hopcount,0,17,14.7611,16,40,150,0.144607,0.150635,5.03115,0.408249,3.04802,3.80246,2.17594
u-shaped,2.5,hopcount,0,18,16.888,32,55,135,0.144059,0.133647,6.92087,0.850192,3.46841,3.12225,2.2486
u-shaped,2.5,hopcount,0,19,17.1757,30,60,130,0.167075,0.167623,7.38576,0.772452,3.76427,2.95388,1.96468
u-shaped,2.5,lqi,0,0,16.6894,22,46,144,0.142415,0.142963,5.60182,0.723991,3.93612,3.09759,3.04445
u-shaped,2.5,lqi,0,1,15.9401,19,27,163,0.159951,0.157211,5.50447,0.561156,3.55665,3.01143,2.98927
u-shaped,2.5,lqi,0,2,13.8723,22,68,122,0.146799,0.142415,5.80748,0.497428,2.81799,2.39326,2.06689
u-shaped,2.5,lqi,0,3,16.3559,22,40,150,0.178035,0.168171,6.37665,0.532811,3.12875,3.3506,2.6209
u-shaped,2.5,lqi,0,4,16.8182,21,37,153,0.144607,0.141319,5.66685,0.650355,3.53581,3.51932,3.15995
u-shaped,2.5,lqi,0,5,14.3032,12,33,157,0.165431,0.163787,4.89054,0.335239,3.42036,2.89093,2.43694
u-shaped,2.5,lqi,0,6,14.3269,18,46,144,0.145155,0.138031,5.16672,0.451,3.36291,2.58868,2.47443
u-shaped,2.5,lqi,0,7,14.9681,17,23,167,0.156115,0.150635,5.21374,0.525063,3.18907,3.18633,2.54714
u-shaped,2.5,lqi,0,8,16.8119,28,57,133,0.144059,0.142415,6.56208,0.819542,3.08511,3.35023,2.70849
u-shaped,2.5,lqi,0,9,14.6511,14,22,168,0.151183,0.156115,4.81925,0.3353,3.27007,3.20861,2.7106
u-shaped,2.5,lqi,0,10,15.0516,19,66,124,0.175295,0.166527,5.77615,0.557309,3.08534,2.72232,2.56868
u-shaped,2.5,lqi,0,11,17.299,22,37,153,0.177487,0.169267,6.02694,0.663881,3.80318,3.33147,3.12676
u-shaped,2.5,lqi,0,12,14.6936,16,40,150,0.128167,0.128715,4.73051,0.508281,3.60386,2.78039,2.81366
u-shaped,2.5,lqi,0,13,16.4102,21,32,158,0.158855,0.157211,5.99746,0.519238,3.44221,3.07895,3.05629
u-shaped,2.5,lqi,0,14,14.3397,18,44,146,0.151183,0.159403,5.49942,0.459124,3.14318,2.46737,2.45999
u-shaped,2.5,lqi,0,15,15.2419,24,74,116,0.140771,0.139127,5.56283,0.698468,3.40227,2.62385,2.67456
u-shaped,2.5,lqi,0,16,15.4256,25,70,120,0.144607,0.141867,6.08766,0.763768,3.10731,2.63365,2.5467
u-shaped,2.5,lqi,0,17,16.3293,19,26,164,0.143511,0.150087,5.44268,0.487408,3.48926,3.77487,2.84154
u-shaped,2.5,lqi,0,18,17.1478,22,43,147,0.144059,0.133647,5.62214,0.577476,4.10191,3.33535,3.23326
u-shaped,2.5,lqi,0,19,16.7618,23,36,154,0.166527,0.168719,6.4313,0.61669,3.8356,2.84469,2.69824
u-shaped,2.5,leo,0,0,16.1193,22,65,125,0.142415,0.143511,6.52348,0.739319,3.45341,2.62507,2.49212
u-shaped,2.5,leo,0,1,18.685,26,34,156,0.159951,0.157211,7.92947,0.821087,3.56471,3.26008,2.79252
u-shaped,2.5,leo,0,2,13.7557,19,80,110,0.146799,0.142415,6.34725,0.503317,2.60934,2.35452,1.65205
u-shaped,2.5,leo,0,3,15.5333,23,69,121,0.178035,0.168171,7.40104,0.623215,2.78051,2.5742,1.80815
u-shaped,2.5,leo,0,4,16.0708,24,68,122,0.144607,0.141319,7.87475,0.761822,2.77196,2.41779,1.95854
u-shaped,2.5,leo,0,5,14.9347,12,32,158,0.165431,0.163787,5.77133,0.31028,3.11472,3.08658,2.32252
u-shaped,2.5,leo,0,6,15.4162,18,42,148,0.145155,0.138031,6.09377,0.552571,3.25863,2.7935,2.4345
u-shaped,2.5,leo,0,7,17.5058,20,26,164,0.156115,0.150635,6.72931,0.560241,3.68184,3.47114,2.75647
u-shaped,2.5,leo,0,8,17.788,25,57,133,0.144059,0.142415,7.91169,0.7389,3.22625,3.34679,2.27788
u-shaped,2.5,leo,0,9,14.8837,14,37,153,0.148991,0.156115,6.11305,0.384449,2.70417,3.22031,2.15665
u-shaped,2.5,leo,0,10,16.9083,25,70,120,0.172555,0.165979,7.96278,0.815443,3.03525,2.64719,2.10912
u-shaped,2.5,leo,0,11,17.3228,23,69,121,0.175843,0.168171,7.66058,0.749374,3.19594,3.11843,2.25448
u-shaped,2.5,leo,0,12,16.2957,17,45,145,0.128167,0.128715,5.85936,0.628243,3.18466,3.47951,2.88708
u-shaped,2.5,leo,0,13,16.727,20,47,143,0.158307,0.156663,7.02279,0.655491,3.33664,2.87319,2.52393
u-shaped,2.5,leo,0,14,18.1517,19,44,146,0.151183,0.159951,7.47395,0.565057,3.54375,3.56692,2.69091
u-shaped,2.5,leo,0,15,18.3903,28,70,120,0.141319,0.139675,8.00579,0.859654,3.56037,2.85326,2.83025
u-shaped,2.5,leo,0,16,17.0076,26,89,101,0.146251,0.140223,8.62026,0.763999,2.92215,2.32262,2.09213
u-shaped,2.5,leo,0,17,17.2874,15,27,163,0.144607,0.150635,6.16357,0.470317,3.68302,4.01883,2.65644
u-shaped,2.5,leo,0,18,19.1497,30,60,130,0.144059,0.133647,9.04047,0.843109,3.1916,3.43809,2.35872
u-shaped,2.5,leo,0,19,19.4546,31,62,128,0.167075,0.167623,10.1417,0.777307,3.38337,2.68733,2.13023
u-shaped,2.5,lqi-literal,0,0,15.241,23,68,122,0.142415,0.143511,5.75469,0.79167,3.34345,2.82748,2.23781
u-shaped,2.5,lqi-literal,0,1,15.506,22,44,146,0.159951,0.157211,5.8939,0.615393,3.22089,3.0585,2.40011
u-shaped,2.5,lqi-literal,0,2,14.1574,22,62,128,0.146799,0.142415,5.65064,0.477107,2.9809,2.76618,1.99338
u-shaped,2.5,lqi-literal,0,3,16.0396,29,61,129,0.178035,0.168171,7.21032,0.756724,3.04822,2.87879,1.79935
u-shaped,2.5,lqi-literal,0,4,15.858,25,60,130,0.144607,0.141319,6.21914,0.773427,3.346,2.81123,2.42229
u-shaped,2.5,lqi-literal,0,5,11.8011,11,57,133,0.165431,0.163787,4.73206,0.315681,2.40879,2.34861,1.66679
u-shaped,2.5,lqi-literal,0,6,17.1132,23,32,158,0.145155,0.138031,5.85982,0.583726,3.83151,3.88119,2.6738
u-shaped,2.5,lqi-literal,0,7,12.0172,16,58,132,0.156115,0.150635,5.08174,0.464678,2.56737,1.88657,1.71006
u-shaped,2.5,lqi-literal,0,8,16.6114,27,62,128,0.144059,0.142415,6.26321,0.678671,3.08701,3.87616,2.41985
u-shaped,2.5,lqi-literal,0,9,15.5271,19,26,164,0.148991,0.156115,5.55725,0.460557,3.08413,3.92178,2.19827
u-shaped,2.5,lqi-literal,0,10,17.202,26,50,140,0.172555,0.165979,6.70603,0.908959,3.28629,3.03301,2.92921
u-shaped,2.5,lqi-literal,0,11,14.9821,22,71,119,0.175843,0.168171,6.11082,0.655674,2.99054,2.79,2.09102
u-shaped,2.5,lqi-literal,0,12,16.2169,19,39,151,0.128167,0.128715,5.0275,0.711044,3.55339,3.92443,2.74362
u-shaped,2.5,lqi-literal,0,13,15.8605,22,45,145,0.158307,0.156663,6.17659,0.617486,3.29254,2.72792,2.73103
u-shaped,2.5,lqi-literal,0,14,12.9911,22,77,113,0.151183,0.159951,6.23034,0.570771,2.29569,2.00928,1.57392
u-shaped,2.5,lqi-literal,0,15,16.2845,26,72,118,0.141319,0.139675,5.93831,0.807902,3.54299,3.08789,2.62639
u-shaped,2.5,lqi-literal,0,16,15.836,26,76,114,0.146251,0.140223,6.23943,0.744656,3.0928,3.18842,2.28424
u-shaped,2.5,lqi-literal,0,17,14.7611,16,40,150,0.144607,0.150635,5.03115,0.408249,3.04802,3.80246,2.17594
u-shaped,2.5,lqi-literal,0,18,16.888,32,55,135,0.144059,0.133647,6.92087,0.850192,3.46841,3.12225,2.2486
u-shaped,2.5,lqi-literal,0,19,17.1757,30,60,130,0.167075,0.167623,7.38576,0.772452,3.76427,2.95388,1.96468
u-shaped,2.625,hopcount,0,0,11.8,22,95,95,0.122687,0.129263,4.81252,0.864985,2.38927,1.81155,1.66969
u-shaped,2.625,hopcount,0,1,11.7486,25,95,95,0.141867,0.141319,5.33985,0.789527,2.37084,1.45324,1.51194
u-shaped,2.625,hopcount,0,2,13.6052,19,70,120,0.128715,0.124331,4.39362,0.517747,3.10547,3.06733,2.26798
u-shaped,2.625,hopcount,0,3,13.2951,20,76,114,0.149539,0.141867,5.04797,0.57821,3.01242,2.48333,1.88172
u-shaped,2.625,hopcount,0,4,13.7505,20,83,107,0.118851,0.118851,4.61979,0.77995,2.96823,2.97311,2.17172
u-shaped,2.625,hopcount,0,5,15.6678,20,33,157,0.146251,0.140223,5.23825,0.56346,3.66689,3.43691,2.47581
u-shaped,2.625,hopcount,0,6,16.7062,23,48,142,0.127071,0.123235,4.97336,0.661709,3.95907,3.93951,2.92224
u-shaped,2.625,hopcount,0,7,12.5414,19,60,130,0.129263,0.132551,4.70817,0.634741,2.63881,2.36507,1.93279
u-shaped,2.625,hopcount,0,8,13.0564,27,98,92,0.127619,0.123235,5.48841,0.886755,2.24811,2.31032,1.87191
u-shaped,2.625,hopcount,0,9,14.8181,25,51,139,0.132003,0.132003,5.44269,0.724487,3.30086,2.88885,2.19725
u-shaped,2.625,hopcount,0,10,14.4406,30,89,101,0.152827,0.146799,6.07914,0.896736,3.06453,2.15996,1.9406
u-shaped,2.625,hopcount,0,11,13.0355,18,86,104,0.150635,0.146799,4.76125,0.585764,2.78365,2.81171,1.79569
u-shaped,2.625,hopcount,0,12,16.3935,26,48,142,0.106247,0.110631,5.18207,0.784742,3.87973,3.48955,2.84049
u-shaped,2.625,hopcount,0,13,15.0847,25,63,127,0.138579,0.134195,5.7508,0.790641,3.26764,2.6868,2.31602
u-shaped,2.625,hopcount,0,14,16.434,21,42,148,0.125427,0.132003,5.21048,0.68064,4.0683,3.32988,2.88728
u-shaped,2.625,hopcount,0,15,15.3998,30,95,95,0.125975,0.122687,5.1801,1.09669,3.3328,2.78874,2.7528
u-shaped,2.625,hopcount,0,16,11.7112,23,106,84,0.124331,0.124879,4.83085,0.864895,2.20685,1.86403,1.69532
u-shaped,2.625,hopcount,0,17,13.2387,20,66,124,0.127071,0.125427,4.63592,0.579689,2.88268,2.84775,2.04012
u-shaped,2.625,hopcount,0,18,15.5654,28,75,115,0.120495,0.118851,5.43473,0.870107,3.56508,3.26831,2.18784
u-shaped,2.625,hopcount,0,19,17.2989,28,58,132,0.146251,0.145155,6.15042,0.792054,3.73004,3.6192,2.71578
u-shaped,2.625,lqi,0,0,12.6536,19,86,104,0.122687,0.129263,4.45373,0.733306,2.51563,2.14742,2.5516
u-shaped,2.625,lqi,0,1,15.751,31,53,137,0.139675,0.144059,5.89461,0.92348,3.49195,2.39031,2.76688
u-shaped,2.625,lqi,0,2,14.1607,27,78,112,0.128715,0.124331,5.36892,0.652704,3.11811,2.63673,2.13121
u-shaped,2.625,lqi,0,3,16.9127,22,53,137,0.151731,0.142415,5.40124,0.676171,3.81242,3.7737,2.95506
u-shaped,2.625,lqi,0,4,13.9449,21,72,118,0.118851,0.118851,4.67098,0.718824,3.02403,2.67144,2.62196
u-shaped,2.625,lqi,0,5,16.1179,20,31,159,0.146251,0.140223,5.21708,0.457881,3.89688,3.29004,2.96953
u-shaped,2.625,lqi,0,6,15.8738,22,52,138,0.127071,0.123235,4.73945,0.634227,3.95253,3.30309,2.99421
u-shaped,2.625,lqi,0,7,13.2595,20,47,143,0.129263,0.132551,4.81884,0.45511,2.86097,2.50531,2.35747
u-shaped,2.625,lqi,0,8,15.2615,24,68,122,0.127619,0.123235,5.08498,0.709697,3.1095,3.29648,2.80995
u-shaped,2.625,lqi,0,9,14.5578,20,41,149,0.131455,0.130359,4.87357,0.519065,3.37695,2.96229,2.56413
u-shaped,2.625,lqi,0,10,13.7459,25,84,106,0.152279,0.145155,5.34905,0.733973,2.94719,2.20561,2.21265
u-shaped,2.625,lqi,0,11,14.7627,21,74,116,0.151183,0.147895,5.13606,0.643301,3.42754,2.76617,2.4906
u-shaped,2.625,lqi,0,12,15.7632,26,44,146,0.106247,0.110631,5.14281,0.790508,3.55513,3.14193,2.91597
u-shaped,2.625,lqi,0,13,16.7229,28,57,133,0.138579,0.134195,6.08278,0.825691,3.7342,3.01902,2.78842
u-shaped,2.625,lqi,0,14,14.7351,25,63,127,0.125427,0.132003,5.54448,0.616104,3.21582,2.68329,2.41795
u-shaped,2.625,lqi,0,15,12.1939,21,105,85,0.124331,0.123235,3.9581,0.668874,2.982,2.15316,2.18419
u-shaped,2.625,lqi,0,16,11.8657,22,103,87,0.124331,0.124879,4.71929,0.783641,2.35832,1.8202,1.93502
u-shaped,2.625,lqi,0,17,12.1015,18,73,117,0.127071,0.125427,4.36777,0.521343,2.57449,2.47201,1.91339
u-shaped,2.625,lqi,0,18,16.9005,27,56,134,0.120495,0.121043,5.27315,0.819526,3.95851,3.35097,3.2568
u-shaped,2.625,lqi,0,19,15.1161,29,78,112,0.146251,0.147895,6.30974,0.813854,3.3996,2.0071,2.29168
u-shaped,2.625,leo,0,0,12.9009,24,94,96,0.122687,0.129263,5.76401,0.835976,2.43417,1.90842,1.70639
u-shaped,2.625,leo,0,1,16.1541,24,61,129,0.141867,0.141319,6.57073,0.897086,3.28448,2.61731,2.50134
u-shaped,2.625,leo,0,2,15.3959,21,57,133,0.128715,0.124331,5.60995,0.552561,3.43298,3.00848,2.53886
u-shaped,2.625,leo,0,3,17.0234,28,56,134,0.149539,0.141867,7.16981,0.72957,3.48407,2.86119,2.48737
u-shaped,2.625,leo,0,4,17.4385,25,58,132,0.118851,0.118851,6.36723,0.843382,3.77936,3.38897,2.82181
u-shaped,2.625,leo,0,5,15.7016,21,60,130,0.146251,0.140223,6.40789,0.47793,3.18417,3.11558,2.22953
u-shaped,2.625,leo,0,6,17.4039,21,36,154,0.127071,0.123235,5.18117,0.62361,4.01548,4.14137,3.19195
u-shaped,2.625,leo,0,7,15.7754,27,45,145,0.129263,0.132551,6.69808,0.659908,2.75822,3.06279,2.33456
u-shaped,2.625,leo,0,8,16.2686,29,85,105,0.127619,0.123235,7.07309,0.833879,3.00942,2.95882,2.14256
u-shaped,2.625,leo,0,9,14.9311,16,39,151,0.132003,0.132003,5.131,0.510714,3.27873,3.16162,2.585
u-shaped,2.625,leo,0,10,15.535,26,88,102,0.152827,0.146799,6.9042,0.893313,2.94588,2.24293,2.24909
u-shaped,2.625,leo,0,11,13.6378,23,92,98,0.150635,0.146799,6.04152,0.785383,2.60937,2.16244,1.74164
u-shaped,2.625,leo,0,12,14.6646,24,68,122,0.106247,0.110631,6.05275,0.771435,3.06879,2.47129,2.08347
u-shaped,2.625,leo,0,13,15.2128,23,69,121,0.138579,0.134195,6.2085,0.701719,3.23571,2.70546,2.08866
u-shaped,2.625,leo,0,14,16.0226,22,50,140,0.125427,0.132003,6.28873,0.598552,3.64477,2.63412,2.59904
u-shaped,2.625,leo,0,15,14.5379,29,110,80,0.125975,0.122687,6.07254,0.907237,3.00189,2.28339,2.02418
u-shaped,2.625,leo,0,16,15.8021,24,89,101,0.124331,0.124879,6.15613,0.86371,3.12277,2.93268,2.47762
u-shaped,2.625,leo,0,17,17.0894,22,44,146,0.127071,0.125427,6.29261,0.654738,3.54131,3.55261,2.79563
u-shaped,2.625,leo,0,18,16.8499,27,81,109,0.120495,0.118851,7.19738,0.933563,2.97183,3.18035,2.32741
u-shaped,2.625,leo,0,19,17.0161,30,74,116,0.146251,0.145155,8.56817,0.812865,2.68948,2.56234,2.09185
u-shaped,2.625,lqi-literal,0,0,11.8,22,95,95,0.122687,0.129263,4.81252,0.864985,2.38927,1.81155,1.66969
u-shaped,2.625,lqi-literal,0,1,11.7486,25,95,95,0.141867,0.141319,5.33985,0.789527,2.37084,1.45324,1.51194
u-shaped,2.625,lqi-literal,0,2,13.6052,19,70,120,0.128715,0.124331,4.39362,0.517747,3.10547,3.06733,2.26798
u-shaped,2.625,lqi-literal,0,3,13.2951,20,76,114,0.149539,0.141867,5.04797,0.57821,3.01242,2.48333,1.88172
u-shaped,2.625,lqi-literal,0,4,13.7505,20,83,107,0.118851,0.118851,4.61979,0.77995,2.96823,2.97311,2.17172
u-shaped,2.625,lqi-literal,0,5,15.6678,20,33,157,0.146251,0.140223,5.23825,0.56346,3.66689,3.43691,2.47581
u-shaped,2.625,lqi-literal,0,6,16.7062,23,48,142,0.127071,0.123235,4.97336,0.661709,3.95907,3.93951,2.92224
u-shaped,2.625,lqi-literal,0,7,12.5414,19,60,130,0.129263,0.132551,4.70817,0.634741,2.63881,2.36507,1.93279
u-shaped,2.625,lqi-literal,0,8,13.0564,27,98,92,0.127619,0.123235,5.48841,0.886755,2.24811,2.31032,1.87191
u-shaped,2.625,lqi-literal,0,9,14.8181,25,51,139,0.132003,0.132003,5.44269,0.724487,3.30086,2.88885,2.19725
u-shaped,2.625,lqi-literal,0,10,14.4406,30,89,101,0.152827,0.146799,6.07914,0.896736,3.06453,2.15996,1.9406
u-shaped,2.625,lqi-literal,0,11,13.0355,18,86,104,0.150635,0.146799,4.76125,0.585764,2.78365,2.81171,1.79569
u-shaped,2.625,lqi-literal,0,12,16.3935,26,48,142,0.106247,0.110631,5.18207,0.784742,3.87973,3.48955,2.84049
u-shaped,2.625,lqi-literal,0,13,15.0847,25,63,127,0.138579,0.134195,5.7508,0.790641,3.26764,2.6868,2.31602
u-shaped,2.625,lqi-literal,0,14,16.434,21,42,148,0.125427,0.132003,5.21048,0.68064,4.0683,3.32988,2.88728
u-shaped,2.625,lqi-literal,0,15,14.1601,27,95,95,0.125975,0.122687,4.85402,0.941515,3.11028,2.65158,2.35408
u-shaped,2.625,lqi-literal,0,16,11.7112,23,106,84,0.124331,0.124879,4.83085,0.864895,2.20685,1.86403,1.69532
u-shaped,2.625,lqi-literal,0,17,13.2387,20,66,124,0.127071,0.125427,4.63592,0.579689,2.88268,2.84775,2.04012
u-shaped,2.625,lqi-literal,0,18,15.5654,28,75,115,0.120495,0.118851,5.43473,0.870107,3.56508,3.26831,2.18784
u-shaped,2.625,lqi-literal,0,19,17.2989,28,58,132,0.146251,0.145155,6.15042,0.792054,3.73004,3.6192,2.71578
u-shaped,3,hopcount,0,0,5.80894,8,140,50,0.0898073,0.0936433,2.01806,0.288328,1.24657,1.23565,0.836874
u-shaped,3,hopcount,0,1,5.08195,8,139,51,0.100219,0.0985753,2.13349,0.195798,0.998302,0.715548,0.840019
u-shaped,3,hopcount,0,2,6.05928,15,139,51,0.0870673,0.0865193,1.57633,0.349523,1.68118,1.20432,1.07435
u-shaped,3,hopcount,0,3,8.75008,21,120,70,0.108439,0.103507,2.72036,0.683544,2.13034,1.34574,1.65814
u-shaped,3,hopcount,0,4,6.18006,9,139,51,0.0887113,0.0914513,1.65678,0.373611,1.42431,1.4442,1.101
u-shaped,3,hopcount,0,5,10.6021,24,100,90,0.105699,0.103507,3.08937,0.641334,2.53886,2.19359,1.92972
u-shaped,3,hopcount,0,6,6.31777,16,146,44,0.0941913,0.0892593,1.93758,0.374692,1.5473,1.15801,1.11673
u-shaped,3,hopcount,0,7,7.90553,21,109,81,0.0991233,0.0969313,2.64194,0.533182,1.69695,1.50461,1.3328
u-shaped,3,hopcount,0,8,5.26251,17,160,30,0.0919993,0.0909033,1.97957,0.661814,1.11215,0.559273,0.766799
u-shaped,3,hopcount,0,9,7.58048,23,112,78,0.0936433,0.0958353,2.63485,0.616536,1.87732,1.19627,1.06603
u-shaped,3,hopcount,0,10,6.88446,20,145,45,0.100767,0.104603,2.96781,0.731156,1.38732,0.719617,0.873188
u-shaped,3,hopcount,0,11,6.51284,17,153,37,0.115563,0.116111,2.89619,0.497737,1.27907,0.87784,0.730326
u-shaped,3,hopcount,0,12,6.62869,11,126,64,0.0876153,0.0859713,1.9127,0.417471,1.63425,1.34812,1.14256
u-shaped,3,hopcount,0,13,9.36497,23,116,74,0.0974793,0.0996713,3.02517,0.781967,2.23412,1.79911,1.32745
u-shaped,3,hopcount,0,14,9.82132,23,115,75,0.0919993,0.0903553,2.59551,0.738897,2.29577,2.25697,1.75181
u-shaped,3,hopcount,0,15,2.3879,2,171,19,0.0876153,0.0876153,0.889644,0.0895595,0.460451,0.354447,0.418565
u-shaped,3,hopcount,0,16,3.4436,5,173,17,0.0909033,0.0898073,1.9159,0.183125,0.392685,0.399881,0.371307
u-shaped,3,hopcount,0,17,6.37477,19,138,52,0.0936433,0.0914513,2.31808,0.616183,1.3633,1.00748,0.88463
u-shaped,3,hopcount,0,18,5.53355,13,152,38,0.0980273,0.0952873,2.0376,0.420476,1.22255,0.830747,0.828855
u-shaped,3,hopcount,0,19,5.83482,18,146,44,0.103507,0.103507,2.88376,0.648917,0.959927,0.445059,0.690145
u-shaped,3,lqi,0,0,4.15331,5,156,34,0.0898073,0.0936433,1.86117,0.197673,0.768926,0.608437,0.53365
u-shaped,3,lqi,0,1,4.49041,6,151,39,0.100219,0.0985753,2.18156,0.200716,0.815069,0.521481,0.57279
u-shaped,3,lqi,0,2,5.61348,17,143,47,0.0870673,0.0865193,1.85932,0.567392,1.34592,0.868985,0.79827
u-shaped,3,lqi,0,3,7.9035,20,122,68,0.108439,0.103507,2.67921,0.58478,1.91251,1.12307,1.392
u-shaped,3,lqi,0,4,6.08145,9,139,51,0.0887113,0.0914513,1.63966,0.369708,1.39203,1.34199,1.15789
u-shaped,3,lqi,0,5,8.05361,23,131,59,0.105699,0.103507,2.97033,0.656059,1.82587,1.11747,1.27467
u-shaped,3,lqi,0,6,7.78646,15,127,63,0.0941913,0.0892593,1.9609,0.349106,2.22603,1.4135,1.65347
u-shaped,3,lqi,0,7,9.30567,24,103,87,0.0991233,0.0969313,2.86202,0.643075,2.1548,1.77984,1.66987
u-shaped,3,lqi,0,8,4.50438,16,163,27,0.0919993,0.0903553,1.97894,0.586075,0.885702,0.320139,0.55117
u-shaped,3,lqi,0,9,7.68344,22,111,79,0.0936433,0.0958353,2.46958,0.609903,1.92878,1.17397,1.31172
u-shaped,3,lqi,0,10,7.09959,21,144,46,0.100767,0.104603,3.08283,0.752338,1.51412,0.627507,0.917427
u-shaped,3,lqi,0,11,8.12583,22,138,52,0.115563,0.116111,3.24398,0.775834,1.6957,1.02805,1.15059
u-shaped,3,lqi,0,12,8.00126,17,120,70,0.0876153,0.0859713,2.16669,0.50299,2.14673,1.56451,1.44676
u-shaped,3,lqi,0,13,9.43917,25,116,74,0.0974793,0.0996713,3.10468,0.879261,2.12641,1.55922,1.57244
u-shaped,3,lqi,0,14,9.12383,20,121,69,0.0919993,0.0903553,2.44709,0.670334,2.07568,2.01011,1.73825
u-shaped,3,lqi,0,15,2.3879,2,171,19,0.0876153,0.0876153,0.889644,0.0895595,0.460451,0.354447,0.418565
u-shaped,3,lqi,0,16,2.94089,2,172,18,0.0909033,0.0898073,1.67646,0.0820962,0.298356,0.401843,0.301429
u-shaped,3,lqi,0,17,7.02081,18,122,68,0.0914513,0.0925473,2.41344,0.426121,1.4969,1.34397,1.15638
u-shaped,3,lqi,0,18,5.35353,12,152,38,0.0980273,0.0952873,1.98453,0.430131,1.12359,0.738669,0.883306
u-shaped,3,lqi,0,19,5.90842,17,148,42,0.103507,0.103507,2.74315,0.646417,1.02021,0.501128,0.790512
u-shaped,3,leo,0,0,4.27935,6,157,33,0.0898073,0.0936433,1.88997,0.214448,0.785676,0.69472,0.511089
u-shaped,3,leo,0,1,4.84802,8,139,51,0.100219,0.0985753,2.17393,0.191792,0.919188,0.636642,0.72767
u-shaped,3,leo,0,2,6.48803,16,137,53,0.0870673,0.0865193,1.83391,0.443919,1.65368,1.17431,1.20862
u-shaped,3,leo,0,3,7.92458,19,129,61,0.108439,0.103507,2.67677,0.582577,1.75382,1.30378,1.39569
u-shaped,3,leo,0,4,3.32071,4,157,33,0.0887113,0.0914513,1.21657,0.191854,0.772274,0.442161,0.517694
u-shaped,3,leo,0,5,8.21587,21,124,66,0.105699,0.103507,3.05284,0.570222,1.81574,1.40093,1.16693
u-shaped,3,leo,0,6,7.39981,20,140,50,0.0941913,0.0892593,2.20591,0.55165,1.93286,1.18511,1.34083
u-shaped,3,leo,0,7,9.09614,24,104,86,0.0991233,0.0969313,2.94783,0.709709,2.04779,1.68893,1.50583
u-shaped,3,leo,0,8,5.23345,19,160,30,0.0919993,0.0909033,2.33281,0.683847,1.08083,0.377946,0.575114
u-shaped,3,leo,0,9,8.66528,25,109,81,0.0936433,0.0958353,3.11331,0.697204,2.04594,1.25448,1.36486
u-shaped,3,leo,0,10,5.8706,21,158,32,0.100767,0.104603,3.09628,0.643241,1.10071,0.330251,0.494752
u-shaped,3,leo,0,11,7.9692,22,142,48,0.115563,0.116111,3.3216,0.605219,1.75376,0.972319,1.08463
u-shaped,3,leo,0,12,7.37832,12,125,65,0.0876153,0.0859713,2.15289,0.43781,1.79689,1.60273,1.21441
u-shaped,3,leo,0,13,7.57747,24,142,48,0.0974793,0.0996713,3.23113,0.851727,1.65662,0.712147,0.928694
u-shaped,3,leo,0,14,9.04187,22,122,68,0.0919993,0.0903553,2.85232,0.770659,1.85428,1.92615,1.45611
u-shaped,3,leo,0,15,2.3879,2,171,19,0.0876153,0.0876153,0.889644,0.0895595,0.460451,0.354447,0.418565
u-shaped,3,leo,0,16,5.88108,6,155,35,0.0909033,0.0898073,2.11055,0.29307,1.11702,1.09554,1.08418
u-shaped,3,leo,0,17,8.84365,23,121,69,0.0936433,0.0914513,2.8287,0.693615,1.89928,1.84772,1.38924
u-shaped,3,leo,0,18,5.1469,11,161,29,0.0980273,0.0952873,2.1584,0.465717,0.910807,0.663076,0.755585
u-shaped,3,leo,0,19,6.52978,19,142,48,0.103507,0.103507,3.12416,0.612651,1.20499,0.568122,0.812842
u-shaped,3,lqi-literal,0,0,5.80894,8,140,50,0.0898073,0.0936433,2.01806,0.288328,1.24657,1.23565,0.836874
u-shaped,3,lqi-literal,0,1,5.08195,8,139,51,0.100219,0.0985753,2.13349,0.195798,0.998302,0.715548,0.840019
u-shaped,3,lqi-literal,0,2,6.05928,15,139,51,0.0870673,0.0865193,1.57633,0.349523,1.68118,1.20432,1.07435
u-shaped,3,lqi-literal,0,3,8.75008,21,120,70,0.108439,0.103507,2.72036,0.683544,2.13034,1.34574,1.65814
u-shaped,3,lqi-literal,0,4,6.18006,9,139,51,0.0887113,0.0914513,1.65678,0.373611,1.42431,1.4442,1.101
u-shaped,3,lqi-literal,0,5,10.6021,24,100,90,0.105699,0.103507,3.08937,0.641334,2.53886,2.19359,1.92972
u-shaped,3,lqi-literal,0,6,6.31777,16,146,44,0.0941913,0.0892593,1.93758,0.374692,1.5473,1.15801,1.11673
u-shaped,3,lqi-literal,0,7,7.90553,21,109,81,0.0991233,0.0969313,2.64194,0.533182,1.69695,1.50461,1.3328
u-shaped,3,lqi-literal,0,8,5.26251,17,160,30,0.0919993,0.0909033,1.97957,0.661814,1.11215,0.559273,0.766799
u-shaped,3,lqi-literal,0,9,7.58048,23,112,78,0.0936433,0.0958353,2.63485,0.616536,1.87732,1.19627,1.06603
u-shaped,3,lqi-literal,0,10,6.88446,20,145,45,0.100767,0.104603,2.96781,0.731156,1.38732,0.719617,0.873188
u-shaped,3,lqi-literal,0,11,6.51284,17,153,37,0.115563,0.116111,2.89619,0.497737,1.27907,0.87784,0.730326
u-shaped,3,lqi-literal,0,12,6.62869,11,126,64,0.0876153,0.0859713,1.9127,0.417471,1.63425,1.34812,1.14256
u-shaped,3,lqi-literal,0,13,9.36497,23,116,74,0.0974793,0.0996713,3.02517,0.781967,2.23412,1.79911,1.32745
u-shaped,3,lqi-literal,0,14,9.82132,23,115,75,0.0919993,0.0903553,2.59551,0.738897,2.29577,2.25697,1.75181
u-shaped,3,lqi-literal,0,15,2.3879,2,171,19,0.0876153,0.0876153,0.889644,0.0895595,0.460451,0.354447,0.418565
u-shaped,3,lqi-literal,0,16,3.4436,5,173,17,0.0909033,0.0898073,1.9159,0.183125,0.392685,0.399881,0.371307
u-shaped,3,lqi-literal,0,17,7.73762,19,126,64,0.0936433,0.0914513,2.40961,0.481455,1.86637,1.49602,1.29907
u-shaped,3,lqi-literal,0,18,5.53355,13,152,38,0.0980273,0.0952873,2.0376,0.420476,1.22255,0.830747,0.828855
u-shaped,3,lqi-literal,0,19,5.83482,18,146,44,0.103507,0.103507,2.88376,0.648917,0.959927,0.445059,0.690145
line,2,hopcount,0,0,15.3864,12,19,171,0.204339,0.202147,6.29725,0.415151,2.85779,3.09448,2.31528
line,2,hopcount,0,1,14.1376,8,8,182,0.198311,0.192831,5.38948,0.376237,2.8262,2.64839,2.50619
line,2,hopcount,0,2,11.2008,6,14,176,0.206531,0.199407,5.13479,0.253233,1.76922,1.9189,1.71874
line,2,hopcount,0,3,13.7275,7,15,175,0.218587,0.207079,5.44599,0.321078,2.60671,2.87986,2.04825
line,2,hopcount,0,4,12.1623,6,6,184,0.198311,0.202695,5.10081,0.25714,2.23488,2.2695,1.899
line,2,hopcount,0,5,11.5138,8,15,175,0.228451,0.223519,5.8898,0.213858,1.67899,1.75525,1.52391
line,2,hopcount,0,6,14.0333,7,11,179,0.186255,0.182967,4.97635,0.226412,2.71309,3.39777,2.35046
line,2,hopcount,0,7,14.3112,12,18,172,0.196667,0.195023,6.19587,0.309824,2.91544,2.60089,1.89748
line,2,hopcount,0,8,11.8381,5,5,185,0.215299,0.216943,4.9973,0.149261,2.12992,2.37719,1.75218
line,2,hopcount,0,9,12.7687,6,14,176,0.193927,0.191187,4.89531,0.265063,2.43944,2.73875,2.04507
line,2,hopcount,0,10,17.8941,10,14,176,0.225711,0.227903,6.15162,0.383748,3.72193,4.38594,2.79723
line,2,hopcount,0,11,13.2439,9,20,170,0.199407,0.195571,5.35708,0.37758,2.4858,2.70604,1.92241
line,2,hopcount,0,12,11.6092,2,2,188,0.180227,0.178035,3.78258,0.170976,2.65602,2.63908,2.00228
line,2,hopcount,0,13,13.6862,6,6,184,0.200503,0.197215,5.06135,0.252123,2.84871,3.00978,2.11654
line,2,hopcount,0,14,12.9869,8,8,182,0.192831,0.193379,5.28042,0.257043,2.19208,2.71205,2.15914
line,2,hopcount,0,15,13.2412,8,20,170,0.187899,0.190639,5.11164,0.329871,2.89937,2.49469,2.02706
line,2,hopcount,0,16,13.4943,8,24,166,0.212559,0.210367,5.4651,0.273069,2.95764,2.48472,1.89084
line,2,hopcount,0,17,13.1767,9,25,165,0.190091,0.194475,5.48915,0.322297,2.43555,2.55917,1.98596
line,2,hopcount,0,18,10.5457,4,12,178,0.213107,0.203791,4.78639,0.169962,1.88,1.84897,1.44346
line,2,hopcount,0,19,14.805,5,5,185,0.196119,0.188995,4.69261,0.23763,3.62945,3.49894,2.36129
line,2,lqi,0,0,14.88,13,28,162,0.204339,0.202147,6.51858,0.35208,2.46756,2.90191,2.23336
line,2,lqi,0,1,14.0267,9,7,183,0.198311,0.192831,5.60149,0.27198,2.90743,2.39829,2.45636
line,2,lqi,0,2,11.0992,3,11,179,0.206531,0.199407,4.48176,0.194125,1.7925,2.23192,1.99295
line,2,lqi,0,3,14.6557,10,10,180,0.218587,0.207079,6.05846,0.254427,3.08636,2.60506,2.2257
line,2,lqi,0,4,12.2881,2,2,188,0.198311,0.202695,4.26866,0.194855,2.23145,2.82642,2.36567
line,2,lqi,0,5,11.7225,7,15,175,0.228451,0.223519,5.7304,0.168595,2.1127,1.71469,1.54414
line,2,lqi,0,6,14.3796,7,7,183,0.186255,0.182967,5.0032,0.192702,2.8144,3.38361,2.61646
line,2,lqi,0,7,13.1982,6,14,176,0.196667,0.195023,5.00436,0.242051,2.73063,2.55482,2.27465
line,2,lqi,0,8,11.8284,4,4,186,0.215299,0.216943,4.82091,0.122588,2.19374,2.42645,1.83244
line,2,lqi,0,9,13.9053,8,7,183,0.193927,0.191187,5.2744,0.271745,2.90525,2.60512,2.4637
line,2,lqi,0,10,17.5611,12,12,178,0.225711,0.227903,6.55043,0.351481,3.30181,3.76308,3.14073
line,2,lqi,0,11,12.7248,6,14,176,0.198859,0.196119,4.81147,0.263314,2.53436,2.31865,2.40207
line,2,lqi,0,12,12.5475,6,6,184,0.180227,0.178035,4.64268,0.184861,2.53339,2.78934,2.039
line,2,lqi,0,13,13.0667,4,4,186,0.200503,0.197215,4.63295,0.20893,2.97174,2.5155,2.3399
line,2,lqi,0,14,12.4643,8,14,176,0.192831,0.193379,5.26618,0.188771,2.75333,1.83759,2.03224
line,2,lqi,0,15,12.8693,8,14,176,0.187351,0.190091,5.13794,0.320654,2.43502,2.17809,2.42015
line,2,lqi,0,16,13.4392,12,30,160,0.212559,0.210367,6.25889,0.327789,2.36467,2.13075,1.93417
line,2,lqi,0,17,15.1358,13,20,170,0.190091,0.194475,6.28239,0.313692,3.06307,2.6015,2.49062
line,2,lqi,0,18,10.7466,4,12,178,0.213107,0.203791,4.7694,0.190842,1.66599,2.09598,1.60753
line,2,lqi,0,19,12.7436,5,5,185,0.196119,0.188995,4.68494,0.224655,2.909,2.22614,2.31377
line,2,leo,0,0,20.4219,20,22,168,0.204339,0.202147,11.0038,0.485411,2.91112,3.22542,2.38958
line,2,leo,0,1,13.2857,5,10,180,0.198311,0.192831,4.96213,0.305949,2.81612,2.35977,2.45061
line,2,leo,0,2,11.4519,7,20,170,0.206531,0.199407,5.79047,0.237512,1.60529,1.84346,1.56923
line,2,leo,0,3,14.6066,8,8,182,0.218587,0.207079,6.09594,0.302338,2.57136,2.99714,2.21414
line,2,leo,0,4,13.5185,12,14,176,0.198311,0.202695,6.96469,0.289832,1.99769,2.11441,1.75092
line,2,leo,0,5,10.9423,4,23,167,0.228451,0.223519,5.24583,0.153214,1.65208,1.91251,1.52664
line,2,leo,0,6,14.9046,7,8,182,0.186255,0.182967,5.64894,0.233507,2.69257,3.54125,2.41907
line,2,leo,0,7,14.4863,12,24,166,0.196667,0.195023,7.13099,0.350369,2.4323,2.41679,1.76415
line,2,leo,0,8,11.5128,2,2,188,0.215299,0.216943,4.54288,0.101024,2.2109,2.40004,1.82571
line,2,leo,0,9,13.8875,6,14,176,0.193927,0.191187,5.52325,0.26621,2.50094,3.04796,2.16404
line,2,leo,0,10,18.8055,13,17,173,0.225711,0.227903,8.17931,0.457785,3.40888,3.56604,2.73986
line,2,leo,0,11,14.1206,8,7,183,0.199407,0.195571,5.75451,0.325336,2.77126,2.69389,2.18059
line,2,leo,0,12,11.9709,2,2,188,0.180227,0.178035,3.90826,0.179231,2.66721,2.68071,2.1772
line,2,leo,0,13,14.1283,6,6,184,0.200503,0.197215,5.33602,0.257059,2.87454,3.04408,2.21887
line,2,leo,0,14,12.8528,9,17,173,0.192831,0.193379,5.94707,0.268853,2.00858,2.36602,1.87602
line,2,leo,0,15,14.1499,7,13,177,0.187899,0.190639,5.78027,0.300336,2.99831,2.54868,2.14375
line,2,leo,0,16,15.7907,13,21,169,0.212559,0.210367,7.52701,0.384319,2.80954,2.57482,2.07206
line,2,leo,0,17,13.1068,7,33,157,0.190091,0.194475,5.80082,0.299622,2.36622,2.3897,1.86584
line,2,leo,0,18,11.4359,6,11,179,0.213107,0.203791,5.71774,0.205255,1.8015,1.83635,1.4582
line,2,leo,0,19,13.8453,5,12,178,0.196119,0.188995,5.06167,0.249249,3.2058,2.73837,2.20506
line,2,lqi-literal,0,0,15.3864,12,19,171,0.204339,0.202147,6.29725,0.415151,2.85779,3.09448,2.31528
line,2,lqi-literal,0,1,14.1376,8,8,182,0.198311,0.192831,5.38948,0.376237,2.8262,2.64839,2.50619
line,2,lqi-literal,0,2,11.2008,6,14,176,0.206531,0.199407,5.13479,0.253233,1.76922,1.9189,1.71874
line,2,lqi-literal,0,3,13.7275,7,15,175,0.218587,0.207079,5.44599,0.321078,2.60671,2.87986,2.04825
line,2,lqi-literal,0,4,12.1623,6,6,184,0.198311,0.202695,5.10081,0.25714,2.23488,2.2695,1.899
line,2,lqi-literal,0,5,11.5138,8,15,175,0.228451,0.223519,5.8898,0.213858,1.67899,1.75525,1.52391
line,2,lqi-literal,0,6,14.0333,7,11,179,0.186255,0.182967,4.97635,0.226412,2.71309,3.39777,2.35046
line,2,lqi-literal,0,7,14.3112,12,18,172,0.196667,0.195023,6.19587,0.309824,2.91544,2.60089,1.89748
line,2,lqi-literal,0,8,11.8381,5,5,185,0.215299,0.216943,4.9973,0.149261,2.12992,2.37719,1.75218
line,2,lqi-literal,0,9,12.7687,6,14,176,0.193927,0.191187,4.89531,0.265063,2.43944,2.73875,2.04507
line,2,lqi-literal,0,10,17.8941,10,14,176,0.225711,0.227903,6.15162,0.383748,3.72193,4.38594,2.79723
line,2,lqi-literal,0,11,13.2439,9,20,170,0.199407,0.195571,5.35708,0.37758,2.4858,2.70604,1.92241
line,2,lqi-literal,0,12,11.6092,2,2,188,0.180227,0.178035,3.78258,0.170976,2.65602,2.63908,2.00228
line,2,lqi-literal,0,13,13.6862,6,6,184,0.200503,0.197215,5.06135,0.252123,2.84871,3.00978,2.11654
line,2,lqi-literal,0,14,12.9869,8,8,182,0.192831,0.193379,5.28042,0.257043,2.19208,2.71205,2.15914
line,2,lqi-literal,0,15,13.2412,8,20,170,0.187899,0.190639,5.11164,0.329871,2.89937,2.49469,2.02706
line,2,lqi-literal,0,16,13.4943,8,24,166,0.212559,0.210367,5.4651,0.273069,2.95764,2.48472,1.89084
line,2,lqi-literal,0,17,13.1767,9,25,165,0.190091,0.194475,5.48915,0.322297,2.43555,2.55917,1.98596
line,2,lqi-literal,0,18,12.0916,9,8,182,0.213107,0.203791,5.81302,0.346046,1.90262,1.90038,1.7126
line,2,lqi-literal,0,19,14.805,5,5,185,0.196119,0.188995,4.69261,0.23763,3.62945,3.49894,2.36129
line,2.25,hopcount,0,0,15.1659,27,61,129,0.161047,0.151183,7.16031,0.809656,2.45786,2.3028,2.12303
line,2.25,hopcount,0,1,15.6247,20,23,167,0.151183,0.144059,6.04058,0.564571,3.42222,3.07272,2.22942
line,2.25,hopcount,0,2,12.5388,10,26,164,0.162691,0.153375,4.63951,0.461328,2.3849,2.66522,2.07172
line,2.25,hopcount,0,3,15.5413,14,22,168,0.164883,0.164883,5.37265,0.552704,2.79181,3.92448,2.5699
line,2.25,hopcount,0,4,13.3081,15,30,160,0.156663,0.157759,5.45958,0.430833,2.35634,2.837,1.90988
line,2.25,hopcount,0,5,12.2848,13,29,161,0.186255,0.178035,5.46478,0.266392,2.51984,1.97554,1.69398
line,2.25,hopcount,0,6,13.5383,16,53,137,0.145155,0.143511,5.20381,0.470561,2.73894,2.81162,2.02467
line,2.25,hopcount,0,7,13.2489,14,36,154,0.155567,0.154471,5.10526,0.479125,2.84293,2.42637,2.08517
line,2.25,hopcount,0,8,15.4067,16,14,176,0.165431,0.167623,5.46129,0.391505,3.75682,3.14856,2.31545
line,2.25,hopcount,0,9,15.8203,14,32,158,0.148991,0.149539,4.89572,0.461903,3.45133,3.95231,2.76056
line,2.25,hopcount,0,10,16.7313,30,84,106,0.185159,0.180775,8.38013,0.961011,2.75781,2.22424,2.04215
line,2.25,hopcount,0,11,15.1155,21,31,159,0.146799,0.147895,5.79085,0.682438,3.04964,2.97889,2.31902
line,2.25,hopcount,0,12,10.0591,11,59,131,0.135291,0.138579,4.4071,0.361716,2.00732,1.57282,1.43625
line,2.25,hopcount,0,13,15.9966,15,15,175,0.148443,0.152279,5.34379,0.498678,3.4234,3.6336,2.79638
line,2.25,hopcount,0,14,12.7553,15,33,157,0.144059,0.146251,5.12387,0.516141,2.56438,2.19939,2.06116
line,2.25,hopcount,0,15,16.1693,26,33,157,0.148991,0.151183,6.58923,0.697963,3.06927,3.21297,2.29967
line,2.25,hopcount,0,16,16.2739,23,39,151,0.168171,0.160499,6.41293,0.770147,3.12628,3.25747,2.37842
line,2.25,hopcount,0,17,13.3208,19,63,127,0.153375,0.156663,6.04565,0.547779,2.3269,2.24106,1.84938
line,2.25,hopcount,0,18,11.4229,13,46,144,0.159951,0.159951,5.19006,0.394508,1.99138,1.8673,1.65978
line,2.25,hopcount,0,19,15.9576,19,28,162,0.145703,0.151183,5.73986,0.58954,3.73923,3.39042,2.20162
line,2.25,lqi,0,0,13.6629,20,67,123,0.161047,0.151183,6.08247,0.685867,2.48615,1.9871,2.10908
line,2.25,lqi,0,1,14.7756,14,14,176,0.150635,0.144059,5.02679,0.46413,3.16654,2.89476,2.9287
line,2.25,lqi,0,2,13.8392,15,20,170,0.162143,0.153375,5.47927,0.520816,2.54319,2.50152,2.47891
line,2.25,lqi,0,3,14.9924,15,24,166,0.164883,0.164883,5.48205,0.503868,2.96973,3.09896,2.60798
line,2.25,lqi,0,4,14.5461,18,26,164,0.156115,0.157211,5.92865,0.464738,2.89288,2.61546,2.33107
line,2.25,lqi,0,5,11.8368,12,28,162,0.186255,0.178035,5.34137,0.263226,2.37769,1.77025,1.71995
line,2.25,lqi,0,6,16.2675,18,24,166,0.144607,0.141867,5.45614,0.483775,3.35271,3.60044,3.088
line,2.25,lqi,0,7,13.2675,12,28,162,0.155567,0.154471,4.7956,0.412844,2.84955,2.65607,2.24338
line,2.25,lqi,0,8,14.4507,11,11,179,0.165431,0.167623,4.75672,0.259358,3.21047,3.19842,2.69265
line,2.25,lqi,0,9,15.3622,13,26,164,0.148991,0.149539,4.7469,0.453473,3.41593,3.27306,3.17433
line,2.25,lqi,0,10,17.2269,27,58,132,0.185707,0.178583,7.69039,0.807146,3.12963,2.54373,2.69172
line,2.25,lqi,0,11,13.0168,16,38,152,0.146799,0.147895,5.12705,0.56997,2.59813,2.01555,2.41137
line,2.25,lqi,0,12,14.1656,17,17,173,0.135291,0.139675,5.45634,0.434414,3.01875,2.73112,2.24998
line,2.25,lqi,0,13,15.2433,12,14,176,0.146799,0.153375,4.8663,0.391612,3.46971,3.1444,3.07112
line,2.25,lqi,0,14,12.0582,12,28,162,0.144059,0.146251,4.66733,0.367638,2.24148,2.19858,2.29285
line,2.25,lqi,0,15,15.5372,19,26,164,0.148991,0.151183,5.59064,0.566141,3.14951,3.1372,2.79353
line,2.25,lqi,0,16,14.059,18,50,140,0.168171,0.160499,5.71181,0.57778,2.84946,2.16079,2.43052
line,2.25,lqi,0,17,14.6603,17,48,142,0.153375,0.156663,5.68684,0.583217,2.7021,2.85948,2.51863
line,2.25,lqi,0,18,12.5626,19,49,141,0.160499,0.158855,6.19415,0.405604,2.18921,1.9078,1.54651
line,2.25,lqi,0,19,15.5144,17,17,173,0.146799,0.150635,5.42582,0.596258,3.54573,2.69659,2.95253
line,2.25,leo,0,0,14.5561,20,91,99,0.161047,0.151183,8.35366,0.697484,1.91556,1.82028,1.45692
line,2.25,leo,0,1,18.1854,23,34,156,0.151183,0.144059,8.56978,0.587446,2.89544,3.55567,2.28185
line,2.25,leo,0,2,13.7737,11,20,170,0.162691,0.153375,5.60432,0.481186,2.56698,2.65217,2.15296
line,2.25,leo,0,3,14.9425,16,38,152,0.164883,0.164883,6.30622,0.621193,2.56948,2.92958,2.18627
line,2.25,leo,0,4,13.3741,17,52,138,0.156663,0.157759,6.82795,0.450931,2.02788,2.26181,1.49111
line,2.25,leo,0,5,15.3205,15,14,176,0.186255,0.178035,6.61896,0.356195,2.83355,3.10911,2.03837
line,2.25,leo,0,6,15.4369,22,60,130,0.145155,0.143511,7.57301,0.702089,2.40745,2.52662,1.9391
line,2.25,leo,0,7,11.135,11,58,132,0.155567,0.154471,5.01846,0.418227,2.19132,1.773,1.42396
line,2.25,leo,0,8,15.8408,13,19,171,0.165431,0.167623,5.9111,0.288555,3.4466,3.47501,2.38644
line,2.25,leo,0,9,16.6592,20,40,150,0.148991,0.149539,6.86862,0.540292,3.20587,3.21854,2.52735
line,2.25,leo,0,10,21.2302,26,57,133,0.185159,0.180775,10.5951,0.946389,3.44101,3.03009,2.8517
line,2.25,leo,0,11,15.1356,18,37,153,0.146799,0.147895,6.89146,0.64821,2.5884,2.62062,2.09217
line,2.25,leo,0,12,14.015,14,29,161,0.135291,0.138579,5.77495,0.468823,2.68421,2.70723,2.10593
line,2.25,leo,0,13,17.4944,17,30,160,0.148443,0.152279,7.31445,0.561973,3.2396,3.71781,2.35988
line,2.25,leo,0,14,13.669,16,39,151,0.144059,0.146251,6.48957,0.552947,2.37928,2.09558,1.86136
line,2.25,leo,0,15,15.9283,20,32,158,0.148991,0.151183,6.80909,0.608383,2.80301,3.09243,2.31519
line,2.25,leo,0,16,17.1708,21,42,148,0.168171,0.160499,7.48651,0.734415,3.16423,2.95056,2.50636
line,2.25,leo,0,17,13.7437,19,76,114,0.153375,0.156663,7.60668,0.598775,1.79481,1.82669,1.60674
line,2.25,leo,0,18,13.037,13,36,154,0.159951,0.159951,5.86144,0.357699,2.41413,2.23873,1.84506
line,2.25,leo,0,19,15.4445,22,53,137,0.145703,0.151183,7.26928,0.608812,2.80673,2.68758,1.77519
line,2.25,lqi-literal,0,0,15.1659,27,61,129,0.161047,0.151183,7.16031,0.809656,2.45786,2.3028,2.12303
line,2.25,lqi-literal,0,1,15.6247,20,23,167,0.151183,0.144059,6.04058,0.564571,3.42222,3.07272,2.22942
line,2.25,lqi-literal,0,2,12.5388,10,26,164,0.162691,0.153375,4.63951,0.461328,2.3849,2.66522,2.07172
line,2.25,lqi-literal,0,3,15.5413,14,22,168,0.164883,0.164883,5.37265,0.552704,2.79181,3.92448,2.5699
line,2.25,lqi-literal,0,4,12.6631,15,35,155,0.156663,0.157759,5.46249,0.45439,2.17471,2.49785,1.75918
line,2.25,lqi-literal,0,5,12.2848,13,29,161,0.186255,0.178035,5.46478,0.266392,2.51984,1.97554,1.69398
line,2.25,lqi-literal,0,6,13.5383,16,53,137,0.145155,0.143511,5.20381,0.470561,2.73894,2.81162,2.02467
line,2.25,lqi-literal,0,7,13.2489,14,36,154,0.155567,0.154471,5.10526,0.479125,2.84293,2.42637,2.08517
line,2.25,lqi-literal,0,8,15.4067,16,14,176,0.165431,0.167623,5.46129,0.391505,3.75682,3.14856,2.31545
line,2.25,lqi-literal,0,9,15.8203,14,32,158,0.148991,0.149539,4.89572,0.461903,3.45133,3.95231,2.76056
line,2.25,lqi-literal,0,10,16.7313,30,84,106,0.185159,0.180775,8.38013,0.961011,2.75781,2.22424,2.04215
line,2.25,lqi-literal,0,11,15.1155,21,31,159,0.146799,0.147895,5.79085,0.682438,3.04964,2.97889,2.31902
line,2.25,lqi-literal,0,12,10.0591,11,59,131,0.135291,0.138579,4.4071,0.361716,2.00732,1.57282,1.43625
line,2.25,lqi-literal,0,13,15.9966,15,15,175,0.148443,0.152279,5.34379,0.498678,3.4234,3.6336,2.79638
line,2.25,lqi-literal,0,14,12.7553,15,33,157,0.144059,0.146251,5.12387,0.516141,2.56438,2.19939,2.06116
line,2.25,lqi-literal,0,15,16.1693,26,33,157,0.148991,0.151183,6.58923,0.697963,3.06927,3.21297,2.29967
line,2.25,lqi-literal,0,16,16.2739,23,39,151,0.168171,0.160499,6.41293,0.770147,3.12628,3.25747,2.37842
line,2.25,lqi-literal,0,17,13.3208,19,63,127,0.153375,0.156663,6.04565,0.547779,2.3269,2.24106,1.84938
line,2.25,lqi-literal,0,18,13.6609,28,52,138,0.160499,0.158855,7.70239,0.607108,1.80173,1.95798,1.27238
line,2.25,lqi-literal,0,19,15.9576,19,28,162,0.145703,0.151183,5.73986,0.58954,3.73923,3.39042,2.20162
line,2.5,hopcount,0,0,14.6707,15,77,113,0.127071,0.130907,5.14368,0.629195,2.81863,3.07302,2.74816
line,2.5,hopcount,0,1,15.5478,24,55,135,0.122139,0.118851,5.47782,0.913575,3.27042,2.9522,2.69281
line,2.5,hopcount,0,2,13.1041,19,42,148,0.123783,0.128715,4.80941,0.569783,2.89431,2.30652,2.27157
line,2.5,hopcount,0,3,15.0499,22,51,139,0.129263,0.138031,5.34846,0.774087,3.10577,3.07384,2.48047
line,2.5,hopcount,0,4,14.0564,22,52,138,0.124879,0.123783,5.17789,0.790519,3.0398,2.55261,2.24691
line,2.5,hopcount,0,5,13.0558,18,37,153,0.146799,0.148443,4.97498,0.424403,2.67768,2.67444,2.00903
line,2.5,hopcount,0,6,12.8157,27,89,101,0.115563,0.113371,5.30819,1.05861,2.34216,1.83637,2.04145
line,2.5,hopcount,0,7,12.3802,22,62,128,0.129811,0.124879,4.86267,0.666643,2.5965,2.23053,1.76912
line,2.5,hopcount,0,8,11.5347,20,72,118,0.136935,0.142415,4.48918,0.558209,2.53845,2.05545,1.6141
line,2.5,hopcount,0,9,12.752,23,77,113,0.115563,0.117207,4.96548,0.801689,2.60257,2.09616,2.05333
line,2.5,hopcount,0,10,15.6999,29,90,100,0.146799,0.144607,6.00762,1.03492,3.16006,2.57588,2.63002
line,2.5,hopcount,0,11,11.4986,14,63,127,0.115015,0.119947,3.56447,0.493843,2.57664,2.45552,2.17315
line,2.5,hopcount,0,12,13.5498,21,44,146,0.110631,0.108987,4.6085,0.627892,2.97134,2.9683,2.15415
line,2.5,hopcount,0,13,14.7936,18,52,138,0.122687,0.122687,4.58062,0.683763,3.35349,3.27808,2.6523
line,2.5,hopcount,0,14,12.8956,18,43,147,0.117207,0.112823,4.58382,0.528076,2.79904,2.48061,2.27403
line,2.5,hopcount,0,15,11.431,15,84,106,0.123783,0.117755,4.14,0.608258,2.21144,2.46708,1.76268
line,2.5,hopcount,0,16,11.9405,22,73,117,0.124331,0.128167,4.35407,0.737738,2.46955,2.22679,1.89981
line,2.5,hopcount,0,17,11.4191,23,91,99,0.127619,0.132003,5.25487,0.800807,1.79548,1.85069,1.45766
line,2.5,hopcount,0,18,11.5521,18,53,137,0.132003,0.125427,4.71269,0.466452,2.13898,2.38,1.59652
line,2.5,hopcount,0,19,14.9684,24,52,138,0.119399,0.125427,5.02291,0.942621,3.08583,3.01787,2.65437
line,2.5,lqi,0,0,12.154,9,92,98,0.126523,0.128715,4.71465,0.506685,2.11869,2.19726,2.36147
line,2.5,lqi,0,1,14.0777,21,59,131,0.122139,0.118851,5.03999,0.829169,2.54785,2.57261,2.84711
line,2.5,lqi,0,2,12.8148,14,37,153,0.123783,0.128715,4.20105,0.525935,2.7267,2.5078,2.60077
line,2.5,lqi,0,3,12.816,20,59,131,0.129263,0.138031,4.99816,0.772817,2.43305,2.20706,2.1376
line,2.5,lqi,0,4,14.2421,23,54,136,0.124879,0.123783,5.29974,0.908369,2.91982,2.41478,2.45071
line,2.5,lqi,0,5,11.8631,15,40,150,0.146799,0.148443,4.62291,0.359099,2.59216,1.96356,2.03014
line,2.5,lqi,0,6,10.8886,22,101,89,0.115563,0.113371,4.70988,0.810205,2.17455,1.36181,1.60321
line,2.5,lqi,0,7,12.0991,14,60,130,0.130907,0.124331,4.0537,0.513675,2.54868,2.68778,2.03998
line,2.5,lqi,0,8,13.481,17,48,142,0.136935,0.142415,4.35578,0.495494,3.15117,2.84873,2.35049
line,2.5,lqi,0,9,15.0819,31,62,128,0.115563,0.117207,5.90688,1.13851,2.94699,2.24633,2.61038
line,2.5,lqi,0,10,14.0108,25,102,88,0.145703,0.144607,5.78648,1.13101,2.05546,2.18219,2.5653
line,2.5,lqi,0,11,13.1869,14,46,144,0.115015,0.119947,3.66068,0.566244,3.25182,2.7116,2.7616
line,2.5,lqi,0,12,12.4518,18,45,145,0.110631,0.109535,4.40929,0.500891,2.70434,2.44908,2.16808
line,2.5,lqi,0,13,15.0261,19,50,140,0.123235,0.123235,4.7031,0.769248,3.54581,2.74766,3.0138
line,2.5,lqi,0,14,12.3687,19,53,137,0.117207,0.112823,4.76055,0.614226,2.61213,2.02439,2.12735
line,2.5,lqi,0,15,14.3066,21,52,138,0.123783,0.117755,4.72632,0.71136,3.18412,2.88025,2.56296
line,2.5,lqi,0,16,11.5513,17,79,111,0.124331,0.128167,4.01337,0.616059,2.44514,2.22311,2.00107
line,2.5,lqi,0,17,11.0592,20,82,108,0.127619,0.132003,4.93711,0.816989,1.69292,1.645,1.70757
line,2.5,lqi,0,18,12.8995,18,52,138,0.129811,0.124331,4.70683,0.493137,2.93449,2.31931,2.19154
line,2.5,lqi,0,19,13.8293,17,61,129,0.118851,0.124331,4.33818,0.80212,3.47849,2.25933,2.70795
line,2.5,leo,0,0,14.6765,14,85,105,0.127071,0.130907,6.44895,0.60682,2.49864,2.52636,2.33773
line,2.5,leo,0,1,18.1731,24,47,143,0.122139,0.118851,7.20813,0.921339,3.11048,3.62905,3.06315
line,2.5,leo,0,2,15.7549,23,46,144,0.123783,0.128715,6.57574,0.76792,2.86536,2.88349,2.40988
line,2.5,leo,0,3,14.7222,25,54,136,0.129263,0.138031,6.38158,0.844155,2.75501,2.17599,2.29819
line,2.5,leo,0,4,17.9064,26,42,148,0.124879,0.123783,7.53218,0.986824,3.1604,3.14167,2.83663
line,2.5,leo,0,5,13.5709,19,46,144,0.146799,0.148443,6.34971,0.60144,2.32726,2.12653,1.87069
line,2.5,leo,0,6,13.8129,30,103,87,0.115563,0.113371,7.25983,1.06639,2.02053,1.59149,1.64575
line,2.5,leo,0,7,13.0859,22,68,122,0.129811,0.124879,5.88667,0.682514,2.42612,2.25744,1.57843
line,2.5,leo,0,8,14.4918,18,50,140,0.136935,0.142415,4.96109,0.487278,3.32629,3.18235,2.25542
line,2.5,leo,0,9,15.1781,24,72,118,0.115563,0.117207,6.34485,0.945206,2.98895,2.37947,2.28683
line,2.5,leo,0,10,16.9894,28,91,99,0.146799,0.144607,7.06797,0.974821,3.08999,2.45874,3.10651
line,2.5,leo,0,11,13.1592,19,58,132,0.115015,0.119947,4.92085,0.690998,2.65671,2.36368,2.29201
line,2.5,leo,0,12,14.4699,19,40,150,0.110631,0.108987,5.74297,0.484993,2.91989,2.83233,2.27004
line,2.5,leo,0,13,15.5651,23,58,132,0.122687,0.122687,6.46918,0.815963,2.92473,2.59637,2.5135
line,2.5,leo,0,14,13.5818,20,51,139,0.117207,0.112823,6.01393,0.559893,2.6505,2.10799,2.0195
line,2.5,leo,0,15,13.3983,22,86,104,0.123783,0.117755,5.80023,0.856734,2.60239,2.08041,1.81696
line,2.5,leo,0,16,11.8034,20,81,109,0.124331,0.128167,4.96591,0.655399,2.26588,1.95053,1.71322
line,2.5,leo,0,17,11.8295,24,99,91,0.127619,0.132003,6.56032,0.881048,1.39906,1.32318,1.40627
line,2.5,leo,0,18,10.8679,13,62,128,0.132003,0.125427,4.87948,0.351816,2.09167,1.81533,1.47219
line,2.5,leo,0,19,15.6125,24,57,133,0.119399,0.125427,6.24905,0.921166,3.33185,2.37987,2.48574
line,2.5,lqi-literal,0,0,14.6707,15,77,113,0.127071,0.130907,5.14368,0.629195,2.81863,3.07302,2.74816
line,2.5,lqi-literal,0,1,15.5478,24,55,135,0.122139,0.118851,5.47782,0.913575,3.27042,2.9522,2.69281
line,2.5,lqi-literal,0,2,13.1041,19,42,148,0.123783,0.128715,4.80941,0.569783,2.89431,2.30652,2.27157
line,2.5,lqi-literal,0,3,15.0499,22,51,139,0.129263,0.138031,5.34846,0.774087,3.10577,3.07384,2.48047
line,2.5,lqi-literal,0,4,14.0564,22,52,138,0.124879,0.123783,5.17789,0.790519,3.0398,2.55261,2.24691
line,2.5,lqi-literal,0,5,13.0558,18,37,153,0.146799,0.148443,4.97498,0.424403,2.67768,2.67444,2.00903
line,2.5,lqi-literal,0,6,12.8157,27,89,101,0.115563,0.113371,5.30819,1.05861,2.34216,1.83637,2.04145
line,2.5,lqi-literal,0,7,12.3802,22,62,128,0.129811,0.124879,4.86267,0.666643,2.5965,2.23053,1.76912
line,2.5,lqi-literal,0,8,11.5347,20,72,118,0.136935,0.142415,4.48918,0.558209,2.53845,2.05545,1.6141
line,2.5,lqi-literal,0,9,12.752,23,77,113,0.115563,0.117207,4.96548,0.801689,2.60257,2.09616,2.05333
line,2.5,lqi-literal,0,10,15.6999,29,90,100,0.146799,0.144607,6.00762,1.03492,3.16006,2.57588,2.63002
line,2.5,lqi-literal,0,11,11.4986,14,63,127,0.115015,0.119947,3.56447,0.493843,2.57664,2.45552,2.17315
line,2.5,lqi-literal,0,12,13.5498,21,44,146,0.110631,0.108987,4.6085,0.627892,2.97134,2.9683,2.15415
line,2.5,lqi-literal,0,13,14.7936,18,52,138,0.122687,0.122687,4.58062,0.683763,3.35349,3.27808,2.6523
line,2.5,lqi-literal,0,14,12.8956,18,43,147,0.117207,0.112823,4.58382,0.528076,2.79904,2.48061,2.27403
line,2.5,lqi-literal,0,15,11.431,15,84,106,0.123783,0.117755,4.14,0.608258,2.21144,2.46708,1.76268
line,2.5,lqi-literal,0,16,11.9405,22,73,117,0.124331,0.128167,4.35407,0.737738,2.46955,2.22679,1.89981
line,2.5,lqi-literal,0,17,11.4191,23,91,99,0.127619,0.132003,5.25487,0.800807,1.79548,1.85069,1.45766
line,2.5,lqi-literal,0,18,13.8604,24,47,143,0.129811,0.124331,5.45293,0.658304,2.6758,2.73422,2.08502
line,2.5,lqi-literal,0,19,14.9684,24,52,138,0.119399,0.125427,5.02291,0.942621,3.08583,3.01787,2.65437
line,2.625,hopcount,0,0,9.4597,12,129,61,0.117207,0.123783,4.10162,0.56729,1.46628,1.7101,1.37342
line,2.625,hopcount,0,1,13.4574,21,65,125,0.107891,0.112823,4.59736,0.888575,2.82338,2.45539,2.47201
line,2.625,hopcount,0,2,12.3199,15,47,143,0.116111,0.114467,3.62835,0.591792,2.72792,2.57321,2.56808
line,2.625,hopcount,0,3,10.9969,19,81,109,0.119947,0.123783,4.14639,0.67333,2.31598,1.88505,1.73243
line,2.625,hopcount,0,4,11.6056,17,74,116,0.114467,0.116111,4.63543,0.629561,1.98412,2.13369,1.99218
line,2.625,hopcount,0,5,11.3605,19,55,135,0.139675,0.139127,4.60503,0.566931,2.19275,2.08135,1.6356
line,2.625,hopcount,0,6,8.82645,23,113,77,0.105699,0.108439,4.23825,0.741651,1.52996,1.0198,1.08266
line,2.625,hopcount,0,7,11.2257,17,68,122,0.117755,0.119947,3.78388,0.662045,2.39079,2.32377,1.82749
line,2.625,hopcount,0,8,12.2144,24,82,108,0.128715,0.128167,4.2307,0.606167,2.94951,2.3862,1.78498
line,2.625,hopcount,0,9,8.88581,18,102,88,0.109535,0.109535,3.32737,0.765877,1.79768,1.33441,1.44141
line,2.625,hopcount,0,10,10.1545,18,132,58,0.130359,0.132551,4.65433,0.673805,1.76736,1.28127,1.51479
line,2.625,hopcount,0,11,12.1261,19,72,118,0.104055,0.107343,3.70709,0.642389,3.11081,2.26286,2.19158
line,2.625,hopcount,0,12,10.0222,18,81,109,0.106247,0.0996713,3.81209,0.52858,2.06246,1.80233,1.61086
line,2.625,hopcount,0,13,12.1978,19,79,111,0.112275,0.116111,4.06804,0.806235,2.5868,2.31918,2.18915
line,2.625,hopcount,0,14,12.4577,13,57,133,0.109535,0.110631,3.77198,0.623978,2.96502,2.62978,2.24682
line,2.625,hopcount,0,15,8.67702,12,107,83,0.108987,0.109535,3.39244,0.361517,1.62442,1.66732,1.4128
line,2.625,hopcount,0,16,10.1298,22,90,100,0.118303,0.123235,3.58764,0.743936,2.26935,1.70362,1.58374
line,2.625,hopcount,0,17,9.00548,16,101,89,0.119399,0.116659,3.617,0.592209,1.70906,1.45961,1.39154
line,2.625,hopcount,0,18,11.9599,21,51,139,0.115563,0.116111,4.49599,0.686941,2.57319,2.04326,1.92889
line,2.625,hopcount,0,19,13.925,21,62,128,0.113919,0.107343,4.25442,0.957123,3.11472,2.56413,2.81332
line,2.625,lqi,0,0,11.5687,11,98,92,0.115563,0.123235,4.16966,0.525718,2.29327,1.95582,2.38544
line,2.625,lqi,0,1,15.1784,20,42,148,0.107891,0.112823,4.40287,0.942569,3.10344,3.17294,3.33591
line,2.625,lqi,0,2,12.7551,18,51,139,0.116659,0.114467,3.99641,0.682131,2.81208,2.46358,2.56974
line,2.625,lqi,0,3,13.0621,18,58,132,0.119947,0.123783,4.27182,0.74551,2.57336,2.54411,2.68356
line,2.625,lqi,0,4,10.7711,15,77,113,0.114467,0.116111,4.43597,0.655838,1.96084,1.66231,1.8256
line,2.625,lqi,0,5,11.8603,20,50,140,0.139675,0.139127,4.56858,0.543401,2.4051,2.07159,1.99281
line,2.625,lqi,0,6,10.8767,25,102,88,0.105699,0.108439,4.57803,0.943552,2.07106,1.39661,1.67332
line,2.625,lqi,0,7,10.3004,11,69,121,0.118303,0.120495,3.35004,0.339414,2.09332,2.23627,2.0425
line,2.625,lqi,0,8,12.2485,18,74,116,0.128715,0.128167,3.71287,0.479773,3.05654,2.73848,2.00396
line,2.625,lqi,0,9,11.4691,23,86,104,0.109535,0.109535,3.83406,0.895485,2.52604,2.01455,1.97993
line,2.625,lqi,0,10,12.2648,21,112,78,0.130359,0.132551,5.08399,0.796411,2.51836,1.53108,2.07203
line,2.625,lqi,0,11,11.1712,15,74,116,0.104055,0.107343,3.2343,0.575666,2.92637,2.03594,2.18754
line,2.625,lqi,0,12,11.4446,18,68,122,0.106247,0.0996713,3.71336,0.554205,2.19509,2.53824,2.23778
line,2.625,lqi,0,13,14.2638,19,69,121,0.112275,0.116111,4.09225,0.810031,3.61463,2.63326,2.88526
line,2.625,lqi,0,14,12.272,15,54,136,0.110083,0.110631,3.94168,0.572956,2.71209,2.16306,2.66153
line,2.625,lqi,0,15,10.0882,9,82,108,0.108987,0.109535,3.18096,0.250938,2.20157,2.34758,1.88861
line,2.625,lqi,0,16,9.48601,17,90,100,0.118303,0.123235,2.88283,0.543513,2.38466,1.74294,1.69053
line,2.625,lqi,0,17,8.94348,15,100,90,0.119399,0.116659,3.44819,0.545532,1.69594,1.45567,1.56208
line,2.625,lqi,0,18,11.8847,23,56,134,0.115563,0.116111,4.66775,0.639892,2.45619,1.76834,2.12081
line,2.625,lqi,0,19,13.5191,21,69,121,0.115015,0.108987,4.03062,0.914564,3.12794,2.44181,2.78015
line,2.625,leo,0,0,8.6385,9,126,64,0.117207,0.123783,4.18075,0.445581,1.38627,1.26422,1.12069
line,2.625,leo,0,1,14.9776,23,76,114,0.107891,0.112823,5.87726,0.869901,3.03468,2.45312,2.52191
line,2.625,leo,0,2,11.6571,18,70,120,0.116111,0.114467,4.77292,0.616798,2.32561,1.93814,1.77304
line,2.625,leo,0,3,15.0645,18,53,137,0.119947,0.123783,4.59743,0.853378,3.14062,3.30373,2.92563
line,2.625,leo,0,4,8.95975,11,98,92,0.114467,0.116111,4.31046,0.436262,1.41741,1.23896,1.32608
line,2.625,leo,0,5,13.3704,22,46,144,0.139675,0.139127,5.91033,0.611727,2.42166,2.15112,1.99674
line,2.625,leo,0,6,9.50364,19,105,85,0.105699,0.108439,4.03318,0.715083,1.87613,1.23371,1.4314
line,2.625,leo,0,7,11.1331,18,81,109,0.117755,0.119947,4.64501,0.602221,2.02048,2.05212,1.57558
line,2.625,leo,0,8,13.6609,21,70,120,0.128715,0.128167,5.04761,0.600587,2.77875,2.85508,2.12197
line,2.625,leo,0,9,14.9178,30,77,113,0.109535,0.109535,5.59901,1.22549,3.02171,2.24921,2.60332
line,2.625,leo,0,10,10.9462,18,129,61,0.130359,0.132551,4.94242,0.769669,1.87837,1.60225,1.49055
line,2.625,leo,0,11,12.2902,20,78,112,0.104055,0.107343,4.33988,0.80727,2.6899,2.13532,2.10644
line,2.625,leo,0,12,12.1078,21,79,111,0.106247,0.0996713,5.13725,0.551549,2.40068,2.04755,1.76484
line,2.625,leo,0,13,11.9956,23,90,100,0.112275,0.116111,5.2603,0.897962,2.32294,1.49362,1.7924
line,2.625,leo,0,14,11.8838,16,72,118,0.109535,0.110631,4.73662,0.665252,2.31765,2.08847,1.8556
line,2.625,leo,0,15,9.53479,15,123,67,0.108987,0.109535,4.44776,0.466547,1.62766,1.62685,1.14746
line,2.625,leo,0,16,10.7317,20,90,100,0.118303,0.123235,3.78406,0.642982,2.48885,1.85449,1.71978
line,2.625,leo,0,17,9.01962,14,97,93,0.119399,0.116659,3.76826,0.539797,1.53449,1.36419,1.57682
line,2.625,leo,0,18,11.2712,16,64,126,0.115563,0.116111,4.48052,0.454754,2.45241,1.91464,1.73725
line,2.625,leo,0,19,14.3302,24,66,124,0.113919,0.107343,5.34934,0.896476,2.76156,2.5155,2.58602
line,2.625,lqi-literal,0,0,9.4597,12,129,61,0.117207,0.123783,4.10162,0.56729,1.46628,1.7101,1.37342
line,2.625,lqi-literal,0,1,13.4574,21,65,125,0.107891,0.112823,4.59736,0.888575,2.82338,2.45539,2.47201
line,2.625,lqi-literal,0,2,12.3199,15,47,143,0.116111,0.114467,3.62835,0.591792,2.72792,2.57321,2.56808
line,2.625,lqi-literal,0,3,10.9969,19,81,109,0.119947,0.123783,4.14639,0.67333,2.31598,1.88505,1.73243
line,2.625,lqi-literal,0,4,11.6056,17,74,116,0.114467,0.116111,4.63543,0.629561,1.98412,2.13369,1.99218
line,2.625,lqi-literal,0,5,11.3605,19,55,135,0.139675,0.139127,4.60503,0.566931,2.19275,2.08135,1.6356
line,2.625,lqi-literal,0,6,8.82645,23,113,77,0.105699,0.108439,4.23825,0.741651,1.52996,1.0198,1.08266
line,2.625,lqi-literal,0,7,11.2257,17,68,122,0.117755,0.119947,3.78388,0.662045,2.39079,2.32377,1.82749
line,2.625,lqi-literal,0,8,12.2144,24,82,108,0.128715,0.128167,4.2307,0.606167,2.94951,2.3862,1.78498
line,2.625,lqi-literal,0,9,8.88581,18,102,88,0.109535,0.109535,3.32737,0.765877,1.79768,1.33441,1.44141
line,2.625,lqi-literal,0,10,10.1545,18,132,58,0.130359,0.132551,4.65433,0.673805,1.76736,1.28127,1.51479
line,2.625,lqi-literal,0,11,12.1261,19,72,118,0.104055,0.107343,3.70709,0.642389,3.11081,2.26286,2.19158
line,2.625,lqi-literal,0,12,10.0222,18,81,109,0.106247,0.0996713,3.81209,0.52858,2.06246,1.80233,1.61086
line,2.625,lqi-literal,0,13,12.1978,19,79,111,0.112275,0.116111,4.06804,0.806235,2.5868,2.31918,2.18915
line,2.625,lqi-literal,0,14,12.4577,13,57,133,0.109535,0.110631,3.77198,0.623978,2.96502,2.62978,2.24682
line,2.625,lqi-literal,0,15,8.67702,12,107,83,0.108987,0.109535,3.39244,0.361517,1.62442,1.66732,1.4128
line,2.625,lqi-literal,0,16,10.1298,22,90,100,0.118303,0.123235,3.58764,0.743936,2.26935,1.70362,1.58374
line,2.625,lqi-literal,0,17,9.00548,16,101,89,0.119399,0.116659,3.617,0.592209,1.70906,1.45961,1.39154
line,2.625,lqi-literal,0,18,10.7505,22,78,112,0.115563,0.116111,4.59115,0.635854,2.13543,1.8122,1.34415
line,2.625,lqi-literal,0,19,13.925,21,62,128,0.113919,0.107343,4.25442,0.957123,3.11472,2.56413,2.81332
line,3,hopcount,0,0,4.03723,4,156,34,0.0985753,0.0980273,1.50729,0.11178,0.823962,0.654609,0.74298
line,3,hopcount,0,1,8.34888,16,126,64,0.0936433,0.0925473,2.58914,0.697686,1.7745,1.75345,1.3479
line,3,hopcount,0,2,5.55057,6,126,64,0.0974793,0.0925473,2.08629,0.233893,0.948065,1.23365,0.858652
line,3,hopcount,0,3,6.51919,9,132,58,0.105151,0.105151,2.32575,0.333734,1.27498,1.26845,1.10597
line,3,hopcount,0,4,7.42694,6,117,73,0.0914513,0.0936433,2.47671,0.351323,1.45222,1.66462,1.29697
line,3,hopcount,0,5,9.79312,16,73,117,0.106795,0.110083,2.64415,0.504051,2.18217,2.38549,1.86038
line,3,hopcount,0,6,4.25817,12,145,45,0.0919993,0.0881633,1.59226,0.431717,0.828426,0.634973,0.590633
line,3,hopcount,0,7,7.1248,11,112,78,0.0974793,0.0980273,2.15899,0.461068,1.5229,1.45799,1.32835
line,3,hopcount,0,8,7.22603,19,124,66,0.102959,0.102411,2.3178,0.384981,1.84705,1.27644,1.19439
line,3,hopcount,0,9,4.51783,8,156,34,0.0980273,0.0941913,1.49701,0.243556,0.918477,1.02258,0.643984
line,3,hopcount,0,10,2.75882,3,185,5,0.104055,0.104055,1.94349,0.137249,0.18772,0.11186,0.17039
line,3,hopcount,0,11,4.01273,7,152,38,0.0909033,0.0925473,1.50548,0.309357,0.743944,0.721672,0.548821
line,3,hopcount,0,12,5.87534,12,125,65,0.0859713,0.0859713,2.0913,0.43749,1.29252,0.871241,1.01085
line,3,hopcount,0,13,6.90432,9,128,62,0.0925473,0.0936433,2.26641,0.468869,1.56871,1.23241,1.18173
line,3,hopcount,0,14,5.43743,7,121,69,0.0881633,0.0919993,1.63759,0.261584,1.1125,1.29693,0.94866
line,3,hopcount,0,15,7.35373,11,124,66,0.0925473,0.0936433,1.97896,0.344786,1.7505,1.73676,1.35654
line,3,hopcount,0,16,5.21207,15,136,54,0.0991233,0.0952873,1.58622,0.331673,1.3317,0.890761,0.877305
line,3,hopcount,0,17,4.67537,4,141,49,0.0980273,0.0985753,1.66766,0.0957572,0.854126,1.19642,0.664803
line,3,hopcount,0,18,8.61286,22,103,87,0.0985753,0.0930953,2.95368,0.666453,1.72384,1.69738,1.37983
line,3,hopcount,0,19,5.45163,8,125,65,0.0914513,0.0909033,1.65073,0.303718,1.22982,1.08932,0.995685
line,3,lqi,0,0,4.03723,4,156,34,0.0985753,0.0980273,1.50729,0.11178,0.823962,0.654609,0.74298
line,3,lqi,0,1,6.8335,10,130,60,0.0930953,0.0919993,1.86304,0.364569,1.37842,1.68709,1.3553
line,3,lqi,0,2,6.94675,7,102,88,0.0974793,0.0925473,2.2694,0.223181,1.44586,1.49598,1.32231
line,3,lqi,0,3,8.31971,8,104,86,0.105151,0.105151,2.18025,0.257761,1.80011,2.0193,1.85199
line,3,lqi,0,4,6.91519,6,124,66,0.0914513,0.0936433,2.59628,0.319676,1.12818,1.46442,1.22154
line,3,lqi,0,5,9.66924,17,70,120,0.105699,0.110083,2.63918,0.37647,2.39088,2.0085,2.03843
line,3,lqi,0,6,4.00637,12,154,36,0.0919993,0.0881633,1.57747,0.484164,0.846266,0.394082,0.524231
line,3,lqi,0,7,7.47934,9,102,88,0.0974793,0.0980273,2.04182,0.34834,1.78021,1.57087,1.5426
line,3,lqi,0,8,8.12854,19,115,75,0.103507,0.102411,2.42902,0.407595,2.142,1.47836,1.46565
line,3,lqi,0,9,5.48244,9,142,48,0.0980273,0.0941913,1.50903,0.2575,1.29453,1.24624,0.982915
line,3,lqi,0,10,3.71667,3,178,12,0.104055,0.104055,1.98034,0.140159,0.463239,0.512937,0.411883
line,3,lqi,0,11,3.77766,6,153,37,0.0909033,0.0925473,1.45919,0.315058,0.610691,0.651928,0.557344
line,3,lqi,0,12,5.89955,12,123,67,0.0859713,0.0859713,1.9544,0.290504,1.21753,1.2015,1.06368
line,3,lqi,0,13,8.13242,12,125,65,0.0925473,0.0936433,2.57525,0.535153,1.75146,1.47436,1.61
line,3,lqi,0,14,6.23606,7,106,84,0.0881633,0.0919993,1.58556,0.225341,1.46856,1.44972,1.32671
line,3,lqi,0,15,5.58439,6,137,53,0.0925473,0.0936433,1.64672,0.231386,1.22449,1.25336,1.04224
line,3,lqi,0,16,4.98973,15,137,53,0.0991233,0.0952873,1.58133,0.364943,1.22008,0.828359,0.800616
line,3,lqi,0,17,5.53429,8,133,57,0.0980273,0.0985753,1.99804,0.239418,1.07064,1.12127,0.908312
line,3,lqi,0,18,7.6899,12,107,83,0.0985753,0.0930953,2.16164,0.421098,1.52023,1.87866,1.51661
line,3,lqi,0,19,4.71128,8,128,62,0.0914513,0.0909033,1.55544,0.203554,1.01241,0.832136,0.925387
line,3,leo,0,0,4.17107,8,156,34,0.0985753,0.0980273,1.86879,0.284799,0.728978,0.515027,0.576867
line,3,leo,0,1,10.6415,14,110,80,0.0936433,0.0925473,2.91922,0.523653,2.23823,2.69043,2.08372
line,3,leo,0,2,8.05821,8,111,79,0.0974793,0.0925473,2.43522,0.29892,1.73457,1.98189,1.41759
line,3,leo,0,3,8.68042,11,109,81,0.105151,0.105151,2.75562,0.387768,1.72978,2.04716,1.54979
line,3,leo,0,4,6.90238,6,126,64,0.0914513,0.0936433,2.76906,0.390089,1.26191,1.14913,1.1471
line,3,leo,0,5,11.4213,20,65,125,0.106795,0.110083,3.277,0.584488,2.49046,2.79389,2.05857
line,3,leo,0,6,4.7042,12,145,45,0.0919993,0.0881633,1.68881,0.45364,1.00706,0.695265,0.679257
line,3,leo,0,7,6.21616,15,131,59,0.0974793,0.0980273,2.7307,0.454712,0.973512,0.982951,0.878785
line,3,leo,0,8,7.37434,20,127,63,0.102959,0.102411,2.49219,0.426203,1.97378,1.17752,1.09928
line,3,leo,0,9,5.244,9,138,52,0.0980273,0.0941913,1.56169,0.248901,1.18232,1.18956,0.869308
line,3,leo,0,10,3.02132,4,183,7,0.104055,0.104055,1.97646,0.161452,0.261532,0.22513,0.188635
line,3,leo,0,11,7.16851,12,128,62,0.0909033,0.0925473,2.26426,0.485221,1.41727,1.4767,1.34161
line,3,leo,0,12,5.6501,11,127,63,0.0859713,0.0859713,2.37344,0.341603,1.05482,0.851743,0.856547
line,3,leo,0,13,7.65916,11,124,66,0.0925473,0.0936433,2.62579,0.498219,1.64261,1.34358,1.36277
line,3,leo,0,14,7.43671,8,104,86,0.0881633,0.0919993,1.87196,0.281443,1.82856,1.70806,1.56653
line,3,leo,0,15,6.46823,14,140,50,0.0925473,0.0936433,2.56474,0.536905,1.20887,1.031,0.940523
line,3,leo,0,16,4.88625,14,139,51,0.0991233,0.0952873,1.56256,0.292284,1.21732,0.865352,0.754316
line,3,leo,0,17,5.08174,4,137,53,0.0980273,0.0985753,1.91026,0.13417,1.01178,1.02981,0.799121
line,3,leo,0,18,8.43211,16,101,89,0.0985753,0.0930953,2.84853,0.513768,1.83099,1.58231,1.46483
line,3,leo,0,19,5.94138,8,121,69,0.0914513,0.0909033,1.6646,0.258375,1.4787,1.25399,1.10336
line,3,lqi-literal,0,0,4.03723,4,156,34,0.0985753,0.0980273,1.50729,0.11178,0.823962,0.654609,0.74298
line,3,lqi-literal,0,1,8.34888,16,126,64,0.0936433,0.0925473,2.58914,0.697686,1.7745,1.75345,1.3479
line,3,lqi-literal,0,2,5.55057,6,126,64,0.0974793,0.0925473,2.08629,0.233893,0.948065,1.23365,0.858652
line,3,lqi-literal,0,3,6.51919,9,132,58,0.105151,0.105151,2.32575,0.333734,1.27498,1.26845,1.10597
line,3,lqi-literal,0,4,7.42694,6,117,73,0.0914513,0.0936433,2.47671,0.351323,1.45222,1.66462,1.29697
line,3,lqi-literal,0,5,9.79312,16,73,117,0.106795,0.110083,2.64415,0.504051,2.18217,2.38549,1.86038
line,3,lqi-literal,0,6,4.25817,12,145,45,0.0919993,0.0881633,1.59226,0.431717,0.828426,0.634973,0.590633
line,3,lqi-literal,0,7,7.1248,11,112,78,0.0974793,0.0980273,2.15899,0.461068,1.5229,1.45799,1.32835
line,3,lqi-literal,0,8,7.22603,19,124,66,0.102959,0.102411,2.3178,0.384981,1.84705,1.27644,1.19439
line,3,lqi-literal,0,9,4.51783,8,156,34,0.0980273,0.0941913,1.49701,0.243556,0.918477,1.02258,0.643984
line,3,lqi-literal,0,10,2.75882,3,185,5,0.104055,0.104055,1.94349,0.137249,0.18772,0.11186,0.17039
line,3,lqi-literal,0,11,4.01273,7,152,38,0.0909033,0.0925473,1.50548,0.309357,0.743944,0.721672,0.548821
line,3,lqi-literal,0,12,5.87534,12,125,65,0.0859713,0.0859713,2.0913,0.43749,1.29252,0.871241,1.01085
line,3,lqi-literal,0,13,6.90432,9,128,62,0.0925473,0.0936433,2.26641,0.468869,1.56871,1.23241,1.18173
line,3,lqi-literal,0,14,5.43743,7,121,69,0.0881633,0.0919993,1.63759,0.261584,1.1125,1.29693,0.94866
line,3,lqi-literal,0,15,7.35373,11,124,66,0.0925473,0.0936433,1.97896,0.344786,1.7505,1.73676,1.35654
line,3,lqi-literal,0,16,5.21207,15,136,54,0.0991233,0.0952873,1.58622,0.331673,1.3317,0.890761,0.877305
line,3,lqi-literal,0,17,4.67537,4,141,49,0.0980273,0.0985753,1.66766,0.0957572,0.854126,1.19642,0.664803
line,3,lqi-literal,0,18,8.61286,22,103,87,0.0985753,0.0930953,2.95368,0.666453,1.72384,1.69738,1.37983
line,3,lqi-literal,0,19,5.45163,8,125,65,0.0914513,0.0909033,1.65073,0.303718,1.22982,1.08932,0.995685
circle,2,hopcount,0,0,12.9383,2,2,188,0.230095,0.239411,4.97722,0.162757,2.41936,2.79392,2.11555
circle,2,hopcount,0,1,12.9907,5,8,182,0.243247,0.240507,5.65271,0.247896,2.06095,2.54415,2.00122
circle,2,hopcount,0,2,13.2608,4,3,187,0.241603,0.235027,5.54537,0.162757,2.52826,2.59117,1.95666
circle,2,hopcount,0,3,13.5141,1,0,190,0.243247,0.233931,4.82056,0.111541,2.8681,3.10864,2.12811
circle,2,hopcount,0,4,12.6006,3,3,187,0.246535,0.245439,5.4298,0.143396,2.16776,2.5821,1.7856
circle,2,hopcount,0,5,10.7158,0,0,190,0.245987,0.243795,4.65951,0.082048,1.85024,2.05807,1.57618
circle,2,hopcount,0,6,11.7077,0,0,190,0.247083,0.240507,4.66225,0.0927868,2.09843,2.56086,1.80576
circle,2,hopcount,0,7,12.3889,0,0,190,0.243795,0.238315,4.6206,0.107056,2.2558,2.79205,2.1313
circle,2,hopcount,0,8,14.4061,7,6,184,0.241055,0.237219,6.18688,0.213536,2.55463,2.86259,2.11019
circle,2,hopcount,0,9,11.2717,0,0,190,0.236671,0.242699,4.53018,0.117429,1.94542,2.43541,1.76385
circle,2,hopcount,0,10,14.7194,8,8,182,0.238863,0.242151,6.43506,0.195351,2.65724,2.94541,2.00528
circle,2,hopcount,0,11,13.3513,2,2,188,0.236671,0.241603,4.97777,0.163305,2.56398,3.07402,2.0939
circle,2,hopcount,0,12,10.9952,1,1,189,0.240507,0.242151,4.79206,0.100141,2.01696,2.00532,1.59809
circle,2,hopcount,0,13,12.1633,0,0,190,0.242699,0.244891,4.60909,0.113972,2.46402,2.63698,1.85166
circle,2,hopcount,0,14,12.5559,0,0,190,0.245987,0.246535,4.66335,0.162757,2.3683,2.67001,2.19893
circle,2,hopcount,0,15,13.4315,2,2,188,0.242699,0.243795,5.07641,0.124365,2.59432,2.96696,2.18291
circle,2,hopcount,0,16,11.5936,2,2,188,0.234479,0.232835,4.93502,0.122327,2.05723,2.35641,1.65533
circle,2,hopcount,0,17,9.49999,0,0,190,0.238315,0.242699,4.5932,0.0834983,1.41394,1.61567,1.31267
circle,2,hopcount,0,18,13.9971,5,5,185,0.247631,0.239411,5.81985,0.184429,2.57213,2.82547,2.10816
circle,2,hopcount,0,19,12.5232,0,0,190,0.245439,0.240507,4.60142,0.129446,2.3819,2.68574,2.23878
circle,2,lqi,0,0,12.6506,1,1,189,0.230095,0.239411,4.74493,0.12259,2.60495,2.58479,2.12382
circle,2,lqi,0,1,13.268,1,1,189,0.243247,0.240507,4.70329,0.177514,2.54889,2.83729,2.51723
circle,2,lqi,0,2,11.8777,1,1,189,0.241603,0.235027,4.82549,0.123079,2.25757,2.24655,1.94835
circle,2,lqi,0,3,13.3983,1,0,190,0.243247,0.235575,4.81837,0.108631,2.77982,3.06797,2.14468
circle,2,lqi,0,4,12.4583,2,2,188,0.246535,0.245439,5.19313,0.111898,2.20509,2.61258,1.84363
circle,2,lqi,0,5,10.7929,1,1,189,0.245987,0.243795,4.90221,0.103599,1.85806,1.84776,1.59151
circle,2,lqi,0,6,11.6002,0,0,190,0.247083,0.240507,4.66225,0.0955875,2.02566,2.54985,1.77927
circle,2,lqi,0,7,11.7789,0,0,190,0.243247,0.238863,4.62005,0.0970721,2.06216,2.521,1.99654
circle,2,lqi,0,8,13.8254,2,2,188,0.240507,0.237219,4.99804,0.129053,2.64298,3.08706,2.49049
circle,2,lqi,0,9,11.7148,1,1,189,0.236671,0.242699,4.77233,0.107741,2.02294,2.44156,1.89083
circle,2,lqi,0,10,13.6133,4,4,186,0.241055,0.243247,5.49769,0.117643,2.53115,2.92518,2.05739
circle,2,lqi,0,11,12.5267,0,0,190,0.236671,0.241603,4.49895,0.126537,2.51924,2.70216,2.2015
circle,2,lqi,0,12,11.8612,3,3,187,0.240507,0.242151,5.26979,0.127961,2.21371,1.99332,1.77378
circle,2,lqi,0,13,12.1367,0,0,190,0.242699,0.244891,4.60909,0.113424,2.46918,2.61203,1.84542
circle,2,lqi,0,14,13.0997,2,2,188,0.245987,0.246535,5.15422,0.158713,2.5827,2.37067,2.34088
circle,2,lqi,0,15,13.1452,1,1,189,0.242699,0.243795,4.84577,0.097969,2.58104,3.08944,2.04446
circle,2,lqi,0,16,12.0038,2,2,188,0.232835,0.232287,4.93722,0.117102,2.21013,2.3891,1.88516
circle,2,lqi,0,17,9.63215,0,0,190,0.239411,0.243247,4.58772,0.108551,1.44605,1.55229,1.45489
circle,2,lqi,0,18,12.6611,2,2,188,0.247631,0.239411,5.1071,0.118737,2.30136,2.57081,2.07607
circle,2,lqi,0,19,12.5215,0,0,190,0.244343,0.240507,4.60635,0.118525,2.38458,2.61928,2.30787
circle,2,leo,0,0,13.1052,2,2,188,0.230095,0.239411,5.13835,0.145469,2.43512,2.7886,2.12815
circle,2,leo,0,1,12.7922,5,7,183,0.243247,0.240507,5.81658,0.243079,1.94627,2.46494,1.83763
circle,2,leo,0,2,12.3054,2,2,188,0.241603,0.235027,5.15668,0.136362,2.20572,2.51135,1.81867
circle,2,leo,0,3,13.4591,1,0,190,0.243247,0.233931,4.91162,0.10062,2.84953,3.01401,2.10612
circle,2,leo,0,4,12.7568,2,2,188,0.246535,0.245439,5.257,0.115851,2.26132,2.73901,1.89166
circle,2,leo,0,5,10.7158,0,0,190,0.245987,0.243795,4.65951,0.082048,1.85024,2.05807,1.57618
circle,2,leo,0,6,11.7077,0,0,190,0.247083,0.240507,4.66225,0.0927868,2.09843,2.56086,1.80576
circle,2,leo,0,7,12.3889,0,0,190,0.243795,0.238315,4.6206,0.107056,2.2558,2.79205,2.1313
circle,2,leo,0,8,14.3489,4,4,186,0.241055,0.237219,5.85641,0.182556,2.44011,3.08405,2.30747
circle,2,leo,0,9,11.2717,0,0,190,0.236671,0.242699,4.53018,0.117429,1.94542,2.43541,1.76385
circle,2,leo,0,10,14.5897,5,5,185,0.238863,0.242151,5.87778,0.171053,2.69614,3.34818,2.0155
circle,2,leo,0,11,13.0305,3,3,187,0.236671,0.241603,5.40786,0.159847,2.28705,2.74861,1.94882
circle,2,leo,0,12,11.2887,1,1,189,0.240507,0.242151,4.80538,0.100141,2.07575,2.15922,1.66552
circle,2,leo,0,13,12.1633,0,0,190,0.242699,0.244891,4.60909,0.113972,2.46402,2.63698,1.85166
circle,2,leo,0,14,12.5559,0,0,190,0.245987,0.246535,4.66335,0.162757,2.3683,2.67001,2.19893
circle,2,leo,0,15,13.6001,3,9,181,0.242699,0.243795,5.60578,0.124566,2.65269,2.80943,1.92116
circle,2,leo,0,16,12.7374,5,5,185,0.234479,0.232835,6.08297,0.17023,2.0086,2.37838,1.62986
circle,2,leo,0,17,9.49999,0,0,190,0.238315,0.242699,4.5932,0.0834983,1.41394,1.61567,1.31267
circle,2,leo,0,18,13.2534,2,2,188,0.247631,0.239411,5.25161,0.117542,2.57885,2.69201,2.12634
circle,2,leo,0,19,12.5232,0,0,190,0.245439,0.240507,4.60142,0.129446,2.3819,2.68574,2.23878
circle,2,lqi-literal,0,0,12.9383,2,2,188,0.230095,0.239411,4.97722,0.162757,2.41936,2.79392,2.11555
circle,2,lqi-literal,0,1,12.9907,5,8,182,0.243247,0.240507,5.65271,0.247896,2.06095,2.54415,2.00122
circle,2,lqi-literal,0,2,13.2608,4,3,187,0.241603,0.235027,5.54537,0.162757,2.52826,2.59117,1.95666
circle,2,lqi-literal,0,3,13.5141,1,0,190,0.243247,0.233931,4.82056,0.111541,2.8681,3.10864,2.12811
circle,2,lqi-literal,0,4,12.6006,3,3,187,0.246535,0.245439,5.4298,0.143396,2.16776,2.5821,1.7856
circle,2,lqi-literal,0,5,10.7158,0,0,190,0.245987,0.243795,4.65951,0.082048,1.85024,2.05807,1.57618
circle,2,lqi-literal,0,6,11.7077,0,0,190,0.247083,0.240507,4.66225,0.0927868,2.09843,2.56086,1.80576
circle,2,lqi-literal,0,7,12.3889,0,0,190,0.243795,0.238315,4.6206,0.107056,2.2558,2.79205,2.1313
circle,2,lqi-literal,0,8,14.4061,7,6,184,0.241055,0.237219,6.18688,0.213536,2.55463,2.86259,2.11019
circle,2,lqi-literal,0,9,11.2717,0,0,190,0.236671,0.242699,4.53018,0.117429,1.94542,2.43541,1.76385
circle,2,lqi-literal,0,10,14.7194,8,8,182,0.238863,0.242151,6.43506,0.195351,2.65724,2.94541,2.00528
circle,2,lqi-literal,0,11,13.3513,2,2,188,0.236671,0.241603,4.97777,0.163305,2.56398,3.07402,2.0939
circle,2,lqi-literal,0,12,10.9952,1,1,189,0.240507,0.242151,4.79206,0.100141,2.01696,2.00532,1.59809
circle,2,lqi-literal,0,13,12.1633,0,0,190,0.242699,0.244891,4.60909,0.113972,2.46402,2.63698,1.85166
circle,2,lqi-literal,0,14,12.5559,0,0,190,0.245987,0.246535,4.66335,0.162757,2.3683,2.67001,2.19893
circle,2,lqi-literal,0,15,13.4315,2,2,188,0.242699,0.243795,5.07641,0.124365,2.59432,2.96696,2.18291
circle,2,lqi-literal,0,16,11.5936,2,2,188,0.234479,0.232835,4.93502,0.122327,2.05723,2.35641,1.65533
circle,2,lqi-literal,0,17,9.49999,0,0,190,0.238315,0.242699,4.5932,0.0834983,1.41394,1.61567,1.31267
circle,2,lqi-literal,0,18,13.9971,5,5,185,0.247631,0.239411,5.81985,0.184429,2.57213,2.82547,2.10816
circle,2,lqi-literal,0,19,12.5232,0,0,190,0.245439,0.240507,4.60142,0.129446,2.3819,2.68574,2.23878
circle,2.25,hopcount,0,0,17.5446,13,13,177,0.182967,0.186803,6.01223,0.407764,3.76188,4.46413,2.52883
circle,2.25,hopcount,0,1,15.6109,10,10,180,0.184611,0.175843,5.32304,0.436272,3.43894,3.32511,2.72709
circle,2.25,hopcount,0,2,14.8002,7,11,179,0.204339,0.192283,5.20651,0.265467,2.99249,3.63949,2.29966
circle,2.25,hopcount,0,3,17.5255,13,12,178,0.206531,0.198311,6.4024,0.407578,3.94654,3.7539,2.61025
circle,2.25,hopcount,0,4,16.8286,14,14,176,0.214751,0.219683,6.77662,0.361449,3.2367,3.84158,2.17777
circle,2.25,hopcount,0,5,13.9307,3,3,187,0.213655,0.205983,4.45656,0.15789,2.79071,3.52245,2.58347
circle,2.25,hopcount,0,6,15.0654,12,25,165,0.201599,0.202695,6.14272,0.328014,2.88985,3.31333,1.98721
circle,2.25,hopcount,0,7,14.6604,8,8,182,0.198859,0.193379,5.3018,0.29617,3.08574,3.19228,2.39219
circle,2.25,hopcount,0,8,17.6744,14,19,171,0.185159,0.190639,6.21218,0.377001,3.75072,4.28945,2.66922
circle,2.25,hopcount,0,9,14.9939,13,10,180,0.182967,0.186255,5.94263,0.447451,2.86762,3.10833,2.25868
circle,2.25,hopcount,0,10,15.3328,19,56,134,0.197763,0.199955,7.31992,0.45395,2.48616,2.91338,1.7617
circle,2.25,hopcount,0,11,15.5847,13,29,161,0.188995,0.182967,5.97113,0.34128,3.35966,3.3555,2.18518
circle,2.25,hopcount,0,12,14.9309,10,8,182,0.195571,0.200503,5.70774,0.333865,2.98304,3.24879,2.26141
circle,2.25,hopcount,0,13,16.4316,14,30,160,0.203791,0.195571,6.41823,0.449611,3.39949,3.65618,2.10868
circle,2.25,hopcount,0,14,17.501,10,12,178,0.208175,0.206531,6.10449,0.434176,3.51408,4.19743,2.83608
circle,2.25,hopcount,0,15,16.9649,18,42,148,0.202695,0.195023,7.09969,0.427465,3.39769,3.47224,2.17014
circle,2.25,hopcount,0,16,15.138,4,4,186,0.174199,0.172007,4.04166,0.284929,3.65486,3.88568,2.92464
circle,2.25,hopcount,0,17,10.8322,4,9,181,0.204339,0.212011,4.65542,0.193388,1.85932,2.07454,1.63318
circle,2.25,hopcount,0,18,16.606,12,13,177,0.207079,0.196119,6.06819,0.325872,3.62288,3.72279,2.46312
circle,2.25,hopcount,0,19,16.2039,13,12,178,0.197215,0.198311,6.335,0.356085,3.22756,3.25442,2.63526
circle,2.25,lqi,0,0,15.6539,9,8,182,0.182419,0.186255,5.22118,0.229039,3.46113,3.81386,2.56
circle,2.25,lqi,0,1,15.9201,13,21,169,0.184063,0.178035,5.92071,0.380068,3.93451,2.7908,2.53196
circle,2.25,lqi,0,2,15.1519,8,8,182,0.201599,0.194475,5.39824,0.256672,3.00843,3.35527,2.73717
circle,2.25,lqi,0,3,16.3215,13,21,169,0.203791,0.199955,6.39035,0.343692,3.36067,3.1273,2.69571
circle,2.25,lqi,0,4,16.4243,10,9,181,0.215847,0.219683,5.99324,0.215635,3.52508,3.68664,2.56822
circle,2.25,lqi,0,5,14.7754,5,5,185,0.213655,0.205983,4.87126,0.154081,3.20938,3.4005,2.7205
circle,2.25,lqi,0,6,15.2277,11,19,171,0.201599,0.202695,5.93673,0.224664,2.90029,3.47985,2.28184
circle,2.25,lqi,0,7,16.0947,11,11,179,0.196667,0.193379,5.85015,0.266328,3.33899,3.5021,2.74707
circle,2.25,lqi,0,8,17.6493,13,14,176,0.184611,0.190639,6.05607,0.33243,3.95079,3.7521,3.18263
circle,2.25,lqi,0,9,15.8835,6,5,185,0.181871,0.185707,4.66789,0.199179,3.84065,3.79702,3.01117
circle,2.25,lqi,0,10,15.063,13,36,154,0.197763,0.199955,6.22047,0.315888,2.99621,2.87096,2.26172
circle,2.25,lqi,0,11,16.5284,10,18,172,0.187351,0.184063,5.42606,0.312401,3.92651,3.57383,2.91818
circle,2.25,lqi,0,12,13.4897,5,7,183,0.195571,0.198859,4.71344,0.267791,3.00534,2.51661,2.59205
circle,2.25,lqi,0,13,17.3323,8,8,182,0.201051,0.196667,5.29906,0.249251,3.58252,4.80469,2.99909
circle,2.25,lqi,0,14,16.2493,10,17,173,0.207627,0.208175,6.08969,0.387886,3.2165,3.27129,2.86809
circle,2.25,lqi,0,15,17.2039,14,22,168,0.202695,0.195023,6.36617,0.342525,3.71782,3.81543,2.56423
circle,2.25,lqi,0,16,15.3604,9,8,182,0.172007,0.168719,4.99869,0.297525,3.67359,3.25888,2.79097
circle,2.25,lqi,0,17,11.8661,1,1,189,0.203243,0.213107,4.09117,0.149181,2.49397,2.46699,2.24845
circle,2.25,lqi,0,18,16.1762,8,8,182,0.203791,0.198859,5.3829,0.200431,3.6756,3.82153,2.69312
circle,2.25,lqi,0,19,16.5267,10,9,181,0.197215,0.198311,5.76856,0.228631,3.67585,3.41856,3.0396
circle,2.25,leo,0,0,16.4369,11,21,169,0.182967,0.186803,6.64903,0.35023,3.30057,3.43652,2.33075
circle,2.25,leo,0,1,16.381,10,17,173,0.184611,0.175843,6.22746,0.443595,3.51612,3.25225,2.58111
circle,2.25,leo,0,2,16.4472,9,8,182,0.204339,0.192283,6.48538,0.320825,3.36724,3.47367,2.40342
circle,2.25,leo,0,3,19.4895,16,24,166,0.206531,0.198311,9.00883,0.437973,3.52658,3.56651,2.54478
circle,2.25,leo,0,4,17.5783,10,9,181,0.214751,0.219683,6.96562,0.248691,3.35471,4.25084,2.32396
circle,2.25,leo,0,5,12.6231,2,2,188,0.213655,0.205983,4.37485,0.153884,2.72625,2.74086,2.20764
circle,2.25,leo,0,6,15.3822,9,15,175,0.201599,0.202695,6.33201,0.225131,2.87832,3.25305,2.28941
circle,2.25,leo,0,7,14.6032,7,13,177,0.198859,0.193379,5.56205,0.26732,2.8407,3.1973,2.34357
circle,2.25,leo,0,8,17.0117,9,24,166,0.185159,0.190639,6.2653,0.27943,3.70904,3.82049,2.56166
circle,2.25,leo,0,9,15.9331,11,19,171,0.182967,0.186255,6.55882,0.342131,2.70922,3.68641,2.26727
circle,2.25,leo,0,10,17.7917,20,55,135,0.197763,0.199955,9.4331,0.468187,2.63689,2.86253,1.99326
circle,2.25,leo,0,11,17.189,12,40,150,0.188995,0.182967,7.28516,0.353773,3.36424,3.5968,2.21709
circle,2.25,leo,0,12,13.6638,10,19,171,0.195571,0.200503,6.55432,0.364342,2.21779,2.27068,1.86059
circle,2.25,leo,0,13,17.3845,14,30,160,0.203791,0.195571,8.0756,0.424079,3.001,3.36427,2.1202
circle,2.25,leo,0,14,17.8863,9,11,179,0.208175,0.206531,6.84229,0.38904,3.7047,3.52082,3.01473
circle,2.25,leo,0,15,19.5854,16,20,170,0.202695,0.195023,8.43299,0.365746,3.66872,4.07365,2.64658
circle,2.25,leo,0,16,15.6117,4,4,186,0.174199,0.172007,4.29903,0.281095,4.03369,3.77974,2.87195
circle,2.25,leo,0,17,10.7634,4,12,178,0.204339,0.212011,4.91094,0.197394,1.83345,1.84598,1.55925
circle,2.25,leo,0,18,16.9186,9,9,181,0.207079,0.196119,6.50491,0.274159,3.37205,3.81598,2.54833
circle,2.25,leo,0,19,16.2099,12,19,171,0.197215,0.198311,6.99592,0.295849,2.96302,3.04316,2.51647
circle,2.25,lqi-literal,0,0,17.5446,13,13,177,0.182967,0.186803,6.01223,0.407764,3.76188,4.46413,2.52883
circle,2.25,lqi-literal,0,1,15.6109,10,10,180,0.184611,0.175843,5.32304,0.436272,3.43894,3.32511,2.72709
circle,2.25,lqi-literal,0,2,14.8002,7,11,179,0.204339,0.192283,5.20651,0.265467,2.99249,3.63949,2.29966
circle,2.25,lqi-literal,0,3,17.5255,13,12,178,0.206531,0.198311,6.4024,0.407578,3.94654,3.7539,2.61025
circle,2.25,lqi-literal,0,4,16.8286,14,14,176,0.214751,0.219683,6.77662,0.361449,3.2367,3.84158,2.17777
circle,2.25,lqi-literal,0,5,13.9307,3,3,187,0.213655,0.205983,4.45656,0.15789,2.79071,3.52245,2.58347
circle,2.25,lqi-literal,0,6,15.0654,12,25,165,0.201599,0.202695,6.14272,0.328014,2.88985,3.31333,1.98721
circle,2.25,lqi-literal,0,7,14.6604,8,8,182,0.198859,0.193379,5.3018,0.29617,3.08574,3.19228,2.39219
circle,2.25,lqi-literal,0,8,17.6744,14,19,171,0.185159,0.190639,6.21218,0.377001,3.75072,4.28945,2.66922
circle,2.25,lqi-literal,0,9,14.9939,13,10,180,0.182967,0.186255,5.94263,0.447451,2.86762,3.10833,2.25868
circle,2.25,lqi-literal,0,10,15.3328,19,56,134,0.197763,0.199955,7.31992,0.45395,2.48616,2.91338,1.7617
circle,2.25,lqi-literal,0,11,15.5847,13,29,161,0.188995,0.182967,5.97113,0.34128,3.35966,3.3555,2.18518
circle,2.25,lqi-literal,0,12,14.9309,10,8,182,0.195571,0.200503,5.70774,0.333865,2.98304,3.24879,2.26141
circle,2.25,lqi-literal,0,13,16.4316,14,30,160,0.203791,0.195571,6.41823,0.449611,3.39949,3.65618,2.10868
circle,2.25,lqi-literal,0,14,17.501,10,12,178,0.208175,0.206531,6.10449,0.434176,3.51408,4.19743,2.83608
circle,2.25,lqi-literal,0,15,16.9649,18,42,148,0.202695,0.195023,7.09969,0.427465,3.39769,3.47224,2.17014
circle,2.25,lqi-literal,0,16,15.138,4,4,186,0.174199,0.172007,4.04166,0.284929,3.65486,3.88568,2.92464
circle,2.25,lqi-literal,0,17,10.8322,4,9,181,0.204339,0.212011,4.65542,0.193388,1.85932,2.07454,1.63318
circle,2.25,lqi-literal,0,18,16.606,12,13,177,0.207079,0.196119,6.06819,0.325872,3.62288,3.72279,2.46312
circle,2.25,lqi-literal,0,19,16.2039,13,12,178,0.197215,0.198311,6.335,0.356085,3.22756,3.25442,2.63526
circle,2.5,hopcount,0,0,15.9077,22,59,131,0.136387,0.136387,5.70076,0.605244,3.82068,3.14458,2.36364
circle,2.5,hopcount,0,1,13.0087,14,77,113,0.132003,0.138031,5.71386,0.510103,2.45771,2.22824,1.82872
circle,2.5,hopcount,0,2,16.1349,27,50,140,0.142963,0.138579,6.62453,0.801104,3.23226,2.88512,2.31032
circle,2.5,hopcount,0,3,15.0135,25,77,113,0.152827,0.151183,6.20803,0.813142,3.10185,2.77363,1.8128
circle,2.5,hopcount,0,4,16.0644,17,47,143,0.159951,0.166527,5.42147,0.478862,3.64604,3.58653,2.60499
circle,2.5,hopcount,0,5,15.213,10,11,179,0.164883,0.157759,4.46967,0.306026,3.91207,3.6408,2.56174
circle,2.5,hopcount,0,6,14.3174,21,58,132,0.153375,0.146799,5.62377,0.556916,2.8688,2.96663,2.00116
circle,2.5,hopcount,0,7,16.0755,20,37,153,0.151731,0.140223,5.47262,0.589682,3.52424,3.61177,2.58526
circle,2.5,hopcount,0,8,17.0182,29,71,119,0.133647,0.134743,6.64948,0.956514,3.49318,3.15116,2.49949
circle,2.5,hopcount,0,9,14.2152,15,43,147,0.134743,0.136387,4.56183,0.573739,3.07005,3.39093,2.34754
circle,2.5,hopcount,0,10,15.6289,25,68,122,0.146799,0.148443,6.02617,0.658473,3.08188,3.30109,2.26608
circle,2.5,hopcount,0,11,16.1597,23,63,127,0.142415,0.142963,5.86585,0.731041,3.4303,3.45841,2.38873
circle,2.5,hopcount,0,12,14.8532,16,23,167,0.147895,0.149539,5.11496,0.568306,3.26608,3.16479,2.44162
circle,2.5,hopcount,0,13,16.1294,22,51,139,0.139127,0.140771,5.71286,0.778629,3.42416,3.20123,2.73265
circle,2.5,hopcount,0,14,17.086,24,51,139,0.156663,0.156115,6.77454,0.78961,3.44714,3.21276,2.54919
circle,2.5,hopcount,0,15,14.9686,24,76,114,0.145155,0.148443,5.84431,0.647315,3.25262,2.88203,2.04874
circle,2.5,hopcount,0,16,14.9138,18,32,158,0.121591,0.123783,4.85979,0.569786,3.53229,3.01236,2.69417
circle,2.5,hopcount,0,17,12.5953,14,29,161,0.167075,0.169267,5.18729,0.374986,2.36717,2.56063,1.76885
circle,2.5,hopcount,0,18,16.2994,20,51,139,0.141319,0.148443,5.54129,0.551402,3.95822,3.45654,2.50214
circle,2.5,hopcount,0,19,18.1852,23,31,159,0.147347,0.142963,5.96902,0.664233,4.37976,3.66491,3.21693
circle,2.5,lqi,0,0,15.1293,15,39,151,0.134743,0.136387,4.67426,0.415528,3.75156,3.16667,2.85018
circle,2.5,lqi,0,1,15.2922,13,49,141,0.132003,0.138031,5.55004,0.614199,3.20012,2.98597,2.67183
circle,2.5,lqi,0,2,14.9583,22,50,140,0.144059,0.142415,5.93623,0.672564,3.38027,2.39295,2.28984
circle,2.5,lqi,0,3,16.743,27,59,131,0.151731,0.150087,6.67144,0.846516,3.50912,2.80241,2.61167
circle,2.5,lqi,0,4,15.3509,18,41,149,0.159951,0.165979,5.55951,0.43651,3.35166,3.01781,2.65951
circle,2.5,lqi,0,5,15.2577,13,13,177,0.162143,0.157759,4.87761,0.376957,3.69277,3.13949,2.85097
circle,2.5,lqi,0,6,16.7308,20,31,159,0.153375,0.146799,5.52844,0.526196,3.89071,3.47697,3.00832
circle,2.5,lqi,0,7,15.8593,17,25,165,0.150087,0.140771,5.07366,0.488136,3.76313,3.1496,3.09392
circle,2.5,lqi,0,8,16.6522,27,64,126,0.133647,0.134743,6.37123,0.762098,3.52869,2.95227,2.76949
circle,2.5,lqi,0,9,15.3377,18,32,158,0.133647,0.133099,5.07364,0.543484,3.37075,3.29015,2.79296
circle,2.5,lqi,0,10,13.8293,26,83,107,0.146799,0.148443,6.18827,0.6515,2.42059,2.30697,1.9667
circle,2.5,lqi,0,11,17.3598,21,36,154,0.142415,0.142963,5.58427,0.683331,3.87505,3.44371,3.48806
circle,2.5,lqi,0,12,12.8332,14,38,152,0.146799,0.150635,4.86575,0.495002,2.59771,2.22928,2.34803
circle,2.5,lqi,0,13,14.8078,23,64,126,0.139127,0.140771,5.90986,0.686075,3.16108,2.44343,2.3274
circle,2.5,lqi,0,14,16.3704,22,56,134,0.156663,0.156115,6.29815,0.714078,3.17363,2.90085,2.97095
circle,2.5,lqi,0,15,16.8569,30,57,133,0.146251,0.148991,6.61626,0.796693,3.67794,2.74549,2.72523
circle,2.5,lqi,0,16,15.3708,14,34,156,0.121591,0.123783,4.28591,0.532596,3.69678,3.56306,3.04708
circle,2.5,lqi,0,17,12.6454,13,21,169,0.167075,0.169267,4.96672,0.345201,2.67181,2.45371,1.87157
circle,2.5,lqi,0,18,16.4797,23,48,142,0.143511,0.144607,5.89291,0.575037,3.61283,3.17151,2.9393
circle,2.5,lqi,0,19,17.0333,18,25,165,0.147347,0.144607,5.30281,0.466577,3.97743,3.6314,3.36316
circle,2.5,leo,0,0,17.4263,22,47,143,0.136387,0.136387,6.84774,0.665716,3.55266,3.50765,2.5798
circle,2.5,leo,0,1,17.8246,17,51,139,0.132003,0.138031,7.05581,0.662364,3.51599,3.5355,2.78487
circle,2.5,leo,0,2,16.788,20,52,138,0.142963,0.138579,7.05276,0.633397,3.40957,3.03912,2.37165
circle,2.5,leo,0,3,19.9384,27,55,135,0.152827,0.151183,8.4249,0.907361,3.83892,3.82854,2.63468
circle,2.5,leo,0,4,18.381,22,42,148,0.159951,0.166527,7.75115,0.585415,3.65238,3.3274,2.73816
circle,2.5,leo,0,5,14.8405,14,38,152,0.164883,0.157759,6.21831,0.390484,3.20756,2.72916,1.97233
circle,2.5,leo,0,6,17.8946,23,45,145,0.153375,0.146799,7.63521,0.682347,3.43862,3.3759,2.46234
circle,2.5,leo,0,7,16.09,18,41,149,0.151731,0.140223,6.29206,0.545551,3.01444,3.22043,2.72555
circle,2.5,leo,0,8,19.0149,25,58,132,0.133647,0.134743,7.37016,0.74051,4.17924,3.65355,2.803
circle,2.5,leo,0,9,15.5683,17,36,154,0.134743,0.136387,5.959,0.523822,3.25014,3.15536,2.40884
circle,2.5,leo,0,10,14.985,30,89,101,0.146799,0.148443,7.49393,0.81562,2.36402,2.25142,1.76478
circle,2.5,leo,0,11,19.2374,22,54,136,0.142415,0.142963,7.82722,0.77364,3.7025,3.73237,2.91633
circle,2.5,leo,0,12,13.1849,13,58,132,0.147895,0.149539,5.49215,0.536658,2.43669,2.29745,2.12449
circle,2.5,leo,0,13,15.0839,22,77,113,0.139127,0.140771,7.23296,0.722097,2.59886,2.34284,1.90727
circle,2.5,leo,0,14,21.0744,29,59,131,0.156663,0.156115,9.88921,1.01407,3.81314,3.27365,2.77158
circle,2.5,leo,0,15,14.7548,24,91,99,0.145155,0.148443,7.49639,0.661526,2.44536,2.17439,1.68352
circle,2.5,leo,0,16,15.0952,17,48,142,0.121591,0.123783,5.50055,0.549455,3.37688,3.0939,2.32901
circle,2.5,leo,0,17,14.3514,14,14,176,0.167075,0.169267,5.77796,0.385198,2.4882,3.04403,2.31968
circle,2.5,leo,0,18,17.252,19,54,136,0.141319,0.148443,6.62814,0.585078,3.81535,3.46678,2.46694
circle,2.5,leo,0,19,19.1624,19,36,154,0.147347,0.142963,6.62734,0.633904,4.21433,4.29223,3.10433
circle,2.5,lqi-literal,0,0,15.9077,22,59,131,0.136387,0.136387,5.70076,0.605244,3.82068,3.14458,2.36364
circle,2.5,lqi-literal,0,1,13.0087,14,77,113,0.132003,0.138031,5.71386,0.510103,2.45771,2.22824,1.82872
circle,2.5,lqi-literal,0,2,16.1349,27,50,140,0.142963,0.138579,6.62453,0.801104,3.23226,2.88512,2.31032
circle,2.5,lqi-literal,0,3,15.0135,25,77,113,0.152827,0.151183,6.20803,0.813142,3.10185,2.77363,1.8128
circle,2.5,lqi-literal,0,4,16.0644,17,47,143,0.159951,0.166527,5.42147,0.478862,3.64604,3.58653,2.60499
circle,2.5,lqi-literal,0,5,15.213,10,11,179,0.164883,0.157759,4.46967,0.306026,3.91207,3.6408,2.56174
circle,2.5,lqi-literal,0,6,14.3174,21,58,132,0.153375,0.146799,5.62377,0.556916,2.8688,2.96663,2.00116
circle,2.5,lqi-literal,0,7,16.0755,20,37,153,0.151731,0.140223,5.47262,0.589682,3.52424,3.61177,2.58526
circle,2.5,lqi-literal,0,8,17.0182,29,71,119,0.133647,0.134743,6.64948,0.956514,3.49318,3.15116,2.49949
circle,2.5,lqi-literal,0,9,14.2152,15,43,147,0.134743,0.136387,4.56183,0.573739,3.07005,3.39093,2.34754
circle,2.5,lqi-literal,0,10,15.6289,25,68,122,0.146799,0.148443,6.02617,0.658473,3.08188,3.30109,2.26608
circle,2.5,lqi-literal,0,11,16.1597,23,63,127,0.142415,0.142963,5.86585,0.731041,3.4303,3.45841,2.38873
circle,2.5,lqi-literal,0,12,14.8532,16,23,167,0.147895,0.149539,5.11496,0.568306,3.26608,3.16479,2.44162
circle,2.5,lqi-literal,0,13,16.1294,22,51,139,0.139127,0.140771,5.71286,0.778629,3.42416,3.20123,2.73265
circle,2.5,lqi-literal,0,14,17.086,24,51,139,0.156663,0.156115,6.77454,0.78961,3.44714,3.21276,2.54919
circle,2.5,lqi-literal,0,15,14.9686,24,76,114,0.145155,0.148443,5.84431,0.647315,3.25262,2.88203,2.04874
circle,2.5,lqi-literal,0,16,14.9138,18,32,158,0.121591,0.123783,4.85979,0.569786,3.53229,3.01236,2.69417
circle,2.5,lqi-literal,0,17,12.5953,14,29,161,0.167075,0.169267,5.18729,0.374986,2.36717,2.56063,1.76885
circle,2.5,lqi-literal,0,18,16.2994,20,51,139,0.141319,0.148443,5.54129,0.551402,3.95822,3.45654,2.50214
circle,2.5,lqi-literal,0,19,18.1852,23,31,159,0.147347,0.142963,5.96902,0.664233,4.37976,3.66491,3.21693
circle,2.625,hopcount,0,0,16.1571,24,57,133,0.118851,0.119947,5.11983,0.806962,3.80931,3.46965,2.71259
circle,2.625,hopcount,0,1,12.8987,16,86,104,0.110083,0.113919,5.26547,0.641088,2.34449,2.7902,1.6335
circle,2.625,hopcount,0,2,16.821,32,59,131,0.123235,0.120495,6.13726,0.999427,3.71078,3.12122,2.60856
circle,2.625,hopcount,0,3,14.2658,23,84,106,0.132551,0.140223,4.94186,0.897851,3.11548,2.81226,2.22556
circle,2.625,hopcount,0,4,15.6067,20,52,138,0.138031,0.139675,4.83739,0.511718,3.6514,3.34955,2.97892
circle,2.625,hopcount,0,5,14.4564,11,20,170,0.140223,0.138031,3.93866,0.418224,3.61065,3.33308,2.8775
circle,2.625,hopcount,0,6,12.7229,17,70,120,0.134195,0.134195,4.46707,0.584835,2.80802,2.35453,2.24007
circle,2.625,hopcount,0,7,15.9284,29,65,125,0.128715,0.127071,5.68312,0.853731,3.5886,3.1386,2.40858
circle,2.625,hopcount,0,8,13.1436,28,102,88,0.119399,0.119947,5.4717,0.923046,2.63889,2.16877,1.70188
circle,2.625,hopcount,0,9,13.6327,19,54,136,0.118303,0.118851,4.49896,0.732451,2.94777,2.9576,2.25879
circle,2.625,hopcount,0,10,10.617,22,111,79,0.127071,0.134743,4.60889,0.716176,2.03424,1.52929,1.4666
circle,2.625,hopcount,0,11,14.6965,25,82,108,0.127619,0.124879,5.31489,0.916005,3.26593,2.73545,2.2117
circle,2.625,hopcount,0,12,12.372,25,65,125,0.132551,0.135291,5.67916,0.880911,2.29098,1.58565,1.66751
circle,2.625,hopcount,0,13,15.6549,26,64,126,0.127071,0.128715,5.38952,0.924737,3.58084,2.78267,2.72138
circle,2.625,hopcount,0,14,15.2964,23,69,121,0.137483,0.138031,5.61185,0.852663,3.36777,2.83166,2.35695
circle,2.625,hopcount,0,15,13.9338,25,93,97,0.128167,0.137483,4.92397,0.86961,3.1115,2.32313,2.43995
circle,2.625,hopcount,0,16,13.0331,20,49,141,0.107343,0.112823,4.02354,0.665008,3.21164,2.64297,2.26975
circle,2.625,hopcount,0,17,13.0824,17,32,158,0.150087,0.142415,4.83994,0.416307,2.73899,2.99344,1.80119
circle,2.625,hopcount,0,18,13.9523,26,87,103,0.118851,0.125427,5.4681,0.718044,3.03464,2.70722,1.78005
circle,2.625,hopcount,0,19,14.3514,19,69,121,0.124331,0.126523,4.78051,0.641169,3.35701,2.80402,2.51784
circle,2.625,lqi,0,0,14.9886,25,56,134,0.121591,0.119399,5.14403,0.74611,3.54562,2.84817,2.4637
circle,2.625,lqi,0,1,11.886,9,71,119,0.110083,0.113919,4.47377,0.364622,2.35526,2.09858,2.36974
circle,2.625,lqi,0,2,15.998,29,59,131,0.123235,0.121591,5.80941,0.829793,3.50972,3.01219,2.59209
circle,2.625,lqi,0,3,16.1761,26,65,125,0.132551,0.140223,5.36692,1.05436,3.43564,2.8053,3.24115
circle,2.625,lqi,0,4,16.9006,16,28,162,0.138031,0.139675,4.36244,0.428889,4.21355,3.9339,3.68408
circle,2.625,lqi,0,5,14.1469,17,34,156,0.140223,0.138031,4.56706,0.440188,3.51591,2.69627,2.64924
circle,2.625,lqi,0,6,15.6063,20,51,139,0.134195,0.134195,4.75157,0.577725,3.61542,3.17035,3.22286
circle,2.625,lqi,0,7,17.378,29,38,152,0.128715,0.127071,5.71356,0.930896,4.11875,3.04052,3.31844
circle,2.625,lqi,0,8,15.4512,28,73,117,0.119399,0.119947,5.39315,0.887383,3.40888,2.74638,2.77607
circle,2.625,lqi,0,9,11.9899,17,62,128,0.119947,0.120495,4.24738,0.59941,2.58448,2.11286,2.2053
circle,2.625,lqi,0,10,11.9544,22,98,92,0.127071,0.134743,4.71707,0.672801,2.29715,2.10658,1.89896
circle,2.625,lqi,0,11,15.1151,26,78,112,0.128167,0.124879,5.42184,0.911926,3.24614,2.60266,2.67952
circle,2.625,lqi,0,12,13.4312,18,49,141,0.133099,0.133647,4.69108,0.654178,3.24802,2.04723,2.52397
circle,2.625,lqi,0,13,13.1864,21,77,113,0.128715,0.128715,4.80635,0.739755,2.74803,2.33963,2.29523
circle,2.625,lqi,0,14,13.9106,19,77,113,0.137483,0.138031,5.09603,0.733765,2.8269,2.44671,2.53167
circle,2.625,lqi,0,15,15.6551,30,79,111,0.129263,0.134743,5.45305,0.872347,3.30891,2.87225,2.88456
circle,2.625,lqi,0,16,13.2218,20,54,136,0.107343,0.112823,4.03514,0.798333,3.35126,2.36245,2.45443
circle,2.625,lqi,0,17,12.6467,13,26,164,0.148991,0.143511,4.34708,0.340713,2.77719,2.62852,2.26066
circle,2.625,lqi,0,18,15.3839,27,62,128,0.119947,0.123235,5.46536,0.677088,3.22336,2.8952,2.87973
circle,2.625,lqi,0,19,14.2161,23,64,126,0.126523,0.125975,5.157,0.704506,3.08954,2.44375,2.56879
circle,2.625,leo,0,0,14.7275,27,91,99,0.118851,0.119947,6.78311,0.852801,2.94302,2.02915,1.88064
circle,2.625,leo,0,1,13.3904,9,81,109,0.110083,0.113919,5.06263,0.470717,2.7422,2.73217,2.15866
circle,2.625,leo,0,2,15.1588,26,80,110,0.123235,0.120495,6.64311,0.814183,2.92337,2.39269,2.14171
circle,2.625,leo,0,3,15.9839,23,81,109,0.132551,0.140223,6.23963,0.820788,3.25187,2.839,2.55981
circle,2.625,leo,0,4,14.5379,19,82,108,0.138031,0.139675,6.01627,0.584446,2.96464,2.35728,2.33753
circle,2.625,leo,0,5,14.893,18,45,145,0.140223,0.138031,5.75464,0.557647,3.08574,2.79459,2.42214
circle,2.625,leo,0,6,16.0646,25,65,125,0.134195,0.134195,6.67726,0.761071,3.26567,2.78722,2.30501
circle,2.625,leo,0,7,17.6743,26,54,136,0.128715,0.127071,6.36588,0.973634,3.80431,3.38489,2.88976
circle,2.625,leo,0,8,17.2504,31,85,105,0.119399,0.119947,7.51508,1.12333,3.33806,2.79753,2.23703
circle,2.625,leo,0,9,15.3,20,62,128,0.118303,0.118851,5.75631,0.792177,3.31739,2.64492,2.55208
circle,2.625,leo,0,10,9.59919,22,116,74,0.127071,0.134743,5.14551,0.639972,1.53396,1.09015,0.927789
circle,2.625,leo,0,11,17.3693,24,64,126,0.127619,0.124879,6.70327,0.860431,3.42643,3.34973,2.77697
circle,2.625,leo,0,12,14.6422,18,50,140,0.132551,0.135291,5.92035,0.683163,2.95521,2.66297,2.15264
circle,2.625,leo,0,13,14.6296,26,89,101,0.127071,0.128715,6.56221,0.89237,2.98005,2.07947,1.85973
circle,2.625,leo,0,14,13.3553,22,96,94,0.137483,0.138031,6.10396,0.7471,2.60471,1.73662,1.8874
circle,2.625,leo,0,15,14.7874,28,95,95,0.128167,0.137483,6.59589,0.849426,2.658,2.30123,2.11725
circle,2.625,leo,0,16,13.7845,22,63,127,0.107343,0.112823,5.31027,0.767045,2.91678,2.43078,2.13945
circle,2.625,leo,0,17,12.2966,12,45,145,0.150087,0.142415,4.5094,0.342203,2.7903,2.54459,1.81762
circle,2.625,leo,0,18,20.0516,26,43,147,0.118851,0.125427,6.91961,0.783817,4.67535,3.96227,3.46623
circle,2.625,leo,0,19,16.157,22,63,127,0.124331,0.126523,5.82629,0.771693,3.57852,2.95538,2.77426
circle,2.625,lqi-literal,0,0,16.1571,24,57,133,0.118851,0.119947,5.11983,0.806962,3.80931,3.46965,2.71259
circle,2.625,lqi-literal,0,1,12.8987,16,86,104,0.110083,0.113919,5.26547,0.641088,2.34449,2.7902,1.6335
circle,2.625,lqi-literal,0,2,16.821,32,59,131,0.123235,0.120495,6.13726,0.999427,3.71078,3.12122,2.60856
circle,2.625,lqi-literal,0,3,14.2658,23,84,106,0.132551,0.140223,4.94186,0.897851,3.11548,2.81226,2.22556
circle,2.625,lqi-literal,0,4,15.6067,20,52,138,0.138031,0.139675,4.83739,0.511718,3.6514,3.34955,2.97892
circle,2.625,lqi-literal,0,5,14.4564,11,20,170,0.140223,0.138031,3.93866,0.418224,3.61065,3.33308,2.8775
circle,2.625,lqi-literal,0,6,12.7229,17,70,120,0.134195,0.134195,4.46707,0.584835,2.80802,2.35453,2.24007
circle,2.625,lqi-literal,0,7,15.9284,29,65,125,0.128715,0.127071,5.68312,0.853731,3.5886,3.1386,2.40858
circle,2.625,lqi-literal,0,8,13.1436,28,102,88,0.119399,0.119947,5.4717,0.923046,2.63889,2.16877,1.70188
circle,2.625,lqi-literal,0,9,13.6327,19,54,136,0.118303,0.118851,4.49896,0.732451,2.94777,2.9576,2.25879
circle,2.625,lqi-literal,0,10,10.617,22,111,79,0.127071,0.134743,4.60889,0.716176,2.03424,1.52929,1.4666
circle,2.625,lqi-literal,0,11,14.6965,25,82,108,0.127619,0.124879,5.31489,0.916005,3.26593,2.73545,2.2117
circle,2.625,lqi-literal,0,12,12.372,25,65,125,0.132551,0.135291,5.67916,0.880911,2.29098,1.58565,1.66751
circle,2.625,lqi-literal,0,13,15.6549,26,64,126,0.127071,0.128715,5.38952,0.924737,3.58084,2.78267,2.72138
circle,2.625,lqi-literal,0,14,15.2964,23,69,121,0.137483,0.138031,5.61185,0.852663,3.36777,2.83166,2.35695
circle,2.625,lqi-literal,0,15,13.9338,25,93,97,0.128167,0.137483,4.92397,0.86961,3.1115,2.32313,2.43995
circle,2.625,lqi-literal,0,16,13.0331,20,49,141,0.107343,0.112823,4.02354,0.665008,3.21164,2.64297,2.26975
circle,2.625,lqi-literal,0,17,13.0824,17,32,158,0.150087,0.142415,4.83994,0.416307,2.73899,2.99344,1.80119
circle,2.625,lqi-literal,0,18,13.9523,26,87,103,0.118851,0.125427,5.4681,0.718044,3.03464,2.70722,1.78005
circle,2.625,lqi-literal,0,19,14.3514,19,69,121,0.124331,0.126523,4.78051,0.641169,3.35701,2.80402,2.51784
circle,3,hopcount,0,0,7.62337,13,131,59,0.0881633,0.0881633,1.92279,0.481826,1.99803,1.64258,1.40182
circle,3,hopcount,0,1,4.77416,3,150,40,0.0859713,0.0859713,1.85365,0.0654643,0.844087,1.05472,0.784298
circle,3,hopcount,0,2,8.11775,25,128,62,0.0930953,0.0930953,2.89411,0.775063,1.82184,1.12152,1.31903
circle,3,hopcount,0,3,2.20562,4,185,5,0.0991233,0.101315,1.60772,0.138136,0.198596,0.0268639,0.0338588
circle,3,hopcount,0,4,9.84894,24,120,70,0.0980273,0.0985753,2.80897,0.643604,2.40538,2.25608,1.5383
circle,3,hopcount,0,5,8.52304,20,117,73,0.106795,0.108439,2.54978,0.664403,2.19926,1.4434,1.45096
circle,3,hopcount,0,6,5.89839,16,136,54,0.100219,0.0963833,1.9667,0.368558,1.41777,1.10729,0.841468
circle,3,hopcount,0,7,7.6952,11,134,56,0.0876153,0.0887113,1.98342,0.348413,1.94977,1.80958,1.42769
circle,3,hopcount,0,8,7.34165,14,140,50,0.0843273,0.0837793,1.78192,0.448577,1.78107,1.63715,1.52482
circle,3,hopcount,0,9,8.32184,27,118,72,0.0870673,0.0881633,2.74225,0.802982,1.93169,1.42539,1.24431
circle,3,hopcount,0,10,3.2565,12,157,33,0.0936433,0.0925473,1.58826,0.245616,0.574218,0.327206,0.335014
circle,3,hopcount,0,11,6.39485,15,144,46,0.0941913,0.0930953,2.01325,0.430538,1.43584,1.30007,1.02787
circle,3,hopcount,0,12,8.06535,7,106,84,0.0947393,0.0914513,2.42541,0.282617,1.84826,1.84817,1.47471
circle,3,hopcount,0,13,5.73632,12,137,53,0.0898073,0.0941913,1.89917,0.435409,1.2264,1.01641,0.974939
circle,3,hopcount,0,14,4.72607,9,173,17,0.0991233,0.0991233,2.73594,0.363926,0.605071,0.46226,0.360618
circle,3,hopcount,0,15,3.50028,15,167,23,0.0919993,0.0941913,1.63859,0.279599,0.774333,0.264612,0.356949
circle,3,hopcount,0,16,5.30597,13,135,55,0.0865193,0.0848753,1.74291,0.425488,1.26706,0.954306,0.744811
circle,3,hopcount,0,17,9.33945,20,85,105,0.112823,0.112275,3.07527,0.445302,2.27145,1.81028,1.51205
circle,3,hopcount,0,18,6.12978,14,137,53,0.0925473,0.0898073,1.79583,0.364984,1.38487,1.27443,1.1273
circle,3,hopcount,0,19,8.04418,14,127,63,0.0914513,0.0898073,2.3258,0.485247,1.85257,1.60797,1.59132
circle,3,lqi,0,0,7.33881,11,134,56,0.0881633,0.0881633,1.80802,0.420854,1.85166,1.60808,1.47388
circle,3,lqi,0,1,5.24292,7,149,41,0.0859713,0.0859713,2.06281,0.240578,0.888036,1.02101,0.858537
circle,3,lqi,0,2,9.76051,21,121,69,0.0930953,0.0930953,2.68103,0.929802,2.13391,1.7597,2.06988
circle,3,lqi,0,3,2.20562,4,185,5,0.0991233,0.101315,1.60772,0.138136,0.198596,0.0268639,0.0338588
circle,3,lqi,0,4,9.30806,23,123,67,0.0980273,0.0985753,2.81411,0.660867,2.09998,1.86645,1.67004
circle,3,lqi,0,5,7.93929,17,110,80,0.106795,0.108439,2.24755,0.53611,2.14344,1.37542,1.42152
circle,3,lqi,0,6,5.82609,16,136,54,0.100219,0.0963833,1.91257,0.412059,1.42318,0.961492,0.920186
circle,3,lqi,0,7,7.6952,11,134,56,0.0876153,0.0887113,1.98342,0.348413,1.94977,1.80958,1.42769
circle,3,lqi,0,8,7.73518,12,138,52,0.0843273,0.0837793,1.70991,0.396103,2.08067,1.6521,1.72828
circle,3,lqi,0,9,8.51778,21,110,80,0.0870673,0.0881633,2.57094,0.753942,1.95785,1.58617,1.47364
circle,3,lqi,0,10,4.24636,11,147,43,0.0936433,0.0925473,1.55874,0.232334,0.890511,0.773379,0.605205
circle,3,lqi,0,11,6.73782,18,144,46,0.0941913,0.0930953,2.19619,0.502764,1.52732,1.08099,1.24327
circle,3,lqi,0,12,6.76449,7,115,75,0.0947393,0.0914513,2.32999,0.33737,1.54233,1.27377,1.09484
circle,3,lqi,0,13,5.94206,14,136,54,0.0898073,0.0941913,2.18394,0.577401,1.25551,0.862587,0.878625
circle,3,lqi,0,14,7.6056,12,143,47,0.0991233,0.0991233,2.67844,0.376269,1.4705,1.57571,1.30644
circle,3,lqi,0,15,5.99989,17,146,44,0.0919993,0.0941913,1.84136,0.462346,1.4845,1.00545,1.02005
circle,3,lqi,0,16,5.84252,14,122,68,0.0865193,0.0848753,1.63464,0.348491,1.46123,1.1872,1.03957
circle,3,lqi,0,17,9.73049,18,74,116,0.112275,0.111727,2.86565,0.372962,2.41098,1.94811,1.90879
circle,3,lqi,0,18,7.37736,16,123,67,0.0925473,0.0898073,1.84774,0.487136,1.98119,1.39007,1.48886
circle,3,lqi,0,19,8.32435,13,117,73,0.0914513,0.0898073,2.28845,0.490469,2.09168,1.49378,1.77871
circle,3,leo,0,0,4.92278,8,145,45,0.0881633,0.0881633,1.56167,0.383877,1.20266,0.853271,0.744978
circle,3,leo,0,1,4.77416,3,150,40,0.0859713,0.0859713,1.85365,0.0654643,0.844087,1.05472,0.784298
circle,3,leo,0,2,8.94163,24,131,59,0.0930953,0.0930953,3.02456,0.871707,2.1736,1.19754,1.48804
circle,3,leo,0,3,2.40807,5,184,6,0.0991233,0.101315,1.69812,0.192193,0.241122,0.0268639,0.0493334
circle,3,leo,0,4,9.23123,21,130,60,0.0980273,0.0985753,2.79055,0.590079,2.18683,1.77971,1.68747
circle,3,leo,0,5,8.72415,20,116,74,0.106795,0.108439,2.85144,0.679708,2.07054,1.48154,1.42569
circle,3,leo,0,6,6.11578,14,133,57,0.100219,0.0963833,1.92876,0.356176,1.58068,1.04951,1.00405
circle,3,leo,0,7,6.921,14,142,48,0.0876153,0.0887113,2.29352,0.526436,1.47818,1.30388,1.14265
circle,3,leo,0,8,6.61957,12,146,44,0.0843273,0.0837793,1.88847,0.352631,1.53586,1.42117,1.25333
circle,3,leo,0,9,9.25671,24,106,84,0.0870673,0.0881633,2.95689,0.793297,2.12105,1.75538,1.45486
circle,3,leo,0,10,3.83889,12,155,35,0.0936433,0.0925473,1.80054,0.302035,0.692399,0.43561,0.422118
circle,3,leo,0,11,5.82312,17,158,32,0.0941913,0.0930953,2.35876,0.471062,1.33526,0.738523,0.732221
circle,3,leo,0,12,6.84241,5,118,72,0.0947393,0.0914513,2.54776,0.236298,1.4165,1.46404,0.991629
circle,3,leo,0,13,5.48452,11,141,49,0.0898073,0.0941913,2.01124,0.450847,1.19275,0.830928,0.814757
circle,3,leo,0,14,4.7554,11,168,22,0.0991233,0.0991233,2.76103,0.370109,0.55479,0.47053,0.400693
circle,3,leo,0,15,4.08943,15,162,28,0.0919993,0.0941913,1.71491,0.351993,0.925899,0.398944,0.511494
circle,3,leo,0,16,6.47622,10,121,69,0.0865193,0.0848753,1.97695,0.400999,1.57644,1.25532,1.09512
circle,3,leo,0,17,8.9371,16,83,107,0.112823,0.112275,3.04307,0.415963,2.17607,1.58631,1.49058
circle,3,leo,0,18,8.98696,19,120,70,0.0925473,0.0898073,2.26227,0.53165,2.2833,1.83348,1.89391
circle,3,leo,0,19,6.63815,14,141,49,0.0914513,0.0898073,2.49331,0.504272,1.33806,0.941527,1.17973
circle,3,lqi-literal,0,0,7.62337,13,131,59,0.0881633,0.0881633,1.92279,0.481826,1.99803,1.64258,1.40182
circle,3,lqi-literal,0,1,4.77416,3,150,40,0.0859713,0.0859713,1.85365,0.0654643,0.844087,1.05472,0.784298
circle,3,lqi-literal,0,2,8.11775,25,128,62,0.0930953,0.0930953,2.89411,0.775063,1.82184,1.12152,1.31903
circle,3,lqi-literal,0,3,2.20562,4,185,5,0.0991233,0.101315,1.60772,0.138136,0.198596,0.0268639,0.0338588
circle,3,lqi-literal,0,4,9.50328,23,123,67,0.0980273,0.0985753,2.80497,0.630101,2.33622,2.03074,1.50464
circle,3,lqi-literal,0,5,8.52304,20,117,73,0.106795,0.108439,2.54978,0.664403,2.19926,1.4434,1.45096
circle,3,lqi-literal,0,6,5.89839,16,136,54,0.100219,0.0963833,1.9667,0.368558,1.41777,1.10729,0.841468
circle,3,lqi-literal,0,7,7.6952,11,134,56,0.0876153,0.0887113,1.98342,0.348413,1.94977,1.80958,1.42769
circle,3,lqi-literal,0,8,7.34165,14,140,50,0.0843273,0.0837793,1.78192,0.448577,1.78107,1.63715,1.52482
circle,3,lqi-literal,0,9,8.32184,27,118,72,0.0870673,0.0881633,2.74225,0.802982,1.93169,1.42539,1.24431
circle,3,lqi-literal,0,10,3.2565,12,157,33,0.0936433,0.0925473,1.58826,0.245616,0.574218,0.327206,0.335014
circle,3,lqi-literal,0,11,6.39485,15,144,46,0.0941913,0.0930953,2.01325,0.430538,1.43584,1.30007,1.02787
circle,3,lqi-literal,0,12,8.06535,7,106,84,0.0947393,0.0914513,2.42541,0.282617,1.84826,1.84817,1.47471
circle,3,lqi-literal,0,13,5.73632,12,137,53,0.0898073,0.0941913,1.89917,0.435409,1.2264,1.01641,0.974939
circle,3,lqi-literal,0,14,4.72607,9,173,17,0.0991233,0.0991233,2.73594,0.363926,0.605071,0.46226,0.360618
circle,3,lqi-literal,0,15,3.50028,15,167,23,0.0919993,0.0941913,1.63859,0.279599,0.774333,0.264612,0.356949
circle,3,lqi-literal,0,16,5.30597,13,135,55,0.0865193,0.0848753,1.74291,0.425488,1.26706,0.954306,0.744811
circle,3,lqi-literal,0,17,9.33945,20,85,105,0.112823,0.112275,3.07527,0.445302,2.27145,1.81028,1.51205
circle,3,lqi-literal,0,18,6.12978,14,137,53,0.0925473,0.0898073,1.79583,0.364984,1.38487,1.27443,1.1273
circle,3,lqi-literal,0,19,8.04418,14,127,63,0.0914513,0.0898073,2.3258,0.485247,1.85257,1.60797,1.59132
triangle,2,hopcount,0,0,11.8865,0,0,190,0.237767,0.242699,4.64636,0.107604,2.2811,2.46805,1.90297
triangle,2,hopcount,0,1,10.767,2,2,188,0.248727,0.244343,5.13176,0.0987439,1.6124,1.96306,1.46798
triangle,2,hopcount,0,2,13.2589,5,5,185,0.245439,0.240507,5.86205,0.19826,2.27398,2.63863,1.80005
triangle,2,hopcount,0,3,14.2571,13,12,178,0.245987,0.240507,7.82392,0.296194,1.89208,2.17461,1.58385
triangle,2,hopcount,0,4,12.1217,4,4,186,0.239959,0.241603,5.55304,0.170839,2.01181,2.19785,1.70664
triangle,2,hopcount,0,5,12.0995,6,6,184,0.249275,0.244343,6.15461,0.180972,1.84314,1.93711,1.49
triangle,2,hopcount,0,6,9.95802,1,1,189,0.242151,0.236671,4.78494,0.104073,1.5918,1.68789,1.3105
triangle,2,hopcount,0,7,11.9855,2,2,188,0.243795,0.242699,5.12025,0.115068,2.02877,2.38595,1.84894
triangle,2,hopcount,0,8,12.4729,0,0,190,0.239411,0.246535,4.57567,0.101164,2.51153,2.83398,1.96459
triangle,2,hopcount,0,9,11.8754,6,6,184,0.245987,0.246535,6.17708,0.19317,1.67731,1.87398,1.46132
triangle,2,hopcount,0,10,15.1791,6,5,185,0.237767,0.242151,6.07789,0.195747,2.95982,3.36694,2.09876
triangle,2,hopcount,0,11,12.4653,1,1,189,0.247631,0.248179,4.90769,0.109967,2.31992,2.75298,1.87896
triangle,2,hopcount,0,12,10.8498,1,1,189,0.229547,0.236123,4.70055,0.119243,1.92747,2.0272,1.60967
triangle,2,hopcount,0,13,12.0868,1,1,189,0.247083,0.247083,4.91536,0.118914,2.25442,2.39269,1.91125
triangle,2,hopcount,0,14,12.1599,3,3,187,0.244891,0.239959,5.36898,0.175322,2.01121,2.30356,1.81602
triangle,2,hopcount,0,15,13.0999,6,6,184,0.243795,0.239959,6.08502,0.215535,2.05752,2.38386,1.87422
triangle,2,hopcount,0,16,12.4861,1,1,189,0.241603,0.242151,4.86111,0.109418,2.29501,2.88948,1.84728
triangle,2,hopcount,0,17,11.0796,5,5,185,0.238863,0.243795,5.78094,0.222261,1.57491,1.62561,1.39319
triangle,2,hopcount,0,18,11.5477,1,0,190,0.249275,0.242151,4.87317,0.102609,1.99313,2.34727,1.74007
triangle,2,hopcount,0,19,12.8154,6,6,184,0.252563,0.249275,6.20832,0.209065,2.28317,1.98292,1.63013
triangle,2,hopcount,1,0,10.5619,7,36,154,0.137483,0.142415,3.58153,0.325853,2.09616,2.31259,1.96588
triangle,2,hopcount,1,1,13.6821,11,18,172,0.142415,0.140771,4.10891,0.464952,2.81334,3.28496,2.7268
triangle,2,hopcount,1,2,11.5383,8,35,155,0.139127,0.143511,3.7726,0.421232,2.34873,2.68561,2.02746
triangle,2,hopcount,1,3,12.2953,7,32,158,0.138031,0.142415,3.59136,0.418302,2.35276,3.19715,2.45526
triangle,2,hopcount,1,4,12.9652,12,30,160,0.141867,0.137483,4.23774,0.431417,2.56144,3.25779,2.19749
triangle,2,hopcount,1,5,11.6771,6,35,155,0.142415,0.140223,3.42529,0.297096,2.61437,2.88483,2.17292
triangle,2,hopcount,1,6,14.3768,7,10,180,0.143511,0.136387,3.57437,0.407666,3.00592,3.93525,3.17366
triangle,2,hopcount,1,7,11.2189,8,37,153,0.142415,0.141319,3.74258,0.341484,2.14122,2.72621,1.98372
triangle,2,hopcount,1,8,13.3093,6,17,173,0.140223,0.144059,3.38001,0.337734,2.96429,3.49995,2.84304
triangle,2,hopcount,1,9,12.9819,11,28,162,0.142963,0.143511,4.06813,0.46162,2.74725,3.1639,2.25447
triangle,2,hopcount,1,10,12.0828,8,32,158,0.144607,0.141867,3.73128,0.403525,2.40064,3.0442,2.21673
triangle,2,hopcount,1,11,10.3432,2,37,153,0.142963,0.140771,2.88721,0.224543,2.23136,2.6722,2.04417
triangle,2,hopcount,1,12,11.3733,7,38,152,0.143511,0.136387,3.52764,0.344926,2.47385,2.68933,2.05768
triangle,2,hopcount,1,13,11.8869,8,29,161,0.144059,0.145155,3.6287,0.397577,2.51495,2.87828,2.17819
triangle,2,hopcount,1,14,11.9825,4,22,168,0.138579,0.140771,3.15559,0.305127,2.63624,3.17983,2.42633
triangle,2,hopcount,1,15,11.5566,3,28,162,0.141319,0.141319,3.01091,0.254219,2.58553,3.01763,2.40565
triangle,2,hopcount,1,16,11.1891,4,32,158,0.141867,0.140223,3.20948,0.28898,2.27875,2.89904,2.23077
triangle,2,hopcount,1,17,10.8412,5,41,149,0.140223,0.143511,3.35231,0.413478,2.20654,2.58206,2.00313
triangle,2,hopcount,1,18,12.3558,6,17,173,0.139127,0.138031,3.41083,0.276501,2.76962,3.03199,2.58968
triangle,2,hopcount,1,19,12.2746,7,26,164,0.141319,0.141867,3.5602,0.320321,2.67327,3.12212,2.31555
triangle,2,lqi,0,0,12.553,0,0,190,0.237767,0.242699,4.64636,0.104147,2.47656,2.6943,2.15115
triangle,2,lqi,0,1,10.4885,2,10,180,0.248727,0.244343,5.13176,0.0989229,1.53544,1.85347,1.37586
triangle,2,lqi,0,2,11.7069,1,1,189,0.245439,0.240507,4.90057,0.111062,2.00046,2.31133,1.89757
triangle,2,lqi,0,3,12.8956,5,5,185,0.245987,0.240507,5.87684,0.13894,2.13028,2.2477,2.01532
triangle,2,lqi,0,4,11.9238,2,2,188,0.239959,0.241603,5.08353,0.126738,2.17152,2.25244,1.80801
triangle,2,lqi,0,5,12.5225,3,3,187,0.249275,0.244343,5.42049,0.118525,2.19228,2.37564,1.92191
triangle,2,lqi,0,6,10.1358,1,1,189,0.242151,0.236671,4.78877,0.116869,1.64508,1.72631,1.37989
triangle,2,lqi,0,7,11.6012,2,2,188,0.243795,0.243247,5.12847,0.114785,1.89404,2.19542,1.78147
triangle,2,lqi,0,8,12.6956,0,0,190,0.239411,0.245439,4.5795,0.112886,2.44085,2.84454,2.23295
triangle,2,lqi,0,9,11.2351,2,2,188,0.245987,0.246535,5.18765,0.114352,1.7923,2.01998,1.62826
triangle,2,lqi,0,10,14.1547,3,3,187,0.237767,0.242151,5.3487,0.125731,2.91622,3.07332,2.21078
triangle,2,lqi,0,11,12.9836,2,2,188,0.247631,0.248179,5.15258,0.107054,2.36212,2.84724,2.01883
triangle,2,lqi,0,12,11.2155,0,0,190,0.229547,0.236123,4.45127,0.101955,2.12086,2.29771,1.77804
triangle,2,lqi,0,13,12.0906,1,1,189,0.247083,0.247083,4.91536,0.120167,2.23761,2.41955,1.90379
triangle,2,lqi,0,14,13.0182,1,1,189,0.244891,0.239959,4.87919,0.139102,2.54279,2.50469,2.46755
triangle,2,lqi,0,15,12.987,3,3,187,0.243795,0.239959,5.36514,0.152966,2.60014,2.20413,2.18082
triangle,2,lqi,0,16,12.4518,0,0,190,0.241055,0.242151,4.62389,0.107056,2.43593,2.8197,1.98206
triangle,2,lqi,0,17,10.9229,2,2,188,0.238863,0.245439,5.06161,0.133238,1.74596,1.89932,1.59843
triangle,2,lqi,0,18,11.5395,1,0,190,0.249275,0.242151,4.87317,0.0964784,1.99313,2.34727,1.73803
triangle,2,lqi,0,19,12.0846,3,3,187,0.252563,0.249275,5.47474,0.135125,2.19958,2.08055,1.69277
triangle,2,lqi,1,0,9.35225,7,45,145,0.137483,0.142415,3.57643,0.356419,1.79232,1.66604,1.68115
triangle,2,lqi,1,1,11.6397,7,32,158,0.142415,0.140771,3.58642,0.361882,2.35858,2.78953,2.2601
triangle,2,lqi,1,2,11.6382,8,36,154,0.139127,0.143511,3.75186,0.428929,2.15838,2.82791,2.18844
triangle,2,lqi,1,3,11.2845,6,37,153,0.138031,0.142415,3.51931,0.388113,2.00473,2.79742,2.29448
triangle,2,lqi,1,4,11.5717,8,38,152,0.141867,0.137483,3.65763,0.440945,2.21028,2.89481,2.08863
triangle,2,lqi,1,5,10.7023,10,41,149,0.142415,0.140223,4.01792,0.391226,2.09064,2.11188,1.80803
triangle,2,lqi,1,6,12.4471,8,23,167,0.143511,0.136387,3.71501,0.35923,2.52281,3.06598,2.50419
triangle,2,lqi,1,7,11.3009,9,37,153,0.142415,0.141319,3.88997,0.35766,2.15894,2.50707,2.10349
triangle,2,lqi,1,8,11.6866,8,33,157,0.140223,0.144059,3.63625,0.331064,2.28106,2.9197,2.23427
triangle,2,lqi,1,9,11.3396,6,30,160,0.142963,0.143511,3.43182,0.278431,2.30747,2.87407,2.16137
triangle,2,lqi,1,10,10.7005,8,42,148,0.144607,0.141867,3.69283,0.339527,1.9575,2.49859,1.92563
triangle,2,lqi,1,11,11.5453,5,31,159,0.142963,0.140771,3.35021,0.333,2.48196,2.76951,2.32687
triangle,2,lqi,1,12,12.8509,10,32,158,0.143511,0.136387,3.93127,0.477215,2.56891,3.02679,2.56677
triangle,2,lqi,1,13,11.4066,8,32,158,0.144059,0.145155,3.67516,0.363076,2.32713,2.53747,2.21451
triangle,2,lqi,1,14,11.1893,9,34,156,0.138579,0.140771,3.89688,0.403789,2.03711,2.49932,2.07282
triangle,2,lqi,1,15,11.8412,7,31,159,0.141319,0.141319,3.58773,0.386594,2.3695,2.81809,2.39666
triangle,2,lqi,1,16,12.5261,2,11,179,0.141867,0.140223,2.94375,0.240816,2.8223,3.26978,2.96734
triangle,2,lqi,1,17,13.8462,7,14,176,0.140223,0.143511,3.63495,0.470183,2.93035,3.51545,3.01154
triangle,2,lqi,1,18,11.8488,7,32,158,0.139127,0.138031,3.53393,0.310899,2.42175,2.98632,2.31871
triangle,2,lqi,1,19,11.9547,9,24,166,0.141319,0.141867,3.85565,0.471059,2.29813,2.67772,2.36894
triangle,2,leo,0,0,11.8865,0,0,190,0.237767,0.242699,4.64636,0.107604,2.2811,2.46805,1.90297
triangle,2,leo,0,1,10.6011,1,1,189,0.248727,0.244343,4.97628,0.0955619,1.74354,1.87076,1.42193
triangle,2,leo,0,2,12.924,2,2,188,0.245439,0.240507,5.29107,0.143025,2.3262,2.79091,1.88684
triangle,2,leo,0,3,13.6795,7,7,183,0.245987,0.240507,6.76299,0.184617,2.02121,2.44266,1.7815
triangle,2,leo,0,4,12.2725,3,3,187,0.239959,0.241603,5.48698,0.144233,2.01567,2.30162,1.84243
triangle,2,leo,0,5,11.9999,3,3,187,0.249275,0.244343,5.48326,0.114296,1.96476,2.28699,1.65699
triangle,2,leo,0,6,9.98873,2,10,180,0.242151,0.236671,5.20976,0.108636,1.44499,1.54144,1.20509
triangle,2,leo,0,7,11.6147,2,2,188,0.243795,0.242699,5.13083,0.115074,1.9388,2.20482,1.73873
triangle,2,leo,0,8,12.4729,0,0,190,0.239411,0.246535,4.57567,0.101164,2.51153,2.83398,1.96459
triangle,2,leo,0,9,11.3684,3,3,187,0.245987,0.246535,5.47925,0.147511,1.68063,2.02811,1.54035
triangle,2,leo,0,10,15.5596,6,6,184,0.237767,0.242151,6.40525,0.184597,2.88029,3.34458,2.265
triangle,2,leo,0,11,12.4624,1,1,189,0.247631,0.248179,4.93324,0.109967,2.36542,2.68939,1.86859
triangle,2,leo,0,12,10.8666,1,1,189,0.229547,0.236123,4.80438,0.119243,1.90911,1.99745,1.57077
triangle,2,leo,0,13,12.4077,1,1,189,0.247083,0.247083,4.96426,0.111998,2.42749,2.45354,1.95626
triangle,2,leo,0,14,12.7538,5,5,185,0.244891,0.239959,5.99472,0.188319,2.0004,2.23341,1.85213
triangle,2,leo,0,15,12.608,3,3,187,0.243795,0.239959,5.58065,0.141497,2.04763,2.42875,1.92568
triangle,2,leo,0,16,12.2407,1,1,189,0.241603,0.242151,4.90946,0.10596,2.30795,2.67062,1.76296
triangle,2,leo,0,17,10.6719,2,2,188,0.238863,0.243795,5.14719,0.143459,1.62603,1.76638,1.50615
triangle,2,leo,0,18,11.4429,1,0,190,0.249275,0.242151,4.93429,0.0964784,1.97595,2.30541,1.63939
triangle,2,leo,0,19,12.4063,3,3,187,0.252563,0.249275,5.55193,0.135967,2.41746,2.06275,1.73639
triangle,2,leo,1,0,11.6392,8,35,155,0.137483,0.142415,3.95081,0.366383,2.34119,2.5059,2.19503
triangle,2,leo,1,1,13.1469,11,26,164,0.142415,0.140771,4.41921,0.441612,2.48054,3.08431,2.43806
triangle,2,leo,1,2,12.64,7,31,159,0.139127,0.143511,3.85544,0.375265,2.59926,3.19919,2.32819
triangle,2,leo,1,3,12.7863,10,32,158,0.138031,0.142415,4.34243,0.498363,2.33704,2.99718,2.3308
triangle,2,leo,1,4,14.6974,10,20,170,0.141867,0.137483,4.5015,0.508099,2.81901,3.88731,2.7021
triangle,2,leo,1,5,11.2596,7,33,157,0.142415,0.140223,3.83078,0.36162,2.32104,2.5148,1.94873
triangle,2,leo,1,6,12.6493,7,22,168,0.143511,0.136387,3.77239,0.297934,2.51991,3.4592,2.31993
triangle,2,leo,1,7,10.5089,6,40,150,0.142415,0.141319,3.52407,0.292229,2.05538,2.48992,1.86352
triangle,2,leo,1,8,13.1428,4,17,173,0.140223,0.144059,3.27162,0.295262,2.91697,3.52859,2.84605
triangle,2,leo,1,9,13.1625,9,23,167,0.142963,0.143511,4.09065,0.406982,2.78889,3.18358,2.40592
triangle,2,leo,1,10,11.6138,6,35,155,0.144607,0.141867,3.61838,0.373045,2.159,3.04469,2.13221
triangle,2,leo,1,11,12.6795,7,30,160,0.142963,0.140771,4.02236,0.477401,2.41771,3.11642,2.36192
triangle,2,leo,1,12,13.2094,7,30,160,0.143511,0.136387,3.79662,0.350248,2.81251,3.45941,2.5107
triangle,2,leo,1,13,13.5583,4,13,177,0.142963,0.144607,3.24948,0.320034,3.14193,3.76416,2.79512
triangle,2,leo,1,14,13.3499,8,22,168,0.138579,0.140771,3.98605,0.418051,2.82656,3.18412,2.65581
triangle,2,leo,1,15,11.2943,6,34,156,0.141319,0.141319,3.58862,0.326326,2.41462,2.64058,2.04155
triangle,2,leo,1,16,11.7744,4,24,166,0.141867,0.140223,3.32015,0.256204,2.4911,3.01105,2.41379
triangle,2,leo,1,17,12.0402,2,27,163,0.140223,0.143511,2.97081,0.268049,2.61062,3.45575,2.45123
triangle,2,leo,1,18,12.4921,8,25,165,0.139127,0.138031,3.8629,0.33684,2.45009,3.12954,2.43561
triangle,2,leo,1,19,12.7435,8,23,167,0.141319,0.141867,3.90528,0.406724,2.66802,3.00211,2.47815
triangle,2,lqi-literal,0,0,11.8865,0,0,190,0.237767,0.242699,4.64636,0.107604,2.2811,2.46805,1.90297
triangle,2,lqi-literal,0,1,10.767,2,2,188,0.248727,0.244343,5.13176,0.0987439,1.6124,1.96306,1.46798
triangle,2,lqi-literal,0,2,13.2589,5,5,185,0.245439,0.240507,5.86205,0.19826,2.27398,2.63863,1.80005
triangle,2,lqi-literal,0,3,14.2571,13,12,178,0.245987,0.240507,7.82392,0.296194,1.89208,2.17461,1.58385
triangle,2,lqi-literal,0,4,12.1217,4,4,186,0.239959,0.241603,5.55304,0.170839,2.01181,2.19785,1.70664
triangle,2,lqi-literal,0,5,12.0995,6,6,184,0.249275,0.244343,6.15461,0.180972,1.84314,1.93711,1.49
triangle,2,lqi-literal,0,6,9.95802,1,1,189,0.242151,0.236671,4.78494,0.104073,1.5918,1.68789,1.3105
triangle,2,lqi-literal,0,7,11.9855,2,2,188,0.243795,0.242699,5.12025,0.115068,2.02877,2.38595,1.84894
triangle,2,lqi-literal,0,8,12.4729,0,0,190,0.239411,0.246535,4.57567,0.101164,2.51153,2.83398,1.96459
triangle,2,lqi-literal,0,9,11.8754,6,6,184,0.245987,0.246535,6.17708,0.19317,1.67731,1.87398,1.46132
triangle,2,lqi-literal,0,10,15.1791,6,5,185,0.237767,0.242151,6.07789,0.195747,2.95982,3.36694,2.09876
triangle,2,lqi-literal,0,11,12.4653,1,1,189,0.247631,0.248179,4.90769,0.109967,2.31992,2.75298,1.87896
triangle,2,lqi-literal,0,12,10.8498,1,1,189,0.229547,0.236123,4.70055,0.119243,1.92747,2.0272,1.60967
triangle,2,lqi-literal,0,13,12.0868,1,1,189,0.247083,0.247083,4.91536,0.118914,2.25442,2.39269,1.91125
triangle,2,lqi-literal,0,14,12.1599,3,3,187,0.244891,0.239959,5.36898,0.175322,2.01121,2.30356,1.81602
triangle,2,lqi-literal,0,15,13.0999,6,6,184,0.243795,0.239959,6.08502,0.215535,2.05752,2.38386,1.87422
triangle,2,lqi-literal,0,16,12.4861,1,1,189,0.241603,0.242151,4.86111,0.109418,2.29501,2.88948,1.84728
triangle,2,lqi-literal,0,17,11.0796,5,5,185,0.238863,0.243795,5.78094,0.222261,1.57491,1.62561,1.39319
triangle,2,lqi-literal,0,18,11.8638,2,1,189,0.249275,0.242151,5.11258,0.119822,2.02657,2.43767,1.67575
triangle,2,lqi-literal,0,19,12.8154,6,6,184,0.252563,0.249275,6.20832,0.209065,2.28317,1.98292,1.63013
triangle,2,lqi-literal,1,0,10.5619,7,36,154,0.137483,0.142415,3.58153,0.325853,2.09616,2.31259,1.96588
triangle,2,lqi-literal,1,1,13.6821,11,18,172,0.142415,0.140771,4.10891,0.464952,2.81334,3.28496,2.7268
triangle,2,lqi-literal,1,2,11.5383,8,35,155,0.139127,0.143511,3.7726,0.421232,2.34873,2.68561,2.02746
triangle,2,lqi-literal,1,3,12.2953,7,32,158,0.138031,0.142415,3.59136,0.418302,2.35276,3.19715,2.45526
triangle,2,lqi-literal,1,4,12.9652,12,30,160,0.141867,0.137483,4.23774,0.431417,2.56144,3.25779,2.19749
triangle,2,lqi-literal,1,5,11.6771,6,35,155,0.142415,0.140223,3.42529,0.297096,2.61437,2.88483,2.17292
triangle,2,lqi-literal,1,6,14.3768,7,10,180,0.143511,0.136387,3.57437,0.407666,3.00592,3.93525,3.17366
triangle,2,lqi-literal,1,7,11.2189,8,37,153,0.142415,0.141319,3.74258,0.341484,2.14122,2.72621,1.98372
triangle,2,lqi-literal,1,8,13.3093,6,17,173,0.140223,0.144059,3.38001,0.337734,2.96429,3.49995,2.84304
triangle,2,lqi-literal,1,9,12.9819,11,28,162,0.142963,0.143511,4.06813,0.46162,2.74725,3.1639,2.25447
triangle,2,lqi-literal,1,10,12.0828,8,32,158,0.144607,0.141867,3.73128,0.403525,2.40064,3.0442,2.21673
triangle,2,lqi-literal,1,11,10.3432,2,37,153,0.142963,0.140771,2.88721,0.224543,2.23136,2.6722,2.04417
triangle,2,lqi-literal,1,12,11.3733,7,38,152,0.143511,0.136387,3.52764,0.344926,2.47385,2.68933,2.05768
triangle,2,lqi-literal,1,13,11.8869,8,29,161,0.144059,0.145155,3.6287,0.397577,2.51495,2.87828,2.17819
triangle,2,lqi-literal,1,14,11.9825,4,22,168,0.138579,0.140771,3.15559,0.305127,2.63624,3.17983,2.42633
triangle,2,lqi-literal,1,15,11.5566,3,28,162,0.141319,0.141319,3.01091,0.254219,2.58553,3.01763,2.40565
triangle,2,lqi-literal,1,16,11.1891,4,32,158,0.141867,0.140223,3.20948,0.28898,2.27875,2.89904,2.23077
triangle,2,lqi-literal,1,17,10.8412,5,41,149,0.140223,0.143511,3.35231,0.413478,2.20654,2.58206,2.00313
triangle,2,lqi-literal,1,18,12.3558,6,17,173,0.139127,0.138031,3.41083,0.276501,2.76962,3.03199,2.58968
triangle,2,lqi-literal,1,19,12.2746,7,26,164,0.141319,0.141867,3.5602,0.320321,2.67327,3.12212,2.31555
triangle,2.25,hopcount,0,0,15.517,9,11,179,0.201599,0.203243,5.61519,0.248146,3.34394,3.51318,2.39168
triangle,2.25,hopcount,0,1,12.0657,8,28,162,0.210915,0.209271,5.52319,0.23226,1.99385,2.3525,1.54369
triangle,2.25,hopcount,0,2,17.7153,11,11,179,0.209271,0.198311,6.12086,0.33544,3.58667,4.42272,2.84202
triangle,2.25,hopcount,0,3,14.8817,8,29,161,0.220779,0.210915,5.68485,0.243876,3.05375,3.27468,2.19288
triangle,2.25,hopcount,0,4,15.4509,10,10,180,0.202695,0.199955,5.77952,0.278308,3.10225,3.6571,2.23111
triangle,2.25,hopcount,0,5,15.5945,14,14,176,0.209819,0.211463,6.87746,0.329546,2.78866,3.08117,2.09639
triangle,2.25,hopcount,0,6,11.5983,6,29,161,0.191187,0.190091,4.84818,0.216787,2.05316,2.36599,1.73293
triangle,2.25,hopcount,0,7,14.5631,11,15,175,0.202147,0.199407,5.95317,0.350737,2.91492,2.86906,2.07366
triangle,2.25,hopcount,0,8,15.8219,9,20,170,0.197215,0.200503,5.3801,0.337331,3.44021,3.77482,2.49172
triangle,2.25,hopcount,0,9,14.8365,11,11,179,0.206531,0.211463,6.21183,0.290066,2.79658,2.99207,2.12795
triangle,2.25,hopcount,0,10,17.9428,25,51,139,0.199407,0.205435,8.49937,0.611673,2.97665,3.26865,2.18163
triangle,2.25,hopcount,0,11,15.7804,10,17,173,0.202147,0.209819,5.922,0.299427,3.05365,3.70536,2.38795
triangle,2.25,hopcount,0,12,14.2546,10,14,176,0.178583,0.181323,5.38277,0.304406,3.00653,3.11591,2.08512
triangle,2.25,hopcount,0,13,16.8709,12,19,171,0.212011,0.212011,6.32959,0.355876,3.80465,3.6171,2.33962
triangle,2.25,hopcount,0,14,16.0359,10,10,180,0.199407,0.199955,5.92146,0.409271,3.27707,3.27764,2.75112
triangle,2.25,hopcount,0,15,15.282,8,8,182,0.208175,0.204887,5.45962,0.260328,3.04443,3.5424,2.56217
triangle,2.25,hopcount,0,16,16.3099,14,30,160,0.195571,0.188447,6.4555,0.46399,3.05548,3.67795,2.27295
triangle,2.25,hopcount,0,17,13.8825,10,9,181,0.205983,0.204887,5.67814,0.275792,2.75769,2.7672,1.99282
triangle,2.25,hopcount,0,18,15.2007,6,11,179,0.202695,0.196119,4.95723,0.206413,3.13611,3.93587,2.56629
triangle,2.25,hopcount,0,19,16.3585,14,14,176,0.217491,0.217491,7.06104,0.36547,2.89996,3.42777,2.16927
triangle,2.25,hopcount,1,0,10.7081,9,58,132,0.112823,0.109535,2.7328,0.35634,2.37006,3.0284,1.99819
triangle,2.25,hopcount,1,1,9.29456,7,65,125,0.113371,0.113371,2.53067,0.332496,1.98542,2.46385,1.75538
triangle,2.25,hopcount,1,2,10.1915,11,59,131,0.111727,0.113371,2.95582,0.332715,2.13803,2.73867,1.80117
triangle,2.25,hopcount,1,3,10.2522,9,64,126,0.113919,0.114467,2.78642,0.317111,2.05724,2.96608,1.89693
triangle,2.25,hopcount,1,4,10.4461,12,66,124,0.116111,0.113371,3.02239,0.415894,2.09578,2.92556,1.75699
triangle,2.25,hopcount,1,5,9.46476,6,62,128,0.112823,0.113371,2.4687,0.293677,1.94264,2.75423,1.77932
triangle,2.25,hopcount,1,6,10.0846,8,68,122,0.111727,0.110083,2.66617,0.302239,2.13429,3.00008,1.75995
triangle,2.25,hopcount,1,7,9.76366,7,65,125,0.113919,0.112823,2.49572,0.30156,1.94763,2.85247,1.93954
triangle,2.25,hopcount,1,8,9.44704,2,62,128,0.114467,0.112275,2.06953,0.226019,2.14299,2.93543,1.84632
triangle,2.25,hopcount,1,9,10.556,8,56,134,0.111179,0.113919,2.63692,0.304119,2.43572,2.89308,2.06109
triangle,2.25,hopcount,1,10,9.01922,8,74,116,0.110083,0.112275,2.66336,0.297077,1.99842,2.2957,1.54231
triangle,2.25,hopcount,1,11,8.76852,10,77,113,0.117207,0.110631,2.88061,0.414464,1.84793,1.96747,1.4302
triangle,2.25,hopcount,1,12,9.48594,9,64,126,0.113371,0.111727,2.7946,0.360042,2.03168,2.25455,1.81997
triangle,2.25,hopcount,1,13,10.1145,4,54,136,0.117207,0.109535,2.32477,0.236339,2.21385,2.97499,2.13782
triangle,2.25,hopcount,1,14,10.2933,9,61,129,0.112275,0.110083,2.74476,0.315775,2.36076,2.74814,1.90152
triangle,2.25,hopcount,1,15,8.8572,5,73,117,0.111727,0.111727,2.3625,0.243937,1.89506,2.42869,1.70356
triangle,2.25,hopcount,1,16,9.43513,8,70,120,0.111727,0.113919,2.72875,0.391964,1.91402,2.49142,1.68333
triangle,2.25,hopcount,1,17,9.48136,8,64,126,0.113919,0.110631,2.70897,0.206912,1.91665,2.76458,1.65969
triangle,2.25,hopcount,1,18,10.5002,10,60,130,0.108439,0.112823,2.84367,0.32761,2.33397,2.88904,1.88462
triangle,2.25,hopcount,1,19,10.4005,9,61,129,0.114467,0.112275,2.67963,0.327405,2.41618,2.95464,1.7959
triangle,2.25,lqi,0,0,15.5257,11,10,180,0.202147,0.202147,5.98715,0.257131,3.31652,2.98708,2.57355
triangle,2.25,lqi,0,1,12.4568,9,16,174,0.210915,0.209271,5.66177,0.218537,2.24445,2.16422,1.74766
triangle,2.25,lqi,0,2,16.3295,10,9,181,0.209271,0.198311,5.97023,0.27162,3.23627,3.6641,2.77973
triangle,2.25,lqi,0,3,16.3436,14,20,170,0.220779,0.210915,6.92787,0.326374,3.02833,3.07323,2.55615
triangle,2.25,lqi,0,4,13.8809,7,19,171,0.201051,0.202147,5.07992,0.208098,2.82013,3.20537,2.1642
triangle,2.25,lqi,0,5,15.3191,9,9,181,0.209819,0.211463,5.8437,0.236855,3.09778,3.17776,2.54172
triangle,2.25,lqi,0,6,13.0833,6,6,184,0.191187,0.190091,4.83941,0.203411,2.68556,2.79947,2.17422
triangle,2.25,lqi,0,7,13.3743,8,14,176,0.202147,0.199407,5.37413,0.261063,2.56033,2.5968,2.18038
triangle,2.25,lqi,0,8,16.5805,10,18,172,0.197215,0.202147,5.61458,0.267042,3.7049,3.64639,2.94819
triangle,2.25,lqi,0,9,14.3555,9,9,181,0.206531,0.211463,5.83548,0.195023,2.7356,2.84347,2.32794
triangle,2.25,lqi,0,10,17.1146,14,21,169,0.199407,0.205435,6.51304,0.312362,3.48596,3.45883,2.93956
triangle,2.25,lqi,0,11,15.6905,9,16,174,0.202695,0.209819,5.71986,0.251731,3.28466,3.42864,2.59312
triangle,2.25,lqi,0,12,15.2804,9,8,182,0.179131,0.184063,5.21789,0.268728,3.14709,3.51553,2.76799
triangle,2.25,lqi,0,13,16.0642,11,10,180,0.212011,0.208723,6.09017,0.256259,3.21848,3.23537,2.84322
triangle,2.25,lqi,0,14,15.4314,8,14,176,0.199955,0.199955,5.51442,0.312986,3.34017,3.14815,2.71575
triangle,2.25,lqi,0,15,16.2689,11,10,180,0.210367,0.206531,6.00797,0.291669,3.33362,3.34564,2.87314
triangle,2.25,lqi,0,16,15.7664,13,20,170,0.195023,0.190639,6.238,0.292048,3.31926,2.92926,2.6022
triangle,2.25,lqi,0,17,13.3728,7,7,183,0.205435,0.203791,5.10075,0.186206,2.76832,2.62902,2.27923
triangle,2.25,lqi,0,18,15.169,8,8,182,0.202695,0.196119,5.3692,0.240778,3.27801,3.37724,2.50496
triangle,2.25,lqi,0,19,15.6022,5,5,185,0.216943,0.214203,5.21321,0.183906,3.22461,3.80692,2.74243
triangle,2.25,lqi,1,0,8.25468,4,65,125,0.112823,0.109535,2.25571,0.240961,1.74515,1.95798,1.83253
triangle,2.25,lqi,1,1,8.49334,4,62,128,0.113371,0.113371,2.26899,0.238085,1.86996,2.01534,1.87422
triangle,2.25,lqi,1,2,9.20579,5,60,130,0.111727,0.113371,2.4039,0.256527,1.98873,2.33756,1.99397
triangle,2.25,lqi,1,3,9.48296,3,49,141,0.113919,0.114467,2.22355,0.236454,2.12175,2.43619,2.23664
triangle,2.25,lqi,1,4,8.7038,2,57,133,0.116111,0.113371,2.02547,0.21476,1.86949,2.28553,2.07907
triangle,2.25,lqi,1,5,9.7505,3,52,138,0.112823,0.113371,2.18901,0.186355,2.27507,2.65745,2.21642
triangle,2.25,lqi,1,6,10.563,3,45,145,0.111727,0.110083,2.20397,0.23121,2.27014,3.09224,2.54362
triangle,2.25,lqi,1,7,9.63402,2,49,141,0.113919,0.112823,2.03461,0.189701,2.28988,2.55534,2.33774
triangle,2.25,lqi,1,8,8.64551,2,65,125,0.114467,0.112275,2.06915,0.22327,1.79814,2.34199,1.98622
triangle,2.25,lqi,1,9,9.27977,4,59,131,0.111179,0.113919,2.27392,0.230011,2.14,2.32087,2.08988
triangle,2.25,lqi,1,10,9.5293,5,60,130,0.110083,0.112275,2.38189,0.206629,2.0846,2.52377,2.11006
triangle,2.25,lqi,1,11,9.18004,7,63,127,0.117207,0.110631,2.57052,0.331673,2.06138,2.06735,1.92128
triangle,2.25,lqi,1,12,9.40582,5,60,130,0.113371,0.111727,2.40099,0.227017,2.22799,2.20377,2.12095
triangle,2.25,lqi,1,13,9.37961,2,52,138,0.117207,0.109535,2.13733,0.201472,2.14623,2.53778,2.13005
triangle,2.25,lqi,1,14,9.7939,3,48,142,0.112275,0.110083,2.16771,0.229689,2.16088,2.68154,2.33172
triangle,2.25,lqi,1,15,11.1508,4,45,145,0.111727,0.111727,2.27974,0.258859,2.62116,3.10757,2.66001
triangle,2.25,lqi,1,16,9.92006,2,47,143,0.111727,0.113919,2.08648,0.209773,2.19572,2.8274,2.37504
triangle,2.25,lqi,1,17,8.88284,5,62,128,0.113919,0.110631,2.40668,0.253139,1.92328,2.1908,1.88439
triangle,2.25,lqi,1,18,11.246,7,43,147,0.108439,0.112823,2.55256,0.297428,2.46981,3.16492,2.54002
triangle,2.25,lqi,1,19,9.60691,3,51,139,0.114467,0.112275,2.15768,0.202909,2.17445,2.68895,2.15617
triangle,2.25,leo,0,0,16.573,12,28,162,0.201599,0.203243,7.39131,0.293081,3.34314,3.05482,2.08583
triangle,2.25,leo,0,1,11.3339,8,28,162,0.210915,0.209271,5.71851,0.251203,1.70415,1.83371,1.40614
triangle,2.25,leo,0,2,19.669,14,13,177,0.209271,0.198311,8.80324,0.363215,3.32044,4.23464,2.53984
triangle,2.25,leo,0,3,15.8356,11,35,155,0.220779,0.210915,7.31463,0.295356,2.87779,2.79568,2.12048
triangle,2.25,leo,0,4,15.6545,10,25,165,0.202695,0.199955,6.62839,0.264929,2.68856,3.68471,1.98524
triangle,2.25,leo,0,5,17.7178,13,13,177,0.209819,0.211463,8.20632,0.34587,2.8114,3.40667,2.52622
triangle,2.25,leo,0,6,13.1927,7,20,170,0.191187,0.190091,5.62629,0.200353,2.28764,2.81331,1.88386
triangle,2.25,leo,0,7,15.5406,11,11,179,0.202147,0.199407,6.72493,0.327089,2.88155,2.96542,2.24004
triangle,2.25,leo,0,8,18.7018,12,12,178,0.197215,0.200503,7.30095,0.374408,3.58024,4.23759,2.81086
triangle,2.25,leo,0,9,14.6994,8,7,183,0.206531,0.211463,6.25108,0.229209,2.6535,2.94819,2.19944
triangle,2.25,leo,0,10,21.3938,23,36,154,0.199407,0.205435,10.8177,0.535088,3.37365,3.71489,2.54764
triangle,2.25,leo,0,11,16.2261,12,34,156,0.202147,0.209819,7.64429,0.332222,2.79471,2.88805,2.15486
triangle,2.25,leo,0,12,14.545,9,15,175,0.178583,0.181323,5.84116,0.264189,3.01764,2.88472,2.17734
triangle,2.25,leo,0,13,17.1611,11,10,180,0.212011,0.212011,7.03974,0.325854,3.37245,3.64662,2.35241
triangle,2.25,leo,0,14,18.2782,15,35,155,0.199407,0.199955,9.39054,0.493843,2.7372,2.94329,2.31393
triangle,2.25,leo,0,15,15.6188,11,19,171,0.208175,0.204887,6.94377,0.354611,2.80963,2.8569,2.24084
triangle,2.25,leo,0,16,17.3252,10,32,158,0.195571,0.188447,7.2477,0.40913,3.46168,3.39171,2.43099
triangle,2.25,leo,0,17,13.3484,11,19,171,0.205983,0.204887,6.45569,0.266439,2.02866,2.50468,1.6821
triangle,2.25,leo,0,18,17.2655,10,7,183,0.202695,0.196119,7.13369,0.255207,3.37829,3.76941,2.33008
triangle,2.25,leo,0,19,16.3912,9,8,182,0.217491,0.217491,6.78537,0.273964,3.08597,3.31001,2.50085
triangle,2.25,leo,1,0,10.6844,8,64,126,0.112823,0.109535,3.21566,0.332196,2.20273,2.88356,1.82794
triangle,2.25,leo,1,1,10.0881,9,62,128,0.113371,0.113371,3.1415,0.355011,2.10374,2.41022,1.85084
triangle,2.25,leo,1,2,9.69648,9,66,124,0.111727,0.113371,3.28856,0.374058,1.96632,2.1745,1.66795
triangle,2.25,leo,1,3,9.42084,4,69,121,0.113919,0.114467,2.6027,0.253982,1.93683,2.5733,1.82563
triangle,2.25,leo,1,4,10.7842,11,66,124,0.116111,0.113371,3.34788,0.418829,2.11545,2.87305,1.79953
triangle,2.25,leo,1,5,9.86997,5,62,128,0.112823,0.113371,2.6879,0.253875,1.99378,2.93112,1.7771
triangle,2.25,leo,1,6,11.3476,8,55,135,0.111727,0.110083,3.19842,0.306269,2.31893,3.30725,1.99496
triangle,2.25,leo,1,7,9.25183,5,72,118,0.113919,0.112823,2.75105,0.288404,1.85138,2.44229,1.69196
triangle,2.25,leo,1,8,11.2202,5,55,135,0.114467,0.112275,2.70885,0.377271,2.41529,3.33666,2.15541
triangle,2.25,leo,1,9,8.44574,10,89,101,0.111179,0.113919,3.17064,0.344463,1.69253,1.81253,1.20047
triangle,2.25,leo,1,10,10.0822,6,65,125,0.110083,0.112275,2.77217,0.22205,2.32769,2.76571,1.77221
triangle,2.25,leo,1,11,9.66756,10,65,125,0.117207,0.110631,3.10158,0.450758,2.15142,2.14353,1.59244
triangle,2.25,leo,1,12,11.0109,9,57,133,0.113371,0.111727,3.20664,0.35683,2.29084,2.93612,1.99535
triangle,2.25,leo,1,13,8.7678,5,70,120,0.117207,0.109535,2.70063,0.225569,1.63078,2.33368,1.65039
triangle,2.25,leo,1,14,11.9464,9,49,141,0.112275,0.110083,3.23758,0.428278,2.5773,3.21157,2.26934
triangle,2.25,leo,1,15,11.9259,5,47,143,0.111727,0.111727,2.68622,0.297027,2.70717,3.52315,2.48888
triangle,2.25,leo,1,16,11.3419,9,60,130,0.111727,0.113919,3.49704,0.356591,2.25472,3.0085,1.99938
triangle,2.25,leo,1,17,8.92052,7,73,117,0.113919,0.110631,3.06308,0.259788,1.68515,2.27495,1.413
triangle,2.25,leo,1,18,11.1424,7,54,136,0.108439,0.112823,2.87404,0.308419,2.34439,3.13239,2.26195
triangle,2.25,leo,1,19,10.634,10,62,128,0.114467,0.112275,3.13049,0.334096,2.35266,2.79752,1.79245
triangle,2.25,lqi-literal,0,0,15.517,9,11,179,0.201599,0.203243,5.61519,0.248146,3.34394,3.51318,2.39168
triangle,2.25,lqi-literal,0,1,12.0657,8,28,162,0.210915,0.209271,5.52319,0.23226,1.99385,2.3525,1.54369
triangle,2.25,lqi-literal,0,2,17.7153,11,11,179,0.209271,0.198311,6.12086,0.33544,3.58667,4.42272,2.84202
triangle,2.25,lqi-literal,0,3,14.8817,8,29,161,0.220779,0.210915,5.68485,0.243876,3.05375,3.27468,2.19288
triangle,2.25,lqi-literal,0,4,15.4509,10,10,180,0.202695,0.199955,5.77952,0.278308,3.10225,3.6571,2.23111
triangle,2.25,lqi-literal,0,5,15.5945,14,14,176,0.209819,0.211463,6.87746,0.329546,2.78866,3.08117,2.09639
triangle,2.25,lqi-literal,0,6,11.5983,6,29,161,0.191187,0.190091,4.84818,0.216787,2.05316,2.36599,1.73293
triangle,2.25,lqi-literal,0,7,14.5631,11,15,175,0.202147,0.199407,5.95317,0.350737,2.91492,2.86906,2.07366
triangle,2.25,lqi-literal,0,8,15.8219,9,20,170,0.197215,0.200503,5.3801,0.337331,3.44021,3.77482,2.49172
triangle,2.25,lqi-literal,0,9,14.8365,11,11,179,0.206531,0.211463,6.21183,0.290066,2.79658,2.99207,2.12795
triangle,2.25,lqi-literal,0,10,17.9428,25,51,139,0.199407,0.205435,8.49937,0.611673,2.97665,3.26865,2.18163
triangle,2.25,lqi-literal,0,11,15.7804,10,17,173,0.202147,0.209819,5.922,0.299427,3.05365,3.70536,2.38795
triangle,2.25,lqi-literal,0,12,14.2546,10,14,176,0.178583,0.181323,5.38277,0.304406,3.00653,3.11591,2.08512
triangle,2.25,lqi-literal,0,13,16.8709,12,19,171,0.212011,0.212011,6.32959,0.355876,3.80465,3.6171,2.33962
triangle,2.25,lqi-literal,0,14,16.0359,10,10,180,0.199407,0.199955,5.92146,0.409271,3.27707,3.27764,2.75112
triangle,2.25,lqi-literal,0,15,15.282,8,8,182,0.208175,0.204887,5.45962,0.260328,3.04443,3.5424,2.56217
triangle,2.25,lqi-literal,0,16,16.3099,14,30,160,0.195571,0.188447,6.4555,0.46399,3.05548,3.67795,2.27295
triangle,2.25,lqi-literal,0,17,13.8825,10,9,181,0.205983,0.204887,5.67814,0.275792,2.75769,2.7672,1.99282
triangle,2.25,lqi-literal,0,18,15.2007,6,11,179,0.202695,0.196119,4.95723,0.206413,3.13611,3.93587,2.56629
triangle,2.25,lqi-literal,0,19,16.3585,14,14,176,0.217491,0.217491,7.06104,0.36547,2.89996,3.42777,2.16927
triangle,2.25,lqi-literal,1,0,10.7081,9,58,132,0.112823,0.109535,2.7328,0.35634,2.37006,3.0284,1.99819
triangle,2.25,lqi-literal,1,1,9.29456,7,65,125,0.113371,0.113371,2.53067,0.332496,1.98542,2.46385,1.75538
triangle,2.25,lqi-literal,1,2,10.1915,11,59,131,0.111727,0.113371,2.95582,0.332715,2.13803,2.73867,1.80117
triangle,2.25,lqi-literal,1,3,10.2522,9,64,126,0.113919,0.114467,2.78642,0.317111,2.05724,2.96608,1.89693
triangle,2.25,lqi-literal,1,4,10.4461,12,66,124,0.116111,0.113371,3.02239,0.415894,2.09578,2.92556,1.75699
triangle,2.25,lqi-literal,1,5,9.46476,6,62,128,0.112823,0.113371,2.4687,0.293677,1.94264,2.75423,1.77932
triangle,2.25,lqi-literal,1,6,10.0846,8,68,122,0.111727,0.110083,2.66617,0.302239,2.13429,3.00008,1.75995
triangle,2.25,lqi-literal,1,7,9.76366,7,65,125,0.113919,0.112823,2.49572,0.30156,1.94763,2.85247,1.93954
triangle,2.25,lqi-literal,1,8,9.44704,2,62,128,0.114467,0.112275,2.06953,0.226019,2.14299,2.93543,1.84632
triangle,2.25,lqi-literal,1,9,10.556,8,56,134,0.111179,0.113919,2.63692,0.304119,2.43572,2.89308,2.06109
triangle,2.25,lqi-literal,1,10,9.01922,8,74,116,0.110083,0.112275,2.66336,0.297077,1.99842,2.2957,1.54231
triangle,2.25,lqi-literal,1,11,8.76852,10,77,113,0.117207,0.110631,2.88061,0.414464,1.84793,1.96747,1.4302
triangle,2.25,lqi-literal,1,12,9.48594,9,64,126,0.113371,0.111727,2.7946,0.360042,2.03168,2.25455,1.81997
triangle,2.25,lqi-literal,1,13,10.1145,4,54,136,0.117207,0.109535,2.32477,0.236339,2.21385,2.97499,2.13782
triangle,2.25,lqi-literal,1,14,10.2933,9,61,129,0.112275,0.110083,2.74476,0.315775,2.36076,2.74814,1.90152
triangle,2.25,lqi-literal,1,15,8.8572,5,73,117,0.111727,0.111727,2.3625,0.243937,1.89506,2.42869,1.70356
triangle,2.25,lqi-literal,1,16,9.43513,8,70,120,0.111727,0.113919,2.72875,0.391964,1.91402,2.49142,1.68333
triangle,2.25,lqi-literal,1,17,9.48136,8,64,126,0.113919,0.110631,2.70897,0.206912,1.91665,2.76458,1.65969
triangle,2.25,lqi-literal,1,18,10.5002,10,60,130,0.108439,0.112823,2.84367,0.32761,2.33397,2.88904,1.88462
triangle,2.25,lqi-literal,1,19,10.4005,9,61,129,0.114467,0.112275,2.67963,0.327405,2.41618,2.95464,1.7959
triangle,2.5,hopcount,0,0,14.8196,18,64,126,0.156115,0.148991,5.3949,0.506001,2.92148,3.5398,2.15227
triangle,2.5,hopcount,0,1,13.2345,12,27,163,0.163787,0.164883,4.79375,0.381735,2.62871,2.76358,2.33808
triangle,2.5,hopcount,0,2,15.6255,22,60,130,0.155019,0.148443,6.26246,0.645882,3.16341,2.79317,2.45715
triangle,2.5,hopcount,0,3,16.8789,19,50,140,0.169267,0.163239,6.04088,0.57529,3.62169,3.78484,2.5237
triangle,2.5,hopcount,0,4,14.6851,23,56,134,0.151183,0.155019,6.16814,0.656789,2.7451,2.77345,2.03545
triangle,2.5,hopcount,0,5,15.5717,19,42,148,0.157211,0.162143,5.77097,0.516488,3.25648,3.31799,2.39041
triangle,2.5,hopcount,0,6,12.8237,16,41,149,0.144607,0.140771,4.98714,0.384411,2.54448,2.56953,2.0528
triangle,2.5,hopcount,0,7,13.8273,13,28,162,0.146799,0.144059,4.75368,0.380386,3.25664,2.72046,2.42529
triangle,2.5,hopcount,0,8,14.8506,36,88,102,0.140771,0.140771,7.68976,1.04502,2.1094,2.03551,1.68941
triangle,2.5,hopcount,0,9,16.3901,21,20,170,0.156115,0.153923,6.10727,0.574968,3.79856,3.07547,2.52379
triangle,2.5,hopcount,0,10,17.8594,25,55,135,0.148991,0.146799,6.29552,0.831963,3.63952,3.7219,3.07467
triangle,2.5,hopcount,0,11,15.8425,18,56,134,0.159951,0.158307,5.54779,0.502753,3.30361,3.61159,2.55852
triangle,2.5,hopcount,0,12,16.3563,19,32,158,0.133647,0.128167,5.31668,0.625021,3.69884,3.93483,2.51915
triangle,2.5,hopcount,0,13,16.6903,25,58,132,0.154471,0.153923,6.66138,0.707538,3.34056,3.47142,2.20098
triangle,2.5,hopcount,0,14,16.4992,26,60,130,0.145155,0.147347,7.03831,0.835115,3.27399,2.94466,2.11458
triangle,2.5,hopcount,0,15,16.4396,23,36,154,0.157211,0.151731,6.1052,0.69573,3.79588,3.09695,2.43692
triangle,2.5,hopcount,0,16,15.2555,20,60,130,0.141319,0.144059,5.49412,0.676946,3.58634,2.87094,2.34174
triangle,2.5,hopcount,0,17,13.3325,22,44,146,0.150087,0.148991,5.95806,0.559293,2.30403,2.56532,1.64669
triangle,2.5,hopcount,0,18,14.9286,18,51,139,0.145155,0.142963,5.4196,0.590791,2.97998,3.29146,2.35866
triangle,2.5,hopcount,0,19,14.6992,19,46,144,0.172007,0.173103,6.20043,0.472811,2.73788,2.81539,2.12756
triangle,2.5,hopcount,1,0,10.6221,7,71,119,0.0952873,0.0958353,1.94146,0.296455,2.69629,2.97483,2.52194
triangle,2.5,hopcount,1,1,8.50287,7,81,109,0.0936433,0.0952873,1.93471,0.292415,1.85493,2.35046,1.88143
triangle,2.5,hopcount,1,2,9.65386,6,74,116,0.0958353,0.0974793,1.88521,0.28785,2.16981,2.94395,2.17372
triangle,2.5,hopcount,1,3,9.9478,7,69,121,0.0925473,0.0963833,1.92742,0.264157,2.30381,2.89926,2.36422
triangle,2.5,hopcount,1,4,7.93334,6,88,102,0.0952873,0.0941913,1.86459,0.265802,1.77864,1.99036,1.84446
triangle,2.5,hopcount,1,5,9.72312,6,66,124,0.0930953,0.0947393,1.87716,0.256453,2.24098,2.83546,2.32523
triangle,2.5,hopcount,1,6,8.91177,8,85,105,0.0947393,0.0952873,2.05942,0.340772,1.97224,2.58344,1.76587
triangle,2.5,hopcount,1,7,9.68786,9,83,107,0.0963833,0.0936433,2.08927,0.30379,2.24113,2.92906,1.93458
triangle,2.5,hopcount,1,8,8.68673,9,89,101,0.0952873,0.0925473,2.09623,0.352298,1.92779,2.40332,1.71926
triangle,2.5,hopcount,1,9,8.63634,8,89,101,0.0914513,0.0919993,2.0009,0.277459,1.76982,2.63929,1.76542
triangle,2.5,hopcount,1,10,9.76965,9,77,113,0.0930953,0.0941913,2.08931,0.328288,2.17643,2.85511,2.13322
triangle,2.5,hopcount,1,11,8.29455,6,75,115,0.0925473,0.0974793,1.89095,0.20257,1.94913,2.08495,1.97693
triangle,2.5,hopcount,1,12,10.4266,8,72,118,0.0925473,0.0930953,2.07093,0.347535,2.39201,3.19322,2.23724
triangle,2.5,hopcount,1,13,8.81846,7,81,109,0.0919993,0.0941913,1.96409,0.277258,1.87851,2.51535,1.99706
triangle,2.5,hopcount,1,14,10.4088,8,75,115,0.0952873,0.0980273,2.07325,0.353998,2.491,3.16874,2.12855
triangle,2.5,hopcount,1,15,10.7638,7,67,123,0.0958353,0.0887113,1.93943,0.258616,2.71377,3.06753,2.59995
triangle,2.5,hopcount,1,16,11.0659,10,70,120,0.0941913,0.0969313,2.22617,0.34208,2.59593,3.35025,2.36039
triangle,2.5,hopcount,1,17,9.36438,6,74,116,0.0974793,0.0958353,1.89225,0.257566,2.26089,2.744,2.01636
triangle,2.5,hopcount,1,18,9.61184,2,70,120,0.0925473,0.0958353,1.60429,0.174698,2.57644,2.81362,2.25441
triangle,2.5,hopcount,1,19,10.3194,12,75,115,0.0958353,0.0936433,2.34321,0.391505,2.23796,3.00648,2.15076
triangle,2.5,lqi,0,0,15.3979,13,36,154,0.155567,0.151183,4.76043,0.345126,3.65788,3.53067,2.79701
triangle,2.5,lqi,0,1,13.4353,14,20,170,0.165431,0.166527,5.0159,0.382221,2.91536,2.42557,2.36428
triangle,2.5,lqi,0,2,17.4082,21,40,150,0.155567,0.147895,6.05264,0.617338,4.2726,3.08628,3.0759
triangle,2.5,lqi,0,3,19.7217,25,29,161,0.168719,0.163787,6.98854,0.70798,4.41605,3.87044,3.40616
triangle,2.5,lqi,0,4,17.2908,17,20,170,0.151731,0.152279,5.29885,0.475781,3.97493,4.04611,3.19111
triangle,2.5,lqi,0,5,14.7741,15,39,151,0.157211,0.163787,5.13279,0.433884,3.22716,2.95761,2.7017
triangle,2.5,lqi,0,6,14.5952,13,19,171,0.144607,0.140771,4.60867,0.395392,3.53342,3.02678,2.74558
triangle,2.5,lqi,0,7,14.7056,18,26,164,0.146799,0.144059,5.41534,0.437567,3.11881,2.69158,2.75148
triangle,2.5,lqi,0,8,17.4378,26,50,140,0.140771,0.140771,6.29622,0.754251,3.98394,3.29871,2.82314
triangle,2.5,lqi,0,9,15.7057,16,16,174,0.155567,0.152827,5.31923,0.416453,3.90399,2.8289,2.92873
triangle,2.5,lqi,0,10,16.5792,24,61,129,0.148991,0.146799,6.14982,0.728431,3.31282,3.15818,2.93419
triangle,2.5,lqi,0,11,16.7758,17,31,159,0.159951,0.162143,5.41869,0.495965,3.63839,3.3664,3.53421
triangle,2.5,lqi,0,12,14.6464,18,26,164,0.133099,0.128167,5.16785,0.490155,3.10733,2.8499,2.76985
triangle,2.5,lqi,0,13,17.6341,27,41,149,0.153923,0.155019,6.91974,0.749101,3.91459,2.92328,2.81848
triangle,2.5,lqi,0,14,16.4093,21,51,139,0.145703,0.146251,6.14926,0.679582,3.54966,2.95688,2.78197
triangle,2.5,lqi,0,15,16.1592,24,39,151,0.157211,0.151731,6.19589,0.62706,3.32846,2.96519,2.73361
triangle,2.5,lqi,0,16,15.7089,21,52,138,0.141319,0.142963,5.70028,0.624446,3.46772,3.00921,2.62298
triangle,2.5,lqi,0,17,14.4505,16,16,174,0.148443,0.149539,5.19909,0.428108,2.96226,2.85655,2.70655
triangle,2.5,lqi,0,18,14.9093,18,39,151,0.143511,0.144059,5.37192,0.436206,3.12731,3.02223,2.66402
triangle,2.5,lqi,0,19,17.1729,19,26,164,0.173651,0.173103,6.16392,0.465631,3.75732,3.56585,2.87342
triangle,2.5,lqi,1,0,8.82766,7,79,111,0.0952873,0.0958353,1.93964,0.289597,2.01484,2.26239,2.13007
triangle,2.5,lqi,1,1,9.42805,7,71,119,0.0936433,0.0952873,1.94618,0.277077,2.26329,2.45145,2.30112
triangle,2.5,lqi,1,2,9.45852,7,73,117,0.0958353,0.0974793,1.97337,0.2787,2.19611,2.57842,2.2386
triangle,2.5,lqi,1,3,9.03704,4,71,119,0.0925473,0.0969313,1.70253,0.252281,2.0815,2.42069,2.39057
triangle,2.5,lqi,1,4,9.58591,4,63,127,0.0952873,0.0941913,1.74958,0.20483,2.16474,2.78744,2.48984
triangle,2.5,lqi,1,5,9.9298,8,66,124,0.0930953,0.0947393,2.04011,0.315958,2.32337,2.61049,2.45204
triangle,2.5,lqi,1,6,8.38277,6,85,105,0.0947393,0.0952873,1.91051,0.279037,1.8274,2.27445,1.90136
triangle,2.5,lqi,1,7,8.99988,4,74,116,0.0969313,0.0936433,1.74448,0.189083,2.04734,2.65149,2.17692
triangle,2.5,lqi,1,8,9.41107,5,73,117,0.0952873,0.0925473,1.81514,0.25409,2.19192,2.70491,2.25717
triangle,2.5,lqi,1,9,8.00247,4,91,99,0.0914513,0.0919993,1.72513,0.217826,1.67832,2.43273,1.76501
triangle,2.5,lqi,1,10,9.57174,8,74,116,0.0930953,0.0941913,2.0273,0.255829,2.10501,2.64984,2.34648
triangle,2.5,lqi,1,11,8.69284,2,68,122,0.0925473,0.0974793,1.62251,0.1767,2.1749,2.1923,2.33641
triangle,2.5,lqi,1,12,9.02362,8,76,114,0.0925473,0.0930953,2.05562,0.245769,2.10608,2.31224,2.11826
triangle,2.5,lqi,1,13,9.77544,6,66,124,0.0919993,0.0941913,1.88972,0.277057,2.26396,2.76935,2.38917
triangle,2.5,lqi,1,14,8.39606,2,74,116,0.0958353,0.0974793,1.58338,0.186338,1.92053,2.34291,2.16959
triangle,2.5,lqi,1,15,10.3028,6,63,127,0.0958353,0.0881633,1.87071,0.305356,2.43952,2.98657,2.51665
triangle,2.5,lqi,1,16,10.0573,5,63,127,0.0941913,0.0969313,1.84178,0.283885,2.24793,2.97163,2.52091
triangle,2.5,lqi,1,17,8.42937,6,77,113,0.0969313,0.0952873,1.9256,0.294028,1.74566,2.20198,2.06988
triangle,2.5,lqi,1,18,9.32645,2,67,123,0.0925473,0.0958353,1.58313,0.194119,2.21259,2.78104,2.36718
triangle,2.5,lqi,1,19,9.46736,7,68,122,0.0958353,0.0936433,1.93496,0.256366,2.10079,2.57371,2.41205
triangle,2.5,leo,0,0,16.2714,19,54,136,0.156115,0.148991,6.62802,0.514493,3.49677,3.19569,2.13128
triangle,2.5,leo,0,1,12.5883,14,39,151,0.163787,0.164883,5.76428,0.441972,2.17115,2.24306,1.63917
triangle,2.5,leo,0,2,15.5129,19,70,120,0.155019,0.148443,7.13247,0.590826,2.91268,2.41417,2.15925
triangle,2.5,leo,0,3,18.8871,24,50,140,0.169267,0.163239,8.8602,0.688475,3.28472,3.22564,2.49552
triangle,2.5,leo,0,4,17.7002,20,32,158,0.151183,0.155019,6.78801,0.510499,3.56459,3.66297,2.86797
triangle,2.5,leo,0,5,19.4718,25,36,154,0.157211,0.162143,8.41591,0.603839,3.67612,3.93735,2.5192
triangle,2.5,leo,0,6,15.4717,17,25,165,0.144607,0.140771,5.95378,0.447126,3.12907,3.21429,2.44206
triangle,2.5,leo,0,7,14.1616,13,22,168,0.146799,0.144059,5.17688,0.398264,2.99728,2.91089,2.38739
triangle,2.5,leo,0,8,15.8289,23,77,113,0.140771,0.140771,7.47091,0.688108,2.60191,2.82841,1.95798
triangle,2.5,leo,0,9,17.6979,17,21,169,0.156115,0.153923,6.73098,0.533249,3.8735,3.49508,2.75509
triangle,2.5,leo,0,10,21.3171,30,52,138,0.148991,0.146799,9.47421,0.862993,3.86837,3.67377,3.14191
triangle,2.5,leo,0,11,17.8889,21,54,136,0.159951,0.158307,7.50995,0.648876,3.22946,3.44986,2.73254
triangle,2.5,leo,0,12,15.5453,17,36,154,0.133647,0.128167,5.89448,0.576536,3.23376,3.05906,2.51963
triangle,2.5,leo,0,13,17.1038,23,72,118,0.154471,0.153923,8.34308,0.620499,3.03362,2.87873,1.91943
triangle,2.5,leo,0,14,19.3425,24,52,138,0.145155,0.147347,8.52712,0.837324,3.63339,3.63625,2.41594
triangle,2.5,leo,0,15,16.9525,22,55,135,0.157211,0.151731,7.8811,0.609243,3.29769,2.85109,2.00447
triangle,2.5,leo,0,16,16.2917,20,60,130,0.141319,0.144059,6.66835,0.647505,3.40838,2.92574,2.35632
triangle,2.5,leo,0,17,13.1698,16,49,141,0.150087,0.148991,5.93489,0.443463,2.18627,2.40736,1.89877
triangle,2.5,leo,0,18,15.426,18,52,138,0.145155,0.142963,6.96572,0.523636,2.82359,2.67809,2.14686
triangle,2.5,leo,0,19,17.1594,22,53,137,0.172007,0.173103,8.30093,0.548828,2.98247,2.85099,2.13107
triangle,2.5,leo,1,0,9.76154,7,81,109,0.0952873,0.0958353,2.29625,0.305246,2.21682,2.59226,2.15984
triangle,2.5,leo,1,1,10.918,9,72,118,0.0936433,0.0952873,2.47792,0.323458,2.31811,3.17846,2.43108
triangle,2.5,leo,1,2,9.08999,4,77,113,0.0958353,0.0974793,2.0399,0.251,2.23864,2.21824,2.1489
triangle,2.5,leo,1,3,11.1424,10,64,126,0.0925473,0.0963833,2.60917,0.387033,2.44273,2.93935,2.57519
triangle,2.5,leo,1,4,10.7366,9,69,121,0.0952873,0.0941913,2.71631,0.336835,2.38223,2.73419,2.37756
triangle,2.5,leo,1,5,9.91498,4,70,120,0.0930953,0.0947393,2.00141,0.222594,2.11919,2.94002,2.44393
triangle,2.5,leo,1,6,10.6899,13,73,117,0.0947393,0.0952873,3.04963,0.472194,2.27374,2.49807,2.20625
triangle,2.5,leo,1,7,10.2005,7,77,113,0.0963833,0.0936433,2.41055,0.28892,2.42132,2.82801,2.06165
triangle,2.5,leo,1,8,8.05583,7,90,100,0.0952873,0.0925473,2.27968,0.334197,1.72971,1.90655,1.61786
triangle,2.5,leo,1,9,9.71829,7,77,113,0.0914513,0.0919993,2.29899,0.267319,1.90813,2.93088,2.12951
triangle,2.5,leo,1,10,10.4145,9,74,116,0.0930953,0.0941913,2.35864,0.300212,2.33616,2.91529,2.3169
triangle,2.5,leo,1,11,8.98255,6,81,109,0.0925473,0.0974793,2.23238,0.238787,1.94184,2.47481,1.90471
triangle,2.5,leo,1,12,10.3696,9,76,114,0.0925473,0.0930953,2.66486,0.34835,2.44908,2.64317,2.07853
triangle,2.5,leo,1,13,10.3486,6,64,126,0.0919993,0.0941913,2.1448,0.273299,2.28635,2.84232,2.61566
triangle,2.5,leo,1,14,10.8583,12,73,117,0.0952873,0.0980273,2.76765,0.378885,2.39283,2.86984,2.25578
triangle,2.5,leo,1,15,11,9,75,115,0.0958353,0.0887113,2.56377,0.356156,2.43336,3.10851,2.3537
triangle,2.5,leo,1,16,9.69243,8,79,111,0.0941913,0.0969313,2.46034,0.310104,2.09216,2.67437,1.96434
triangle,2.5,leo,1,17,10.313,10,77,113,0.0974793,0.0958353,2.67638,0.394026,2.3185,2.59965,2.13113
triangle,2.5,leo,1,18,9.53466,4,72,118,0.0925473,0.0958353,1.84921,0.218852,2.33956,2.68067,2.25798
triangle,2.5,leo,1,19,11.0848,8,70,120,0.0958353,0.0936433,2.46379,0.386393,2.42006,3.22909,2.39597
triangle,2.5,lqi-literal,0,0,14.8196,18,64,126,0.156115,0.148991,5.3949,0.506001,2.92148,3.5398,2.15227
triangle,2.5,lqi-literal,0,1,13.2345,12,27,163,0.163787,0.164883,4.79375,0.381735,2.62871,2.76358,2.33808
triangle,2.5,lqi-literal,0,2,15.6255,22,60,130,0.155019,0.148443,6.26246,0.645882,3.16341,2.79317,2.45715
triangle,2.5,lqi-literal,0,3,16.8789,19,50,140,0.169267,0.163239,6.04088,0.57529,3.62169,3.78484,2.5237
triangle,2.5,lqi-literal,0,4,14.6851,23,56,134,0.151183,0.155019,6.16814,0.656789,2.7451,2.77345,2.03545
triangle,2.5,lqi-literal,0,5,15.5717,19,42,148,0.157211,0.162143,5.77097,0.516488,3.25648,3.31799,2.39041
triangle,2.5,lqi-literal,0,6,12.8237,16,41,149,0.144607,0.140771,4.98714,0.384411,2.54448,2.56953,2.0528
triangle,2.5,lqi-literal,0,7,13.8273,13,28,162,0.146799,0.144059,4.75368,0.380386,3.25664,2.72046,2.42529
triangle,2.5,lqi-literal,0,8,14.8506,36,88,102,0.140771,0.140771,7.68976,1.04502,2.1094,2.03551,1.68941
triangle,2.5,lqi-literal,0,9,16.3901,21,20,170,0.156115,0.153923,6.10727,0.574968,3.79856,3.07547,2.52379
triangle,2.5,lqi-literal,0,10,17.8594,25,55,135,0.148991,0.146799,6.29552,0.831963,3.63952,3.7219,3.07467
triangle,2.5,lqi-literal,0,11,15.8425,18,56,134,0.159951,0.158307,5.54779,0.502753,3.30361,3.61159,2.55852
triangle,2.5,lqi-literal,0,12,16.3563,19,32,158,0.133647,0.128167,5.31668,0.625021,3.69884,3.93483,2.51915
triangle,2.5,lqi-literal,0,13,16.6903,25,58,132,0.154471,0.153923,6.66138,0.707538,3.34056,3.47142,2.20098
triangle,2.5,lqi-literal,0,14,16.4992,26,60,130,0.145155,0.147347,7.03831,0.835115,3.27399,2.94466,2.11458
triangle,2.5,lqi-literal,0,15,16.4396,23,36,154,0.157211,0.151731,6.1052,0.69573,3.79588,3.09695,2.43692
triangle,2.5,lqi-literal,0,16,15.2555,20,60,130,0.141319,0.144059,5.49412,0.676946,3.58634,2.87094,2.34174
triangle,2.5,lqi-literal,0,17,13.3325,22,44,146,0.150087,0.148991,5.95806,0.559293,2.30403,2.56532,1.64669
triangle,2.5,lqi-literal,0,18,14.9286,18,51,139,0.145155,0.142963,5.4196,0.590791,2.97998,3.29146,2.35866
triangle,2.5,lqi-literal,0,19,14.6992,19,46,144,0.172007,0.173103,6.20043,0.472811,2.73788,2.81539,2.12756
triangle,2.5,lqi-literal,1,0,10.6221,7,71,119,0.0952873,0.0958353,1.94146,0.296455,2.69629,2.97483,2.52194
triangle,2.5,lqi-literal,1,1,8.50287,7,81,109,0.0936433,0.0952873,1.93471,0.292415,1.85493,2.35046,1.88143
triangle,2.5,lqi-literal,1,2,9.65386,6,74,116,0.0958353,0.0974793,1.88521,0.28785,2.16981,2.94395,2.17372
triangle,2.5,lqi-literal,1,3,9.9478,7,69,121,0.0925473,0.0963833,1.92742,0.264157,2.30381,2.89926,2.36422
triangle,2.5,lqi-literal,1,4,7.93334,6,88,102,0.0952873,0.0941913,1.86459,0.265802,1.77864,1.99036,1.84446
triangle,2.5,lqi-literal,1,5,9.72312,6,66,124,0.0930953,0.0947393,1.87716,0.256453,2.24098,2.83546,2.32523
triangle,2.5,lqi-literal,1,6,8.91177,8,85,105,0.0947393,0.0952873,2.05942,0.340772,1.97224,2.58344,1.76587
triangle,2.5,lqi-literal,1,7,9.68786,9,83,107,0.0963833,0.0936433,2.08927,0.30379,2.24113,2.92906,1.93458
triangle,2.5,lqi-literal,1,8,8.68673,9,89,101,0.0952873,0.0925473,2.09623,0.352298,1.92779,2.40332,1.71926
triangle,2.5,lqi-literal,1,9,8.63634,8,89,101,0.0914513,0.0919993,2.0009,0.277459,1.76982,2.63929,1.76542
triangle,2.5,lqi-literal,1,10,9.76965,9,77,113,0.0930953,0.0941913,2.08931,0.328288,2.17643,2.85511,2.13322
triangle,2.5,lqi-literal,1,11,8.29455,6,75,115,0.0925473,0.0974793,1.89095,0.20257,1.94913,2.08495,1.97693
triangle,2.5,lqi-literal,1,12,10.4266,8,72,118,0.0925473,0.0930953,2.07093,0.347535,2.39201,3.19322,2.23724
triangle,2.5,lqi-literal,1,13,8.81846,7,81,109,0.0919993,0.0941913,1.96409,0.277258,1.87851,2.51535,1.99706
triangle,2.5,lqi-literal,1,14,10.4088,8,75,115,0.0952873,0.0980273,2.07325,0.353998,2.491,3.16874,2.12855
triangle,2.5,lqi-literal,1,15,10.7638,7,67,123,0.0958353,0.0887113,1.93943,0.258616,2.71377,3.06753,2.59995
triangle,2.5,lqi-literal,1,16,11.0659,10,70,120,0.0941913,0.0969313,2.22617,0.34208,2.59593,3.35025,2.36039
triangle,2.5,lqi-literal,1,17,9.36438,6,74,116,0.0974793,0.0958353,1.89225,0.257566,2.26089,2.744,2.01636
triangle,2.5,lqi-literal,1,18,9.61184,2,70,120,0.0925473,0.0958353,1.60429,0.174698,2.57644,2.81362,2.25441
triangle,2.5,lqi-literal,1,19,10.3194,12,75,115,0.0958353,0.0936433,2.34321,0.391505,2.23796,3.00648,2.15076
triangle,2.625,hopcount,0,0,13.8571,22,74,116,0.130359,0.136387,5.13306,0.672036,3.0236,2.86794,1.89376
triangle,2.625,hopcount,0,1,12.4213,15,47,143,0.142415,0.142963,4.5904,0.41652,2.44482,2.81457,1.86957
triangle,2.625,hopcount,0,2,14.6081,21,67,123,0.138031,0.135291,5.13876,0.646713,3.28582,2.92785,2.33562
triangle,2.625,hopcount,0,3,13.3165,17,72,118,0.142415,0.144059,4.78365,0.598329,2.66866,2.65987,2.31954
triangle,2.625,hopcount,0,4,16.5252,26,52,138,0.130359,0.134743,5.67284,0.856792,3.70859,3.21336,2.80854
triangle,2.625,hopcount,0,5,16.9583,28,46,144,0.134195,0.137483,6.22239,0.830484,3.55803,3.4408,2.63492
triangle,2.625,hopcount,0,6,13.7037,17,44,146,0.127071,0.122687,4.37448,0.549205,3.32801,2.95307,2.2492
triangle,2.625,hopcount,0,7,13.8255,21,55,135,0.128167,0.129811,5.06834,0.599464,3.05263,2.68236,2.16472
triangle,2.625,hopcount,0,8,13.6104,28,94,96,0.116659,0.116659,5.57206,0.898603,2.80269,2.30351,1.80018
triangle,2.625,hopcount,0,9,15.5007,21,53,137,0.134743,0.132551,5.18615,0.614769,3.68116,3.49607,2.25522
triangle,2.625,hopcount,0,10,13.6412,31,107,83,0.125427,0.126523,5.93646,0.986332,2.49251,2.15274,1.8212
triangle,2.625,hopcount,0,11,15.0389,22,64,126,0.139127,0.141867,5.31184,0.671697,3.34082,3.03782,2.39576
triangle,2.625,hopcount,0,12,12.3006,21,76,114,0.111179,0.114467,4.80637,0.728494,2.65576,2.28313,1.60122
triangle,2.625,hopcount,0,13,16.8236,27,67,123,0.129263,0.129263,6.03986,0.836533,3.80713,3.33544,2.54608
triangle,2.625,hopcount,0,14,15.522,23,73,117,0.130907,0.133647,5.8368,0.934005,3.22083,2.9217,2.34416
triangle,2.625,hopcount,0,15,14.9451,28,70,120,0.137483,0.133647,5.55994,0.753482,3.30055,2.93004,2.12993
triangle,2.625,hopcount,0,16,14.9476,28,82,108,0.130907,0.121591,5.80954,1.04706,2.90593,2.78309,2.14949
triangle,2.625,hopcount,0,17,14.3233,19,37,153,0.127071,0.132003,4.72131,0.563392,3.2262,3.1714,2.38194
triangle,2.625,hopcount,0,18,15.3081,20,51,139,0.129263,0.127071,4.88574,0.561282,3.2771,3.54979,2.77789
triangle,2.625,hopcount,0,19,13.9598,24,84,106,0.153375,0.155019,6.11305,0.659262,2.70391,2.31411,1.86105
triangle,2.625,hopcount,1,0,11.0743,4,64,126,0.0887113,0.0876153,1.54516,0.253306,2.71443,3.39615,2.98894
triangle,2.625,hopcount,1,1,8.91419,6,90,100,0.0876153,0.0898073,1.7125,0.285962,2.21931,2.45392,2.06508
triangle,2.625,hopcount,1,2,10.3439,1,71,119,0.0881633,0.0865193,1.35184,0.17489,2.6537,3.17669,2.8121
triangle,2.625,hopcount,1,3,10.4294,5,73,117,0.0887113,0.0892593,1.63134,0.280232,2.63941,3.03093,2.66956
triangle,2.625,hopcount,1,4,8.96065,7,88,102,0.0898073,0.0870673,1.77823,0.309196,2.26961,2.44821,1.97852
triangle,2.625,hopcount,1,5,10.1029,10,76,114,0.0903553,0.0892593,1.9153,0.382068,2.34687,2.8133,2.46578
triangle,2.625,hopcount,1,6,11.0836,8,76,114,0.0887113,0.0881633,1.82983,0.372405,2.53747,3.60762,2.55939
triangle,2.625,hopcount,1,7,10.0371,5,74,116,0.0892593,0.0936433,1.68016,0.269207,2.49922,2.88137,2.52422
triangle,2.625,hopcount,1,8,10.3972,8,84,106,0.0887113,0.0892593,1.79299,0.354858,2.65965,3.11233,2.29944
triangle,2.625,hopcount,1,9,10.2473,3,80,110,0.0843273,0.0909033,1.49414,0.212265,2.50041,3.37721,2.48803
triangle,2.625,hopcount,1,10,10.373,5,75,115,0.0909033,0.0859713,1.63737,0.224703,2.55572,3.15578,2.62258
triangle,2.625,hopcount,1,11,7.96177,6,90,100,0.0865193,0.0898073,1.67055,0.285511,1.91961,2.05286,1.85692
triangle,2.625,hopcount,1,12,9.45651,6,88,102,0.0881633,0.0903553,1.73324,0.26969,2.19288,2.67887,2.40332
triangle,2.625,hopcount,1,13,11.0518,7,72,118,0.0919993,0.0887113,1.80015,0.415422,2.6113,3.48992,2.55426
triangle,2.625,hopcount,1,14,10.7048,10,79,111,0.0865193,0.0892593,1.99161,0.39833,2.69941,3.01819,2.42152
triangle,2.625,hopcount,1,15,10.2017,8,75,115,0.0887113,0.0870673,1.74412,0.386761,2.82128,2.66795,2.40584
triangle,2.625,hopcount,1,16,9.27622,8,86,104,0.0881633,0.0898073,1.84733,0.372153,2.17253,2.71041,1.99582
triangle,2.625,hopcount,1,17,9.30214,5,81,109,0.0865193,0.0887113,1.63357,0.273841,2.22482,2.57103,2.42365
triangle,2.625,hopcount,1,18,10.4529,11,84,106,0.0903553,0.0870673,1.98849,0.482365,2.82947,2.73613,2.23903
triangle,2.625,hopcount,1,19,9.71506,6,83,107,0.0887113,0.0881633,1.72396,0.325997,2.26744,2.80835,2.41244
triangle,2.625,lqi,0,0,16.4941,21,38,152,0.129811,0.138031,5.00941,0.547502,3.84264,3.75785,3.06886
triangle,2.625,lqi,0,1,13.1938,21,46,144,0.142415,0.142963,5.26262,0.565484,2.62648,2.153,2.30085
triangle,2.625,lqi,0,2,15.606,26,69,121,0.137483,0.135839,5.81703,0.705353,3.79761,2.25701,2.75565
triangle,2.625,lqi,0,3,14.7188,16,65,125,0.142415,0.145155,4.63719,0.485114,3.00458,3.59669,2.70766
triangle,2.625,lqi,0,4,16.65,24,44,146,0.130359,0.134743,5.45819,0.59729,3.95115,3.20275,3.17549
triangle,2.625,lqi,0,5,16.1703,24,47,143,0.134195,0.137483,5.69826,0.711343,3.50817,3.19049,2.79037
triangle,2.625,lqi,0,6,17.2434,21,21,169,0.127071,0.122687,4.87615,0.596382,4.81585,3.44762,3.25764
triangle,2.625,lqi,0,7,16.0589,22,28,162,0.127619,0.129263,5.20907,0.698716,3.40617,3.37576,3.11227
triangle,2.625,lqi,0,8,15.1986,27,73,117,0.116659,0.116659,5.33301,0.872346,3.4381,2.7341,2.58774
triangle,2.625,lqi,0,9,15.7172,17,24,166,0.134743,0.132003,4.71898,0.524296,3.83282,3.47855,2.89577
triangle,2.625,lqi,0,10,14.7712,29,100,90,0.124879,0.125975,5.81356,0.968224,3.00341,2.2539,2.4813
triangle,2.625,lqi,0,11,16.5586,23,48,142,0.139127,0.141319,5.4263,0.684996,3.42529,3.69247,3.04913
triangle,2.625,lqi,0,12,15.0084,22,40,150,0.111179,0.114467,4.87507,0.800548,3.54479,2.85894,2.70338
triangle,2.625,lqi,0,13,13.9074,23,71,119,0.128715,0.128715,5.46838,0.627851,2.99894,2.32718,2.22757
triangle,2.625,lqi,0,14,16.2684,23,65,125,0.130907,0.133647,5.99363,0.875189,3.61099,2.85986,2.66418
triangle,2.625,lqi,0,15,15.6111,30,58,132,0.136387,0.133647,5.96156,0.831974,3.41534,2.75113,2.38102
triangle,2.625,lqi,0,16,13.7481,22,72,118,0.130907,0.121591,5.04829,0.890046,2.81513,2.23667,2.50549
triangle,2.625,lqi,0,17,15.0749,15,26,164,0.127071,0.134195,4.30705,0.411656,3.31375,3.7921,2.98906
triangle,2.625,lqi,0,18,15.2277,24,53,137,0.129263,0.127071,5.48983,0.612736,3.44521,3.0056,2.41799
triangle,2.625,lqi,0,19,15.2844,29,66,124,0.155567,0.153375,6.78567,0.800186,2.79362,2.29825,2.29771
triangle,2.625,lqi,1,0,10.5296,6,66,124,0.0887113,0.0876153,1.67198,0.311502,2.57522,2.87526,2.91926
triangle,2.625,lqi,1,1,9.94372,3,70,120,0.0876153,0.0903553,1.51332,0.285349,2.45674,2.71495,2.79538
triangle,2.625,lqi,1,2,9.63159,1,71,119,0.0881633,0.0865193,1.35184,0.163909,2.31303,2.81404,2.81408
triangle,2.625,lqi,1,3,10.0482,3,73,117,0.0892593,0.0892593,1.51345,0.203455,2.33872,2.94311,2.87096
triangle,2.625,lqi,1,4,10.6769,5,70,120,0.0903553,0.0870673,1.61827,0.313172,2.61607,2.98975,2.96221
triangle,2.625,lqi,1,5,9.31225,7,80,110,0.0909033,0.0892593,1.71739,0.343234,2.25205,2.42033,2.39908
triangle,2.625,lqi,1,6,10.3077,6,77,113,0.0887113,0.0881633,1.72852,0.306399,2.45749,2.85437,2.7841
triangle,2.625,lqi,1,7,9.76467,6,76,114,0.0892593,0.0930953,1.76032,0.252808,2.23237,2.73558,2.60124
triangle,2.625,lqi,1,8,8.41607,9,94,96,0.0892593,0.0892593,1.83928,0.368241,1.86504,2.12097,2.04402
triangle,2.625,lqi,1,9,9.91681,1,71,119,0.0843273,0.0909033,1.3602,0.170635,2.44509,2.92119,2.84447
triangle,2.625,lqi,1,10,9.67607,4,74,116,0.0909033,0.0859713,1.58816,0.242182,2.31888,2.74378,2.60618
triangle,2.625,lqi,1,11,9.34515,3,73,117,0.0865193,0.0898073,1.47959,0.214624,2.24361,2.68809,2.54291
triangle,2.625,lqi,1,12,8.13458,5,88,102,0.0876153,0.0903553,1.68623,0.2615,1.86613,2.098,2.04475
triangle,2.625,lqi,1,13,10.9152,7,68,122,0.0919993,0.0887113,1.78248,0.384703,2.42813,3.21579,2.92341
triangle,2.625,lqi,1,14,9.81458,5,77,113,0.0870673,0.0892593,1.64213,0.288147,2.37225,2.73728,2.59846
triangle,2.625,lqi,1,15,9.33278,6,81,109,0.0887113,0.0870673,1.66907,0.330924,2.18354,2.38776,2.5857
triangle,2.625,lqi,1,16,10.1843,6,74,116,0.0887113,0.0892593,1.71815,0.344666,2.33207,2.83583,2.7756
triangle,2.625,lqi,1,17,11.0741,9,68,122,0.0865193,0.0887113,1.91074,0.437471,2.42066,3.02844,3.10159
triangle,2.625,lqi,1,18,9.97694,6,77,113,0.0903553,0.0870673,1.68674,0.274969,2.13418,3.06849,2.63513
triangle,2.625,lqi,1,19,10.081,8,77,113,0.0892593,0.0887113,1.8362,0.368976,2.30631,2.86647,2.52509
triangle,2.625,leo,0,0,14.981,24,89,101,0.130359,0.136387,6.5588,0.747335,2.95686,2.42361,2.02761
triangle,2.625,leo,0,1,12.1555,15,46,144,0.142415,0.142963,4.99852,0.384364,2.1763,2.49697,1.81398
triangle,2.625,leo,0,2,18.3832,27,62,128,0.138031,0.135291,7.69712,0.884458,3.43273,3.45862,2.63699
triangle,2.625,leo,0,3,16.8289,22,66,124,0.142415,0.144059,6.97454,0.779884,3.13425,3.21367,2.44006
triangle,2.625,leo,0,4,16.307,24,64,126,0.130359,0.134743,6.60671,0.71829,3.25502,3.03604,2.42579
triangle,2.625,leo,0,5,15.9818,26,76,114,0.134195,0.137483,7.6436,0.745577,2.73992,2.61751,1.96348
triangle,2.625,leo,0,6,14.4626,17,39,151,0.127071,0.122687,5.50601,0.558142,3.12532,2.68114,2.34227
triangle,2.625,leo,0,7,17.2526,23,38,152,0.128167,0.129811,6.43809,0.625324,3.62909,3.54285,2.75929
triangle,2.625,leo,0,8,15.8284,24,80,110,0.116659,0.116659,6.53433,0.868443,3.03322,2.85402,2.30509
triangle,2.625,leo,0,9,17.851,19,27,163,0.134743,0.132551,5.73685,0.53826,4.31799,4.17142,2.81923
triangle,2.625,leo,0,10,15.9397,31,109,81,0.125427,0.126523,7.93687,1.11263,2.48717,2.31834,1.83271
triangle,2.625,leo,0,11,17.7401,27,71,119,0.139127,0.141867,7.76819,0.806704,3.47639,2.9054,2.50239
triangle,2.625,leo,0,12,16.0412,19,40,150,0.111179,0.114467,5.53516,0.648793,3.86169,3.12743,2.64245
triangle,2.625,leo,0,13,18.6697,31,54,136,0.129263,0.129263,8.33233,0.895798,3.54387,2.87726,2.76192
triangle,2.625,leo,0,14,16.6826,21,77,113,0.130907,0.133647,7.33863,0.90354,3.10941,2.9055,2.16098
triangle,2.625,leo,0,15,17.6521,29,57,133,0.137483,0.133647,7.97123,0.786054,3.3585,2.706,2.55914
triangle,2.625,leo,0,16,13.8001,22,82,108,0.130907,0.121591,6.01714,0.915393,2.57697,2.11581,1.92231
triangle,2.625,leo,0,17,13.8734,16,41,149,0.127071,0.132003,5.03892,0.506176,2.9611,2.88255,2.22557
triangle,2.625,leo,0,18,15.1154,21,70,120,0.129263,0.127071,6.04611,0.608886,2.99397,2.96308,2.24704
triangle,2.625,leo,0,19,16.5217,21,58,132,0.153375,0.155019,6.76839,0.609733,3.31413,2.80605,2.71503
triangle,2.625,leo,1,0,10.5884,4,68,122,0.0887113,0.0876153,1.74269,0.247316,2.58583,3.06983,2.76644
triangle,2.625,leo,1,1,9.98217,8,87,103,0.0876153,0.0898073,2.26221,0.318578,2.44144,2.69371,2.08881
triangle,2.625,leo,1,2,10.5678,3,73,117,0.0881633,0.0865193,1.72156,0.217815,2.57247,3.22401,2.65725
triangle,2.625,leo,1,3,9.41406,6,86,104,0.0887113,0.0892593,2.0038,0.302243,2.23541,2.52639,2.16825
triangle,2.625,leo,1,4,10.3268,7,81,109,0.0898073,0.0870673,2.1046,0.361837,2.6389,2.81377,2.23079
triangle,2.625,leo,1,5,9.16975,8,90,100,0.0903553,0.0892593,2.01349,0.337267,2.15225,2.38313,2.10399
triangle,2.625,leo,1,6,10.56,6,76,114,0.0887113,0.0881633,1.95902,0.298761,2.40306,3.1708,2.55145
triangle,2.625,leo,1,7,9.10477,11,98,92,0.0892593,0.0936433,2.58446,0.443352,1.85186,2.21754,1.82465
triangle,2.625,leo,1,8,11.1453,5,73,117,0.0887113,0.0892593,1.79956,0.326021,2.96091,3.12908,2.75171
triangle,2.625,leo,1,9,10.759,2,79,111,0.0843273,0.0909033,1.71625,0.203534,2.5914,3.49297,2.57965
triangle,2.625,leo,1,10,10.4004,6,76,114,0.0909033,0.0859713,1.95169,0.27585,2.46223,2.94937,2.58435
triangle,2.625,leo,1,11,9.17655,5,78,112,0.0865193,0.0898073,1.75108,0.254964,2.27322,2.40145,2.31951
triangle,2.625,leo,1,12,10.5975,7,79,111,0.0881633,0.0903553,2.11127,0.310767,2.51696,2.83685,2.64315
triangle,2.625,leo,1,13,11.684,11,70,120,0.0919993,0.0887113,2.41348,0.529708,2.79433,3.01523,2.75054
triangle,2.625,leo,1,14,10.9204,5,75,115,0.0865193,0.0892593,1.81723,0.251843,2.7841,3.22999,2.66142
triangle,2.625,leo,1,15,9.10949,8,86,104,0.0887113,0.0870673,1.96548,0.388778,2.08938,2.31831,2.17177
triangle,2.625,leo,1,16,9.13578,5,86,104,0.0881633,0.0898073,1.82638,0.293338,2.19807,2.631,2.00902
triangle,2.625,leo,1,17,10.8168,6,73,117,0.0865193,0.0887113,1.91618,0.343702,2.60045,2.98676,2.79447
triangle,2.625,leo,1,18,9.99101,7,81,109,0.0903553,0.0870673,2.0858,0.369665,2.57892,2.56342,2.21578
triangle,2.625,leo,1,19,10.4469,7,76,114,0.0887113,0.0881633,1.98504,0.389398,2.48431,2.83497,2.57634
triangle,2.625,lqi-literal,0,0,13.8571,22,74,116,0.130359,0.136387,5.13306,0.672036,3.0236,2.86794,1.89376
triangle,2.625,lqi-literal,0,1,12.4213,15,47,143,0.142415,0.142963,4.5904,0.41652,2.44482,2.81457,1.86957
triangle,2.625,lqi-literal,0,2,14.6081,21,67,123,0.138031,0.135291,5.13876,0.646713,3.28582,2.92785,2.33562
triangle,2.625,lqi-literal,0,3,13.3165,17,72,118,0.142415,0.144059,4.78365,0.598329,2.66866,2.65987,2.31954
triangle,2.625,lqi-literal,0,4,16.5252,26,52,138,0.130359,0.134743,5.67284,0.856792,3.70859,3.21336,2.80854
triangle,2.625,lqi-literal,0,5,16.9583,28,46,144,0.134195,0.137483,6.22239,0.830484,3.55803,3.4408,2.63492
triangle,2.625,lqi-literal,0,6,13.7037,17,44,146,0.127071,0.122687,4.37448,0.549205,3.32801,2.95307,2.2492
triangle,2.625,lqi-literal,0,7,13.8255,21,55,135,0.128167,0.129811,5.06834,0.599464,3.05263,2.68236,2.16472
triangle,2.625,lqi-literal,0,8,13.6104,28,94,96,0.116659,0.116659,5.57206,0.898603,2.80269,2.30351,1.80018
triangle,2.625,lqi-literal,0,9,15.5007,21,53,137,0.134743,0.132551,5.18615,0.614769,3.68116,3.49607,2.25522
triangle,2.625,lqi-literal,0,10,13.6412,31,107,83,0.125427,0.126523,5.93646,0.986332,2.49251,2.15274,1.8212
triangle,2.625,lqi-literal,0,11,15.0389,22,64,126,0.139127,0.141867,5.31184,0.671697,3.34082,3.03782,2.39576
triangle,2.625,lqi-literal,0,12,12.3006,21,76,114,0.111179,0.114467,4.80637,0.728494,2.65576,2.28313,1.60122
triangle,2.625,lqi-literal,0,13,16.8236,27,67,123,0.129263,0.129263,6.03986,0.836533,3.80713,3.33544,2.54608
triangle,2.625,lqi-literal,0,14,15.522,23,73,117,0.130907,0.133647,5.8368,0.934005,3.22083,2.9217,2.34416
triangle,2.625,lqi-literal,0,15,14.9451,28,70,120,0.137483,0.133647,5.55994,0.753482,3.30055,2.93004,2.12993
triangle,2.625,lqi-literal,0,16,14.9476,28,82,108,0.130907,0.121591,5.80954,1.04706,2.90593,2.78309,2.14949
triangle,2.625,lqi-literal,0,17,14.3233,19,37,153,0.127071,0.132003,4.72131,0.563392,3.2262,3.1714,2.38194
triangle,2.625,lqi-literal,0,18,15.3081,20,51,139,0.129263,0.127071,4.88574,0.561282,3.2771,3.54979,2.77789
triangle,2.625,lqi-literal,0,19,13.9598,24,84,106,0.153375,0.155019,6.11305,0.659262,2.70391,2.31411,1.86105
triangle,2.625,lqi-literal,1,0,11.0743,4,64,126,0.0887113,0.0876153,1.54516,0.253306,2.71443,3.39615,2.98894
triangle,2.625,lqi-literal,1,1,8.91419,6,90,100,0.0876153,0.0898073,1.7125,0.285962,2.21931,2.45392,2.06508
triangle,2.625,lqi-literal,1,2,10.3439,1,71,119,0.0881633,0.0865193,1.35184,0.17489,2.6537,3.17669,2.8121
triangle,2.625,lqi-literal,1,3,10.4294,5,73,117,0.0887113,0.0892593,1.63134,0.280232,2.63941,3.03093,2.66956
triangle,2.625,lqi-literal,1,4,8.96065,7,88,102,0.0898073,0.0870673,1.77823,0.309196,2.26961,2.44821,1.97852
triangle,2.625,lqi-literal,1,5,10.1029,10,76,114,0.0903553,0.0892593,1.9153,0.382068,2.34687,2.8133,2.46578
triangle,2.625,lqi-literal,1,6,11.0836,8,76,114,0.0887113,0.0881633,1.82983,0.372405,2.53747,3.60762,2.55939
triangle,2.625,lqi-literal,1,7,10.0371,5,74,116,0.0892593,0.0936433,1.68016,0.269207,2.49922,2.88137,2.52422
triangle,2.625,lqi-literal,1,8,10.3972,8,84,106,0.0887113,0.0892593,1.79299,0.354858,2.65965,3.11233,2.29944
triangle,2.625,lqi-literal,1,9,10.2473,3,80,110,0.0843273,0.0909033,1.49414,0.212265,2.50041,3.37721,2.48803
triangle,2.625,lqi-literal,1,10,10.373,5,75,115,0.0909033,0.0859713,1.63737,0.224703,2.55572,3.15578,2.62258
triangle,2.625,lqi-literal,1,11,7.96177,6,90,100,0.0865193,0.0898073,1.67055,0.285511,1.91961,2.05286,1.85692
triangle,2.625,lqi-literal,1,12,9.45651,6,88,102,0.0881633,0.0903553,1.73324,0.26969,2.19288,2.67887,2.40332
triangle,2.625,lqi-literal,1,13,11.0518,7,72,118,0.0919993,0.0887113,1.80015,0.415422,2.6113,3.48992,2.55426
triangle,2.625,lqi-literal,1,14,10.7048,10,79,111,0.0865193,0.0892593,1.99161,0.39833,2.69941,3.01819,2.42152
triangle,2.625,lqi-literal,1,15,10.2017,8,75,115,0.0887113,0.0870673,1.74412,0.386761,2.82128,2.66795,2.40584
triangle,2.625,lqi-literal,1,16,9.27622,8,86,104,0.0881633,0.0898073,1.84733,0.372153,2.17253,2.71041,1.99582
triangle,2.625,lqi-literal,1,17,9.30214,5,81,109,0.0865193,0.0887113,1.63357,0.273841,2.22482,2.57103,2.42365
triangle,2.625,lqi-literal,1,18,10.4529,11,84,106,0.0903553,0.0870673,1.98849,0.482365,2.82947,2.73613,2.23903
triangle,2.625,lqi-literal,1,19,9.71506,6,83,107,0.0887113,0.0881633,1.72396,0.325997,2.26744,2.80835,2.41244
triangle,3,hopcount,0,0,6.26845,17,146,44,0.0914513,0.0930953,2.2882,0.661646,1.51443,0.753716,0.865915
triangle,3,hopcount,0,1,7.1574,18,102,88,0.106247,0.102411,2.92155,0.47726,1.48178,1.19169,0.876466
triangle,3,hopcount,0,2,7.06436,16,140,50,0.0958353,0.0947393,2.8903,0.581224,1.47594,0.989824,0.9365
triangle,3,hopcount,0,3,11.0946,30,117,73,0.106795,0.104603,3.94167,0.944786,2.43913,1.78084,1.77676
triangle,3,hopcount,0,4,10.4178,19,112,78,0.0930953,0.0958353,2.4532,0.698042,2.9085,2.10137,2.06782
triangle,3,hopcount,0,5,10.2097,27,119,71,0.102411,0.0980273,3.62469,0.897526,2.08355,1.71776,1.68571
triangle,3,hopcount,0,6,10.1591,21,93,97,0.0919993,0.0898073,2.58426,0.659754,2.49118,2.20526,2.03686
triangle,3,hopcount,0,7,8.86966,26,98,92,0.0941913,0.0947393,2.64194,0.805552,1.83864,1.77201,1.62259
triangle,3,hopcount,0,8,4.70304,13,163,27,0.0919993,0.0892593,2.09341,0.42624,0.824873,0.664362,0.512897
triangle,3,hopcount,0,9,8.12238,17,127,63,0.0974793,0.0914513,2.93591,0.692548,1.59276,1.42381,1.28842
triangle,3,hopcount,0,10,4.67959,18,161,29,0.0919993,0.0930953,1.97303,0.467276,0.972461,0.442665,0.639058
triangle,3,hopcount,0,11,7.4861,19,128,62,0.0996713,0.0974793,2.58605,0.506783,1.57861,1.37107,1.24643
triangle,3,hopcount,0,12,8.20649,15,111,79,0.0903553,0.0914513,2.38003,0.597611,1.97729,1.69183,1.37792
triangle,3,hopcount,0,13,9.6745,22,119,71,0.0941913,0.0903553,3.15276,0.748691,2.476,1.55997,1.55253
triangle,3,hopcount,0,14,8.98007,13,142,48,0.0985753,0.0985753,3.67393,0.510273,1.63097,1.62236,1.34539
triangle,3,hopcount,0,15,7.75188,16,116,74,0.0963833,0.100767,2.15348,0.464604,1.92046,1.55928,1.45691
triangle,3,hopcount,0,16,4.40399,3,153,37,0.0936433,0.0963833,1.92149,0.218296,0.662146,0.786953,0.625076
triangle,3,hopcount,0,17,9.81514,23,95,95,0.100767,0.100219,2.96518,0.631174,2.26453,2.07298,1.68029
triangle,3,hopcount,0,18,7.58474,26,134,56,0.0919993,0.0936433,3.38171,0.762287,1.46196,0.91037,0.882762
triangle,3,hopcount,0,19,6.69945,16,135,55,0.113919,0.115015,2.7127,0.451698,1.46418,0.893653,0.948283
triangle,3,hopcount,1,0,8.48629,5,105,85,0.0788473,0.0788473,1.10068,0.263127,2.17953,2.2379,2.54736
triangle,3,hopcount,1,1,9.26723,4,105,85,0.0782993,0.0777513,1.0083,0.256322,2.30126,2.91304,2.63225
triangle,3,hopcount,1,2,10.07,5,93,97,0.0799433,0.0772033,0.898634,0.258345,2.73178,2.76139,3.26272
triangle,3,hopcount,1,3,7.3871,3,113,77,0.0788473,0.0788473,1.01142,0.146017,1.84042,2.17797,2.05359
triangle,3,hopcount,1,4,7.69181,2,102,88,0.0777513,0.0782993,0.796301,0.16314,2.07214,2.01148,2.49269
triangle,3,hopcount,1,5,7.30196,8,118,72,0.0777513,0.0788473,1.11232,0.366855,1.86463,1.7142,2.08736
triangle,3,hopcount,1,6,8.33991,2,109,81,0.0788473,0.0772033,0.968961,0.20405,2.15898,2.37171,2.48016
triangle,3,hopcount,1,7,9.88394,6,95,95,0.0777513,0.0777513,1.01998,0.293091,2.83175,2.64541,2.93821
triangle,3,hopcount,1,8,9.33642,4,95,95,0.0777513,0.0777513,0.833787,0.19042,2.54266,2.80662,2.80743
triangle,3,hopcount,1,9,8.12288,2,110,80,0.0772033,0.0788473,0.895725,0.213904,2.01931,2.27277,2.56512
triangle,3,hopcount,1,10,11.3391,6,83,107,0.0788473,0.0788473,0.979334,0.354225,3.13483,3.10289,3.61009
triangle,3,hopcount,1,11,9.46679,6,89,101,0.0772033,0.0799433,0.98317,0.266522,2.41961,2.76151,2.87883
triangle,3,hopcount,1,12,9.29804,4,102,88,0.0793953,0.0788473,1.06294,0.245853,2.44343,2.48353,2.90404
triangle,3,hopcount,1,13,9.63524,8,99,91,0.0777513,0.0772033,1.09992,0.325271,2.53273,2.65685,2.86551
triangle,3,hopcount,1,14,6.37813,4,116,74,0.0772033,0.0777513,0.923594,0.204079,1.66212,1.62819,1.80519
triangle,3,hopcount,1,15,7.73354,9,110,80,0.0766553,0.0755593,1.03035,0.386012,2.00174,2.02231,2.14092
triangle,3,hopcount,1,16,9.10751,4,104,86,0.0772033,0.0788473,0.917227,0.211921,2.47842,2.44472,2.89917
triangle,3,hopcount,1,17,10.2027,0,82,108,0.0793953,0.0766553,0.734912,0.182296,2.61998,2.98093,3.52848
triangle,3,hopcount,1,18,9.38137,7,97,93,0.0782993,0.0782993,1.03617,0.328646,2.52785,2.58372,2.74838
triangle,3,hopcount,1,19,9.63256,4,91,99,0.0788473,0.0782993,1.00286,0.269082,2.59205,2.6644,2.94702
triangle,3,lqi,0,0,6.23444,18,140,50,0.0914513,0.0930953,2.3791,0.610831,1.47791,0.735922,0.846134
triangle,3,lqi,0,1,8.13709,18,92,98,0.106247,0.102411,2.907,0.373022,1.87973,1.53983,1.22886
triangle,3,lqi,0,2,6.67465,16,146,44,0.0958353,0.0947393,2.88334,0.575214,1.38922,0.804358,0.831941
triangle,3,lqi,0,3,6.85257,22,141,49,0.106795,0.104603,3.27365,0.704287,1.36055,0.578097,0.724578
triangle,3,lqi,0,4,10.4403,22,101,89,0.0925473,0.0952873,2.9604,0.701801,2.45355,2.06889,2.06781
triangle,3,lqi,0,5,10.0695,23,122,68,0.102959,0.0985753,3.13906,0.789394,2.35435,1.63181,1.9534
triangle,3,lqi,0,6,8.5678,17,95,95,0.0919993,0.0898073,2.35284,0.51508,1.97699,1.88344,1.65764
triangle,3,lqi,0,7,7.43439,21,123,67,0.0941913,0.0947393,2.56465,0.50409,1.49919,1.3989,1.27862
triangle,3,lqi,0,8,4.79394,12,159,31,0.0919993,0.0892593,2.01014,0.450707,0.970761,0.583999,0.597073
triangle,3,lqi,0,9,8.04275,17,123,67,0.0974793,0.0914513,2.96522,0.690789,1.72292,1.30331,1.17158
triangle,3,lqi,0,10,5.40164,19,157,33,0.0919993,0.0930953,2.16057,0.572396,1.11678,0.553888,0.812918
triangle,3,lqi,0,11,8.80792,24,126,64,0.0996713,0.0974793,3.00127,0.737221,1.90127,1.38019,1.59082
triangle,3,lqi,0,12,8.65133,14,104,86,0.0909033,0.0909033,2.59345,0.483908,2.02581,1.78287,1.58349
triangle,3,lqi,0,13,9.98969,23,121,69,0.0941913,0.0903553,3.1327,0.869347,2.42654,1.58,1.79656
triangle,3,lqi,0,14,7.30791,5,141,49,0.0985753,0.0985753,2.94184,0.205347,1.27965,1.33195,1.35197
triangle,3,lqi,0,15,7.74788,16,117,73,0.0963833,0.100767,2.22524,0.443913,1.76697,1.59746,1.51714
triangle,3,lqi,0,16,6.30743,6,132,58,0.0936433,0.0963833,2.22317,0.324891,1.27033,1.07689,1.22212
triangle,3,lqi,0,17,8.43178,20,106,84,0.0991233,0.100219,2.87866,0.454664,1.98594,1.4518,1.46137
triangle,3,lqi,0,18,7.91637,22,120,70,0.0925473,0.0941913,2.94391,0.577722,1.61308,1.15683,1.43809
triangle,3,lqi,0,19,6.39287,13,142,48,0.113919,0.115015,2.69874,0.389681,1.21433,0.831317,1.02986
triangle,3,lqi,1,0,8.48629,5,105,85,0.0788473,0.0788473,1.10068,0.263127,2.17953,2.2379,2.54736
triangle,3,lqi,1,1,9.26723,4,105,85,0.0782993,0.0777513,1.0083,0.256322,2.30126,2.91304,2.63225
triangle,3,lqi,1,2,10.07,5,93,97,0.0799433,0.0772033,0.898634,0.258345,2.73178,2.76139,3.26272
triangle,3,lqi,1,3,7.3871,3,113,77,0.0788473,0.0788473,1.01142,0.146017,1.84042,2.17797,2.05359
triangle,3,lqi,1,4,7.69181,2,102,88,0.0777513,0.0782993,0.796301,0.16314,2.07214,2.01148,2.49269
triangle,3,lqi,1,5,7.30196,8,118,72,0.0777513,0.0788473,1.11232,0.366855,1.86463,1.7142,2.08736
triangle,3,lqi,1,6,8.33991,2,109,81,0.0788473,0.0772033,0.968961,0.20405,2.15898,2.37171,2.48016
triangle,3,lqi,1,7,9.88394,6,95,95,0.0777513,0.0777513,1.01998,0.293091,2.83175,2.64541,2.93821
triangle,3,lqi,1,8,9.33642,4,95,95,0.0777513,0.0777513,0.833787,0.19042,2.54266,2.80662,2.80743
triangle,3,lqi,1,9,11.3117,1,80,110,0.0772033,0.0788473,0.838719,0.20046,2.91098,3.48641,3.7191
triangle,3,lqi,1,10,11.1257,4,81,109,0.0788473,0.0788473,0.82468,0.31636,3.11051,3.15358,3.56288
triangle,3,lqi,1,11,9.46679,6,89,101,0.0772033,0.0799433,0.98317,0.266522,2.41961,2.76151,2.87883
triangle,3,lqi,1,12,9.29804,4,102,88,0.0793953,0.0788473,1.06294,0.245853,2.44343,2.48353,2.90404
triangle,3,lqi,1,13,9.68006,7,91,99,0.0777513,0.0772033,1.12779,0.298481,2.50847,2.7328,2.85756
triangle,3,lqi,1,14,9.57233,1,85,105,0.0772033,0.0777513,0.802668,0.191345,2.63141,2.7224,3.06954
triangle,3,lqi,1,15,9.67172,7,97,93,0.0766553,0.0755593,0.925617,0.323944,2.63341,2.73666,2.89988
triangle,3,lqi,1,16,9.10751,4,104,86,0.0772033,0.0788473,0.917227,0.211921,2.47842,2.44472,2.89917
triangle,3,lqi,1,17,10.2027,0,82,108,0.0793953,0.0766553,0.734912,0.182296,2.61998,2.98093,3.52848
triangle,3,lqi,1,18,9.38137,7,97,93,0.0782993,0.0782993,1.03617,0.328646,2.52785,2.58372,2.74838
triangle,3,lqi,1,19,9.63256,4,91,99,0.0788473,0.0782993,1.00286,0.269082,2.59205,2.6644,2.94702
triangle,3,leo,0,0,9.98601,18,113,77,0.0914513,0.0930953,2.46823,0.690292,2.42408,2.18134,2.03752
triangle,3,leo,0,1,8.38643,18,89,101,0.106247,0.102411,3.04466,0.475289,1.9537,1.46415,1.23996
triangle,3,leo,0,2,7.50376,17,140,50,0.0958353,0.0947393,3.25488,0.512142,1.47953,1.04266,1.02397
triangle,3,leo,0,3,8.93698,24,135,55,0.106795,0.104603,4.10736,0.698826,1.76536,1.1073,1.04673
triangle,3,leo,0,4,10.5392,23,112,78,0.0930953,0.0958353,3.12352,0.746129,2.40486,2.0952,1.98056
triangle,3,leo,0,5,10.092,26,115,75,0.102411,0.0980273,3.93685,0.89897,2.01064,1.57876,1.46639
triangle,3,leo,0,6,9.07471,17,96,94,0.0919993,0.0898073,2.34575,0.525816,2.43238,1.94133,1.64762
triangle,3,leo,0,7,9.5774,20,94,96,0.0941913,0.0947393,2.58017,0.53385,2.35209,2.17051,1.75185
triangle,3,leo,0,8,5.93544,13,157,33,0.0919993,0.0892593,2.23444,0.530063,1.22783,0.879665,0.882182
triangle,3,leo,0,9,8.14161,19,124,66,0.0974793,0.0914513,3.15768,0.703097,1.54802,1.4319,1.11198
triangle,3,leo,0,10,4.72682,18,165,25,0.0919993,0.0930953,2.30797,0.539928,0.855958,0.299786,0.538092
triangle,3,leo,0,11,7.86749,22,141,49,0.0996713,0.0974793,3.03804,0.662576,1.54358,1.29572,1.13043
triangle,3,leo,0,12,9.29297,14,101,89,0.0903553,0.0914513,2.5474,0.531048,2.41685,1.89629,1.71957
triangle,3,leo,0,13,11.6648,26,116,74,0.0941913,0.0903553,3.93126,0.993779,2.70974,1.89861,1.94687
triangle,3,leo,0,14,7.09094,8,155,35,0.0985753,0.0985753,3.61292,0.337491,1.14147,0.914175,0.887738
triangle,3,leo,0,15,7.6445,16,129,61,0.0963833,0.100767,2.39596,0.460599,1.70707,1.56049,1.32322
triangle,3,leo,0,16,4.86219,4,147,43,0.0936433,0.0963833,1.90691,0.182624,0.904092,0.917246,0.761298
triangle,3,leo,0,17,7.99524,17,111,79,0.100767,0.100219,2.93744,0.560929,1.70657,1.33543,1.25388
triangle,3,leo,0,18,10.5119,25,109,81,0.0919993,0.0936433,3.56187,0.672231,2.17214,2.13582,1.78421
triangle,3,leo,0,19,7.88306,15,127,63,0.113919,0.115015,2.94623,0.514325,1.67986,1.15463,1.35908
triangle,3,leo,1,0,10.2697,4,91,99,0.0788473,0.0788473,1.01926,0.285517,2.72223,2.86375,3.22124
triangle,3,leo,1,1,9.27124,4,105,85,0.0782993,0.0777513,1.01231,0.256322,2.30126,2.91304,2.63225
triangle,3,leo,1,2,10.0525,5,93,97,0.0799433,0.0772033,0.921233,0.254887,2.74096,2.73508,3.24323
triangle,3,leo,1,3,7.3871,3,113,77,0.0788473,0.0788473,1.01142,0.146017,1.84042,2.17797,2.05359
triangle,3,leo,1,4,7.92087,3,101,89,0.0777513,0.0782993,0.870973,0.198095,2.13715,2.01148,2.54712
triangle,3,leo,1,5,8.83946,6,100,90,0.0777513,0.0788473,0.995357,0.252147,2.31729,2.43764,2.68043
triangle,3,leo,1,6,8.7978,3,107,83,0.0788473,0.0772033,1.06514,0.24664,2.26946,2.44712,2.6134
triangle,3,leo,1,7,5.54275,8,136,54,0.0777513,0.0777513,1.11814,0.279051,1.33064,1.33676,1.32266
triangle,3,leo,1,8,9.33642,4,95,95,0.0777513,0.0777513,0.833787,0.19042,2.54266,2.80662,2.80743
triangle,3,leo,1,9,8.01811,2,109,81,0.0772033,0.0788473,0.797358,0.185147,2.11948,2.20097,2.55911
triangle,3,leo,1,10,11.3873,6,83,107,0.0788473,0.0788473,1.02761,0.354225,3.13483,3.10289,3.61009
triangle,3,leo,1,11,8.69485,5,93,97,0.0772033,0.0799433,1.0952,0.24259,2.17582,2.52422,2.49987
triangle,3,leo,1,12,9.26435,4,102,88,0.0793953,0.0788473,1.02925,0.245853,2.44343,2.48353,2.90404
triangle,3,leo,1,13,9.63633,8,99,91,0.0777513,0.0772033,1.10102,0.325271,2.53273,2.65685,2.86551
triangle,3,leo,1,14,6.34554,4,116,74,0.0772033,0.0777513,0.891001,0.204079,1.66212,1.62819,1.80519
triangle,3,leo,1,15,9.60943,6,93,97,0.0766553,0.0755593,0.974611,0.327796,2.53472,2.90924,2.71085
triangle,3,leo,1,16,9.10751,4,104,86,0.0772033,0.0788473,0.917227,0.211921,2.47842,2.44472,2.89917
triangle,3,leo,1,17,10.2027,0,82,108,0.0793953,0.0766553,0.734912,0.182296,2.61998,2.98093,3.52848
triangle,3,leo,1,18,9.26506,6,94,96,0.0782993,0.0782993,0.990255,0.263204,2.43308,2.57638,2.84555
triangle,3,leo,1,19,7.68414,7,107,83,0.0788473,0.0782993,1.05147,0.270325,1.96192,2.18434,2.05893
triangle,3,lqi-literal,0,0,6.26845,17,146,44,0.0914513,0.0930953,2.2882,0.661646,1.51443,0.753716,0.865915
triangle,3,lqi-literal,0,1,7.1574,18,102,88,0.106247,0.102411,2.92155,0.47726,1.48178,1.19169,0.876466
triangle,3,lqi-literal,0,2,7.06436,16,140,50,0.0958353,0.0947393,2.8903,0.581224,1.47594,0.989824,0.9365
triangle,3,lqi-literal,0,3,11.0946,30,117,73,0.106795,0.104603,3.94167,0.944786,2.43913,1.78084,1.77676
triangle,3,lqi-literal,0,4,10.4178,19,112,78,0.0930953,0.0958353,2.4532,0.698042,2.9085,2.10137,2.06782
triangle,3,lqi-literal,0,5,10.2097,27,119,71,0.102411,0.0980273,3.62469,0.897526,2.08355,1.71776,1.68571
triangle,3,lqi-literal,0,6,10.1591,21,93,97,0.0919993,0.0898073,2.58426,0.659754,2.49118,2.20526,2.03686
triangle,3,lqi-literal,0,7,8.86966,26,98,92,0.0941913,0.0947393,2.64194,0.805552,1.83864,1.77201,1.62259
triangle,3,lqi-literal,0,8,4.70304,13,163,27,0.0919993,0.0892593,2.09341,0.42624,0.824873,0.664362,0.512897
triangle,3,lqi-literal,0,9,8.12238,17,127,63,0.0974793,0.0914513,2.93591,0.692548,1.59276,1.42381,1.28842
triangle,3,lqi-literal,0,10,4.67959,18,161,29,0.0919993,0.0930953,1.97303,0.467276,0.972461,0.442665,0.639058
triangle,3,lqi-literal,0,11,7.4861,19,128,62,0.0996713,0.0974793,2.58605,0.506783,1.57861,1.37107,1.24643
triangle,3,lqi-literal,0,12,8.20649,15,111,79,0.0903553,0.0914513,2.38003,0.597611,1.97729,1.69183,1.37792
triangle,3,lqi-literal,0,13,7.7724,20,139,51,0.0941913,0.0903553,2.93846,0.717911,1.84852,1.0532,1.02976
triangle,3,lqi-literal,0,14,8.98007,13,142,48,0.0985753,0.0985753,3.67393,0.510273,1.63097,1.62236,1.34539
triangle,3,lqi-literal,0,15,7.75188,16,116,74,0.0963833,0.100767,2.15348,0.464604,1.92046,1.55928,1.45691
triangle,3,lqi-literal,0,16,4.40399,3,153,37,0.0936433,0.0963833,1.92149,0.218296,0.662146,0.786953,0.625076
triangle,3,lqi-literal,0,17,9.81514,23,95,95,0.100767,0.100219,2.96518,0.631174,2.26453,2.07298,1.68029
triangle,3,lqi-literal,0,18,7.58474,26,134,56,0.0919993,0.0936433,3.38171,0.762287,1.46196,0.91037,0.882762
triangle,3,lqi-literal,0,19,6.69945,16,135,55,0.113919,0.115015,2.7127,0.451698,1.46418,0.893653,0.948283
triangle,3,lqi-literal,1,0,8.48629,5,105,85,0.0788473,0.0788473,1.10068,0.263127,2.17953,2.2379,2.54736
triangle,3,lqi-literal,1,1,9.26723,4,105,85,0.0782993,0.0777513,1.0083,0.256322,2.30126,2.91304,2.63225
triangle,3,lqi-literal,1,2,10.07,5,93,97,0.0799433,0.0772033,0.898634,0.258345,2.73178,2.76139,3.26272
triangle,3,lqi-literal,1,3,7.3871,3,113,77,0.0788473,0.0788473,1.01142,0.146017,1.84042,2.17797,2.05359
triangle,3,lqi-literal,1,4,7.69181,2,102,88,0.0777513,0.0782993,0.796301,0.16314,2.07214,2.01148,2.49269
triangle,3,lqi-literal,1,5,7.30196,8,118,72,0.0777513,0.0788473,1.11232,0.366855,1.86463,1.7142,2.08736
triangle,3,lqi-literal,1,6,8.33991,2,109,81,0.0788473,0.0772033,0.968961,0.20405,2.15898,2.37171,2.48016
triangle,3,lqi-literal,1,7,9.88394,6,95,95,0.0777513,0.0777513,1.01998,0.293091,2.83175,2.64541,2.93821
triangle,3,lqi-literal,1,8,9.33642,4,95,95,0.0777513,0.0777513,0.833787,0.19042,2.54266,2.80662,2.80743
triangle,3,lqi-literal,1,9,8.12288,2,110,80,0.0772033,0.0788473,0.895725,0.213904,2.01931,2.27277,2.56512
triangle,3,lqi-literal,1,10,11.3391,6,83,107,0.0788473,0.0788473,0.979334,0.354225,3.13483,3.10289,3.61009
triangle,3,lqi-literal,1,11,9.46679,6,89,101,0.0772033,0.0799433,0.98317,0.266522,2.41961,2.76151,2.87883
triangle,3,lqi-literal,1,12,9.29804,4,102,88,0.0793953,0.0788473,1.06294,0.245853,2.44343,2.48353,2.90404
triangle,3,lqi-literal,1,13,9.63524,8,99,91,0.0777513,0.0772033,1.09992,0.325271,2.53273,2.65685,2.86551
triangle,3,lqi-literal,1,14,6.37813,4,116,74,0.0772033,0.0777513,0.923594,0.204079,1.66212,1.62819,1.80519
triangle,3,lqi-literal,1,15,7.73354,9,110,80,0.0766553,0.0755593,1.03035,0.386012,2.00174,2.02231,2.14092
triangle,3,lqi-literal,1,16,9.10751,4,104,86,0.0772033,0.0788473,0.917227,0.211921,2.47842,2.44472,2.89917
triangle,3,lqi-literal,1,17,10.2027,0,82,108,0.0793953,0.0766553,0.734912,0.182296,2.61998,2.98093,3.52848
triangle,3,lqi-literal,1,18,9.38137,7,97,93,0.0782993,0.0782993,1.03617,0.328646,2.52785,2.58372,2.74838
triangle,3,lqi-literal,1,19,9.63256,4,91,99,0.0788473,0.0782993,1.00286,0.269082,2.59205,2.6644,2.94702
