layout,envFactor,metric,interference,run,totalEnergyMWs,pingTimeouts,pingNoRoute,pingSent,energy_netScan,energy_connect,energy_pathDiscovery,energy_pathDiscoveryReply,energy_ping,energy_pingReply,energy_ack
around,2,hopcount,0,0,7.76477,0,0,190,0.259139,0.257495,4.87323,0.0876165,0.654251,0.887953,0.745086
around,2,hopcount,0,1,7.68413,0,0,190,0.257495,0.257495,4.87378,0.0824449,0.681471,0.817426,0.71402
around,2,hopcount,0,2,7.41027,0,0,190,0.254207,0.260235,4.87871,0.0761073,0.584697,0.747147,0.609168
around,2,hopcount,0,3,7.50432,0,0,190,0.255851,0.255303,4.86665,0.0795649,0.622762,0.790777,0.633412
around,2,hopcount,0,4,7.50496,0,0,190,0.251467,0.258043,4.87213,0.0852845,0.647132,0.738083,0.652821
around,2,hopcount,0,5,7.5504,0,0,190,0.259687,0.259139,4.8683,0.0772732,0.599413,0.819052,0.667536
around,2,hopcount,0,6,7.52072,0,0,190,0.255851,0.259687,4.87323,0.0841186,0.64541,0.76166,0.640765
around,2,hopcount,0,7,7.85679,0,0,190,0.258043,0.257495,4.86939,0.0899081,0.758493,0.81581,0.807649
around,2,hopcount,0,8,7.38755,0,0,190,0.258043,0.252015,4.86172,0.0801129,0.59151,0.734181,0.609966
around,2,hopcount,0,9,7.45122,0,0,190,0.256399,0.254207,4.88364,0.0835706,0.598495,0.761118,0.613791
around,2,hopcount,0,10,7.55641,0,0,190,0.259687,0.256947,4.86665,0.0812789,0.622881,0.799683,0.669277
around,2,hopcount,0,11,7.54348,0,0,190,0.255851,0.255851,4.85789,0.0847365,0.627921,0.793399,0.667839
around,2,hopcount,0,12,7.70777,0,0,190,0.256947,0.257495,4.86885,0.0818969,0.66054,0.861402,0.720642
around,2,hopcount,0,13,7.35302,0,0,190,0.257495,0.254755,4.85679,0.0761073,0.573151,0.732833,0.601885
around,2,hopcount,0,14,7.48531,0,0,190,0.254755,0.259687,4.86391,0.0841885,0.658041,0.721151,0.643574
around,2,hopcount,0,15,7.42159,0,0,190,0.258043,0.255851,4.87323,0.0761073,0.59607,0.748495,0.613791
around,2,hopcount,0,16,7.42894,0,0,190,0.254755,0.256947,4.85515,0.0835706,0.597147,0.761217,0.620159
around,2,hopcount,0,17,7.4026,0,0,190,0.258591,0.253659,4.87926,0.0875762,0.616854,0.698984,0.607674
around,2,hopcount,0,18,7.61667,0,0,190,0.258043,0.251467,4.87433,0.0772732,0.649683,0.819951,0.685928
around,2,hopcount,0,19,7.76127,0,0,190,0.255851,0.260783,4.86446,0.0899081,0.695703,0.851048,0.743516
around,2,lqi,0,0,7.76477,0,0,190,0.259139,0.257495,4.87323,0.0876165,0.654251,0.887953,0.745086
around,2,lqi,0,1,7.68413,0,0,190,0.257495,0.257495,4.87378,0.0824449,0.681471,0.817426,0.71402
around,2,lqi,0,2,7.41027,0,0,190,0.254207,0.260235,4.87871,0.0761073,0.584697,0.747147,0.609168
around,2,lqi,0,3,7.50432,0,0,190,0.255851,0.255303,4.86665,0.0795649,0.622762,0.790777,0.633412
around,2,lqi,0,4,7.50496,0,0,190,0.251467,0.258043,4.87213,0.0852845,0.647132,0.738083,0.652821
around,2,lqi,0,5,7.5504,0,0,190,0.259687,0.259139,4.8683,0.0772732,0.599413,0.819052,0.667536
around,2,lqi,0,6,7.52072,0,0,190,0.255851,0.259687,4.87323,0.0841186,0.64541,0.76166,0.640765
around,2,lqi,0,7,7.85679,0,0,190,0.258043,0.257495,4.86939,0.0899081,0.758493,0.81581,0.807649
around,2,lqi,0,8,7.38755,0,0,190,0.258043,0.252015,4.86172,0.0801129,0.59151,0.734181,0.609966
around,2,lqi,0,9,7.45122,0,0,190,0.256399,0.254207,4.88364,0.0835706,0.598495,0.761118,0.613791
around,2,lqi,0,10,7.55641,0,0,190,0.259687,0.256947,4.86665,0.0812789,0.622881,0.799683,0.669277
around,2,lqi,0,11,7.54348,0,0,190,0.255851,0.255851,4.85789,0.0847365,0.627921,0.793399,0.667839
around,2,lqi,0,12,7.70777,0,0,190,0.256947,0.257495,4.86885,0.0818969,0.66054,0.861402,0.720642
around,2,lqi,0,13,7.35302,0,0,190,0.257495,0.254755,4.85679,0.0761073,0.573151,0.732833,0.601885
around,2,lqi,0,14,7.48531,0,0,190,0.254755,0.259687,4.86391,0.0841885,0.658041,0.721151,0.643574
around,2,lqi,0,15,7.42159,0,0,190,0.258043,0.255851,4.87323,0.0761073,0.59607,0.748495,0.613791
around,2,lqi,0,16,7.42894,0,0,190,0.254755,0.256947,4.85515,0.0835706,0.597147,0.761217,0.620159
around,2,lqi,0,17,7.4026,0,0,190,0.258591,0.253659,4.87926,0.0875762,0.616854,0.698984,0.607674
around,2,lqi,0,18,7.61667,0,0,190,0.258043,0.251467,4.87433,0.0772732,0.649683,0.819951,0.685928
around,2,lqi,0,19,7.76127,0,0,190,0.255851,0.260783,4.86446,0.0899081,0.695703,0.851048,0.743516
around,2,leo,0,0,7.76477,0,0,190,0.259139,0.257495,4.87323,0.0876165,0.654251,0.887953,0.745086
around,2,leo,0,1,7.68413,0,0,190,0.257495,0.257495,4.87378,0.0824449,0.681471,0.817426,0.71402
around,2,leo,0,2,7.41027,0,0,190,0.254207,0.260235,4.87871,0.0761073,0.584697,0.747147,0.609168
around,2,leo,0,3,7.50432,0,0,190,0.255851,0.255303,4.86665,0.0795649,0.622762,0.790777,0.633412
around,2,leo,0,4,7.50496,0,0,190,0.251467,0.258043,4.87213,0.0852845,0.647132,0.738083,0.652821
around,2,leo,0,5,7.5504,0,0,190,0.259687,0.259139,4.8683,0.0772732,0.599413,0.819052,0.667536
around,2,leo,0,6,7.52072,0,0,190,0.255851,0.259687,4.87323,0.0841186,0.64541,0.76166,0.640765
around,2,leo,0,7,7.8715,0,0,190,0.258043,0.257495,4.86939,0.0899081,0.761486,0.822437,0.812738
around,2,leo,0,8,7.38755,0,0,190,0.258043,0.252015,4.86172,0.0801129,0.59151,0.734181,0.609966
around,2,leo,0,9,7.45122,0,0,190,0.256399,0.254207,4.88364,0.0835706,0.598495,0.761118,0.613791
around,2,leo,0,10,7.55641,0,0,190,0.259687,0.256947,4.86665,0.0812789,0.622881,0.799683,0.669277
around,2,leo,0,11,7.54348,0,0,190,0.255851,0.255851,4.85789,0.0847365,0.627921,0.793399,0.667839
around,2,leo,0,12,7.70777,0,0,190,0.256947,0.257495,4.86885,0.0818969,0.66054,0.861402,0.720642
around,2,leo,0,13,7.35302,0,0,190,0.257495,0.254755,4.85679,0.0761073,0.573151,0.732833,0.601885
around,2,leo,0,14,7.48531,0,0,190,0.254755,0.259687,4.86391,0.0841885,0.658041,0.721151,0.643574
around,2,leo,0,15,7.42159,0,0,190,0.258043,0.255851,4.87323,0.0761073,0.59607,0.748495,0.613791
around,2,leo,0,16,7.42894,0,0,190,0.254755,0.256947,4.85515,0.0835706,0.597147,0.761217,0.620159
around,2,leo,0,17,7.4026,0,0,190,0.258591,0.253659,4.87926,0.0875762,0.616854,0.698984,0.607674
around,2,leo,0,18,7.61667,0,0,190,0.258043,0.251467,4.87433,0.0772732,0.649683,0.819951,0.685928
around,2,leo,0,19,7.76127,0,0,190,0.255851,0.260783,4.86446,0.0899081,0.695703,0.851048,0.743516
around,2,lqi-literal,0,0,7.76477,0,0,190,0.259139,0.257495,4.87323,0.0876165,0.654251,0.887953,0.745086
around,2,lqi-literal,0,1,7.68413,0,0,190,0.257495,0.257495,4.87378,0.0824449,0.681471,0.817426,0.71402
around,2,lqi-literal,0,2,7.41027,0,0,190,0.254207,0.260235,4.87871,0.0761073,0.584697,0.747147,0.609168
around,2,lqi-literal,0,3,7.50432,0,0,190,0.255851,0.255303,4.86665,0.0795649,0.622762,0.790777,0.633412
around,2,lqi-literal,0,4,7.50496,0,0,190,0.251467,0.258043,4.87213,0.0852845,0.647132,0.738083,0.652821
around,2,lqi-literal,0,5,7.5504,0,0,190,0.259687,0.259139,4.8683,0.0772732,0.599413,0.819052,0.667536
around,2,lqi-literal,0,6,7.52072,0,0,190,0.255851,0.259687,4.87323,0.0841186,0.64541,0.76166,0.640765
around,2,lqi-literal,0,7,7.85679,0,0,190,0.258043,0.257495,4.86939,0.0899081,0.758493,0.81581,0.807649
around,2,lqi-literal,0,8,7.38755,0,0,190,0.258043,0.252015,4.86172,0.0801129,0.59151,0.734181,0.609966
around,2,lqi-literal,0,9,7.45122,0,0,190,0.256399,0.254207,4.88364,0.0835706,0.598495,0.761118,0.613791
around,2,lqi-literal,0,10,7.55641,0,0,190,0.259687,0.256947,4.86665,0.0812789,0.622881,0.799683,0.669277
around,2,lqi-literal,0,11,7.54348,0,0,190,0.255851,0.255851,4.85789,0.0847365,0.627921,0.793399,0.667839
around,2,lqi-literal,0,12,7.70777,0,0,190,0.256947,0.257495,4.86885,0.0818969,0.66054,0.861402,0.720642
around,2,lqi-literal,0,13,7.35302,0,0,190,0.257495,0.254755,4.85679,0.0761073,0.573151,0.732833,0.601885
around,2,lqi-literal,0,14,7.48531,0,0,190,0.254755,0.259687,4.86391,0.0841885,0.658041,0.721151,0.643574
around,2,lqi-literal,0,15,7.42159,0,0,190,0.258043,0.255851,4.87323,0.0761073,0.59607,0.748495,0.613791
around,2,lqi-literal,0,16,7.42894,0,0,190,0.254755,0.256947,4.85515,0.0835706,0.597147,0.761217,0.620159
around,2,lqi-literal,0,17,7.4026,0,0,190,0.258591,0.253659,4.87926,0.0875762,0.616854,0.698984,0.607674
around,2,lqi-literal,0,18,7.61667,0,0,190,0.258043,0.251467,4.87433,0.0772732,0.649683,0.819951,0.685928
around,2,lqi-literal,0,19,7.76127,0,0,190,0.255851,0.260783,4.86446,0.0899081,0.695703,0.851048,0.743516
around,2.25,hopcount,0,0,8.60571,0,0,190,0.255303,0.255851,4.82391,0.0963263,0.99682,1.1659,1.0116
around,2.25,hopcount,0,1,8.45153,0,0,190,0.253659,0.253111,4.82281,0.0876469,0.986446,1.08897,0.958884
around,2.25,hopcount,0,2,8.24334,0,0,190,0.253111,0.256947,4.82007,0.0778714,0.870491,1.0818,0.883051
around,2.25,hopcount,0,3,8.20648,0,0,190,0.252563,0.254755,4.81788,0.0795649,0.905279,1.04828,0.848159
around,2.25,hopcount,0,4,8.20846,0,0,190,0.247631,0.256947,4.83761,0.0853347,0.911742,1.00052,0.868676
around,2.25,hopcount,0,5,8.31476,0,0,190,0.258591,0.256947,4.82007,0.0778714,0.896787,1.0906,0.913893
around,2.25,hopcount,0,6,8.34533,0,0,190,0.253111,0.258043,4.83103,0.0841186,0.982236,1.05978,0.877012
around,2.25,hopcount,0,7,8.62624,0,0,190,0.255851,0.253111,4.83816,0.0911045,1.04545,1.09424,1.04832
around,2.25,hopcount,0,8,8.11805,0,0,190,0.254755,0.249275,4.82117,0.0801129,0.886451,0.994551,0.83173
around,2.25,hopcount,0,9,8.17653,0,0,190,0.253111,0.252015,4.84912,0.0875762,0.872258,1.03239,0.830061
around,2.25,hopcount,0,10,8.33773,0,0,190,0.257495,0.255851,4.82555,0.0818771,0.918076,1.08541,0.913473
around,2.25,hopcount,0,11,8.32964,0,0,190,0.251467,0.250919,4.82172,0.0893404,0.940815,1.06918,0.906201
around,2.25,hopcount,0,12,8.57967,0,0,190,0.252015,0.254755,4.83103,0.0870989,0.979787,1.17889,0.99609
around,2.25,hopcount,0,13,8.0547,0,0,190,0.254207,0.253111,4.81185,0.0761073,0.852725,0.988864,0.817829
around,2.25,hopcount,0,14,8.21026,0,0,190,0.254207,0.255851,4.83158,0.0847867,0.940884,0.98023,0.862716
around,2.25,hopcount,0,15,8.34503,0,0,190,0.254207,0.254755,4.83158,0.0818771,0.922691,1.08955,0.910365
around,2.25,hopcount,0,16,8.18624,0,0,190,0.253659,0.254755,4.81295,0.0864802,0.899122,1.03708,0.842199
around,2.25,hopcount,0,17,8.13311,0,0,190,0.254755,0.252563,4.84254,0.0875762,0.904809,0.960826,0.830036
around,2.25,hopcount,0,18,8.39901,0,0,190,0.252563,0.250919,4.83103,0.0778714,0.946509,1.10839,0.93173
around,2.25,hopcount,0,19,8.63012,0,0,190,0.252015,0.259687,4.81185,0.0911045,0.954592,1.24924,1.01162
around,2.25,lqi,0,0,8.60571,0,0,190,0.255303,0.255851,4.82391,0.0963263,0.99682,1.1659,1.0116
around,2.25,lqi,0,1,8.45153,0,0,190,0.253659,0.253111,4.82281,0.0876469,0.986446,1.08897,0.958884
around,2.25,lqi,0,2,8.24334,0,0,190,0.253111,0.256947,4.82007,0.0778714,0.870491,1.0818,0.883051
around,2.25,lqi,0,3,8.20648,0,0,190,0.252563,0.254755,4.81788,0.0795649,0.905279,1.04828,0.848159
around,2.25,lqi,0,4,8.20846,0,0,190,0.247631,0.256947,4.83761,0.0853347,0.911742,1.00052,0.868676
around,2.25,lqi,0,5,8.31476,0,0,190,0.258591,0.256947,4.82007,0.0778714,0.896787,1.0906,0.913893
around,2.25,lqi,0,6,8.34533,0,0,190,0.253111,0.258043,4.83103,0.0841186,0.982236,1.05978,0.877012
around,2.25,lqi,0,7,8.62624,0,0,190,0.255851,0.253111,4.83816,0.0911045,1.04545,1.09424,1.04832
around,2.25,lqi,0,8,8.11805,0,0,190,0.254755,0.249275,4.82117,0.0801129,0.886451,0.994551,0.83173
around,2.25,lqi,0,9,8.17653,0,0,190,0.253111,0.252015,4.84912,0.0875762,0.872258,1.03239,0.830061
around,2.25,lqi,0,10,8.33773,0,0,190,0.257495,0.255851,4.82555,0.0818771,0.918076,1.08541,0.913473
around,2.25,lqi,0,11,8.32964,0,0,190,0.251467,0.250919,4.82172,0.0893404,0.940815,1.06918,0.906201
around,2.25,lqi,0,12,8.57967,0,0,190,0.252015,0.254755,4.83103,0.0870989,0.979787,1.17889,0.99609
around,2.25,lqi,0,13,8.0547,0,0,190,0.254207,0.253111,4.81185,0.0761073,0.852725,0.988864,0.817829
around,2.25,lqi,0,14,8.21026,0,0,190,0.254207,0.255851,4.83158,0.0847867,0.940884,0.98023,0.862716
around,2.25,lqi,0,15,8.34503,0,0,190,0.254207,0.254755,4.83158,0.0818771,0.922691,1.08955,0.910365
around,2.25,lqi,0,16,8.18624,0,0,190,0.253659,0.254755,4.81295,0.0864802,0.899122,1.03708,0.842199
around,2.25,lqi,0,17,8.13311,0,0,190,0.254755,0.252563,4.84254,0.0875762,0.904809,0.960826,0.830036
around,2.25,lqi,0,18,8.39901,0,0,190,0.252563,0.250919,4.83103,0.0778714,0.946509,1.10839,0.93173
around,2.25,lqi,0,19,8.63012,0,0,190,0.252015,0.259687,4.81185,0.0911045,0.954592,1.24924,1.01162
around,2.25,leo,0,0,8.60571,0,0,190,0.255303,0.255851,4.82391,0.0963263,0.99682,1.1659,1.0116
around,2.25,leo,0,1,8.52296,0,0,190,0.253659,0.253111,4.83668,0.0911045,0.980636,1.14291,0.964861
around,2.25,leo,0,2,8.24334,0,0,190,0.253111,0.256947,4.82007,0.0778714,0.870491,1.0818,0.883051
around,2.25,leo,0,3,8.20648,0,0,190,0.252563,0.254755,4.81788,0.0795649,0.905279,1.04828,0.848159
around,2.25,leo,0,4,8.20846,0,0,190,0.247631,0.256947,4.83761,0.0853347,0.911742,1.00052,0.868676
around,2.25,leo,0,5,8.31476,0,0,190,0.258591,0.256947,4.82007,0.0778714,0.896787,1.0906,0.913893
around,2.25,leo,0,6,8.34533,0,0,190,0.253111,0.258043,4.83103,0.0841186,0.982236,1.05978,0.877012
around,2.25,leo,0,7,8.6571,0,0,190,0.255851,0.253111,4.83816,0.0911045,1.05173,1.10814,1.059
around,2.25,leo,0,8,8.11805,0,0,190,0.254755,0.249275,4.82117,0.0801129,0.886451,0.994551,0.83173
around,2.25,leo,0,9,8.17653,0,0,190,0.253111,0.252015,4.84912,0.0875762,0.872258,1.03239,0.830061
around,2.25,leo,0,10,8.33773,0,0,190,0.257495,0.255851,4.82555,0.0818771,0.918076,1.08541,0.913473
around,2.25,leo,0,11,8.32964,0,0,190,0.251467,0.250919,4.82172,0.0893404,0.940815,1.06918,0.906201
around,2.25,leo,0,12,8.57967,0,0,190,0.252015,0.254755,4.83103,0.0870989,0.979787,1.17889,0.99609
around,2.25,leo,0,13,8.0547,0,0,190,0.254207,0.253111,4.81185,0.0761073,0.852725,0.988864,0.817829
around,2.25,leo,0,14,8.21026,0,0,190,0.254207,0.255851,4.83158,0.0847867,0.940884,0.98023,0.862716
around,2.25,leo,0,15,8.34503,0,0,190,0.254207,0.254755,4.83158,0.0818771,0.922691,1.08955,0.910365
around,2.25,leo,0,16,8.18624,0,0,190,0.253659,0.254755,4.81295,0.0864802,0.899122,1.03708,0.842199
around,2.25,leo,0,17,8.13311,0,0,190,0.254755,0.252563,4.84254,0.0875762,0.904809,0.960826,0.830036
around,2.25,leo,0,18,8.39901,0,0,190,0.252563,0.250919,4.83103,0.0778714,0.946509,1.10839,0.93173
around,2.25,leo,0,19,8.63012,0,0,190,0.252015,0.259687,4.81185,0.0911045,0.954592,1.24924,1.01162
around,2.25,lqi-literal,0,0,8.60571,0,0,190,0.255303,0.255851,4.82391,0.0963263,0.99682,1.1659,1.0116
around,2.25,lqi-literal,0,1,8.45153,0,0,190,0.253659,0.253111,4.82281,0.0876469,0.986446,1.08897,0.958884
around,2.25,lqi-literal,0,2,8.24334,0,0,190,0.253111,0.256947,4.82007,0.0778714,0.870491,1.0818,0.883051
around,2.25,lqi-literal,0,3,8.20648,0,0,190,0.252563,0.254755,4.81788,0.0795649,0.905279,1.04828,0.848159
around,2.25,lqi-literal,0,4,8.20846,0,0,190,0.247631,0.256947,4.83761,0.0853347,0.911742,1.00052,0.868676
around,2.25,lqi-literal,0,5,8.31476,0,0,190,0.258591,0.256947,4.82007,0.0778714,0.896787,1.0906,0.913893
around,2.25,lqi-literal,0,6,8.34533,0,0,190,0.253111,0.258043,4.83103,0.0841186,0.982236,1.05978,0.877012
around,2.25,lqi-literal,0,7,8.62624,0,0,190,0.255851,0.253111,4.83816,0.0911045,1.04545,1.09424,1.04832
around,2.25,lqi-literal,0,8,8.11805,0,0,190,0.254755,0.249275,4.82117,0.0801129,0.886451,0.994551,0.83173
around,2.25,lqi-literal,0,9,8.17653,0,0,190,0.253111,0.252015,4.84912,0.0875762,0.872258,1.03239,0.830061
around,2.25,lqi-literal,0,10,8.33773,0,0,190,0.257495,0.255851,4.82555,0.0818771,0.918076,1.08541,0.913473
around,2.25,lqi-literal,0,11,8.32964,0,0,190,0.251467,0.250919,4.82172,0.0893404,0.940815,1.06918,0.906201
around,2.25,lqi-literal,0,12,8.57967,0,0,190,0.252015,0.254755,4.83103,0.0870989,0.979787,1.17889,0.99609
around,2.25,lqi-literal,0,13,8.0547,0,0,190,0.254207,0.253111,4.81185,0.0761073,0.852725,0.988864,0.817829
around,2.25,lqi-literal,0,14,8.21026,0,0,190,0.254207,0.255851,4.83158,0.0847867,0.940884,0.98023,0.862716
around,2.25,lqi-literal,0,15,8.34503,0,0,190,0.254207,0.254755,4.83158,0.0818771,0.922691,1.08955,0.910365
around,2.25,lqi-literal,0,16,8.18624,0,0,190,0.253659,0.254755,4.81295,0.0864802,0.899122,1.03708,0.842199
around,2.25,lqi-literal,0,17,8.13311,0,0,190,0.254755,0.252563,4.84254,0.0875762,0.904809,0.960826,0.830036
around,2.25,lqi-literal,0,18,8.39901,0,0,190,0.252563,0.250919,4.83103,0.0778714,0.946509,1.10839,0.93173
around,2.25,lqi-literal,0,19,8.63012,0,0,190,0.252015,0.259687,4.81185,0.0911045,0.954592,1.24924,1.01162
around,2.5,hopcount,0,0,9.78525,0,0,190,0.247631,0.250919,4.72801,0.08199,1.51386,1.58017,1.38267
around,2.5,hopcount,0,1,9.58423,0,0,190,0.249823,0.249823,4.74883,0.0761073,1.46523,1.52494,1.26946
around,2.5,hopcount,0,2,9.44926,0,0,190,0.250919,0.250371,4.73239,0.0761073,1.42774,1.47691,1.23481
around,2.5,hopcount,0,3,9.55651,0,0,190,0.249275,0.247083,4.71924,0.0761073,1.45865,1.54122,1.26493
around,2.5,hopcount,0,4,9.52571,0,0,190,0.245439,0.252015,4.74774,0.0830543,1.43835,1.47923,1.27987
around,2.5,hopcount,0,5,9.49344,0,0,190,0.254207,0.249275,4.72527,0.0761073,1.44553,1.49011,1.25294
around,2.5,hopcount,0,6,9.60805,0,0,190,0.248179,0.252563,4.73459,0.0795649,1.46977,1.555,1.26839
around,2.5,hopcount,0,7,9.90973,0,0,190,0.252015,0.248727,4.73842,0.0859957,1.54992,1.61981,1.41484
around,2.5,hopcount,0,8,9.43596,0,0,190,0.249823,0.243795,4.7176,0.0761073,1.42128,1.48161,1.24575
around,2.5,hopcount,0,9,9.46582,0,0,190,0.250919,0.247631,4.74445,0.0801129,1.40419,1.5037,1.23481
around,2.5,hopcount,0,10,9.5096,0,0,190,0.249275,0.249823,4.74226,0.0761073,1.4147,1.53064,1.2468
around,2.5,hopcount,0,11,9.73902,0,0,190,0.248727,0.248727,4.72691,0.0865119,1.48236,1.59489,1.35089
around,2.5,hopcount,0,12,9.76749,0,0,190,0.247631,0.247631,4.73349,0.0859639,1.51057,1.5905,1.35171
around,2.5,hopcount,0,13,9.43071,0,0,190,0.249275,0.248179,4.71869,0.0761073,1.40292,1.49273,1.2428
around,2.5,hopcount,0,14,9.52778,0,0,190,0.248727,0.253659,4.72472,0.0830226,1.45203,1.51109,1.25452
around,2.5,hopcount,0,15,9.47415,0,0,190,0.248179,0.251467,4.7302,0.0761073,1.4232,1.50378,1.24121
around,2.5,hopcount,0,16,9.48561,0,0,190,0.249275,0.252015,4.71376,0.0795649,1.4127,1.53072,1.24758
around,2.5,hopcount,0,17,9.46419,0,0,190,0.252015,0.248179,4.74226,0.0875762,1.43241,1.45601,1.24575
around,2.5,hopcount,0,18,9.80735,0,0,190,0.250919,0.248727,4.72527,0.0830543,1.48211,1.64827,1.36899
around,2.5,hopcount,0,19,9.82697,0,0,190,0.249275,0.254755,4.71705,0.088389,1.50941,1.6375,1.37059
around,2.5,lqi,0,0,9.78525,0,0,190,0.247631,0.250919,4.72801,0.08199,1.51386,1.58017,1.38267
around,2.5,lqi,0,1,9.58423,0,0,190,0.249823,0.249823,4.74883,0.0761073,1.46523,1.52494,1.26946
around,2.5,lqi,0,2,9.44926,0,0,190,0.250919,0.250371,4.73239,0.0761073,1.42774,1.47691,1.23481
around,2.5,lqi,0,3,9.55651,0,0,190,0.249275,0.247083,4.71924,0.0761073,1.45865,1.54122,1.26493
around,2.5,lqi,0,4,9.52571,0,0,190,0.245439,0.252015,4.74774,0.0830543,1.43835,1.47923,1.27987
around,2.5,lqi,0,5,9.49344,0,0,190,0.254207,0.249275,4.72527,0.0761073,1.44553,1.49011,1.25294
around,2.5,lqi,0,6,9.60805,0,0,190,0.248179,0.252563,4.73459,0.0795649,1.46977,1.555,1.26839
around,2.5,lqi,0,7,9.90973,0,0,190,0.252015,0.248727,4.73842,0.0859957,1.54992,1.61981,1.41484
around,2.5,lqi,0,8,9.43596,0,0,190,0.249823,0.243795,4.7176,0.0761073,1.42128,1.48161,1.24575
around,2.5,lqi,0,9,9.46582,0,0,190,0.250919,0.247631,4.74445,0.0801129,1.40419,1.5037,1.23481
around,2.5,lqi,0,10,9.5096,0,0,190,0.249275,0.249823,4.74226,0.0761073,1.4147,1.53064,1.2468
around,2.5,lqi,0,11,9.73902,0,0,190,0.248727,0.248727,4.72691,0.0865119,1.48236,1.59489,1.35089
around,2.5,lqi,0,12,9.76254,0,0,190,0.247631,0.247631,4.73349,0.0825063,1.49933,1.60213,1.34983
around,2.5,lqi,0,13,9.43071,0,0,190,0.249275,0.248179,4.71869,0.0761073,1.40292,1.49273,1.2428
around,2.5,lqi,0,14,9.52778,0,0,190,0.248727,0.253659,4.72472,0.0830226,1.45203,1.51109,1.25452
around,2.5,lqi,0,15,9.47415,0,0,190,0.248179,0.251467,4.7302,0.0761073,1.4232,1.50378,1.24121
around,2.5,lqi,0,16,9.48561,0,0,190,0.249275,0.252015,4.71376,0.0795649,1.4127,1.53072,1.24758
around,2.5,lqi,0,17,9.46419,0,0,190,0.252015,0.248179,4.74226,0.0875762,1.43241,1.45601,1.24575
around,2.5,lqi,0,18,9.80735,0,0,190,0.250919,0.248727,4.72527,0.0830543,1.48211,1.64827,1.36899
around,2.5,lqi,0,19,9.82697,0,0,190,0.249275,0.254755,4.71705,0.088389,1.50941,1.6375,1.37059
around,2.5,leo,0,0,9.78525,0,0,190,0.247631,0.250919,4.72801,0.08199,1.51386,1.58017,1.38267
around,2.5,leo,0,1,9.58423,0,0,190,0.249823,0.249823,4.74883,0.0761073,1.46523,1.52494,1.26946
around,2.5,leo,0,2,9.44926,0,0,190,0.250919,0.250371,4.73239,0.0761073,1.42774,1.47691,1.23481
around,2.5,leo,0,3,9.55651,0,0,190,0.249275,0.247083,4.71924,0.0761073,1.45865,1.54122,1.26493
around,2.5,leo,0,4,9.52571,0,0,190,0.245439,0.252015,4.74774,0.0830543,1.43835,1.47923,1.27987
around,2.5,leo,0,5,9.49344,0,0,190,0.254207,0.249275,4.72527,0.0761073,1.44553,1.49011,1.25294
around,2.5,leo,0,6,9.60805,0,0,190,0.248179,0.252563,4.73459,0.0795649,1.46977,1.555,1.26839
around,2.5,leo,0,7,9.90973,0,0,190,0.252015,0.248727,4.73842,0.0859957,1.54992,1.61981,1.41484
around,2.5,leo,0,8,9.43596,0,0,190,0.249823,0.243795,4.7176,0.0761073,1.42128,1.48161,1.24575
around,2.5,leo,0,9,9.46582,0,0,190,0.250919,0.247631,4.74445,0.0801129,1.40419,1.5037,1.23481
around,2.5,leo,0,10,9.5096,0,0,190,0.249275,0.249823,4.74226,0.0761073,1.4147,1.53064,1.2468
around,2.5,leo,0,11,9.73902,0,0,190,0.248727,0.248727,4.72691,0.0865119,1.48236,1.59489,1.35089
around,2.5,leo,0,12,9.76749,0,0,190,0.247631,0.247631,4.73349,0.0859639,1.51057,1.5905,1.35171
around,2.5,leo,0,13,9.43071,0,0,190,0.249275,0.248179,4.71869,0.0761073,1.40292,1.49273,1.2428
around,2.5,leo,0,14,9.52778,0,0,190,0.248727,0.253659,4.72472,0.0830226,1.45203,1.51109,1.25452
around,2.5,leo,0,15,9.47415,0,0,190,0.248179,0.251467,4.7302,0.0761073,1.4232,1.50378,1.24121
around,2.5,leo,0,16,9.48561,0,0,190,0.249275,0.252015,4.71376,0.0795649,1.4127,1.53072,1.24758
around,2.5,leo,0,17,9.46419,0,0,190,0.252015,0.248179,4.74226,0.0875762,1.43241,1.45601,1.24575
around,2.5,leo,0,18,9.80735,0,0,190,0.250919,0.248727,4.72527,0.0830543,1.48211,1.64827,1.36899
around,2.5,leo,0,19,9.82697,0,0,190,0.249275,0.254755,4.71705,0.088389,1.50941,1.6375,1.37059
around,2.5,lqi-literal,0,0,9.78525,0,0,190,0.247631,0.250919,4.72801,0.08199,1.51386,1.58017,1.38267
around,2.5,lqi-literal,0,1,9.58423,0,0,190,0.249823,0.249823,4.74883,0.0761073,1.46523,1.52494,1.26946
around,2.5,lqi-literal,0,2,9.44926,0,0,190,0.250919,0.250371,4.73239,0.0761073,1.42774,1.47691,1.23481
around,2.5,lqi-literal,0,3,9.55651,0,0,190,0.249275,0.247083,4.71924,0.0761073,1.45865,1.54122,1.26493
around,2.5,lqi-literal,0,4,9.52571,0,0,190,0.245439,0.252015,4.74774,0.0830543,1.43835,1.47923,1.27987
around,2.5,lqi-literal,0,5,9.49344,0,0,190,0.254207,0.249275,4.72527,0.0761073,1.44553,1.49011,1.25294
around,2.5,lqi-literal,0,6,9.60805,0,0,190,0.248179,0.252563,4.73459,0.0795649,1.46977,1.555,1.26839
around,2.5,lqi-literal,0,7,9.90973,0,0,190,0.252015,0.248727,4.73842,0.0859957,1.54992,1.61981,1.41484
around,2.5,lqi-literal,0,8,9.43596,0,0,190,0.249823,0.243795,4.7176,0.0761073,1.42128,1.48161,1.24575
around,2.5,lqi-literal,0,9,9.46582,0,0,190,0.250919,0.247631,4.74445,0.0801129,1.40419,1.5037,1.23481
around,2.5,lqi-literal,0,10,9.5096,0,0,190,0.249275,0.249823,4.74226,0.0761073,1.4147,1.53064,1.2468
around,2.5,lqi-literal,0,11,9.73902,0,0,190,0.248727,0.248727,4.72691,0.0865119,1.48236,1.59489,1.35089
around,2.5,lqi-literal,0,12,9.76749,0,0,190,0.247631,0.247631,4.73349,0.0859639,1.51057,1.5905,1.35171
around,2.5,lqi-literal,0,13,9.43071,0,0,190,0.249275,0.248179,4.71869,0.0761073,1.40292,1.49273,1.2428
around,2.5,lqi-literal,0,14,9.52778,0,0,190,0.248727,0.253659,4.72472,0.0830226,1.45203,1.51109,1.25452
around,2.5,lqi-literal,0,15,9.47415,0,0,190,0.248179,0.251467,4.7302,0.0761073,1.4232,1.50378,1.24121
around,2.5,lqi-literal,0,16,9.48561,0,0,190,0.249275,0.252015,4.71376,0.0795649,1.4127,1.53072,1.24758
around,2.5,lqi-literal,0,17,9.46419,0,0,190,0.252015,0.248179,4.74226,0.0875762,1.43241,1.45601,1.24575
around,2.5,lqi-literal,0,18,9.80735,0,0,190,0.250919,0.248727,4.72527,0.0830543,1.48211,1.64827,1.36899
around,2.5,lqi-literal,0,19,9.82697,0,0,190,0.249275,0.254755,4.71705,0.088389,1.50941,1.6375,1.37059
around,2.625,hopcount,0,0,10.7545,0,0,190,0.238315,0.241603,4.54881,0.0800128,1.94418,2.00337,1.69823
around,2.625,hopcount,0,1,10.6065,0,0,190,0.243247,0.239959,4.56854,0.0841186,1.90838,1.94224,1.61997
around,2.625,hopcount,0,2,10.4517,0,0,190,0.243247,0.238863,4.54607,0.0761073,1.88548,1.88485,1.57709
around,2.625,hopcount,0,3,10.5662,0,0,190,0.242699,0.242699,4.54662,0.0761073,1.90654,1.94879,1.60274
around,2.625,hopcount,0,4,10.5744,0,0,190,0.237219,0.243795,4.58827,0.0800128,1.90952,1.88237,1.63321
around,2.625,hopcount,0,5,10.4887,0,0,190,0.245987,0.242151,4.54827,0.0761073,1.88892,1.89555,1.59172
around,2.625,hopcount,0,6,10.6218,0,0,190,0.236123,0.244891,4.55758,0.0761073,1.94191,1.95803,1.60714
around,2.625,hopcount,0,7,10.8973,0,0,190,0.243247,0.237767,4.54827,0.087924,2.00083,2.03405,1.74524
around,2.625,hopcount,0,8,10.4715,0,0,190,0.243795,0.235027,4.5532,0.0761073,1.87191,1.89666,1.59477
around,2.625,hopcount,0,9,10.4581,0,0,190,0.241055,0.237767,4.56416,0.0801129,1.85245,1.9021,1.58045
around,2.625,hopcount,0,10,10.5273,0,0,190,0.241603,0.243247,4.56964,0.0761073,1.87007,1.93857,1.58811
around,2.625,hopcount,0,11,10.7386,0,0,190,0.238315,0.240507,4.54881,0.0874761,1.93298,1.9935,1.69703
around,2.625,hopcount,0,12,10.7828,0,0,190,0.236671,0.239411,4.5532,0.0869281,1.9481,2.01817,1.70029
around,2.625,hopcount,0,13,10.4627,0,0,190,0.236671,0.239411,4.5395,0.0801129,1.86365,1.90516,1.59823
around,2.625,hopcount,0,14,10.5456,0,0,190,0.242699,0.243795,4.54991,0.0761073,1.91554,1.91501,1.60254
around,2.625,hopcount,0,15,10.4845,0,0,190,0.237219,0.239959,4.55649,0.0761073,1.87857,1.91171,1.58445
around,2.625,hopcount,0,16,10.5059,0,0,190,0.239959,0.242699,4.55155,0.0801129,1.86095,1.93968,1.59092
around,2.625,hopcount,0,17,10.4495,0,0,190,0.243795,0.238315,4.55758,0.0835706,1.87056,1.86844,1.58721
around,2.625,hopcount,0,18,10.8768,0,0,190,0.244891,0.239959,4.55375,0.0800128,1.97379,2.05089,1.73354
around,2.625,hopcount,0,19,10.9608,0,0,190,0.237219,0.242699,4.52854,0.0949394,1.9718,2.15174,1.73385
around,2.625,lqi,0,0,10.7545,0,0,190,0.238315,0.241603,4.54881,0.0800128,1.94418,2.00337,1.69823
around,2.625,lqi,0,1,10.6065,0,0,190,0.243247,0.239959,4.56854,0.0841186,1.90838,1.94224,1.61997
around,2.625,lqi,0,2,10.4517,0,0,190,0.243247,0.238863,4.54607,0.0761073,1.88548,1.88485,1.57709
around,2.625,lqi,0,3,10.5662,0,0,190,0.242699,0.242699,4.54662,0.0761073,1.90654,1.94879,1.60274
around,2.625,lqi,0,4,10.5744,0,0,190,0.237219,0.243795,4.58827,0.0800128,1.90952,1.88237,1.63321
around,2.625,lqi,0,5,10.4887,0,0,190,0.245987,0.242151,4.54827,0.0761073,1.88892,1.89555,1.59172
around,2.625,lqi,0,6,10.6218,0,0,190,0.236123,0.244891,4.55758,0.0761073,1.94191,1.95803,1.60714
around,2.625,lqi,0,7,10.8514,0,0,190,0.243247,0.237767,4.54827,0.087924,1.98724,1.99792,1.74904
around,2.625,lqi,0,8,10.4715,0,0,190,0.243795,0.235027,4.5532,0.0761073,1.87191,1.89666,1.59477
around,2.625,lqi,0,9,10.4581,0,0,190,0.241055,0.237767,4.56416,0.0801129,1.85245,1.9021,1.58045
around,2.625,lqi,0,10,10.5273,0,0,190,0.241603,0.243247,4.56964,0.0761073,1.87007,1.93857,1.58811
around,2.625,lqi,0,11,10.7386,0,0,190,0.238315,0.240507,4.54881,0.0874761,1.93298,1.9935,1.69703
around,2.625,lqi,0,12,10.7604,0,0,190,0.236671,0.239411,4.5532,0.0834705,1.94758,2.0031,1.69693
around,2.625,lqi,0,13,10.4627,0,0,190,0.236671,0.239411,4.5395,0.0801129,1.86365,1.90516,1.59823
around,2.625,lqi,0,14,10.5456,0,0,190,0.242699,0.243795,4.54991,0.0761073,1.91554,1.91501,1.60254
around,2.625,lqi,0,15,10.4845,0,0,190,0.237219,0.239959,4.55649,0.0761073,1.87857,1.91171,1.58445
around,2.625,lqi,0,16,10.5059,0,0,190,0.239959,0.242699,4.55155,0.0801129,1.86095,1.93968,1.59092
around,2.625,lqi,0,17,10.4495,0,0,190,0.243795,0.238315,4.55758,0.0835706,1.87056,1.86844,1.58721
around,2.625,lqi,0,18,10.8425,0,0,190,0.244891,0.239959,4.55375,0.0800128,1.9522,2.04609,1.72563
around,2.625,lqi,0,19,10.8059,0,0,190,0.237219,0.242699,4.52854,0.0914817,1.95554,2.03847,1.71191
around,2.625,leo,0,0,10.7545,0,0,190,0.238315,0.241603,4.54881,0.0800128,1.94418,2.00337,1.69823
around,2.625,leo,0,1,10.6065,0,0,190,0.243247,0.239959,4.56854,0.0841186,1.90838,1.94224,1.61997
around,2.625,leo,0,2,10.4517,0,0,190,0.243247,0.238863,4.54607,0.0761073,1.88548,1.88485,1.57709
around,2.625,leo,0,3,10.5662,0,0,190,0.242699,0.242699,4.54662,0.0761073,1.90654,1.94879,1.60274
around,2.625,leo,0,4,10.5744,0,0,190,0.237219,0.243795,4.58827,0.0800128,1.90952,1.88237,1.63321
around,2.625,leo,0,5,10.4887,0,0,190,0.245987,0.242151,4.54827,0.0761073,1.88892,1.89555,1.59172
around,2.625,leo,0,6,10.6218,0,0,190,0.236123,0.244891,4.55758,0.0761073,1.94191,1.95803,1.60714
around,2.625,leo,0,7,10.991,0,0,190,0.243247,0.237767,4.54827,0.087924,2.01952,2.07542,1.77888
around,2.625,leo,0,8,10.4715,0,0,190,0.243795,0.235027,4.5532,0.0761073,1.87191,1.89666,1.59477
around,2.625,leo,0,9,10.4581,0,0,190,0.241055,0.237767,4.56416,0.0801129,1.85245,1.9021,1.58045
around,2.625,leo,0,10,10.5273,0,0,190,0.241603,0.243247,4.56964,0.0761073,1.87007,1.93857,1.58811
around,2.625,leo,0,11,10.7386,0,0,190,0.238315,0.240507,4.54881,0.0874761,1.93298,1.9935,1.69703
around,2.625,leo,0,12,10.7828,0,0,190,0.236671,0.239411,4.5532,0.0869281,1.9481,2.01817,1.70029
around,2.625,leo,0,13,10.4627,0,0,190,0.236671,0.239411,4.5395,0.0801129,1.86365,1.90516,1.59823
around,2.625,leo,0,14,10.5456,0,0,190,0.242699,0.243795,4.54991,0.0761073,1.91554,1.91501,1.60254
around,2.625,leo,0,15,10.4845,0,0,190,0.237219,0.239959,4.55649,0.0761073,1.87857,1.91171,1.58445
around,2.625,leo,0,16,10.5059,0,0,190,0.239959,0.242699,4.55155,0.0801129,1.86095,1.93968,1.59092
around,2.625,leo,0,17,10.4495,0,0,190,0.243795,0.238315,4.55758,0.0835706,1.87056,1.86844,1.58721
around,2.625,leo,0,18,10.8768,0,0,190,0.244891,0.239959,4.55375,0.0800128,1.97379,2.05089,1.73354
around,2.625,leo,0,19,10.9608,0,0,190,0.237219,0.242699,4.52854,0.0949394,1.9718,2.15174,1.73385
around,2.625,lqi-literal,0,0,10.7545,0,0,190,0.238315,0.241603,4.54881,0.0800128,1.94418,2.00337,1.69823
around,2.625,lqi-literal,0,1,10.6065,0,0,190,0.243247,0.239959,4.56854,0.0841186,1.90838,1.94224,1.61997
around,2.625,lqi-literal,0,2,10.4517,0,0,190,0.243247,0.238863,4.54607,0.0761073,1.88548,1.88485,1.57709
around,2.625,lqi-literal,0,3,10.5662,0,0,190,0.242699,0.242699,4.54662,0.0761073,1.90654,1.94879,1.60274
around,2.625,lqi-literal,0,4,10.5744,0,0,190,0.237219,0.243795,4.58827,0.0800128,1.90952,1.88237,1.63321
around,2.625,lqi-literal,0,5,10.4887,0,0,190,0.245987,0.242151,4.54827,0.0761073,1.88892,1.89555,1.59172
around,2.625,lqi-literal,0,6,10.6218,0,0,190,0.236123,0.244891,4.55758,0.0761073,1.94191,1.95803,1.60714
around,2.625,lqi-literal,0,7,10.8973,0,0,190,0.243247,0.237767,4.54827,0.087924,2.00083,2.03405,1.74524
around,2.625,lqi-literal,0,8,10.4715,0,0,190,0.243795,0.235027,4.5532,0.0761073,1.87191,1.89666,1.59477
around,2.625,lqi-literal,0,9,10.4581,0,0,190,0.241055,0.237767,4.56416,0.0801129,1.85245,1.9021,1.58045
around,2.625,lqi-literal,0,10,10.5273,0,0,190,0.241603,0.243247,4.56964,0.0761073,1.87007,1.93857,1.58811
around,2.625,lqi-literal,0,11,10.7386,0,0,190,0.238315,0.240507,4.54881,0.0874761,1.93298,1.9935,1.69703
around,2.625,lqi-literal,0,12,10.7828,0,0,190,0.236671,0.239411,4.5532,0.0869281,1.9481,2.01817,1.70029
around,2.625,lqi-literal,0,13,10.4627,0,0,190,0.236671,0.239411,4.5395,0.0801129,1.86365,1.90516,1.59823
around,2.625,lqi-literal,0,14,10.5456,0,0,190,0.242699,0.243795,4.54991,0.0761073,1.91554,1.91501,1.60254
around,2.625,lqi-literal,0,15,10.4845,0,0,190,0.237219,0.239959,4.55649,0.0761073,1.87857,1.91171,1.58445
around,2.625,lqi-literal,0,16,10.5059,0,0,190,0.239959,0.242699,4.55155,0.0801129,1.86095,1.93968,1.59092
around,2.625,lqi-literal,0,17,10.4495,0,0,190,0.243795,0.238315,4.55758,0.0835706,1.87056,1.86844,1.58721
around,2.625,lqi-literal,0,18,10.8768,0,0,190,0.244891,0.239959,4.55375,0.0800128,1.97379,2.05089,1.73354
around,2.625,lqi-literal,0,19,10.9608,0,0,190,0.237219,0.242699,4.52854,0.0949394,1.9718,2.15174,1.73385
around,3,hopcount,0,0,10.7465,1,1,189,0.173651,0.167075,3.45823,0.143277,2.27989,2.54967,1.97471
around,3,hopcount,0,1,10.9954,1,1,189,0.175295,0.173651,3.46097,0.124345,2.37888,2.67571,2.00654
around,3,hopcount,0,2,10.3373,1,1,189,0.173103,0.175843,3.46535,0.10887,2.22524,2.36032,1.82852
around,3,hopcount,0,3,10.6712,0,0,190,0.173651,0.174199,3.28951,0.0915819,2.32574,2.64091,1.97559
around,3,hopcount,0,4,10.3684,0,0,190,0.173103,0.172007,3.29444,0.106508,2.27491,2.41946,1.92795
around,3,hopcount,0,5,10.5031,0,0,190,0.182419,0.179679,3.29828,0.0841186,2.26289,2.56375,1.93191
around,3,hopcount,0,6,10.6092,0,0,190,0.168719,0.178035,3.31417,0.0990452,2.36104,2.54023,1.94793
around,3,hopcount,0,7,11.0312,1,1,189,0.174747,0.175295,3.47193,0.116881,2.34959,2.69449,2.04824
around,3,hopcount,0,8,10.2783,0,0,190,0.170363,0.172555,3.28677,0.0801129,2.2281,2.53573,1.80465
around,3,hopcount,0,9,10.4293,0,0,190,0.173651,0.175295,3.33773,0.0915819,2.33286,2.49456,1.82359
around,3,hopcount,0,10,11.4113,0,0,190,0.177487,0.178583,3.32897,0.0961355,2.5234,2.92373,2.18296
around,3,hopcount,0,11,10.5317,1,1,189,0.172007,0.172007,3.49714,0.133452,2.17814,2.45979,1.91917
around,3,hopcount,0,12,11.0218,0,0,190,0.174747,0.168171,3.32458,0.0915819,2.43203,2.74168,2.08902
around,3,hopcount,0,13,9.99986,0,0,190,0.174199,0.173651,3.29115,0.0761073,2.14035,2.36158,1.78281
around,3,hopcount,0,14,10.3829,0,0,190,0.172555,0.173651,3.28019,0.0910339,2.43892,2.3685,1.85803
around,3,hopcount,0,15,11.9149,0,0,190,0.174747,0.175843,3.29992,0.142729,2.58756,3.28805,2.24604
around,3,hopcount,0,16,10.2015,0,0,190,0.177487,0.172007,3.29006,0.101955,2.26821,2.37337,1.81844
around,3,hopcount,0,17,11.3619,2,2,188,0.179679,0.169267,3.64722,0.127254,2.38511,2.86755,1.9858
around,3,hopcount,0,18,10.4907,1,1,189,0.178035,0.170363,3.50043,0.10596,2.28026,2.37087,1.88477
around,3,hopcount,0,19,10.9894,1,1,189,0.175843,0.173651,3.49001,0.129446,2.33533,2.66599,2.01911
around,3,lqi,0,0,10.4342,0,0,190,0.173651,0.167075,3.2791,0.118525,2.29594,2.40223,1.99772
around,3,lqi,0,1,10.2713,0,0,190,0.175295,0.173651,3.28732,0.109418,2.31193,2.29001,1.92373
around,3,lqi,0,2,10.1476,0,0,190,0.173103,0.175843,3.29061,0.0910339,2.25038,2.32079,1.84584
around,3,lqi,0,3,10.4799,0,0,190,0.173651,0.174199,3.28951,0.0915819,2.30107,2.52357,1.92629
around,3,lqi,0,4,10.3684,0,0,190,0.173103,0.172007,3.29444,0.106508,2.27491,2.41946,1.92795
around,3,lqi,0,5,10.3454,0,0,190,0.182419,0.179679,3.29828,0.0841186,2.26301,2.44877,1.88915
around,3,lqi,0,6,10.6092,0,0,190,0.168719,0.178035,3.31417,0.0990452,2.36104,2.54023,1.94793
around,3,lqi,0,7,10.6654,0,0,190,0.174747,0.175295,3.29718,0.103599,2.40862,2.46351,2.04242
around,3,lqi,0,8,10.2783,0,0,190,0.170363,0.172555,3.28677,0.0801129,2.2281,2.53573,1.80465
around,3,lqi,0,9,10.4293,0,0,190,0.173651,0.175295,3.33773,0.0915819,2.33286,2.49456,1.82359
around,3,lqi,0,10,10.8669,0,0,190,0.177487,0.178583,3.32897,0.0961355,2.50698,2.51783,2.06087
around,3,lqi,0,11,10.1264,0,0,190,0.172007,0.172007,3.31417,0.11161,2.21836,2.23195,1.90627
around,3,lqi,0,12,10.7048,0,0,190,0.174747,0.168171,3.32458,0.0875762,2.38912,2.55623,2.00441
around,3,lqi,0,13,9.99986,0,0,190,0.174199,0.173651,3.29115,0.0761073,2.14035,2.36158,1.78281
around,3,lqi,0,14,10.3829,0,0,190,0.172555,0.173651,3.28019,0.0910339,2.43892,2.3685,1.85803
around,3,lqi,0,15,10.4361,0,0,190,0.174747,0.175843,3.29992,0.125441,2.26991,2.40952,1.98067
around,3,lqi,0,16,10.2015,0,0,190,0.177487,0.172007,3.29006,0.101955,2.26821,2.37337,1.81844
around,3,lqi,0,17,10.5208,0,0,190,0.179679,0.169267,3.29663,0.102503,2.33509,2.5186,1.919
around,3,lqi,0,18,10.5582,0,0,190,0.178035,0.170363,3.32294,0.0881242,2.37978,2.44936,1.96962
around,3,lqi,0,19,10.7244,0,0,190,0.175843,0.173651,3.31472,0.111062,2.44608,2.48227,2.02082
around,3,leo,0,0,10.7508,1,1,189,0.173651,0.167075,3.4761,0.139819,2.29555,2.53131,1.96724
around,3,leo,0,1,11.0252,1,1,189,0.175295,0.173651,3.50292,0.109418,2.3932,2.68549,1.98525
around,3,leo,0,2,10.3373,1,1,189,0.173103,0.175843,3.46535,0.10887,2.22524,2.36032,1.82852
around,3,leo,0,3,10.6712,0,0,190,0.173651,0.174199,3.28951,0.0915819,2.32574,2.64091,1.97559
around,3,leo,0,4,10.3684,0,0,190,0.173103,0.172007,3.29444,0.106508,2.27491,2.41946,1.92795
around,3,leo,0,5,10.5031,0,0,190,0.182419,0.179679,3.29828,0.0841186,2.26289,2.56375,1.93191
around,3,leo,0,6,10.6092,0,0,190,0.168719,0.178035,3.31417,0.0990452,2.36104,2.54023,1.94793
around,3,leo,0,7,10.8309,1,1,189,0.174747,0.175295,3.50148,0.116881,2.29586,2.54316,2.02349
around,3,leo,0,8,10.2783,0,0,190,0.170363,0.172555,3.28677,0.0801129,2.2281,2.53573,1.80465
around,3,leo,0,9,10.4293,0,0,190,0.173651,0.175295,3.33773,0.0915819,2.33286,2.49456,1.82359
around,3,leo,0,10,11.4113,0,0,190,0.177487,0.178583,3.32897,0.0961355,2.5234,2.92373,2.18296
around,3,leo,0,11,10.546,1,1,189,0.172007,0.172007,3.51611,0.133452,2.23604,2.40472,1.91171
around,3,leo,0,12,11.0218,0,0,190,0.174747,0.168171,3.32458,0.0915819,2.43203,2.74168,2.08902
around,3,leo,0,13,9.99986,0,0,190,0.174199,0.173651,3.29115,0.0761073,2.14035,2.36158,1.78281
around,3,leo,0,14,10.3829,0,0,190,0.172555,0.173651,3.28019,0.0910339,2.43892,2.3685,1.85803
around,3,leo,0,15,11.9149,0,0,190,0.174747,0.175843,3.29992,0.142729,2.58756,3.28805,2.24604
around,3,leo,0,16,10.2015,0,0,190,0.177487,0.172007,3.29006,0.101955,2.26821,2.37337,1.81844
around,3,leo,0,17,10.8409,1,1,189,0.179679,0.169267,3.51607,0.130164,2.30763,2.5599,1.97816
around,3,leo,0,18,10.5696,1,1,189,0.178035,0.170363,3.54347,0.116881,2.30446,2.36674,1.8897
around,3,leo,0,19,10.9085,1,1,189,0.175843,0.173651,3.51463,0.129446,2.37975,2.53281,2.00237
around,3,lqi-literal,0,0,10.7465,1,1,189,0.173651,0.167075,3.45823,0.143277,2.27989,2.54967,1.97471
around,3,lqi-literal,0,1,10.9954,1,1,189,0.175295,0.173651,3.46097,0.124345,2.37888,2.67571,2.00654
around,3,lqi-literal,0,2,10.3373,1,1,189,0.173103,0.175843,3.46535,0.10887,2.22524,2.36032,1.82852
around,3,lqi-literal,0,3,10.6712,0,0,190,0.173651,0.174199,3.28951,0.0915819,2.32574,2.64091,1.97559
around,3,lqi-literal,0,4,10.3684,0,0,190,0.173103,0.172007,3.29444,0.106508,2.27491,2.41946,1.92795
around,3,lqi-literal,0,5,10.5031,0,0,190,0.182419,0.179679,3.29828,0.0841186,2.26289,2.56375,1.93191
around,3,lqi-literal,0,6,10.6092,0,0,190,0.168719,0.178035,3.31417,0.0990452,2.36104,2.54023,1.94793
around,3,lqi-literal,0,7,11.0312,1,1,189,0.174747,0.175295,3.47193,0.116881,2.34959,2.69449,2.04824
around,3,lqi-literal,0,8,10.2783,0,0,190,0.170363,0.172555,3.28677,0.0801129,2.2281,2.53573,1.80465
around,3,lqi-literal,0,9,10.4293,0,0,190,0.173651,0.175295,3.33773,0.0915819,2.33286,2.49456,1.82359
around,3,lqi-literal,0,10,11.4113,0,0,190,0.177487,0.178583,3.32897,0.0961355,2.5234,2.92373,2.18296
around,3,lqi-literal,0,11,10.5317,1,1,189,0.172007,0.172007,3.49714,0.133452,2.17814,2.45979,1.91917
around,3,lqi-literal,0,12,11.0218,0,0,190,0.174747,0.168171,3.32458,0.0915819,2.43203,2.74168,2.08902
around,3,lqi-literal,0,13,9.99986,0,0,190,0.174199,0.173651,3.29115,0.0761073,2.14035,2.36158,1.78281
around,3,lqi-literal,0,14,10.3829,0,0,190,0.172555,0.173651,3.28019,0.0910339,2.43892,2.3685,1.85803
around,3,lqi-literal,0,15,11.9149,0,0,190,0.174747,0.175843,3.29992,0.142729,2.58756,3.28805,2.24604
around,3,lqi-literal,0,16,10.2015,0,0,190,0.177487,0.172007,3.29006,0.101955,2.26821,2.37337,1.81844
around,3,lqi-literal,0,17,11.3619,2,2,188,0.179679,0.169267,3.64722,0.127254,2.38511,2.86755,1.9858
around,3,lqi-literal,0,18,10.4907,1,1,189,0.178035,0.170363,3.50043,0.10596,2.28026,2.37087,1.88477
around,3,lqi-literal,0,19,10.9894,1,1,189,0.175843,0.173651,3.49001,0.129446,2.33533,2.66599,2.01911
one-side,2,hopcount,0,0,9.31022,0,0,190,0.256399,0.258043,4.86008,0.0876864,1.27549,1.37665,1.19587
one-side,2,hopcount,0,1,9.15105,0,0,190,0.256399,0.255851,4.86282,0.0818969,1.23924,1.33327,1.12158
one-side,2,hopcount,0,2,9.11235,0,0,190,0.255851,0.260783,4.86885,0.0761073,1.22705,1.32872,1.09499
one-side,2,hopcount,0,3,9.20094,0,0,190,0.256399,0.256947,4.86063,0.0795649,1.25191,1.37746,1.11803
one-side,2,hopcount,0,4,9.09088,0,0,190,0.249823,0.258591,4.87268,0.0778912,1.22768,1.29232,1.11189
one-side,2,hopcount,0,5,9.14107,0,0,190,0.259687,0.260235,4.85624,0.0761073,1.26141,1.31744,1.10995
one-side,2,hopcount,0,6,9.23478,0,0,190,0.256399,0.259687,4.86337,0.0795649,1.28351,1.37121,1.12105
one-side,2,hopcount,0,7,9.46369,0,0,190,0.256947,0.256399,4.86611,0.087901,1.34194,1.37817,1.27623
one-side,2,hopcount,0,8,9.054,0,0,190,0.256399,0.250919,4.84802,0.0761073,1.22783,1.29996,1.09477
one-side,2,hopcount,0,9,9.10491,0,0,190,0.255851,0.252563,4.87213,0.0801129,1.22111,1.33121,1.09193
one-side,2,hopcount,0,10,9.23058,0,0,190,0.259139,0.256947,4.85021,0.0818969,1.24757,1.37788,1.15692
one-side,2,hopcount,0,11,9.15491,0,0,190,0.256947,0.255303,4.8546,0.0853545,1.24284,1.32881,1.13106
one-side,2,hopcount,0,12,9.16507,0,0,190,0.254755,0.256399,4.8535,0.0871384,1.24209,1.32978,1.1414
one-side,2,hopcount,0,13,9.05134,0,0,190,0.255851,0.255851,4.84035,0.0761073,1.20947,1.31879,1.09492
one-side,2,hopcount,0,14,9.26198,0,0,190,0.255303,0.259139,4.8546,0.0848065,1.28306,1.35833,1.16674
one-side,2,hopcount,0,15,9.1574,0,0,190,0.258591,0.255851,4.87378,0.0761073,1.26745,1.32465,1.10097
one-side,2,hopcount,0,16,9.18067,0,0,190,0.254755,0.256399,4.85131,0.0835706,1.24878,1.36813,1.11772
one-side,2,hopcount,0,17,9.09052,0,0,190,0.256947,0.253111,4.87213,0.0875762,1.23883,1.28758,1.09435
one-side,2,hopcount,0,18,9.26883,0,0,190,0.257495,0.254755,4.86611,0.0818969,1.22576,1.41789,1.16493
one-side,2,hopcount,0,19,9.24563,0,0,190,0.254755,0.259687,4.85241,0.0911441,1.26687,1.3518,1.16898
one-side,2,lqi,0,0,9.31022,0,0,190,0.256399,0.258043,4.86008,0.0876864,1.27549,1.37665,1.19587
one-side,2,lqi,0,1,9.15105,0,0,190,0.256399,0.255851,4.86282,0.0818969,1.23924,1.33327,1.12158
one-side,2,lqi,0,2,9.11235,0,0,190,0.255851,0.260783,4.86885,0.0761073,1.22705,1.32872,1.09499
one-side,2,lqi,0,3,9.20094,0,0,190,0.256399,0.256947,4.86063,0.0795649,1.25191,1.37746,1.11803
one-side,2,lqi,0,4,9.09088,0,0,190,0.249823,0.258591,4.87268,0.0778912,1.22768,1.29232,1.11189
one-side,2,lqi,0,5,9.14107,0,0,190,0.259687,0.260235,4.85624,0.0761073,1.26141,1.31744,1.10995
one-side,2,lqi,0,6,9.23478,0,0,190,0.256399,0.259687,4.86337,0.0795649,1.28351,1.37121,1.12105
one-side,2,lqi,0,7,9.46369,0,0,190,0.256947,0.256399,4.86611,0.087901,1.34194,1.37817,1.27623
one-side,2,lqi,0,8,9.054,0,0,190,0.256399,0.250919,4.84802,0.0761073,1.22783,1.29996,1.09477
one-side,2,lqi,0,9,9.10491,0,0,190,0.255851,0.252563,4.87213,0.0801129,1.22111,1.33121,1.09193
one-side,2,lqi,0,10,9.23058,0,0,190,0.259139,0.256947,4.85021,0.0818969,1.24757,1.37788,1.15692
one-side,2,lqi,0,11,9.15491,0,0,190,0.256947,0.255303,4.8546,0.0853545,1.24284,1.32881,1.13106
one-side,2,lqi,0,12,9.16507,0,0,190,0.254755,0.256399,4.8535,0.0871384,1.24209,1.32978,1.1414
one-side,2,lqi,0,13,9.05134,0,0,190,0.255851,0.255851,4.84035,0.0761073,1.20947,1.31879,1.09492
one-side,2,lqi,0,14,9.26198,0,0,190,0.255303,0.259139,4.8546,0.0848065,1.28306,1.35833,1.16674
one-side,2,lqi,0,15,9.1574,0,0,190,0.258591,0.255851,4.87378,0.0761073,1.26745,1.32465,1.10097
one-side,2,lqi,0,16,9.18067,0,0,190,0.254755,0.256399,4.85131,0.0835706,1.24878,1.36813,1.11772
one-side,2,lqi,0,17,9.09052,0,0,190,0.256947,0.253111,4.87213,0.0875762,1.23883,1.28758,1.09435
one-side,2,lqi,0,18,9.26883,0,0,190,0.257495,0.254755,4.86611,0.0818969,1.22576,1.41789,1.16493
one-side,2,lqi,0,19,9.24563,0,0,190,0.254755,0.259687,4.85241,0.0911441,1.26687,1.3518,1.16898
one-side,2,leo,0,0,9.31022,0,0,190,0.256399,0.258043,4.86008,0.0876864,1.27549,1.37665,1.19587
one-side,2,leo,0,1,9.15105,0,0,190,0.256399,0.255851,4.86282,0.0818969,1.23924,1.33327,1.12158
one-side,2,leo,0,2,9.11235,0,0,190,0.255851,0.260783,4.86885,0.0761073,1.22705,1.32872,1.09499
one-side,2,leo,0,3,9.20094,0,0,190,0.256399,0.256947,4.86063,0.0795649,1.25191,1.37746,1.11803
one-side,2,leo,0,4,9.09088,0,0,190,0.249823,0.258591,4.87268,0.0778912,1.22768,1.29232,1.11189
one-side,2,leo,0,5,9.14107,0,0,190,0.259687,0.260235,4.85624,0.0761073,1.26141,1.31744,1.10995
one-side,2,leo,0,6,9.23478,0,0,190,0.256399,0.259687,4.86337,0.0795649,1.28351,1.37121,1.12105
one-side,2,leo,0,7,9.47353,0,0,190,0.256947,0.256399,4.86611,0.0881157,1.34666,1.3793,1.28
one-side,2,leo,0,8,9.054,0,0,190,0.256399,0.250919,4.84802,0.0761073,1.22783,1.29996,1.09477
one-side,2,leo,0,9,9.10491,0,0,190,0.255851,0.252563,4.87213,0.0801129,1.22111,1.33121,1.09193
one-side,2,leo,0,10,9.23058,0,0,190,0.259139,0.256947,4.85021,0.0818969,1.24757,1.37788,1.15692
one-side,2,leo,0,11,9.15491,0,0,190,0.256947,0.255303,4.8546,0.0853545,1.24284,1.32881,1.13106
one-side,2,leo,0,12,9.16507,0,0,190,0.254755,0.256399,4.8535,0.0871384,1.24209,1.32978,1.1414
one-side,2,leo,0,13,9.05134,0,0,190,0.255851,0.255851,4.84035,0.0761073,1.20947,1.31879,1.09492
one-side,2,leo,0,14,9.26198,0,0,190,0.255303,0.259139,4.8546,0.0848065,1.28306,1.35833,1.16674
one-side,2,leo,0,15,9.1574,0,0,190,0.258591,0.255851,4.87378,0.0761073,1.26745,1.32465,1.10097
one-side,2,leo,0,16,9.18067,0,0,190,0.254755,0.256399,4.85131,0.0835706,1.24878,1.36813,1.11772
one-side,2,leo,0,17,9.09052,0,0,190,0.256947,0.253111,4.87213,0.0875762,1.23883,1.28758,1.09435
one-side,2,leo,0,18,9.26883,0,0,190,0.257495,0.254755,4.86611,0.0818969,1.22576,1.41789,1.16493
one-side,2,leo,0,19,9.24563,0,0,190,0.254755,0.259687,4.85241,0.0911441,1.26687,1.3518,1.16898
one-side,2,lqi-literal,0,0,9.31022,0,0,190,0.256399,0.258043,4.86008,0.0876864,1.27549,1.37665,1.19587
one-side,2,lqi-literal,0,1,9.15105,0,0,190,0.256399,0.255851,4.86282,0.0818969,1.23924,1.33327,1.12158
one-side,2,lqi-literal,0,2,9.11235,0,0,190,0.255851,0.260783,4.86885,0.0761073,1.22705,1.32872,1.09499
one-side,2,lqi-literal,0,3,9.20094,0,0,190,0.256399,0.256947,4.86063,0.0795649,1.25191,1.37746,1.11803
one-side,2,lqi-literal,0,4,9.09088,0,0,190,0.249823,0.258591,4.87268,0.0778912,1.22768,1.29232,1.11189
one-side,2,lqi-literal,0,5,9.14107,0,0,190,0.259687,0.260235,4.85624,0.0761073,1.26141,1.31744,1.10995
one-side,2,lqi-literal,0,6,9.23478,0,0,190,0.256399,0.259687,4.86337,0.0795649,1.28351,1.37121,1.12105
one-side,2,lqi-literal,0,7,9.46369,0,0,190,0.256947,0.256399,4.86611,0.087901,1.34194,1.37817,1.27623
one-side,2,lqi-literal,0,8,9.054,0,0,190,0.256399,0.250919,4.84802,0.0761073,1.22783,1.29996,1.09477
one-side,2,lqi-literal,0,9,9.10491,0,0,190,0.255851,0.252563,4.87213,0.0801129,1.22111,1.33121,1.09193
one-side,2,lqi-literal,0,10,9.23058,0,0,190,0.259139,0.256947,4.85021,0.0818969,1.24757,1.37788,1.15692
one-side,2,lqi-literal,0,11,9.15491,0,0,190,0.256947,0.255303,4.8546,0.0853545,1.24284,1.32881,1.13106
one-side,2,lqi-literal,0,12,9.16507,0,0,190,0.254755,0.256399,4.8535,0.0871384,1.24209,1.32978,1.1414
one-side,2,lqi-literal,0,13,9.05134,0,0,190,0.255851,0.255851,4.84035,0.0761073,1.20947,1.31879,1.09492
one-side,2,lqi-literal,0,14,9.26198,0,0,190,0.255303,0.259139,4.8546,0.0848065,1.28306,1.35833,1.16674
one-side,2,lqi-literal,0,15,9.1574,0,0,190,0.258591,0.255851,4.87378,0.0761073,1.26745,1.32465,1.10097
one-side,2,lqi-literal,0,16,9.18067,0,0,190,0.254755,0.256399,4.85131,0.0835706,1.24878,1.36813,1.11772
one-side,2,lqi-literal,0,17,9.09052,0,0,190,0.256947,0.253111,4.87213,0.0875762,1.23883,1.28758,1.09435
one-side,2,lqi-literal,0,18,9.26883,0,0,190,0.257495,0.254755,4.86611,0.0818969,1.22576,1.41789,1.16493
one-side,2,lqi-literal,0,19,9.24563,0,0,190,0.254755,0.259687,4.85241,0.0911441,1.26687,1.3518,1.16898
one-side,2.25,hopcount,0,0,11.43,0,0,190,0.256399,0.257495,4.84747,0.0926239,2.03566,2.13494,1.80545
one-side,2.25,hopcount,0,1,11.3322,0,0,190,0.254207,0.255851,4.85076,0.0905194,2.01736,2.11688,1.74657
one-side,2.25,hopcount,0,2,11.3189,0,0,190,0.253659,0.259139,4.85569,0.0833134,2.01452,2.11977,1.73282
one-side,2.25,hopcount,0,3,11.443,0,0,190,0.254207,0.256399,4.85076,0.0907767,2.04205,2.19189,1.75689
one-side,2.25,hopcount,0,4,11.2561,0,0,190,0.249275,0.258043,4.85953,0.0942343,2.01006,2.09404,1.69091
one-side,2.25,hopcount,0,5,11.2679,0,0,190,0.260235,0.258043,4.84912,0.0833134,1.96566,2.12143,1.73014
one-side,2.25,hopcount,0,6,11.4256,0,0,190,0.254755,0.258591,4.85405,0.0841186,2.06513,2.20124,1.70773
one-side,2.25,hopcount,0,7,11.5793,0,0,190,0.255303,0.256947,4.85186,0.0968714,2.08711,2.19596,1.83528
one-side,2.25,hopcount,0,8,11.2348,0,0,190,0.257495,0.252015,4.8398,0.0841186,1.96822,2.1617,1.67146
one-side,2.25,hopcount,0,9,11.2769,0,0,190,0.255851,0.253111,4.86611,0.0915819,2.01075,2.13412,1.66535
one-side,2.25,hopcount,0,10,11.4277,0,0,190,0.258043,0.257495,4.84967,0.0825081,2.00349,2.22163,1.75487
one-side,2.25,hopcount,0,11,11.1425,0,0,190,0.252563,0.255303,4.84145,0.0947823,1.97434,2.03728,1.68683
one-side,2.25,hopcount,0,12,11.3199,0,0,190,0.256399,0.254207,4.84912,0.0899714,1.97666,2.14277,1.75081
one-side,2.25,hopcount,0,13,11.076,0,0,190,0.256947,0.253659,4.83213,0.0761073,1.93285,2.07521,1.64913
one-side,2.25,hopcount,0,14,11.288,0,0,190,0.253111,0.260783,4.85898,0.0795649,2.0121,2.14349,1.67999
one-side,2.25,hopcount,0,15,11.4439,0,0,190,0.257495,0.255303,4.86117,0.0926239,2.03979,2.14546,1.79202
one-side,2.25,hopcount,0,16,11.2495,0,0,190,0.254207,0.254207,4.84199,0.0835706,2.01521,2.15311,1.64723
one-side,2.25,hopcount,0,17,11.354,0,0,190,0.256947,0.251467,4.86227,0.0936863,2.01463,2.14493,1.73007
one-side,2.25,hopcount,0,18,11.5044,0,0,190,0.256399,0.250919,4.85789,0.0793077,2.09993,2.18739,1.77258
one-side,2.25,hopcount,0,19,11.4589,0,0,190,0.255303,0.261331,4.84912,0.0974347,2.08548,2.13176,1.77844
one-side,2.25,lqi,0,0,11.43,0,0,190,0.256399,0.257495,4.84747,0.0926239,2.03566,2.13494,1.80545
one-side,2.25,lqi,0,1,11.3322,0,0,190,0.254207,0.255851,4.85076,0.0905194,2.01736,2.11688,1.74657
one-side,2.25,lqi,0,2,11.3189,0,0,190,0.253659,0.259139,4.85569,0.0833134,2.01452,2.11977,1.73282
one-side,2.25,lqi,0,3,11.443,0,0,190,0.254207,0.256399,4.85076,0.0907767,2.04205,2.19189,1.75689
one-side,2.25,lqi,0,4,11.2561,0,0,190,0.249275,0.258043,4.85953,0.0942343,2.01006,2.09404,1.69091
one-side,2.25,lqi,0,5,11.2679,0,0,190,0.260235,0.258043,4.84912,0.0833134,1.96566,2.12143,1.73014
one-side,2.25,lqi,0,6,11.4256,0,0,190,0.254755,0.258591,4.85405,0.0841186,2.06513,2.20124,1.70773
one-side,2.25,lqi,0,7,11.5793,0,0,190,0.255303,0.256947,4.85186,0.0968714,2.08711,2.19596,1.83528
one-side,2.25,lqi,0,8,11.2348,0,0,190,0.257495,0.252015,4.8398,0.0841186,1.96822,2.1617,1.67146
one-side,2.25,lqi,0,9,11.2769,0,0,190,0.255851,0.253111,4.86611,0.0915819,2.01075,2.13412,1.66535
one-side,2.25,lqi,0,10,11.4277,0,0,190,0.258043,0.257495,4.84967,0.0825081,2.00349,2.22163,1.75487
one-side,2.25,lqi,0,11,11.1425,0,0,190,0.252563,0.255303,4.84145,0.0947823,1.97434,2.03728,1.68683
one-side,2.25,lqi,0,12,11.3199,0,0,190,0.256399,0.254207,4.84912,0.0899714,1.97666,2.14277,1.75081
one-side,2.25,lqi,0,13,11.076,0,0,190,0.256947,0.253659,4.83213,0.0761073,1.93285,2.07521,1.64913
one-side,2.25,lqi,0,14,11.288,0,0,190,0.253111,0.260783,4.85898,0.0795649,2.0121,2.14349,1.67999
one-side,2.25,lqi,0,15,11.4439,0,0,190,0.257495,0.255303,4.86117,0.0926239,2.03979,2.14546,1.79202
one-side,2.25,lqi,0,16,11.2495,0,0,190,0.254207,0.254207,4.84199,0.0835706,2.01521,2.15311,1.64723
one-side,2.25,lqi,0,17,11.354,0,0,190,0.256947,0.251467,4.86227,0.0936863,2.01463,2.14493,1.73007
one-side,2.25,lqi,0,18,11.5044,0,0,190,0.256399,0.250919,4.85789,0.0793077,2.09993,2.18739,1.77258
one-side,2.25,lqi,0,19,11.4589,0,0,190,0.255303,0.261331,4.84912,0.0974347,2.08548,2.13176,1.77844
one-side,2.25,leo,0,0,11.43,0,0,190,0.256399,0.257495,4.84747,0.0926239,2.03566,2.13494,1.80545
one-side,2.25,leo,0,1,11.3322,0,0,190,0.254207,0.255851,4.85076,0.0905194,2.01736,2.11688,1.74657
one-side,2.25,leo,0,2,11.3189,0,0,190,0.253659,0.259139,4.85569,0.0833134,2.01452,2.11977,1.73282
one-side,2.25,leo,0,3,11.443,0,0,190,0.254207,0.256399,4.85076,0.0907767,2.04205,2.19189,1.75689
one-side,2.25,leo,0,4,11.2561,0,0,190,0.249275,0.258043,4.85953,0.0942343,2.01006,2.09404,1.69091
one-side,2.25,leo,0,5,11.2679,0,0,190,0.260235,0.258043,4.84912,0.0833134,1.96566,2.12143,1.73014
one-side,2.25,leo,0,6,11.4256,0,0,190,0.254755,0.258591,4.85405,0.0841186,2.06513,2.20124,1.70773
one-side,2.25,leo,0,7,11.5793,0,0,190,0.255303,0.256947,4.85186,0.0968714,2.08711,2.19596,1.83528
one-side,2.25,leo,0,8,11.2348,0,0,190,0.257495,0.252015,4.8398,0.0841186,1.96822,2.1617,1.67146
one-side,2.25,leo,0,9,11.2769,0,0,190,0.255851,0.253111,4.86611,0.0915819,2.01075,2.13412,1.66535
one-side,2.25,leo,0,10,11.4277,0,0,190,0.258043,0.257495,4.84967,0.0825081,2.00349,2.22163,1.75487
one-side,2.25,leo,0,11,11.1425,0,0,190,0.252563,0.255303,4.84145,0.0947823,1.97434,2.03728,1.68683
one-side,2.25,leo,0,12,11.3199,0,0,190,0.256399,0.254207,4.84912,0.0899714,1.97666,2.14277,1.75081
one-side,2.25,leo,0,13,11.076,0,0,190,0.256947,0.253659,4.83213,0.0761073,1.93285,2.07521,1.64913
one-side,2.25,leo,0,14,11.288,0,0,190,0.253111,0.260783,4.85898,0.0795649,2.0121,2.14349,1.67999
one-side,2.25,leo,0,15,11.4439,0,0,190,0.257495,0.255303,4.86117,0.0926239,2.03979,2.14546,1.79202
one-side,2.25,leo,0,16,11.2495,0,0,190,0.254207,0.254207,4.84199,0.0835706,2.01521,2.15311,1.64723
one-side,2.25,leo,0,17,11.354,0,0,190,0.256947,0.251467,4.86227,0.0936863,2.01463,2.14493,1.73007
one-side,2.25,leo,0,18,11.5044,0,0,190,0.256399,0.250919,4.85789,0.0793077,2.09993,2.18739,1.77258
one-side,2.25,leo,0,19,11.4589,0,0,190,0.255303,0.261331,4.84912,0.0974347,2.08548,2.13176,1.77844
one-side,2.25,lqi-literal,0,0,11.43,0,0,190,0.256399,0.257495,4.84747,0.0926239,2.03566,2.13494,1.80545
one-side,2.25,lqi-literal,0,1,11.3322,0,0,190,0.254207,0.255851,4.85076,0.0905194,2.01736,2.11688,1.74657
one-side,2.25,lqi-literal,0,2,11.3189,0,0,190,0.253659,0.259139,4.85569,0.0833134,2.01452,2.11977,1.73282
one-side,2.25,lqi-literal,0,3,11.443,0,0,190,0.254207,0.256399,4.85076,0.0907767,2.04205,2.19189,1.75689
one-side,2.25,lqi-literal,0,4,11.2561,0,0,190,0.249275,0.258043,4.85953,0.0942343,2.01006,2.09404,1.69091
one-side,2.25,lqi-literal,0,5,11.2679,0,0,190,0.260235,0.258043,4.84912,0.0833134,1.96566,2.12143,1.73014
one-side,2.25,lqi-literal,0,6,11.4256,0,0,190,0.254755,0.258591,4.85405,0.0841186,2.06513,2.20124,1.70773
one-side,2.25,lqi-literal,0,7,11.5793,0,0,190,0.255303,0.256947,4.85186,0.0968714,2.08711,2.19596,1.83528
one-side,2.25,lqi-literal,0,8,11.2348,0,0,190,0.257495,0.252015,4.8398,0.0841186,1.96822,2.1617,1.67146
one-side,2.25,lqi-literal,0,9,11.2769,0,0,190,0.255851,0.253111,4.86611,0.0915819,2.01075,2.13412,1.66535
one-side,2.25,lqi-literal,0,10,11.4277,0,0,190,0.258043,0.257495,4.84967,0.0825081,2.00349,2.22163,1.75487
one-side,2.25,lqi-literal,0,11,11.1425,0,0,190,0.252563,0.255303,4.84145,0.0947823,1.97434,2.03728,1.68683
one-side,2.25,lqi-literal,0,12,11.3199,0,0,190,0.256399,0.254207,4.84912,0.0899714,1.97666,2.14277,1.75081
one-side,2.25,lqi-literal,0,13,11.076,0,0,190,0.256947,0.253659,4.83213,0.0761073,1.93285,2.07521,1.64913
one-side,2.25,lqi-literal,0,14,11.288,0,0,190,0.253111,0.260783,4.85898,0.0795649,2.0121,2.14349,1.67999
one-side,2.25,lqi-literal,0,15,11.4439,0,0,190,0.257495,0.255303,4.86117,0.0926239,2.03979,2.14546,1.79202
one-side,2.25,lqi-literal,0,16,11.2495,0,0,190,0.254207,0.254207,4.84199,0.0835706,2.01521,2.15311,1.64723
one-side,2.25,lqi-literal,0,17,11.354,0,0,190,0.256947,0.251467,4.86227,0.0936863,2.01463,2.14493,1.73007
one-side,2.25,lqi-literal,0,18,11.5044,0,0,190,0.256399,0.250919,4.85789,0.0793077,2.09993,2.18739,1.77258
one-side,2.25,lqi-literal,0,19,11.4589,0,0,190,0.255303,0.261331,4.84912,0.0974347,2.08548,2.13176,1.77844
one-side,2.5,hopcount,0,0,12.6377,0,0,190,0.253659,0.253659,4.76747,0.122531,2.44203,2.63349,2.16489
one-side,2.5,hopcount,0,1,12.6601,0,0,190,0.251467,0.254207,4.77623,0.117429,2.46809,2.67912,2.11354
one-side,2.5,hopcount,0,2,12.5481,0,0,190,0.250371,0.252015,4.78117,0.103051,2.49403,2.59263,2.07485
one-side,2.5,hopcount,0,3,12.3566,0,0,190,0.251467,0.252563,4.78226,0.0990452,2.4255,2.63248,1.91329
one-side,2.5,hopcount,0,4,12.1147,0,0,190,0.247631,0.254755,4.79761,0.11452,2.32447,2.42329,1.95248
one-side,2.5,hopcount,0,5,12.2308,0,0,190,0.258591,0.253659,4.77569,0.0841186,2.29056,2.63337,1.93482
one-side,2.5,hopcount,0,6,12.5456,0,0,190,0.250919,0.254755,4.79815,0.10596,2.43139,2.76236,1.94207
one-side,2.5,hopcount,0,7,12.6289,0,0,190,0.254755,0.252563,4.78007,0.109418,2.54862,2.61949,2.06398
one-side,2.5,hopcount,0,8,12.1648,0,0,190,0.250919,0.247631,4.77075,0.0899379,2.28494,2.67503,1.8456
one-side,2.5,hopcount,0,9,12.5098,0,0,190,0.252015,0.249275,4.78391,0.102503,2.43469,2.71822,1.96923
one-side,2.5,hopcount,0,10,12.7214,0,0,190,0.252563,0.251467,4.78555,0.104147,2.46775,2.6848,2.17512
one-side,2.5,hopcount,0,11,12.4035,0,0,190,0.254207,0.251467,4.77514,0.107604,2.39102,2.57968,2.04442
one-side,2.5,hopcount,0,12,12.5195,0,0,190,0.251467,0.249275,4.79377,0.0944915,2.42261,2.68986,2.01798
one-side,2.5,hopcount,0,13,11.9531,0,0,190,0.253111,0.246535,4.76801,0.0761073,2.22364,2.55233,1.83341
one-side,2.5,hopcount,0,14,12.8567,0,0,190,0.250919,0.256947,4.78555,0.102503,2.57372,2.79403,2.09302
one-side,2.5,hopcount,0,15,12.838,0,0,190,0.251467,0.253111,4.78062,0.121435,2.51714,2.73809,2.17614
one-side,2.5,hopcount,0,16,12.2039,0,0,190,0.249275,0.249823,4.77075,0.10596,2.37806,2.57181,1.87826
one-side,2.5,hopcount,0,17,12.8112,0,0,190,0.254755,0.250371,4.79815,0.106508,2.54293,2.76623,2.09228
one-side,2.5,hopcount,0,18,12.3322,0,0,190,0.253111,0.250371,4.79213,0.0955875,2.35728,2.61232,1.97142
one-side,2.5,hopcount,0,19,12.9612,0,0,190,0.247083,0.255851,4.76747,0.12835,2.59402,2.77116,2.19722
one-side,2.5,lqi,0,0,12.355,0,0,190,0.253659,0.253659,4.76747,0.122531,2.38344,2.49095,2.0833
one-side,2.5,lqi,0,1,12.6601,0,0,190,0.251467,0.254207,4.77623,0.117429,2.46809,2.67912,2.11354
one-side,2.5,lqi,0,2,12.0414,0,0,190,0.250371,0.252015,4.78117,0.103051,2.38619,2.35011,1.91854
one-side,2.5,lqi,0,3,12.3566,0,0,190,0.251467,0.252563,4.78226,0.0990452,2.4255,2.63248,1.91329
one-side,2.5,lqi,0,4,12.0886,0,0,190,0.247631,0.254755,4.79761,0.11452,2.30206,2.42522,1.94678
one-side,2.5,lqi,0,5,12.2308,0,0,190,0.258591,0.253659,4.77569,0.0841186,2.29056,2.63337,1.93482
one-side,2.5,lqi,0,6,12.5456,0,0,190,0.250919,0.254755,4.79815,0.10596,2.43139,2.76236,1.94207
one-side,2.5,lqi,0,7,12.5983,0,0,190,0.254755,0.252563,4.78007,0.10596,2.50155,2.62784,2.07556
one-side,2.5,lqi,0,8,12.1648,0,0,190,0.250919,0.247631,4.77075,0.0899379,2.28494,2.67503,1.8456
one-side,2.5,lqi,0,9,12.5098,0,0,190,0.252015,0.249275,4.78391,0.102503,2.43469,2.71822,1.96923
one-side,2.5,lqi,0,10,12.2576,0,0,190,0.252563,0.251467,4.78555,0.104147,2.3994,2.44086,2.02365
one-side,2.5,lqi,0,11,12.2166,0,0,190,0.254207,0.251467,4.77514,0.107604,2.3636,2.47521,1.9894
one-side,2.5,lqi,0,12,12.5195,0,0,190,0.251467,0.249275,4.79377,0.0944915,2.42261,2.68986,2.01798
one-side,2.5,lqi,0,13,11.9531,0,0,190,0.253111,0.246535,4.76801,0.0761073,2.22364,2.55233,1.83341
one-side,2.5,lqi,0,14,12.5857,0,0,190,0.250919,0.256947,4.78555,0.0990452,2.54315,2.65921,1.99085
one-side,2.5,lqi,0,15,12.6183,0,0,190,0.251467,0.253111,4.78062,0.121435,2.49869,2.60233,2.11065
one-side,2.5,lqi,0,16,12.2039,0,0,190,0.249275,0.249823,4.77075,0.10596,2.37806,2.57181,1.87826
one-side,2.5,lqi,0,17,12.7643,0,0,190,0.254755,0.250371,4.79815,0.106508,2.54524,2.73349,2.07575
one-side,2.5,lqi,0,18,12.274,0,0,190,0.253111,0.250371,4.79213,0.0881242,2.38441,2.55268,1.95319
one-side,2.5,lqi,0,19,12.9782,0,0,190,0.247083,0.255851,4.76747,0.117429,2.63233,2.75971,2.19832
one-side,2.5,leo,0,0,12.6377,0,0,190,0.253659,0.253659,4.76747,0.122531,2.44203,2.63349,2.16489
one-side,2.5,leo,0,1,13.0099,1,1,189,0.251467,0.254207,5.07332,0.123627,2.44167,2.76918,2.09648
one-side,2.5,leo,0,2,12.5481,0,0,190,0.250371,0.252015,4.78117,0.103051,2.49403,2.59263,2.07485
one-side,2.5,leo,0,3,12.3566,0,0,190,0.251467,0.252563,4.78226,0.0990452,2.4255,2.63248,1.91329
one-side,2.5,leo,0,4,12.1147,0,0,190,0.247631,0.254755,4.79761,0.11452,2.32447,2.42329,1.95248
one-side,2.5,leo,0,5,12.2308,0,0,190,0.258591,0.253659,4.77569,0.0841186,2.29056,2.63337,1.93482
one-side,2.5,leo,0,6,12.5456,0,0,190,0.250919,0.254755,4.79815,0.10596,2.43139,2.76236,1.94207
one-side,2.5,leo,0,7,12.6289,0,0,190,0.254755,0.252563,4.78007,0.109418,2.54862,2.61949,2.06398
one-side,2.5,leo,0,8,12.1648,0,0,190,0.250919,0.247631,4.77075,0.0899379,2.28494,2.67503,1.8456
one-side,2.5,leo,0,9,12.5098,0,0,190,0.252015,0.249275,4.78391,0.102503,2.43469,2.71822,1.96923
one-side,2.5,leo,0,10,12.7214,0,0,190,0.252563,0.251467,4.78555,0.104147,2.46775,2.6848,2.17512
one-side,2.5,leo,0,11,12.4035,0,0,190,0.254207,0.251467,4.77514,0.107604,2.39102,2.57968,2.04442
one-side,2.5,leo,0,12,12.5195,0,0,190,0.251467,0.249275,4.79377,0.0944915,2.42261,2.68986,2.01798
one-side,2.5,leo,0,13,11.9531,0,0,190,0.253111,0.246535,4.76801,0.0761073,2.22364,2.55233,1.83341
one-side,2.5,leo,0,14,12.8567,0,0,190,0.250919,0.256947,4.78555,0.102503,2.57372,2.79403,2.09302
one-side,2.5,leo,0,15,12.838,0,0,190,0.251467,0.253111,4.78062,0.121435,2.51714,2.73809,2.17614
one-side,2.5,leo,0,16,12.2039,0,0,190,0.249275,0.249823,4.77075,0.10596,2.37806,2.57181,1.87826
one-side,2.5,leo,0,17,12.8112,0,0,190,0.254755,0.250371,4.79815,0.106508,2.54293,2.76623,2.09228
one-side,2.5,leo,0,18,12.3557,0,0,190,0.253111,0.250371,4.806,0.103051,2.40727,2.56047,1.97542
one-side,2.5,leo,0,19,12.9612,0,0,190,0.247083,0.255851,4.76747,0.12835,2.59402,2.77116,2.19722
one-side,2.5,lqi-literal,0,0,12.6377,0,0,190,0.253659,0.253659,4.76747,0.122531,2.44203,2.63349,2.16489
one-side,2.5,lqi-literal,0,1,12.6601,0,0,190,0.251467,0.254207,4.77623,0.117429,2.46809,2.67912,2.11354
one-side,2.5,lqi-literal,0,2,12.5481,0,0,190,0.250371,0.252015,4.78117,0.103051,2.49403,2.59263,2.07485
one-side,2.5,lqi-literal,0,3,12.3566,0,0,190,0.251467,0.252563,4.78226,0.0990452,2.4255,2.63248,1.91329
one-side,2.5,lqi-literal,0,4,12.1147,0,0,190,0.247631,0.254755,4.79761,0.11452,2.32447,2.42329,1.95248
one-side,2.5,lqi-literal,0,5,12.2308,0,0,190,0.258591,0.253659,4.77569,0.0841186,2.29056,2.63337,1.93482
one-side,2.5,lqi-literal,0,6,12.5456,0,0,190,0.250919,0.254755,4.79815,0.10596,2.43139,2.76236,1.94207
one-side,2.5,lqi-literal,0,7,12.6289,0,0,190,0.254755,0.252563,4.78007,0.109418,2.54862,2.61949,2.06398
one-side,2.5,lqi-literal,0,8,12.1648,0,0,190,0.250919,0.247631,4.77075,0.0899379,2.28494,2.67503,1.8456
one-side,2.5,lqi-literal,0,9,12.5098,0,0,190,0.252015,0.249275,4.78391,0.102503,2.43469,2.71822,1.96923
one-side,2.5,lqi-literal,0,10,12.7214,0,0,190,0.252563,0.251467,4.78555,0.104147,2.46775,2.6848,2.17512
one-side,2.5,lqi-literal,0,11,12.4035,0,0,190,0.254207,0.251467,4.77514,0.107604,2.39102,2.57968,2.04442
one-side,2.5,lqi-literal,0,12,12.5195,0,0,190,0.251467,0.249275,4.79377,0.0944915,2.42261,2.68986,2.01798
one-side,2.5,lqi-literal,0,13,11.9531,0,0,190,0.253111,0.246535,4.76801,0.0761073,2.22364,2.55233,1.83341
one-side,2.5,lqi-literal,0,14,12.8567,0,0,190,0.250919,0.256947,4.78555,0.102503,2.57372,2.79403,2.09302
one-side,2.5,lqi-literal,0,15,12.838,0,0,190,0.251467,0.253111,4.78062,0.121435,2.51714,2.73809,2.17614
one-side,2.5,lqi-literal,0,16,12.2039,0,0,190,0.249275,0.249823,4.77075,0.10596,2.37806,2.57181,1.87826
one-side,2.5,lqi-literal,0,17,12.8112,0,0,190,0.254755,0.250371,4.79815,0.106508,2.54293,2.76623,2.09228
one-side,2.5,lqi-literal,0,18,12.3322,0,0,190,0.253111,0.250371,4.79213,0.0955875,2.35728,2.61232,1.97142
one-side,2.5,lqi-literal,0,19,12.9612,0,0,190,0.247083,0.255851,4.76747,0.12835,2.59402,2.77116,2.19722
one-side,2.625,hopcount,0,0,14.1754,1,1,189,0.248179,0.248727,4.92413,0.148927,2.87712,3.27345,2.45481
one-side,2.625,hopcount,0,1,14.0343,0,0,190,0.245987,0.249275,4.69677,0.133452,2.91505,3.41868,2.37512
one-side,2.625,hopcount,0,2,13.6376,0,0,190,0.247083,0.245987,4.67321,0.119791,2.9078,3.21131,2.23242
one-side,2.625,hopcount,0,3,14.1303,0,0,190,0.244891,0.249823,4.68746,0.125441,3.03391,3.3847,2.40409
one-side,2.625,hopcount,0,4,13.71,0,0,190,0.241055,0.250919,4.70609,0.133452,2.83994,3.19027,2.3483
one-side,2.625,hopcount,0,5,13.7227,0,0,190,0.255303,0.247631,4.68965,0.107056,2.74999,3.30475,2.36833
one-side,2.625,hopcount,0,6,14.4971,0,0,190,0.243795,0.250919,4.69897,0.151836,2.99972,3.68708,2.46479
one-side,2.625,hopcount,0,7,14.1684,1,1,189,0.248727,0.244891,4.94441,0.160943,2.87149,3.1958,2.50212
one-side,2.625,hopcount,0,8,13.8009,1,0,190,0.246535,0.243247,4.92523,0.124345,2.78904,3.30949,2.16306
one-side,2.625,hopcount,0,9,14.0009,0,0,190,0.248727,0.243247,4.70445,0.124345,2.97386,3.38375,2.32248
one-side,2.625,hopcount,0,10,13.419,1,1,189,0.248179,0.248727,4.93619,0.118525,2.65769,3.05193,2.15776
one-side,2.625,hopcount,0,11,13.1666,0,0,190,0.249275,0.246535,4.67211,0.140367,2.66837,2.92242,2.26751
one-side,2.625,hopcount,0,12,14.1705,0,0,190,0.244343,0.245987,4.70993,0.128898,2.83105,3.439,2.57127
one-side,2.625,hopcount,0,13,13.2306,0,0,190,0.247083,0.243795,4.67321,0.107604,2.79833,3.0135,2.14706
one-side,2.625,hopcount,0,14,14.2984,1,1,189,0.247083,0.249823,4.93783,0.131808,2.98861,3.3754,2.36786
one-side,2.625,hopcount,0,15,14.5916,0,0,190,0.245987,0.248727,4.69075,0.17022,2.9996,3.62814,2.60815
one-side,2.625,hopcount,0,16,13.5817,1,1,189,0.242151,0.247631,4.92029,0.130164,2.83965,3.0788,2.12299
one-side,2.625,hopcount,0,17,13.4527,0,0,190,0.247083,0.245439,4.71047,0.132904,2.68167,3.10323,2.33192
one-side,2.625,hopcount,0,18,13.6544,0,0,190,0.248727,0.244343,4.68636,0.113972,2.75269,3.35566,2.25263
one-side,2.625,hopcount,0,19,14.4259,0,0,190,0.243247,0.249823,4.68472,0.138554,3.08803,3.48037,2.54113
one-side,2.625,lqi,0,0,13.3468,0,0,190,0.248179,0.248727,4.68088,0.15913,2.64524,2.71916,2.6455
one-side,2.625,lqi,0,1,13.4611,0,0,190,0.245987,0.249275,4.69677,0.147113,2.72573,2.83314,2.56311
one-side,2.625,lqi,0,2,13.1618,0,0,190,0.247083,0.245987,4.67321,0.138006,2.65899,2.65538,2.54314
one-side,2.625,lqi,0,3,13.271,0,0,190,0.244891,0.249823,4.68746,0.135096,2.71489,2.6843,2.55453
one-side,2.625,lqi,0,4,13.4765,0,0,190,0.241055,0.250919,4.70609,0.149475,2.79476,2.68423,2.64993
one-side,2.625,lqi,0,5,13.2318,0,0,190,0.255303,0.247631,4.68965,0.135096,2.68467,2.69829,2.52121
one-side,2.625,lqi,0,6,13.7892,0,0,190,0.243795,0.250919,4.69897,0.154576,2.86086,2.86658,2.71348
one-side,2.625,lqi,0,7,13.526,0,0,190,0.248727,0.244891,4.69842,0.150571,2.77455,2.74188,2.66694
one-side,2.625,lqi,0,8,13.2248,0,0,190,0.246535,0.243247,4.67595,0.152932,2.67304,2.69491,2.5382
one-side,2.625,lqi,0,9,13.4716,0,0,190,0.248727,0.243247,4.70445,0.13109,2.79737,2.81904,2.52767
one-side,2.625,lqi,0,10,13.1288,0,0,190,0.248179,0.248727,4.69513,0.13965,2.63159,2.56837,2.59719
one-side,2.625,lqi,0,11,12.9513,0,0,190,0.249275,0.246535,4.67211,0.154028,2.66602,2.43709,2.52629
one-side,2.625,lqi,0,12,13.4606,0,0,190,0.244343,0.245987,4.70993,0.143107,2.69873,2.75795,2.6606
one-side,2.625,lqi,0,13,12.9855,0,0,190,0.247083,0.243795,4.67321,0.123627,2.64141,2.54925,2.50708
one-side,2.625,lqi,0,14,13.4614,0,0,190,0.247083,0.249823,4.69184,0.134548,2.76958,2.80497,2.56355
one-side,2.625,lqi,0,15,13.5235,0,0,190,0.245987,0.248727,4.69075,0.160395,2.75601,2.78338,2.63825
one-side,2.625,lqi,0,16,13.3934,0,0,190,0.242151,0.247631,4.6765,0.134548,2.76843,2.72606,2.59809
one-side,2.625,lqi,0,17,13.3464,0,0,190,0.247083,0.245439,4.71047,0.148379,2.67883,2.79201,2.52416
one-side,2.625,lqi,0,18,13.1034,0,0,190,0.248727,0.244343,4.68636,0.127633,2.6472,2.62424,2.52493
one-side,2.625,lqi,0,19,13.6369,0,0,190,0.243247,0.249823,4.68472,0.144921,2.8284,2.86779,2.61797
one-side,2.625,leo,0,0,14.0046,1,1,189,0.248179,0.248727,5.02961,0.148927,2.78495,3.09862,2.44556
one-side,2.625,leo,0,1,14.1695,0,0,190,0.245987,0.249275,4.70845,0.138006,2.90239,3.48402,2.4414
one-side,2.625,leo,0,2,13.6376,0,0,190,0.247083,0.245987,4.67321,0.119791,2.9078,3.21131,2.23242
one-side,2.625,leo,0,3,14.1303,0,0,190,0.244891,0.249823,4.68746,0.125441,3.03391,3.3847,2.40409
one-side,2.625,leo,0,4,13.71,0,0,190,0.241055,0.250919,4.70609,0.133452,2.83994,3.19027,2.3483
one-side,2.625,leo,0,5,13.7227,0,0,190,0.255303,0.247631,4.68965,0.107056,2.74999,3.30475,2.36833
one-side,2.625,leo,0,6,14.4971,0,0,190,0.243795,0.250919,4.69897,0.151836,2.99972,3.68708,2.46479
one-side,2.625,leo,0,7,14.5431,1,1,189,0.248727,0.244891,5.05153,0.160943,2.94241,3.32354,2.5711
one-side,2.625,leo,0,8,13.9138,1,0,190,0.246535,0.243247,4.95187,0.131808,2.80798,3.35783,2.17453
one-side,2.625,leo,0,9,14.0009,0,0,190,0.248727,0.243247,4.70445,0.124345,2.97386,3.38375,2.32248
one-side,2.625,leo,0,10,13.4263,1,1,189,0.248179,0.248727,5.00115,0.118525,2.68479,2.96927,2.15566
one-side,2.625,leo,0,11,13.1666,0,0,190,0.249275,0.246535,4.67211,0.140367,2.66837,2.92242,2.26751
one-side,2.625,leo,0,12,14.1705,0,0,190,0.244343,0.245987,4.70993,0.128898,2.83105,3.439,2.57127
one-side,2.625,leo,0,13,13.2306,0,0,190,0.247083,0.243795,4.67321,0.107604,2.79833,3.0135,2.14706
one-side,2.625,leo,0,14,14.2199,1,1,189,0.247083,0.249823,5.01612,0.135814,3.01343,3.22511,2.33252
one-side,2.625,leo,0,15,14.5916,0,0,190,0.245987,0.248727,4.69075,0.17022,2.9996,3.62814,2.60815
one-side,2.625,leo,0,16,13.7498,1,1,189,0.242151,0.247631,4.94529,0.13417,2.89742,3.11717,2.16596
one-side,2.625,leo,0,17,13.4527,0,0,190,0.247083,0.245439,4.71047,0.132904,2.68167,3.10323,2.33192
one-side,2.625,leo,0,18,13.6518,0,0,190,0.248727,0.244343,4.69968,0.110514,2.74635,3.34791,2.25427
one-side,2.625,leo,0,19,14.4259,0,0,190,0.243247,0.249823,4.68472,0.138554,3.08803,3.48037,2.54113
one-side,2.625,lqi-literal,0,0,14.1754,1,1,189,0.248179,0.248727,4.92413,0.148927,2.87712,3.27345,2.45481
one-side,2.625,lqi-literal,0,1,14.0343,0,0,190,0.245987,0.249275,4.69677,0.133452,2.91505,3.41868,2.37512
one-side,2.625,lqi-literal,0,2,13.6376,0,0,190,0.247083,0.245987,4.67321,0.119791,2.9078,3.21131,2.23242
one-side,2.625,lqi-literal,0,3,14.1303,0,0,190,0.244891,0.249823,4.68746,0.125441,3.03391,3.3847,2.40409
one-side,2.625,lqi-literal,0,4,13.71,0,0,190,0.241055,0.250919,4.70609,0.133452,2.83994,3.19027,2.3483
one-side,2.625,lqi-literal,0,5,13.7227,0,0,190,0.255303,0.247631,4.68965,0.107056,2.74999,3.30475,2.36833
one-side,2.625,lqi-literal,0,6,14.4971,0,0,190,0.243795,0.250919,4.69897,0.151836,2.99972,3.68708,2.46479
one-side,2.625,lqi-literal,0,7,14.1684,1,1,189,0.248727,0.244891,4.94441,0.160943,2.87149,3.1958,2.50212
one-side,2.625,lqi-literal,0,8,13.8009,1,0,190,0.246535,0.243247,4.92523,0.124345,2.78904,3.30949,2.16306
one-side,2.625,lqi-literal,0,9,14.0009,0,0,190,0.248727,0.243247,4.70445,0.124345,2.97386,3.38375,2.32248
one-side,2.625,lqi-literal,0,10,13.419,1,1,189,0.248179,0.248727,4.93619,0.118525,2.65769,3.05193,2.15776
one-side,2.625,lqi-literal,0,11,13.1666,0,0,190,0.249275,0.246535,4.67211,0.140367,2.66837,2.92242,2.26751
one-side,2.625,lqi-literal,0,12,14.1705,0,0,190,0.244343,0.245987,4.70993,0.128898,2.83105,3.439,2.57127
one-side,2.625,lqi-literal,0,13,13.2306,0,0,190,0.247083,0.243795,4.67321,0.107604,2.79833,3.0135,2.14706
one-side,2.625,lqi-literal,0,14,14.2984,1,1,189,0.247083,0.249823,4.93783,0.131808,2.98861,3.3754,2.36786
one-side,2.625,lqi-literal,0,15,14.5916,0,0,190,0.245987,0.248727,4.69075,0.17022,2.9996,3.62814,2.60815
one-side,2.625,lqi-literal,0,16,13.5817,1,1,189,0.242151,0.247631,4.92029,0.130164,2.83965,3.0788,2.12299
one-side,2.625,lqi-literal,0,17,13.4527,0,0,190,0.247083,0.245439,4.71047,0.132904,2.68167,3.10323,2.33192
one-side,2.625,lqi-literal,0,18,13.6544,0,0,190,0.248727,0.244343,4.68636,0.113972,2.75269,3.35566,2.25263
one-side,2.625,lqi-literal,0,19,14.4259,0,0,190,0.243247,0.249823,4.68472,0.138554,3.08803,3.48037,2.54113
one-side,3,hopcount,0,0,18.8324,22,67,123,0.202147,0.208175,8.19871,0.710734,4.06048,3.17472,2.27747
one-side,3,hopcount,0,1,20.526,27,53,137,0.205983,0.208723,9.19246,0.793658,4.34492,3.46824,2.31196
one-side,3,hopcount,0,2,18.547,24,73,117,0.201051,0.203243,8.60027,0.799886,3.66701,2.94965,2.12586
one-side,3,hopcount,0,3,22.1899,22,35,155,0.204887,0.207079,8.19652,0.748482,5.07613,4.64277,3.11405
one-side,3,hopcount,0,4,19.6065,19,56,134,0.204339,0.203243,7.6109,0.66529,4.1311,4.21872,2.57294
one-side,3,hopcount,0,5,20.9114,22,44,146,0.213107,0.202147,8.24091,0.753753,4.52272,4.3219,2.65691
one-side,3,hopcount,0,6,20.9531,24,45,145,0.200503,0.206531,8.60465,0.75689,4.7125,3.82969,2.64231
one-side,3,hopcount,0,7,18.1528,19,64,126,0.205435,0.203243,7.6268,0.668608,4.0566,3.14376,2.24833
one-side,3,hopcount,0,8,16.9597,19,83,107,0.207627,0.201599,7.60816,0.752459,3.66763,2.58576,1.93646
one-side,3,hopcount,0,9,17.6509,15,54,136,0.203791,0.202147,6.83136,0.546483,4.11126,3.27636,2.47955
one-side,3,hopcount,0,10,18.4263,18,56,134,0.203791,0.205435,7.45205,0.632149,4.47008,3.16604,2.29679
one-side,3,hopcount,0,11,21.4873,24,44,146,0.207627,0.201599,8.62328,0.820036,4.65526,4.21339,2.7661
one-side,3,hopcount,0,12,21.0778,22,30,160,0.203243,0.200503,8.24803,0.71007,4.7784,4.0574,2.88013
one-side,3,hopcount,0,13,20.9325,17,37,153,0.201599,0.201051,7.21976,0.712431,5.00321,4.55764,3.03681
one-side,3,hopcount,0,14,20.3398,17,39,151,0.207079,0.202695,7.22963,0.620341,4.78648,4.50462,2.78894
one-side,3,hopcount,0,15,21.1004,21,40,150,0.202147,0.205983,8.01465,0.739432,4.81809,4.35766,2.76247
one-side,3,hopcount,0,16,21.433,24,47,143,0.204887,0.203243,8.57561,0.773573,5.02648,4.08798,2.56127
one-side,3,hopcount,0,17,19.4582,20,54,136,0.208175,0.202695,7.80319,0.693519,4.21541,3.82093,2.51424
one-side,3,hopcount,0,18,19.5701,19,48,142,0.207079,0.198311,7.59501,0.615618,4.25258,3.90316,2.79839
one-side,3,hopcount,0,19,20.98,28,59,131,0.195023,0.203791,9.21017,0.806007,4.37766,3.91236,2.27498
one-side,3,lqi,0,0,19.1821,22,63,127,0.202147,0.208175,8.17625,0.726538,4.38015,3.03217,2.45664
one-side,3,lqi,0,1,21.0544,25,40,150,0.205983,0.208723,8.81173,0.766048,5.03643,3.2794,2.74607
one-side,3,lqi,0,2,20.731,26,44,146,0.201051,0.203243,9.02758,0.739481,4.85854,3.24211,2.45898
one-side,3,lqi,0,3,21.4337,20,27,163,0.204887,0.207079,7.77688,0.666216,5.27409,4.1892,3.11537
one-side,3,lqi,0,4,21.6181,30,55,135,0.204339,0.203243,9.60296,0.837761,4.82524,3.43064,2.51396
one-side,3,lqi,0,5,20.0429,23,42,148,0.213107,0.202147,8.40908,0.716325,4.38337,3.66422,2.45467
one-side,3,lqi,0,6,18.5735,18,50,140,0.200503,0.206531,7.39999,0.575788,4.10794,3.58189,2.50091
one-side,3,lqi,0,7,19.2752,20,42,148,0.205435,0.203243,7.80483,0.664073,4.51144,3.34498,2.5412
one-side,3,lqi,0,8,18.6764,27,78,112,0.207627,0.201599,9.18753,0.824281,3.65285,2.60644,1.99603
one-side,3,lqi,0,9,18.8095,23,60,130,0.203791,0.202147,8.23122,0.677006,3.92259,3.11673,2.45601
one-side,3,lqi,0,10,19.5232,21,44,146,0.203791,0.205435,8.04205,0.69591,4.85026,2.92469,2.60107
one-side,3,lqi,0,11,18.9308,27,68,122,0.207627,0.201599,9.20452,0.830918,3.68745,2.8433,1.95543
one-side,3,lqi,0,12,20.7647,21,40,150,0.203243,0.200503,8.06123,0.719895,4.53605,4.15506,2.88872
one-side,3,lqi,0,13,19.7383,21,56,134,0.201599,0.201051,8.01849,0.714633,4.57699,3.64184,2.3837
one-side,3,lqi,0,14,22.0952,27,34,156,0.207079,0.202695,9.19575,0.770669,5.35991,3.67033,2.68875
one-side,3,lqi,0,15,17.2871,16,56,134,0.202147,0.205983,7.0357,0.574634,3.9738,3.02915,2.26572
one-side,3,lqi,0,16,19.427,20,42,148,0.204887,0.203243,7.79168,0.652843,4.68363,3.43363,2.45709
one-side,3,lqi,0,17,19.2154,24,60,130,0.208175,0.202695,8.57451,0.676619,4.15434,3.02509,2.37395
one-side,3,lqi,0,18,19.8721,25,57,133,0.207079,0.198311,8.80187,0.743042,4.33445,3.16022,2.42712
one-side,3,lqi,0,19,19.0542,25,66,124,0.195023,0.203791,8.60866,0.723023,4.12339,3.16737,2.03299
one-side,3,leo,0,0,22.0878,24,69,121,0.202147,0.208175,11.6571,0.792183,4.03309,2.96487,2.2302
one-side,3,leo,0,1,22.971,23,48,142,0.205983,0.208723,11.4007,0.760219,4.47113,3.39118,2.53306
one-side,3,leo,0,2,22.0276,25,68,122,0.201051,0.203243,11.6211,0.770403,3.97028,3.05588,2.20557
one-side,3,leo,0,3,22.4385,19,61,129,0.204887,0.207079,9.85248,0.692332,4.56898,4.28588,2.62684
one-side,3,leo,0,4,20.629,17,56,134,0.204339,0.203243,9.22365,0.630104,4.37389,3.42032,2.5735
one-side,3,leo,0,5,22.0738,16,35,155,0.213107,0.202147,9.00375,0.613863,4.74375,4.362,2.93515
one-side,3,leo,0,6,21.8919,22,64,126,0.200503,0.206531,10.782,0.731719,3.95271,3.6112,2.40726
one-side,3,leo,0,7,21.3402,21,71,119,0.205435,0.203243,11.0411,0.744425,3.8747,3.05934,2.21198
one-side,3,leo,0,8,23.7573,24,54,136,0.207627,0.201599,11.9646,0.88141,4.60691,3.24217,2.65304
one-side,3,leo,0,9,20.2366,25,86,104,0.203791,0.202147,11.1157,0.776959,3.4824,2.67596,1.7797
one-side,3,leo,0,10,21.9622,25,65,125,0.203791,0.205435,11.9544,0.741871,4.19113,2.5615,2.104
one-side,3,leo,0,11,20.4115,19,61,129,0.207627,0.201599,9.77389,0.701231,4.19489,2.89824,2.43397
one-side,3,leo,0,12,21.6991,24,77,113,0.203243,0.200503,11.8417,0.820283,3.62471,2.73202,2.27665
one-side,3,leo,0,13,23.936,23,48,142,0.201599,0.201051,11.3748,0.822102,4.49934,3.96113,2.87596
one-side,3,leo,0,14,19.1779,22,84,106,0.207079,0.202695,10.4027,0.711932,3.13013,2.61204,1.91137
one-side,3,leo,0,15,24.1958,28,58,132,0.202147,0.205983,12.9641,0.827347,4.40692,3.24008,2.34918
one-side,3,leo,0,16,21.6219,19,52,138,0.204887,0.203243,10.252,0.638516,4.35112,3.63539,2.33669
one-side,3,leo,0,17,22.3592,25,56,134,0.208175,0.202695,11.5635,0.743837,4.26282,3.04045,2.33765
one-side,3,leo,0,18,22.4382,26,65,125,0.207079,0.198311,11.8239,0.838211,4.03754,3.01149,2.32165
one-side,3,leo,0,19,22.9532,25,51,139,0.195023,0.203791,11.1761,0.841036,4.59261,3.45936,2.48529
one-side,3,lqi-literal,0,0,18.8324,22,67,123,0.202147,0.208175,8.19871,0.710734,4.06048,3.17472,2.27747
one-side,3,lqi-literal,0,1,20.526,27,53,137,0.205983,0.208723,9.19246,0.793658,4.34492,3.46824,2.31196
one-side,3,lqi-literal,0,2,18.547,24,73,117,0.201051,0.203243,8.60027,0.799886,3.66701,2.94965,2.12586
one-side,3,lqi-literal,0,3,22.1899,22,35,155,0.204887,0.207079,8.19652,0.748482,5.07613,4.64277,3.11405
one-side,3,lqi-literal,0,4,19.6065,19,56,134,0.204339,0.203243,7.6109,0.66529,4.1311,4.21872,2.57294
one-side,3,lqi-literal,0,5,20.9114,22,44,146,0.213107,0.202147,8.24091,0.753753,4.52272,4.3219,2.65691
one-side,3,lqi-literal,0,6,20.9531,24,45,145,0.200503,0.206531,8.60465,0.75689,4.7125,3.82969,2.64231
one-side,3,lqi-literal,0,7,18.1528,19,64,126,0.205435,0.203243,7.6268,0.668608,4.0566,3.14376,2.24833
one-side,3,lqi-literal,0,8,16.9597,19,83,107,0.207627,0.201599,7.60816,0.752459,3.66763,2.58576,1.93646
one-side,3,lqi-literal,0,9,17.6509,15,54,136,0.203791,0.202147,6.83136,0.546483,4.11126,3.27636,2.47955
one-side,3,lqi-literal,0,10,18.4263,18,56,134,0.203791,0.205435,7.45205,0.632149,4.47008,3.16604,2.29679
one-side,3,lqi-literal,0,11,21.4873,24,44,146,0.207627,0.201599,8.62328,0.820036,4.65526,4.21339,2.7661
one-side,3,lqi-literal,0,12,21.0778,22,30,160,0.203243,0.200503,8.24803,0.71007,4.7784,4.0574,2.88013
one-side,3,lqi-literal,0,13,20.9325,17,37,153,0.201599,0.201051,7.21976,0.712431,5.00321,4.55764,3.03681
one-side,3,lqi-literal,0,14,20.3398,17,39,151,0.207079,0.202695,7.22963,0.620341,4.78648,4.50462,2.78894
one-side,3,lqi-literal,0,15,21.1004,21,40,150,0.202147,0.205983,8.01465,0.739432,4.81809,4.35766,2.76247
one-side,3,lqi-literal,0,16,21.433,24,47,143,0.204887,0.203243,8.57561,0.773573,5.02648,4.08798,2.56127
one-side,3,lqi-literal,0,17,19.4582,20,54,136,0.208175,0.202695,7.80319,0.693519,4.21541,3.82093,2.51424
one-side,3,lqi-literal,0,18,19.5701,19,48,142,0.207079,0.198311,7.59501,0.615618,4.25258,3.90316,2.79839
one-side,3,lqi-literal,0,19,20.98,28,59,131,0.195023,0.203791,9.21017,0.806007,4.37766,3.91236,2.27498
u-shaped,2,hopcount,0,0,16.0316,6,6,184,0.212011,0.215299,5.40495,0.248484,2.74419,4.65013,2.55649
u-shaped,2,hopcount,0,1,15.8241,3,3,187,0.220231,0.216395,4.79358,0.223762,3.03559,4.76415,2.57036
u-shaped,2,hopcount,0,2,16.0429,2,2,188,0.220779,0.213655,4.55362,0.161334,3.35892,4.98381,2.55075
u-shaped,2,hopcount,0,3,16.2024,3,2,188,0.216395,0.224067,4.747,0.166465,3.68049,4.62867,2.53928
u-shaped,2,hopcount,0,4,15.5628,1,1,189,0.213655,0.216395,4.33832,0.157298,2.89196,5.10439,2.64075
u-shaped,2,hopcount,0,5,15.3661,4,3,187,0.224067,0.216395,4.95188,0.194795,2.86487,4.49073,2.42332
u-shaped,2,hopcount,0,6,16.0592,4,4,186,0.210367,0.220779,4.95024,0.22122,3.32698,4.6177,2.51193
u-shaped,2,hopcount,0,7,16.0483,4,4,186,0.216395,0.213655,4.97819,0.20778,3.15861,4.65576,2.61795
u-shaped,2,hopcount,0,8,15.7333,4,4,186,0.222971,0.215299,4.96613,0.255649,3.19489,4.44405,2.43427
u-shaped,2,hopcount,0,9,15.9289,5,5,185,0.214751,0.215847,5.18033,0.215879,3.20926,4.55117,2.34168
u-shaped,2,hopcount,0,10,15.2579,0,0,190,0.220231,0.221327,4.1274,0.171997,3.15617,4.73782,2.62295
u-shaped,2,hopcount,0,11,15.3631,4,4,186,0.220779,0.216395,4.976,0.238648,2.74432,4.34089,2.6261
u-shaped,2,hopcount,0,12,15.749,3,3,187,0.218039,0.212011,4.75412,0.203454,2.89194,4.80105,2.66834
u-shaped,2,hopcount,0,13,15.2687,3,3,187,0.211463,0.214203,4.75522,0.203005,3.13278,4.42575,2.32633
u-shaped,2,hopcount,0,14,16.2812,6,5,185,0.220779,0.221327,5.38303,0.22122,3.23789,4.53687,2.46007
u-shaped,2,hopcount,0,15,14.879,0,0,190,0.216395,0.220231,4.12028,0.159362,2.9953,4.61975,2.54767
u-shaped,2,hopcount,0,16,16.8599,5,4,186,0.213655,0.215847,5.18801,0.267931,3.89924,4.7054,2.3698
u-shaped,2,hopcount,0,17,15.8706,6,6,184,0.220779,0.212559,5.40221,0.270576,2.9276,4.3132,2.5237
u-shaped,2,hopcount,0,18,15.2549,2,2,188,0.220231,0.213655,4.54759,0.161654,3.33811,4.42979,2.34383
u-shaped,2,hopcount,0,19,15.5725,6,6,184,0.213655,0.218587,5.39454,0.241749,2.90129,4.18711,2.41562
u-shaped,2,lqi,0,0,14.8947,3,3,187,0.212011,0.215299,4.7733,0.221153,2.75609,3.73633,2.98048
u-shaped,2,lqi,0,1,14.7105,1,6,184,0.220231,0.216395,4.36133,0.187251,3.13648,3.74304,2.84578
u-shaped,2,lqi,0,2,15.1998,2,2,188,0.220779,0.213655,4.55362,0.187431,3.17713,4.12606,2.72112
u-shaped,2,lqi,0,3,15.1658,1,1,189,0.216395,0.224067,4.31311,0.171228,3.26307,4.16358,2.81433
u-shaped,2,lqi,0,4,15.2012,6,5,185,0.213655,0.216395,5.41207,0.257701,2.85539,3.48752,2.75845
u-shaped,2,lqi,0,5,14.3519,0,0,190,0.224067,0.216395,4.09617,0.161882,2.93875,3.77379,2.94084
u-shaped,2,lqi,0,6,15.4938,3,3,187,0.210367,0.220779,4.7607,0.214455,2.86349,4.31933,2.90471
u-shaped,2,lqi,0,7,14.9996,1,1,189,0.216395,0.213655,4.32845,0.179898,3.12803,4.05167,2.88151
u-shaped,2,lqi,0,8,14.6546,1,1,189,0.222971,0.215299,4.31201,0.176072,2.81195,4.07829,2.83799
u-shaped,2,lqi,0,9,14.8754,1,1,189,0.214751,0.215847,4.33393,0.184382,3.22355,3.82601,2.87693
u-shaped,2,lqi,0,10,14.242,1,4,186,0.220231,0.221327,4.33941,0.18223,2.72716,3.70652,2.84507
u-shaped,2,lqi,0,11,14.5076,1,1,189,0.220779,0.216395,4.33339,0.191657,2.99424,3.67386,2.87733
u-shaped,2,lqi,0,12,14.447,0,0,190,0.218039,0.212011,4.10767,0.163158,2.9663,3.74327,3.03657
u-shaped,2,lqi,0,13,14.7834,3,3,187,0.211463,0.214203,4.74754,0.206036,3.01454,3.68043,2.70916
u-shaped,2,lqi,0,14,14.7863,1,1,189,0.220779,0.221327,4.31475,0.188387,3.03686,3.97673,2.82745
u-shaped,2,lqi,0,15,14.5646,0,0,190,0.216395,0.220231,4.12028,0.194707,3.03002,3.88704,2.8959
u-shaped,2,lqi,0,16,15.3728,3,3,187,0.213655,0.215847,4.75796,0.209751,3.10892,4.13797,2.72871
u-shaped,2,lqi,0,17,15.8403,4,4,186,0.220779,0.212559,4.96668,0.250705,3.22686,4.1256,2.83716
u-shaped,2,lqi,0,18,15.6397,3,3,187,0.220231,0.213655,4.75741,0.225016,3.1917,4.03443,2.99726
u-shaped,2,lqi,0,19,14.8933,3,3,187,0.213655,0.218587,4.75467,0.189873,2.86731,3.85605,2.79314
u-shaped,2,leo,0,0,15.8593,5,4,186,0.212011,0.215299,5.42468,0.243422,2.77843,4.45424,2.5312
u-shaped,2,leo,0,1,16.1113,6,5,185,0.220231,0.216395,5.75039,0.252419,2.84328,4.25737,2.57126
u-shaped,2,leo,0,2,16.5557,3,3,187,0.220779,0.213655,5.02873,0.191187,3.39405,4.84047,2.66679
u-shaped,2,leo,0,3,16.7819,3,2,188,0.216395,0.224067,4.95993,0.163007,3.65852,4.94542,2.61452
u-shaped,2,leo,0,4,15.8071,4,3,187,0.213655,0.216395,5.20845,0.220304,2.97164,4.55564,2.42098
u-shaped,2,leo,0,5,15.1375,2,2,188,0.224067,0.216395,4.64008,0.186714,2.78493,4.67359,2.41168
u-shaped,2,leo,0,6,16.0483,6,6,184,0.210367,0.220779,5.66566,0.233207,3.09912,4.20291,2.41624
u-shaped,2,leo,0,7,16.7979,6,6,184,0.216395,0.213655,5.77589,0.268692,2.86288,4.82893,2.63144
u-shaped,2,leo,0,8,16.8758,5,4,186,0.222971,0.215299,5.44289,0.285175,3.09858,4.96232,2.64855
u-shaped,2,leo,0,9,16.0601,5,5,185,0.214751,0.215847,5.44639,0.23768,3.15641,4.34674,2.44228
u-shaped,2,leo,0,10,15.2579,0,0,190,0.220231,0.221327,4.1274,0.171997,3.15617,4.73782,2.62295
u-shaped,2,leo,0,11,15.7709,3,3,187,0.220779,0.216395,4.93586,0.207162,2.9197,4.56145,2.70958
u-shaped,2,leo,0,12,16.6134,4,4,186,0.218039,0.212011,5.23126,0.231773,2.99116,4.99912,2.73001
u-shaped,2,leo,0,13,16.2154,6,6,184,0.211463,0.214203,5.77096,0.251173,3.04345,4.35197,2.37217
u-shaped,2,leo,0,14,16.0441,3,3,187,0.220779,0.221327,4.96558,0.177128,3.55324,4.44387,2.46216
u-shaped,2,leo,0,15,14.879,0,0,190,0.216395,0.220231,4.12028,0.159362,2.9953,4.61975,2.54767
u-shaped,2,leo,0,16,17.565,8,8,182,0.213655,0.215847,6.37875,0.316319,3.43862,4.55275,2.44909
u-shaped,2,leo,0,17,15.9658,5,4,186,0.220779,0.212559,5.45457,0.232163,2.80201,4.59496,2.44879
u-shaped,2,leo,0,18,15.918,2,2,188,0.220231,0.213655,4.64101,0.160966,3.27371,4.86175,2.54666
u-shaped,2,leo,0,19,15.0618,3,3,187,0.213655,0.218587,4.87507,0.22122,3.0245,3.91025,2.59857
u-shaped,2,lqi-literal,0,0,16.0316,6,6,184,0.212011,0.215299,5.40495,0.248484,2.74419,4.65013,2.55649
u-shaped,2,lqi-literal,0,1,15.8241,3,3,187,0.220231,0.216395,4.79358,0.223762,3.03559,4.76415,2.57036
u-shaped,2,lqi-literal,0,2,16.0429,2,2,188,0.220779,0.213655,4.55362,0.161334,3.35892,4.98381,2.55075
u-shaped,2,lqi-literal,0,3,16.2024,3,2,188,0.216395,0.224067,4.747,0.166465,3.68049,4.62867,2.53928
u-shaped,2,lqi-literal,0,4,15.5628,1,1,189,0.213655,0.216395,4.33832,0.157298,2.89196,5.10439,2.64075
u-shaped,2,lqi-literal,0,5,15.3661,4,3,187,0.224067,0.216395,4.95188,0.194795,2.86487,4.49073,2.42332
u-shaped,2,lqi-literal,0,6,16.0592,4,4,186,0.210367,0.220779,4.95024,0.22122,3.32698,4.6177,2.51193
u-shaped,2,lqi-literal,0,7,16.0483,4,4,186,0.216395,0.213655,4.97819,0.20778,3.15861,4.65576,2.61795
u-shaped,2,lqi-literal,0,8,15.7333,4,4,186,0.222971,0.215299,4.96613,0.255649,3.19489,4.44405,2.43427
u-shaped,2,lqi-literal,0,9,15.9289,5,5,185,0.214751,0.215847,5.18033,0.215879,3.20926,4.55117,2.34168
u-shaped,2,lqi-literal,0,10,15.2579,0,0,190,0.220231,0.221327,4.1274,0.171997,3.15617,4.73782,2.62295
u-shaped,2,lqi-literal,0,11,15.3631,4,4,186,0.220779,0.216395,4.976,0.238648,2.74432,4.34089,2.6261
u-shaped,2,lqi-literal,0,12,15.749,3,3,187,0.218039,0.212011,4.75412,0.203454,2.89194,4.80105,2.66834
u-shaped,2,lqi-literal,0,13,15.2687,3,3,187,0.211463,0.214203,4.75522,0.203005,3.13278,4.42575,2.32633
u-shaped,2,lqi-literal,0,14,16.2812,6,5,185,0.220779,0.221327,5.38303,0.22122,3.23789,4.53687,2.46007
u-shaped,2,lqi-literal,0,15,14.879,0,0,190,0.216395,0.220231,4.12028,0.159362,2.9953,4.61975,2.54767
u-shaped,2,lqi-literal,0,16,16.8599,5,4,186,0.213655,0.215847,5.18801,0.267931,3.89924,4.7054,2.3698
u-shaped,2,lqi-literal,0,17,15.8706,6,6,184,0.220779,0.212559,5.40221,0.270576,2.9276,4.3132,2.5237
u-shaped,2,lqi-literal,0,18,15.2549,2,2,188,0.220231,0.213655,4.54759,0.161654,3.33811,4.42979,2.34383
u-shaped,2,lqi-literal,0,19,15.5725,6,6,184,0.213655,0.218587,5.39454,0.241749,2.90129,4.18711,2.41562
u-shaped,2.25,hopcount,0,0,13.5465,16,79,111,0.142963,0.139675,5.09304,0.745268,2.35964,2.99238,2.07355
u-shaped,2.25,hopcount,0,1,13.7191,19,77,113,0.148991,0.146251,5.51316,0.749005,2.27665,2.77817,2.10687
u-shaped,2.25,hopcount,0,2,13.553,20,83,107,0.149539,0.151183,5.69887,0.706615,2.37379,2.65715,1.8159
u-shaped,2.25,hopcount,0,3,15.596,17,59,131,0.147347,0.141319,5.21353,0.741638,3.24539,3.44516,2.66156
u-shaped,2.25,hopcount,0,4,13.251,17,77,113,0.149539,0.144059,5.21847,0.713531,2.14936,2.78339,2.09266
u-shaped,2.25,hopcount,0,5,14.8263,12,58,132,0.152279,0.153923,4.52064,0.642253,3.03199,3.54977,2.77549
u-shaped,2.25,hopcount,0,6,15.1723,20,74,116,0.148991,0.148443,5.65832,0.768803,2.61826,3.64087,2.18865
u-shaped,2.25,hopcount,0,7,15.9744,17,68,122,0.146799,0.148443,5.24367,0.784108,2.96428,4.07781,2.60931
u-shaped,2.25,hopcount,0,8,15.0173,16,64,126,0.144059,0.141867,5.07824,0.771992,2.68679,3.61688,2.57746
u-shaped,2.25,hopcount,0,9,13.7838,20,85,105,0.147347,0.147347,5.67092,0.746583,2.48427,2.70737,1.87997
u-shaped,2.25,hopcount,0,10,14.5808,23,68,122,0.150635,0.150635,6.11461,0.775093,2.55356,2.68314,2.15309
u-shaped,2.25,hopcount,0,11,14.7726,19,67,123,0.145703,0.147347,5.5559,0.856309,2.71672,2.9682,2.38247
u-shaped,2.25,hopcount,0,12,16.6323,18,56,134,0.147347,0.149539,5.40911,0.743592,3.30557,4.02695,2.85024
u-shaped,2.25,hopcount,0,13,10.8433,14,100,90,0.141867,0.146251,4.79889,0.533864,1.56461,2.22415,1.43365
u-shaped,2.25,hopcount,0,14,14.9356,24,73,117,0.144059,0.147895,6.25099,0.858911,2.87031,2.65328,2.01013
u-shaped,2.25,hopcount,0,15,14.4248,20,79,111,0.147895,0.147347,5.66873,0.813223,2.63598,3.08899,1.92262
u-shaped,2.25,hopcount,0,16,14.5202,15,67,123,0.151731,0.145703,4.9709,0.702203,2.51754,3.65226,2.37987
u-shaped,2.25,hopcount,0,17,14.564,21,77,113,0.152279,0.144059,5.79361,0.807046,2.43331,3.02756,2.20613
u-shaped,2.25,hopcount,0,18,11.7052,12,84,106,0.154471,0.144059,4.52995,0.566008,1.96352,2.58689,1.76028
u-shaped,2.25,hopcount,0,19,12.803,21,92,98,0.147347,0.141867,5.82758,0.791264,2.11885,2.18418,1.59195
u-shaped,2.25,lqi,0,0,12.8512,18,83,107,0.142963,0.139675,5.40527,0.776334,2.15304,2.16844,2.06551
u-shaped,2.25,lqi,0,1,11.4442,10,82,108,0.148991,0.146251,4.22814,0.571866,2.02428,2.2407,2.08394
u-shaped,2.25,lqi,0,2,13.2519,15,71,119,0.149539,0.151183,4.9572,0.689826,2.43598,2.61848,2.24968
u-shaped,2.25,lqi,0,3,14.4596,13,56,134,0.147347,0.141319,4.65702,0.593538,2.86811,3.14085,2.91139
u-shaped,2.25,lqi,0,4,11.4936,13,83,107,0.149539,0.144059,4.65538,0.607231,1.93,2.13797,1.86944
u-shaped,2.25,lqi,0,5,13.9094,16,72,118,0.152279,0.153923,5.09961,0.698572,2.53934,2.72041,2.54531
u-shaped,2.25,lqi,0,6,14.7129,16,66,124,0.148991,0.148443,5.08591,0.726403,2.6571,3.32639,2.61963
u-shaped,2.25,lqi,0,7,13.906,18,75,115,0.146799,0.148443,5.38445,0.723158,2.39154,2.73195,2.37969
u-shaped,2.25,lqi,0,8,13.1836,15,70,120,0.144059,0.141867,4.92706,0.750748,2.4156,2.45682,2.34744
u-shaped,2.25,lqi,0,9,14.3406,22,68,122,0.147347,0.147347,5.95904,0.8596,2.57002,2.22045,2.43676
u-shaped,2.25,lqi,0,10,12.6107,18,84,106,0.150635,0.150635,5.39869,0.688372,2.12034,2.22043,1.88155
u-shaped,2.25,lqi,0,11,13.0673,13,65,125,0.145703,0.147347,4.64935,0.593637,2.53625,2.49859,2.49646
u-shaped,2.25,lqi,0,12,12.7015,18,78,112,0.147347,0.149539,5.4239,0.738162,2.20475,2.05609,1.98173
u-shaped,2.25,lqi,0,13,12.9879,19,77,113,0.141867,0.146251,5.52741,0.708687,2.27276,2.16563,2.02525
u-shaped,2.25,lqi,0,14,12.298,20,85,105,0.144059,0.147895,5.68188,0.749585,1.94438,1.89454,1.73568
u-shaped,2.25,lqi,0,15,12.5884,14,81,109,0.147895,0.147347,4.81917,0.67416,2.12404,2.5812,2.09456
u-shaped,2.25,lqi,0,16,12.2947,11,73,117,0.151731,0.145703,4.38682,0.563996,2.31063,2.43309,2.30269
u-shaped,2.25,lqi,0,17,12.2662,13,75,115,0.152279,0.144059,4.65976,0.59333,2.31699,2.23409,2.16567
u-shaped,2.25,lqi,0,18,12.5244,11,74,116,0.154471,0.144059,4.40343,0.552128,2.34745,2.6692,2.25365
u-shaped,2.25,lqi,0,19,11.3054,12,82,108,0.147347,0.141867,4.52667,0.531191,2.04835,2.04039,1.86958
u-shaped,2.25,leo,0,0,13.6166,18,91,99,0.142963,0.139675,6.57915,0.734467,1.96896,2.40269,1.64871
u-shaped,2.25,leo,0,1,14.3458,18,83,107,0.148991,0.146251,6.54223,0.719272,2.22975,2.54011,2.01917
u-shaped,2.25,leo,0,2,16.229,22,76,114,0.149539,0.151183,7.6586,0.830246,2.50897,2.8567,2.07378
u-shaped,2.25,leo,0,3,13.2251,17,102,88,0.147347,0.141319,6.25723,0.737423,2.09346,2.27055,1.57772
u-shaped,2.25,leo,0,4,15.3469,18,75,115,0.149539,0.144059,6.72578,0.768538,2.21588,3.13979,2.2033
u-shaped,2.25,leo,0,5,17.2935,19,60,130,0.152279,0.153923,7.13157,0.83387,2.75212,3.49728,2.77242
u-shaped,2.25,leo,0,6,14.8929,19,78,112,0.148991,0.148443,6.99624,0.71434,2.29052,2.61302,1.98137
u-shaped,2.25,leo,0,7,15.3669,17,79,111,0.146799,0.148443,6.49324,0.754853,2.53355,3.10431,2.18569
u-shaped,2.25,leo,0,8,14.6371,20,91,99,0.144059,0.141867,6.99401,0.827078,2.05457,2.63145,1.84403
u-shaped,2.25,leo,0,9,13.6292,19,90,100,0.147347,0.147347,6.63569,0.718873,2.18289,2.11093,1.68614
u-shaped,2.25,leo,0,10,15.7751,22,71,119,0.150635,0.150635,7.21108,0.803631,2.52837,2.66862,2.26213
u-shaped,2.25,leo,0,11,14.6273,18,76,114,0.145703,0.147347,6.45685,0.787566,2.40637,2.55347,2.12998
u-shaped,2.25,leo,0,12,16.6285,22,71,119,0.147347,0.149539,7.38908,0.787449,2.53854,3.40187,2.21471
u-shaped,2.25,leo,0,13,14.4291,16,76,114,0.141867,0.146251,6.17526,0.637275,2.26241,3.03368,2.03232
u-shaped,2.25,leo,0,14,13.8562,17,79,111,0.144059,0.147895,6.02295,0.69982,2.33268,2.53015,1.97861
u-shaped,2.25,leo,0,15,14.0293,12,76,114,0.147895,0.147347,5.31981,0.633984,2.53746,3.14522,2.09761
u-shaped,2.25,leo,0,16,14.5262,16,81,109,0.151731,0.145703,6.31936,0.71172,2.10487,3.15104,1.94176
u-shaped,2.25,leo,0,17,12.3412,16,92,98,0.152279,0.144059,5.66548,0.653107,1.88893,2.13025,1.70712
u-shaped,2.25,leo,0,18,14.3463,17,76,114,0.154471,0.144059,6.38842,0.708549,2.25214,2.70806,1.99055
u-shaped,2.25,leo,0,19,15.152,15,69,121,0.147347,0.141867,5.86392,0.686965,2.72917,3.09432,2.4884
u-shaped,2.25,lqi-literal,0,0,13.5465,16,79,111,0.142963,0.139675,5.09304,0.745268,2.35964,2.99238,2.07355
u-shaped,2.25,lqi-literal,0,1,13.7191,19,77,113,0.148991,0.146251,5.51316,0.749005,2.27665,2.77817,2.10687
u-shaped,2.25,lqi-literal,0,2,13.553,20,83,107,0.149539,0.151183,5.69887,0.706615,2.37379,2.65715,1.8159
u-shaped,2.25,lqi-literal,0,3,15.596,17,59,131,0.147347,0.141319,5.21353,0.741638,3.24539,3.44516,2.66156
u-shaped,2.25,lqi-literal,0,4,13.251,17,77,113,0.149539,0.144059,5.21847,0.713531,2.14936,2.78339,2.09266
u-shaped,2.25,lqi-literal,0,5,14.8263,12,58,132,0.152279,0.153923,4.52064,0.642253,3.03199,3.54977,2.77549
u-shaped,2.25,lqi-literal,0,6,15.1723,20,74,116,0.148991,0.148443,5.65832,0.768803,2.61826,3.64087,2.18865
u-shaped,2.25,lqi-literal,0,7,15.9744,17,68,122,0.146799,0.148443,5.24367,0.784108,2.96428,4.07781,2.60931
u-shaped,2.25,lqi-literal,0,8,15.0173,16,64,126,0.144059,0.141867,5.07824,0.771992,2.68679,3.61688,2.57746
u-shaped,2.25,lqi-literal,0,9,13.7838,20,85,105,0.147347,0.147347,5.67092,0.746583,2.48427,2.70737,1.87997
u-shaped,2.25,lqi-literal,0,10,14.5808,23,68,122,0.150635,0.150635,6.11461,0.775093,2.55356,2.68314,2.15309
u-shaped,2.25,lqi-literal,0,11,14.7726,19,67,123,0.145703,0.147347,5.5559,0.856309,2.71672,2.9682,2.38247
u-shaped,2.25,lqi-literal,0,12,16.6323,18,56,134,0.147347,0.149539,5.40911,0.743592,3.30557,4.02695,2.85024
u-shaped,2.25,lqi-literal,0,13,10.8433,14,100,90,0.141867,0.146251,4.79889,0.533864,1.56461,2.22415,1.43365
u-shaped,2.25,lqi-literal,0,14,14.9356,24,73,117,0.144059,0.147895,6.25099,0.858911,2.87031,2.65328,2.01013
u-shaped,2.25,lqi-literal,0,15,14.4248,20,79,111,0.147895,0.147347,5.66873,0.813223,2.63598,3.08899,1.92262
u-shaped,2.25,lqi-literal,0,16,14.5202,15,67,123,0.151731,0.145703,4.9709,0.702203,2.51754,3.65226,2.37987
u-shaped,2.25,lqi-literal,0,17,14.564,21,77,113,0.152279,0.144059,5.79361,0.807046,2.43331,3.02756,2.20613
u-shaped,2.25,lqi-literal,0,18,11.7052,12,84,106,0.154471,0.144059,4.52995,0.566008,1.96352,2.58689,1.76028
u-shaped,2.25,lqi-literal,0,19,12.803,21,92,98,0.147347,0.141867,5.82758,0.791264,2.11885,2.18418,1.59195
u-shaped,2.5,hopcount,0,0,15.1439,17,78,112,0.113919,0.112823,4.08524,1.06095,3.15318,3.28396,3.33385
u-shaped,2.5,hopcount,0,1,15.9318,26,88,102,0.113919,0.112275,5.11705,1.43992,3.05788,3.0893,3.00149
u-shaped,2.5,hopcount,0,2,12.869,15,91,99,0.117207,0.118851,3.862,1.00295,2.59216,2.37702,2.79886
u-shaped,2.5,hopcount,0,3,15.958,23,86,104,0.115563,0.114467,4.86826,1.21665,3.20596,3.47313,2.96395
u-shaped,2.5,hopcount,0,4,14.6309,25,96,94,0.114467,0.115563,5.01574,1.40872,2.62254,2.68598,2.66792
u-shaped,2.5,hopcount,0,5,16.7623,21,77,113,0.113919,0.115563,4.49323,1.26642,3.59658,3.726,3.45057
u-shaped,2.5,hopcount,0,6,14.1815,26,102,88,0.113371,0.112823,5.10798,1.26707,2.58401,2.6623,2.33394
u-shaped,2.5,hopcount,0,7,18.5317,26,66,124,0.116659,0.115563,5.06502,1.362,3.68696,4.3437,3.84181
u-shaped,2.5,hopcount,0,8,17.7537,22,71,119,0.117755,0.112275,4.69754,1.3471,3.78708,4.03822,3.65377
u-shaped,2.5,hopcount,0,9,16.6267,22,81,109,0.115563,0.109535,4.68987,1.22174,3.39456,3.69471,3.40073
u-shaped,2.5,hopcount,0,10,17.6427,26,75,115,0.115015,0.120495,5.14028,1.38332,3.93176,3.41513,3.53673
u-shaped,2.5,hopcount,0,11,14.9863,19,85,105,0.117755,0.113371,4.32729,1.17279,3.129,3.20101,2.92513
u-shaped,2.5,hopcount,0,12,17.2297,23,72,118,0.116111,0.114467,4.81622,1.18072,3.64165,3.76793,3.59264
u-shaped,2.5,hopcount,0,13,18.5834,16,54,136,0.117207,0.115015,4.00361,0.97098,4.35835,4.28808,4.73018
u-shaped,2.5,hopcount,0,14,15.4197,19,81,109,0.112823,0.112275,4.33643,1.10808,3.21799,3.2131,3.31898
u-shaped,2.5,hopcount,0,15,19.8244,22,56,134,0.116111,0.115015,4.63439,1.2412,4.52672,4.68681,4.50414
u-shaped,2.5,hopcount,0,16,17.7109,21,64,126,0.116659,0.119947,4.58582,1.11952,4.04202,3.89911,3.8278
u-shaped,2.5,hopcount,0,17,16.8499,23,90,100,0.116111,0.113371,4.77732,1.33992,3.80814,3.20335,3.49171
u-shaped,2.5,hopcount,0,18,19.9189,24,60,130,0.116659,0.113919,4.89617,1.25605,4.37095,4.63779,4.52738
u-shaped,2.5,hopcount,0,19,17.5658,30,79,111,0.114467,0.114467,5.58339,1.48283,3.6244,3.21523,3.43102
u-shaped,2.5,lqi,0,0,17.3283,18,62,128,0.113919,0.112823,4.21796,1.05841,3.62275,4.02889,4.17354
u-shaped,2.5,lqi,0,1,17.6473,19,67,123,0.113919,0.112275,4.32126,1.17237,3.8163,3.77035,4.34082
u-shaped,2.5,lqi,0,2,18.4138,18,60,130,0.117207,0.119399,4.24187,1.03962,4.02259,4.13845,4.73464
u-shaped,2.5,lqi,0,3,19.4521,16,49,141,0.115563,0.114467,4.08617,1.17159,4.45169,4.25763,5.25498
u-shaped,2.5,lqi,0,4,18.1292,17,55,135,0.114467,0.115563,4.01159,1.10782,3.81651,4.308,4.65526
u-shaped,2.5,lqi,0,5,14.596,19,84,106,0.115015,0.116111,4.3525,1.03152,2.82864,3.02024,3.13199
u-shaped,2.5,lqi,0,6,16.2443,28,77,113,0.113371,0.112823,5.32925,1.43086,3.25872,2.77645,3.22285
u-shaped,2.5,lqi,0,7,16.9637,21,72,118,0.116659,0.115563,4.52363,1.28404,3.43634,3.64366,3.8438
u-shaped,2.5,lqi,0,8,16.5891,20,67,123,0.117755,0.112275,4.44778,1.14523,3.31714,3.52202,3.92685
u-shaped,2.5,lqi,0,9,20.3379,26,62,128,0.115563,0.109535,5.13075,1.39309,4.36557,4.35166,4.87172
u-shaped,2.5,lqi,0,10,15.6311,16,74,116,0.116111,0.119947,4.01424,1.05716,3.16287,3.6019,3.55886
u-shaped,2.5,lqi,0,11,16.4397,22,77,113,0.117755,0.113371,4.6585,1.30559,3.18685,3.31433,3.74328
u-shaped,2.5,lqi,0,12,18.0168,25,64,126,0.116111,0.114467,5.00482,1.45847,3.63795,3.62437,4.06057
u-shaped,2.5,lqi,0,13,19.7714,21,52,138,0.117207,0.115015,4.56664,1.16139,4.34352,4.37626,5.09135
u-shaped,2.5,lqi,0,14,18.3366,22,67,123,0.112823,0.112275,4.67381,1.34597,3.68051,4.06249,4.34874
u-shaped,2.5,lqi,0,15,16.0698,21,82,108,0.116111,0.115015,4.57047,1.22695,3.26254,3.11644,3.66227
u-shaped,2.5,lqi,0,16,15.8853,15,69,121,0.116659,0.119947,3.89627,0.928215,3.17056,3.75355,3.90013
u-shaped,2.5,lqi,0,17,17.2886,21,64,126,0.116659,0.113371,4.51701,1.34672,3.61362,3.51659,4.06463
u-shaped,2.5,lqi,0,18,14.7264,20,84,106,0.116659,0.113919,4.43956,1.07115,2.8577,2.77595,3.35148
u-shaped,2.5,lqi,0,19,16.7282,16,58,132,0.113919,0.115015,3.98481,1.13277,3.7434,3.28026,4.358
u-shaped,2.5,leo,0,0,19.9245,17,59,131,0.113919,0.112823,5.33679,1.10001,4.19524,4.46391,4.60177
u-shaped,2.5,leo,0,1,15.7178,17,86,104,0.113919,0.112275,5.25204,0.988872,2.92364,2.95558,3.37145
u-shaped,2.5,leo,0,2,17.5788,17,74,116,0.117207,0.118851,5.22291,1.06773,3.68621,3.49831,3.86759
u-shaped,2.5,leo,0,3,14.3663,18,93,97,0.115563,0.114467,5.32343,1.00188,2.49608,2.67401,2.64087
u-shaped,2.5,leo,0,4,16.4198,19,84,106,0.113919,0.115563,5.61982,0.990969,3.22148,3.08972,3.26835
u-shaped,2.5,leo,0,5,16.2398,20,85,105,0.113919,0.115563,5.83339,1.1399,3.09128,2.99763,2.94806
u-shaped,2.5,leo,0,6,17.8932,19,69,121,0.113371,0.112823,5.52217,1.04019,3.69278,3.74304,3.66881
u-shaped,2.5,leo,0,7,16.3999,15,81,109,0.116659,0.115563,5.01024,0.968653,3.07959,3.80072,3.30843
u-shaped,2.5,leo,0,8,19.2607,19,60,130,0.117755,0.112275,5.45547,1.18726,3.84726,4.20001,4.34068
u-shaped,2.5,leo,0,9,12.6276,16,102,88,0.115563,0.109535,5.04183,0.943499,2.25044,1.99189,2.17481
u-shaped,2.5,leo,0,10,15.5801,22,87,103,0.116659,0.120495,5.9636,1.10481,2.96457,2.57052,2.73947
u-shaped,2.5,leo,0,11,17.0786,16,71,119,0.117755,0.113371,5.04975,0.993362,3.39422,3.72648,3.68367
u-shaped,2.5,leo,0,12,17.9451,16,67,123,0.116111,0.114467,4.96366,0.927345,3.62124,4.206,3.9963
u-shaped,2.5,leo,0,13,16.5081,18,78,112,0.117207,0.115015,5.08217,0.990031,3.39882,3.49439,3.31051
u-shaped,2.5,leo,0,14,14.7258,17,88,102,0.112823,0.112275,5.31204,1.11332,2.71481,2.42259,2.9379
u-shaped,2.5,leo,0,15,19.1472,22,69,121,0.116111,0.115015,6.36648,1.11397,3.84045,3.51649,4.07863
u-shaped,2.5,leo,0,16,18.4188,23,70,120,0.116659,0.119947,6.14227,1.25966,3.59542,3.30371,3.88108
u-shaped,2.5,leo,0,17,16.0928,22,85,105,0.116111,0.113371,5.58428,1.23003,2.9962,2.95202,3.10082
u-shaped,2.5,leo,0,18,19.0157,20,68,122,0.116659,0.113919,6.03661,1.09829,3.62357,3.95871,4.06792
u-shaped,2.5,leo,0,19,16.6656,20,82,108,0.114467,0.114467,6.24695,1.03318,3.01896,3.03857,3.09905
u-shaped,2.5,lqi-literal,0,0,15.1439,17,78,112,0.113919,0.112823,4.08524,1.06095,3.15318,3.28396,3.33385
u-shaped,2.5,lqi-literal,0,1,15.9318,26,88,102,0.113919,0.112275,5.11705,1.43992,3.05788,3.0893,3.00149
u-shaped,2.5,lqi-literal,0,2,12.869,15,91,99,0.117207,0.118851,3.862,1.00295,2.59216,2.37702,2.79886
u-shaped,2.5,lqi-literal,0,3,15.958,23,86,104,0.115563,0.114467,4.86826,1.21665,3.20596,3.47313,2.96395
u-shaped,2.5,lqi-literal,0,4,14.6309,25,96,94,0.114467,0.115563,5.01574,1.40872,2.62254,2.68598,2.66792
u-shaped,2.5,lqi-literal,0,5,16.7623,21,77,113,0.113919,0.115563,4.49323,1.26642,3.59658,3.726,3.45057
u-shaped,2.5,lqi-literal,0,6,14.1815,26,102,88,0.113371,0.112823,5.10798,1.26707,2.58401,2.6623,2.33394
u-shaped,2.5,lqi-literal,0,7,18.5317,26,66,124,0.116659,0.115563,5.06502,1.362,3.68696,4.3437,3.84181
u-shaped,2.5,lqi-literal,0,8,17.7537,22,71,119,0.117755,0.112275,4.69754,1.3471,3.78708,4.03822,3.65377
u-shaped,2.5,lqi-literal,0,9,16.6267,22,81,109,0.115563,0.109535,4.68987,1.22174,3.39456,3.69471,3.40073
u-shaped,2.5,lqi-literal,0,10,17.6427,26,75,115,0.115015,0.120495,5.14028,1.38332,3.93176,3.41513,3.53673
u-shaped,2.5,lqi-literal,0,11,14.9863,19,85,105,0.117755,0.113371,4.32729,1.17279,3.129,3.20101,2.92513
u-shaped,2.5,lqi-literal,0,12,17.2297,23,72,118,0.116111,0.114467,4.81622,1.18072,3.64165,3.76793,3.59264
u-shaped,2.5,lqi-literal,0,13,18.5834,16,54,136,0.117207,0.115015,4.00361,0.97098,4.35835,4.28808,4.73018
u-shaped,2.5,lqi-literal,0,14,15.4197,19,81,109,0.112823,0.112275,4.33643,1.10808,3.21799,3.2131,3.31898
u-shaped,2.5,lqi-literal,0,15,19.8244,22,56,134,0.116111,0.115015,4.63439,1.2412,4.52672,4.68681,4.50414
u-shaped,2.5,lqi-literal,0,16,17.7109,21,64,126,0.116659,0.119947,4.58582,1.11952,4.04202,3.89911,3.8278
u-shaped,2.5,lqi-literal,0,17,16.8499,23,90,100,0.116111,0.113371,4.77732,1.33992,3.80814,3.20335,3.49171
u-shaped,2.5,lqi-literal,0,18,19.9189,24,60,130,0.116659,0.113919,4.89617,1.25605,4.37095,4.63779,4.52738
u-shaped,2.5,lqi-literal,0,19,17.5658,30,79,111,0.114467,0.114467,5.58339,1.48283,3.6244,3.21523,3.43102
u-shaped,2.625,hopcount,0,0,16.7414,20,88,102,0.105699,0.104055,3.89077,1.37574,3.71336,3.47399,4.07778
u-shaped,2.625,hopcount,0,1,20.1484,18,63,127,0.104055,0.104603,3.79595,1.16859,4.74467,4.74967,5.48084
u-shaped,2.625,hopcount,0,2,23.9315,16,42,148,0.105699,0.107891,3.53505,1.39402,5.60639,6.24584,6.93665
u-shaped,2.625,hopcount,0,3,18.1744,22,77,113,0.104603,0.102411,4.24911,1.30924,4.03789,3.94282,4.42835
u-shaped,2.625,hopcount,0,4,20.9494,18,60,130,0.105699,0.104055,3.78448,1.40047,4.93187,4.94461,5.67822
u-shaped,2.625,hopcount,0,5,21.22,20,57,133,0.100767,0.105151,3.98424,1.30221,4.97355,5.0092,5.74493
u-shaped,2.625,hopcount,0,6,16.9739,16,78,112,0.103507,0.104603,3.55887,1.20342,3.87946,3.6969,4.42712
u-shaped,2.625,hopcount,0,7,18.9979,20,71,119,0.109535,0.105151,3.98808,1.52903,4.21406,4.14393,4.90815
u-shaped,2.625,hopcount,0,8,16.1442,16,81,109,0.107343,0.101315,3.59585,1.11559,3.64868,3.52948,4.04592
u-shaped,2.625,hopcount,0,9,15.2766,17,93,97,0.106795,0.104055,3.64906,1.27971,3.2187,3.11641,3.80186
u-shaped,2.625,hopcount,0,10,15.1721,24,93,97,0.104603,0.108439,4.42744,1.33308,3.12931,2.6753,3.39393
u-shaped,2.625,hopcount,0,11,18.824,22,79,111,0.107343,0.106795,4.26323,1.56059,4.07181,3.86465,4.84957
u-shaped,2.625,hopcount,0,12,18.1319,23,72,118,0.102411,0.105699,4.19649,1.43679,4.00822,3.89821,4.38405
u-shaped,2.625,hopcount,0,13,17.3207,14,77,113,0.104603,0.102411,3.25307,1.04719,3.89216,4.18169,4.73954
u-shaped,2.625,hopcount,0,14,15.9434,20,88,102,0.105699,0.104055,3.92117,1.33368,3.40739,3.32908,3.74235
u-shaped,2.625,hopcount,0,15,16.2063,16,85,105,0.106795,0.104603,3.75189,1.39039,3.40149,3.4798,3.97137
u-shaped,2.625,hopcount,0,16,19.4864,20,70,120,0.108439,0.105151,4.03673,1.2358,4.37076,4.50032,5.12924
u-shaped,2.625,hopcount,0,17,18.479,14,77,113,0.105699,0.104055,3.34443,1.18817,4.398,4.15357,5.18507
u-shaped,2.625,hopcount,0,18,16.7674,22,85,105,0.104055,0.107343,4.28709,1.45975,3.57529,3.24382,3.99008
u-shaped,2.625,hopcount,0,19,20.3435,15,63,127,0.102959,0.105151,3.49399,1.09988,4.89257,4.90702,5.74194
u-shaped,2.625,lqi,0,0,21.5558,14,55,135,0.106247,0.105151,3.32745,1.17991,5.00782,5.34904,6.48023
u-shaped,2.625,lqi,0,1,18.4468,18,70,120,0.103507,0.103507,3.77006,1.33139,3.95805,4.09516,5.08515
u-shaped,2.625,lqi,0,2,17.9173,13,74,116,0.106247,0.107891,3.36134,1.0944,4.00588,4.21883,5.02275
u-shaped,2.625,lqi,0,3,22.483,15,51,139,0.103507,0.101863,3.54593,1.19722,5.38402,5.40684,6.74364
u-shaped,2.625,lqi,0,4,19.326,19,66,124,0.105699,0.104055,3.87412,1.41219,4.28621,4.21944,5.32426
u-shaped,2.625,lqi,0,5,17.2184,18,76,114,0.100219,0.105151,3.70813,1.26881,3.91394,3.60873,4.51342
u-shaped,2.625,lqi,0,6,18.3605,18,79,111,0.104055,0.105699,3.58476,1.26115,4.1342,4.17204,4.99861
u-shaped,2.625,lqi,0,7,16.3756,15,78,112,0.109535,0.105151,3.41308,1.1704,3.40678,3.79407,4.37658
u-shaped,2.625,lqi,0,8,21.2806,16,57,133,0.107343,0.101315,3.74127,1.17639,4.77811,5.15044,6.22571
u-shaped,2.625,lqi,0,9,17.3316,17,89,101,0.106247,0.102959,3.71803,1.25125,3.68775,3.70349,4.76188
u-shaped,2.625,lqi,0,10,16.9723,18,78,112,0.104603,0.108439,3.69885,1.19359,3.77101,3.59179,4.50401
u-shaped,2.625,lqi,0,11,14.7156,15,88,102,0.107343,0.106795,3.51207,1.31842,3.01531,2.76634,3.88936
u-shaped,2.625,lqi,0,12,18.9322,14,64,126,0.102959,0.106247,3.33053,1.07408,4.38287,4.27121,5.6643
u-shaped,2.625,lqi,0,13,22.83,18,53,137,0.104603,0.101863,3.86029,1.28266,5.4598,5.09685,6.92393
u-shaped,2.625,lqi,0,14,17.2284,18,76,114,0.105699,0.103507,3.79068,1.3966,3.61681,3.64713,4.56801
u-shaped,2.625,lqi,0,15,15.6539,19,85,105,0.106795,0.105151,3.94781,1.42273,3.31384,2.69813,4.05943
u-shaped,2.625,lqi,0,16,16.5479,18,80,110,0.107891,0.105699,3.78418,1.28518,3.43469,3.4221,4.40812
u-shaped,2.625,lqi,0,17,20.3975,18,62,128,0.105699,0.104055,3.80328,1.28995,4.75149,4.55517,5.78784
u-shaped,2.625,lqi,0,18,22.1268,19,52,138,0.104055,0.107343,4.07666,1.32461,5.26238,4.72232,6.52947
u-shaped,2.625,lqi,0,19,18.221,14,67,123,0.102959,0.105151,3.42948,1.12025,4.05024,4.15188,5.26105
u-shaped,2.625,leo,0,0,15.8998,17,92,98,0.105699,0.104055,4.45384,1.15597,3.3265,3.08657,3.66719
u-shaped,2.625,leo,0,1,16.3979,17,85,105,0.104055,0.104603,4.30531,1.0955,3.48348,3.24063,4.06434
u-shaped,2.625,leo,0,2,16.9572,16,86,104,0.105699,0.107891,4.19859,1.27181,3.46884,3.66981,4.13459
u-shaped,2.625,leo,0,3,15.1222,17,98,92,0.104603,0.102411,4.8362,1.10801,2.96112,2.81366,3.19623
u-shaped,2.625,leo,0,4,21.2115,14,58,132,0.105699,0.104055,4.09829,1.13514,4.79403,5.20049,5.77382
u-shaped,2.625,leo,0,5,17.6085,18,75,115,0.100767,0.105151,4.64272,1.09756,3.71865,3.55114,4.39254
u-shaped,2.625,leo,0,6,18.4615,19,85,105,0.103507,0.104603,5.06438,1.25969,3.98815,3.57094,4.37023
u-shaped,2.625,leo,0,7,16.7402,18,85,105,0.109535,0.105151,4.59352,1.27228,3.33316,3.45107,3.87544
u-shaped,2.625,leo,0,8,17.0124,14,83,107,0.107343,0.101315,4.15006,1.01275,3.67681,3.47705,4.48703
u-shaped,2.625,leo,0,9,20.1601,14,65,125,0.106795,0.104055,4.07118,1.09842,4.67998,4.65319,5.44647
u-shaped,2.625,leo,0,10,18.0119,20,79,111,0.105699,0.108439,4.94262,1.20212,3.78849,3.47255,4.39201
u-shaped,2.625,leo,0,11,19.2653,16,68,122,0.107343,0.106795,4.46357,1.10077,4.38305,4.4109,4.69289
u-shaped,2.625,leo,0,12,21.6313,17,56,134,0.102411,0.105699,4.56026,1.1755,4.78131,5.08486,5.82125
u-shaped,2.625,leo,0,13,20.4705,17,73,117,0.104603,0.102411,4.26466,1.171,4.50141,4.73478,5.59165
u-shaped,2.625,leo,0,14,17.0459,19,87,103,0.105699,0.104055,4.67215,1.33437,3.29039,3.39294,4.14628
u-shaped,2.625,leo,0,15,19.983,13,64,126,0.106795,0.104603,4.20099,1.29145,4.35779,4.59109,5.33024
u-shaped,2.625,leo,0,16,18.0226,19,83,107,0.108439,0.105151,4.50055,1.06567,3.79458,3.84216,4.60604
u-shaped,2.625,leo,0,17,19.2796,17,74,116,0.105699,0.104055,4.48103,1.21085,4.376,4.06794,4.93406
u-shaped,2.625,leo,0,18,17.4533,18,81,109,0.104055,0.107343,4.77814,1.21608,3.76984,3.36441,4.11343
u-shaped,2.625,leo,0,19,17.1248,15,77,113,0.102959,0.105151,4.0606,1.07731,3.69387,3.73911,4.34578
u-shaped,2.625,lqi-literal,0,0,16.7414,20,88,102,0.105699,0.104055,3.89077,1.37574,3.71336,3.47399,4.07778
u-shaped,2.625,lqi-literal,0,1,20.1484,18,63,127,0.104055,0.104603,3.79595,1.16859,4.74467,4.74967,5.48084
u-shaped,2.625,lqi-literal,0,2,23.9315,16,42,148,0.105699,0.107891,3.53505,1.39402,5.60639,6.24584,6.93665
u-shaped,2.625,lqi-literal,0,3,18.1744,22,77,113,0.104603,0.102411,4.24911,1.30924,4.03789,3.94282,4.42835
u-shaped,2.625,lqi-literal,0,4,20.9494,18,60,130,0.105699,0.104055,3.78448,1.40047,4.93187,4.94461,5.67822
u-shaped,2.625,lqi-literal,0,5,21.22,20,57,133,0.100767,0.105151,3.98424,1.30221,4.97355,5.0092,5.74493
u-shaped,2.625,lqi-literal,0,6,16.9739,16,78,112,0.103507,0.104603,3.55887,1.20342,3.87946,3.6969,4.42712
u-shaped,2.625,lqi-literal,0,7,18.9979,20,71,119,0.109535,0.105151,3.98808,1.52903,4.21406,4.14393,4.90815
u-shaped,2.625,lqi-literal,0,8,16.1442,16,81,109,0.107343,0.101315,3.59585,1.11559,3.64868,3.52948,4.04592
u-shaped,2.625,lqi-literal,0,9,15.2766,17,93,97,0.106795,0.104055,3.64906,1.27971,3.2187,3.11641,3.80186
u-shaped,2.625,lqi-literal,0,10,15.1721,24,93,97,0.104603,0.108439,4.42744,1.33308,3.12931,2.6753,3.39393
u-shaped,2.625,lqi-literal,0,11,18.824,22,79,111,0.107343,0.106795,4.26323,1.56059,4.07181,3.86465,4.84957
u-shaped,2.625,lqi-literal,0,12,18.1319,23,72,118,0.102411,0.105699,4.19649,1.43679,4.00822,3.89821,4.38405
u-shaped,2.625,lqi-literal,0,13,17.3207,14,77,113,0.104603,0.102411,3.25307,1.04719,3.89216,4.18169,4.73954
u-shaped,2.625,lqi-literal,0,14,15.9434,20,88,102,0.105699,0.104055,3.92117,1.33368,3.40739,3.32908,3.74235
u-shaped,2.625,lqi-literal,0,15,16.2063,16,85,105,0.106795,0.104603,3.75189,1.39039,3.40149,3.4798,3.97137
u-shaped,2.625,lqi-literal,0,16,19.4864,20,70,120,0.108439,0.105151,4.03673,1.2358,4.37076,4.50032,5.12924
u-shaped,2.625,lqi-literal,0,17,18.479,14,77,113,0.105699,0.104055,3.34443,1.18817,4.398,4.15357,5.18507
u-shaped,2.625,lqi-literal,0,18,16.7674,22,85,105,0.104055,0.107343,4.28709,1.45975,3.57529,3.24382,3.99008
u-shaped,2.625,lqi-literal,0,19,20.3435,15,63,127,0.102959,0.105151,3.49399,1.09988,4.89257,4.90702,5.74194
u-shaped,3,hopcount,0,0,10.5977,4,117,73,0.0876153,0.0859713,1.64311,0.447289,2.37323,2.52271,3.43775
u-shaped,3,hopcount,0,1,19.8684,5,77,113,0.0881633,0.0865193,1.88631,0.73456,4.78277,4.99841,7.29166
u-shaped,3,hopcount,0,2,18.7599,5,71,119,0.0859713,0.0859713,1.47446,0.674136,4.71059,4.61162,7.11717
u-shaped,3,hopcount,0,3,13.5356,4,103,87,0.0865193,0.0876153,1.61397,0.447289,3.29189,3.16957,4.8388
u-shaped,3,hopcount,0,4,16.2381,6,92,98,0.0848753,0.0837793,1.43183,0.626995,3.90816,3.99982,6.10269
u-shaped,3,hopcount,0,5,11.9622,4,109,81,0.0865193,0.0859713,1.6313,0.484435,2.69094,2.9241,4.05896
u-shaped,3,hopcount,0,6,20.3444,4,71,119,0.0865193,0.0859713,1.76281,0.676706,5.03246,5.1685,7.53141
u-shaped,3,hopcount,0,7,13.5528,3,101,89,0.0892593,0.0887113,1.56152,0.411068,3.285,3.1889,4.92835
u-shaped,3,hopcount,0,8,13.2106,6,94,96,0.0870673,0.0865193,1.57244,0.629696,3.10924,3.18898,4.53669
u-shaped,3,hopcount,0,9,10.6119,5,110,80,0.0865193,0.0887113,1.70614,0.531029,2.3083,2.49254,3.39862
u-shaped,3,hopcount,0,10,16.0423,10,104,86,0.0854233,0.0881633,2.09215,0.814334,3.78594,3.46271,5.71355
u-shaped,3,hopcount,0,11,21.2902,5,61,129,0.0887113,0.0854233,1.524,0.677424,5.34693,5.34271,8.22501
u-shaped,3,hopcount,0,12,12.3486,6,99,91,0.0848753,0.0865193,1.52273,0.579266,2.90233,2.88558,4.28728
u-shaped,3,hopcount,0,13,12.4537,5,103,87,0.0870673,0.0865193,1.66773,0.626616,3.00773,2.77051,4.20751
u-shaped,3,hopcount,0,14,14.2442,6,96,94,0.0865193,0.0848753,1.63565,0.584198,3.45886,3.45835,4.93574
u-shaped,3,hopcount,0,15,8.2102,10,132,58,0.0876153,0.0870673,1.60942,0.698888,1.73559,1.56322,2.4284
u-shaped,3,hopcount,0,16,15.1497,5,98,92,0.0865193,0.0848753,1.61781,0.567458,3.67781,3.72845,5.38673
u-shaped,3,hopcount,0,17,13.0046,5,100,90,0.0859713,0.0865193,1.73384,0.547599,3.00141,3.07902,4.47024
u-shaped,3,hopcount,0,18,16.8541,4,91,99,0.0854233,0.0854233,1.64931,0.532503,4.12805,4.08345,6.28999
u-shaped,3,hopcount,0,19,9.16366,3,121,69,0.0881633,0.0865193,1.42741,0.347356,2.19043,2.00276,3.02103
u-shaped,3,lqi,0,0,10.8919,4,117,73,0.0876153,0.0859713,1.74384,0.520656,2.39057,2.53426,3.52895
u-shaped,3,lqi,0,1,17.6238,6,82,108,0.0881633,0.0865193,1.95971,0.660306,4.15766,4.37961,6.2918
u-shaped,3,lqi,0,2,15.123,12,96,94,0.0859713,0.0859713,1.83331,1.03258,3.48607,3.32448,5.27465
u-shaped,3,lqi,0,3,13.5356,4,103,87,0.0865193,0.0876153,1.61397,0.447289,3.29189,3.16957,4.8388
u-shaped,3,lqi,0,4,16.2381,6,92,98,0.0848753,0.0837793,1.43183,0.626995,3.90816,3.99982,6.10269
u-shaped,3,lqi,0,5,10.572,3,113,77,0.0865193,0.0859713,1.59141,0.39669,2.35038,2.59943,3.46161
u-shaped,3,lqi,0,6,29.7336,5,40,150,0.0865193,0.0859713,1.88976,0.883734,7.53584,7.41481,11.8369
u-shaped,3,lqi,0,7,13.5528,3,101,89,0.0892593,0.0887113,1.56152,0.411068,3.285,3.1889,4.92835
u-shaped,3,lqi,0,8,10.5049,6,108,82,0.0870673,0.0865193,1.41905,0.498814,2.53598,2.34101,3.53645
u-shaped,3,lqi,0,9,7.67672,8,125,65,0.0865193,0.0887113,1.53218,0.485531,1.66931,1.48747,2.32699
u-shaped,3,lqi,0,10,16.0423,10,104,86,0.0854233,0.0881633,2.09215,0.814334,3.78594,3.46271,5.71355
u-shaped,3,lqi,0,11,23.204,5,52,138,0.0887113,0.0854233,1.55423,0.718029,5.83688,5.82815,9.0926
u-shaped,3,lqi,0,12,15.7773,7,90,100,0.0848753,0.0865193,1.70032,0.674684,3.82719,3.73286,5.6708
u-shaped,3,lqi,0,13,13.8537,5,96,94,0.0870673,0.0865193,1.7271,0.63956,3.3821,3.10295,4.82838
u-shaped,3,lqi,0,14,21.327,6,76,114,0.0865193,0.0848753,1.60048,0.778831,5.28647,5.29027,8.1996
u-shaped,3,lqi,0,15,18.4423,7,86,104,0.0876153,0.0870673,1.75024,0.842713,4.42299,4.45373,6.79795
u-shaped,3,lqi,0,16,12.9365,6,105,85,0.0865193,0.0848753,1.74059,0.672492,2.98506,3.04772,4.31929
u-shaped,3,lqi,0,17,19.3708,4,71,119,0.0859713,0.0865193,1.87648,0.764622,4.60886,4.681,7.26737
u-shaped,3,lqi,0,18,16.8541,4,91,99,0.0854233,0.0854233,1.64931,0.532503,4.12805,4.08345,6.28999
u-shaped,3,lqi,0,19,9.16366,3,121,69,0.0881633,0.0865193,1.42741,0.347356,2.19043,2.00276,3.02103
u-shaped,3,leo,0,0,10.9167,4,117,73,0.0876153,0.0859713,1.79848,0.501724,2.39057,2.53426,3.51803
u-shaped,3,leo,0,1,17.3052,5,86,104,0.0881633,0.0865193,1.83238,0.642809,4.24945,4.15687,6.249
u-shaped,3,leo,0,2,18.7599,5,71,119,0.0859713,0.0859713,1.47446,0.674136,4.71059,4.61162,7.11717
u-shaped,3,leo,0,3,14.929,5,103,87,0.0865193,0.0876153,1.86699,0.617509,3.49137,3.44374,5.33529
u-shaped,3,leo,0,4,14.6852,5,98,92,0.0848753,0.0837793,1.53584,0.637537,3.48342,3.56581,5.29393
u-shaped,3,leo,0,5,10.5886,3,113,77,0.0865193,0.0859713,1.66992,0.348452,2.36075,2.59943,3.43758
u-shaped,3,leo,0,6,16.4497,9,108,82,0.0865193,0.0859713,2.05243,0.943023,3.76843,3.65615,5.85717
u-shaped,3,leo,0,7,13.5528,3,101,89,0.0892593,0.0887113,1.56152,0.411068,3.285,3.1889,4.92835
u-shaped,3,leo,0,8,13.0703,6,94,96,0.0870673,0.0865193,1.4371,0.615865,3.12019,3.1736,4.54997
u-shaped,3,leo,0,9,13.6449,6,101,89,0.0865193,0.0887113,1.72381,0.699984,3.10629,3.20949,4.73006
u-shaped,3,leo,0,10,23.6878,6,70,120,0.0854233,0.0881633,1.77575,0.676706,5.93676,5.84945,9.27551
u-shaped,3,leo,0,11,21.443,5,61,129,0.0887113,0.0854233,1.56043,0.746238,5.34693,5.34271,8.27253
u-shaped,3,leo,0,12,12.8783,7,98,92,0.0848753,0.0865193,1.72474,0.737639,2.95535,2.88558,4.40361
u-shaped,3,leo,0,13,12.3849,5,103,87,0.0870673,0.0865193,1.67119,0.581289,3.00773,2.77051,4.18056
u-shaped,3,leo,0,14,16.6954,4,90,100,0.0865193,0.0848753,1.62983,0.62552,4.00206,4.15475,6.11189
u-shaped,3,leo,0,15,21.3417,7,80,110,0.0876153,0.0870673,1.67338,0.786842,5.27165,5.42343,8.01175
u-shaped,3,leo,0,16,15.1497,5,98,92,0.0865193,0.0848753,1.61781,0.567458,3.67781,3.72845,5.38673
u-shaped,3,leo,0,17,12.8442,5,100,90,0.0859713,0.0865193,1.64349,0.500458,2.99291,3.07902,4.45586
u-shaped,3,leo,0,18,19.2162,6,84,106,0.0854233,0.0854233,1.86442,0.740966,4.61069,4.72981,7.09947
u-shaped,3,leo,0,19,17.4345,4,97,93,0.0881633,0.0865193,1.71285,0.65921,4.19126,4.26321,6.43326
u-shaped,3,lqi-literal,0,0,10.5977,4,117,73,0.0876153,0.0859713,1.64311,0.447289,2.37323,2.52271,3.43775
u-shaped,3,lqi-literal,0,1,19.8684,5,77,113,0.0881633,0.0865193,1.88631,0.73456,4.78277,4.99841,7.29166
u-shaped,3,lqi-literal,0,2,18.7599,5,71,119,0.0859713,0.0859713,1.47446,0.674136,4.71059,4.61162,7.11717
u-shaped,3,lqi-literal,0,3,13.5356,4,103,87,0.0865193,0.0876153,1.61397,0.447289,3.29189,3.16957,4.8388
u-shaped,3,lqi-literal,0,4,16.2381,6,92,98,0.0848753,0.0837793,1.43183,0.626995,3.90816,3.99982,6.10269
u-shaped,3,lqi-literal,0,5,11.9622,4,109,81,0.0865193,0.0859713,1.6313,0.484435,2.69094,2.9241,4.05896
u-shaped,3,lqi-literal,0,6,20.3444,4,71,119,0.0865193,0.0859713,1.76281,0.676706,5.03246,5.1685,7.53141
u-shaped,3,lqi-literal,0,7,13.5528,3,101,89,0.0892593,0.0887113,1.56152,0.411068,3.285,3.1889,4.92835
u-shaped,3,lqi-literal,0,8,13.2106,6,94,96,0.0870673,0.0865193,1.57244,0.629696,3.10924,3.18898,4.53669
u-shaped,3,lqi-literal,0,9,10.6119,5,110,80,0.0865193,0.0887113,1.70614,0.531029,2.3083,2.49254,3.39862
u-shaped,3,lqi-literal,0,10,16.0423,10,104,86,0.0854233,0.0881633,2.09215,0.814334,3.78594,3.46271,5.71355
u-shaped,3,lqi-literal,0,11,21.2902,5,61,129,0.0887113,0.0854233,1.524,0.677424,5.34693,5.34271,8.22501
u-shaped,3,lqi-literal,0,12,12.3486,6,99,91,0.0848753,0.0865193,1.52273,0.579266,2.90233,2.88558,4.28728
u-shaped,3,lqi-literal,0,13,12.4537,5,103,87,0.0870673,0.0865193,1.66773,0.626616,3.00773,2.77051,4.20751
u-shaped,3,lqi-literal,0,14,14.2442,6,96,94,0.0865193,0.0848753,1.63565,0.584198,3.45886,3.45835,4.93574
u-shaped,3,lqi-literal,0,15,8.2102,10,132,58,0.0876153,0.0870673,1.60942,0.698888,1.73559,1.56322,2.4284
u-shaped,3,lqi-literal,0,16,15.1497,5,98,92,0.0865193,0.0848753,1.61781,0.567458,3.67781,3.72845,5.38673
u-shaped,3,lqi-literal,0,17,13.0046,5,100,90,0.0859713,0.0865193,1.73384,0.547599,3.00141,3.07902,4.47024
u-shaped,3,lqi-literal,0,18,16.8541,4,91,99,0.0854233,0.0854233,1.64931,0.532503,4.12805,4.08345,6.28999
u-shaped,3,lqi-literal,0,19,9.16366,3,121,69,0.0881633,0.0865193,1.42741,0.347356,2.19043,2.00276,3.02103
line,2,hopcount,0,0,15.913,12,38,152,0.172555,0.173651,5.41771,0.524814,3.05056,3.97499,2.5987
line,2,hopcount,0,1,18.0432,13,26,164,0.173651,0.179679,5.58808,0.626421,3.55631,4.99894,2.92015
line,2,hopcount,0,2,19.1683,20,34,156,0.175295,0.178035,6.82391,0.731815,3.51397,5.06952,2.67574
line,2,hopcount,0,3,17.0274,16,42,148,0.172555,0.179131,6.12657,0.643161,3.36303,4.15898,2.38396
line,2,hopcount,0,4,17.4577,17,34,156,0.176939,0.175843,6.29638,0.708509,3.08675,4.35997,2.6533
line,2,hopcount,0,5,13.6799,12,58,132,0.180227,0.178035,5.41662,0.443546,2.28854,3.18711,1.98585
line,2,hopcount,0,6,16.7162,17,43,147,0.177487,0.177487,6.24706,0.65517,3.05877,3.94636,2.45389
line,2,hopcount,0,7,17.084,20,42,148,0.178035,0.175843,6.81131,0.712597,2.94392,3.78831,2.47403
line,2,hopcount,0,8,17.3624,21,51,139,0.177487,0.172007,6.98112,0.677748,2.74869,4.24069,2.36465
line,2,hopcount,0,9,18.1565,18,31,159,0.178035,0.175843,6.4525,0.687406,3.34369,4.63042,2.68863
line,2,hopcount,0,10,14.6976,14,51,139,0.175843,0.176939,5.7705,0.508126,2.53791,3.48523,2.04306
line,2,hopcount,0,11,15.8063,24,58,132,0.174747,0.173651,7.48509,0.814291,2.29349,2.95836,1.90666
line,2,hopcount,0,12,16.0588,20,55,135,0.176391,0.174199,6.82775,0.71121,2.68311,3.46764,2.01846
line,2,hopcount,0,13,17.5557,23,42,148,0.172555,0.179131,7.30212,0.728667,2.91292,3.93161,2.32869
line,2,hopcount,0,14,15.5037,13,42,148,0.177487,0.180775,5.60068,0.527754,2.94707,3.81385,2.25612
line,2,hopcount,0,15,17.5911,15,30,160,0.175843,0.178035,5.94853,0.66023,3.22684,4.56995,2.83164
line,2,hopcount,0,16,14.4976,16,56,134,0.181323,0.171459,6.08766,0.601501,2.4257,2.99989,2.03008
line,2,hopcount,0,17,16.7192,15,40,150,0.173651,0.166527,5.94963,0.635998,2.99302,4.21303,2.5873
line,2,hopcount,0,18,15.3279,18,56,134,0.176939,0.174747,6.47113,0.71398,2.56823,3.24579,1.97707
line,2,hopcount,0,19,15.9901,18,44,146,0.175843,0.178035,6.45633,0.675784,2.84968,3.39878,2.25568
line,2,lqi,0,0,13.2454,11,49,141,0.172555,0.173651,5.25338,0.521456,2.35239,2.42466,2.34733
line,2,lqi,0,1,15.3463,9,31,159,0.173651,0.179679,4.90827,0.427172,2.8905,3.8172,2.94983
line,2,lqi,0,2,14.5446,9,37,153,0.175295,0.178035,4.90717,0.46706,2.72293,3.2921,2.80197
line,2,lqi,0,3,14.9934,13,36,154,0.172555,0.179131,5.6089,0.539862,2.68838,3.03188,2.77264
line,2,lqi,0,4,13.4444,11,53,137,0.176939,0.175843,5.2605,0.509469,2.39146,2.67318,2.25702
line,2,lqi,0,5,14.4117,12,40,150,0.180227,0.178035,5.42867,0.525255,2.58446,2.91206,2.60298
line,2,lqi,0,6,13.7583,6,41,149,0.177487,0.177487,4.36101,0.411897,2.6205,3.25691,2.75299
line,2,lqi,0,7,13.0366,9,60,130,0.178035,0.175843,4.9132,0.495877,2.24305,2.80739,2.22324
line,2,lqi,0,8,16.5416,17,31,159,0.177487,0.172007,6.31063,0.642802,2.96766,3.32364,2.94736
line,2,lqi,0,9,14.819,12,39,151,0.178035,0.175843,5.41771,0.523659,2.71943,3.08749,2.71684
line,2,lqi,0,10,17.317,19,22,168,0.175843,0.176939,6.61738,0.681506,3.21449,3.30754,3.14331
line,2,lqi,0,11,14.504,14,43,147,0.174747,0.173651,5.74748,0.588827,2.44525,2.77251,2.60151
line,2,lqi,0,12,15.0144,18,45,145,0.176391,0.174199,6.46894,0.663001,2.53994,2.63566,2.35631
line,2,lqi,0,13,14.4823,11,40,150,0.172555,0.179131,5.23584,0.490238,2.78799,2.92693,2.6896
line,2,lqi,0,14,15.0264,11,36,154,0.177487,0.180775,5.27037,0.501777,2.74773,3.43029,2.71798
line,2,lqi,0,15,15.3303,7,28,162,0.175843,0.178035,4.55494,0.421523,2.96015,4.12865,2.91115
line,2,lqi,0,16,15.8403,11,31,159,0.181323,0.171459,5.23475,0.487549,3.00296,3.82548,2.93682
line,2,lqi,0,17,14.2017,15,50,140,0.173651,0.166527,5.95401,0.59344,2.39941,2.59685,2.31776
line,2,lqi,0,18,15.5878,13,33,157,0.176939,0.174747,5.62534,0.537927,3.08458,3.17915,2.80909
line,2,lqi,0,19,13.218,11,53,137,0.175843,0.178035,5.24351,0.499883,2.36206,2.55101,2.20763
line,2,leo,0,0,15.0476,16,60,130,0.172555,0.173651,7.02716,0.615622,2.36513,2.64953,2.04393
line,2,leo,0,1,15.3995,12,53,137,0.173651,0.179679,6.25245,0.559759,2.57729,3.42458,2.23205
line,2,leo,0,2,16.7392,18,59,131,0.175295,0.178035,7.65629,0.68307,2.38322,3.51217,2.15113
line,2,leo,0,3,17.6312,18,51,139,0.172555,0.179131,8.03445,0.703868,2.71917,3.62749,2.19457
line,2,leo,0,4,17.026,21,64,126,0.176939,0.175843,9.01455,0.720578,2.25376,2.91901,1.76535
line,2,leo,0,5,13.8582,12,66,124,0.180227,0.178035,6.46881,0.498151,1.99534,2.78522,1.75239
line,2,leo,0,6,18.2671,16,42,148,0.177487,0.177487,7.31717,0.610431,3.01365,4.16901,2.80188
line,2,leo,0,7,19.6864,20,37,153,0.178035,0.175843,9.03395,0.665344,3.07025,3.81184,2.75115
line,2,leo,0,8,16.8124,12,40,150,0.177487,0.172007,6.68773,0.52616,2.74615,3.86339,2.63942
line,2,leo,0,9,15.9466,11,48,142,0.178035,0.175843,6.13133,0.495171,2.66121,3.88344,2.42156
line,2,leo,0,10,16.0784,14,53,137,0.175843,0.176939,6.96164,0.516913,2.49448,3.67309,2.07946
line,2,leo,0,11,17.3612,17,46,144,0.174747,0.173651,7.80768,0.680977,2.67352,3.49342,2.35721
line,2,leo,0,12,16.6492,17,51,139,0.176391,0.174199,7.62386,0.634344,2.59335,3.18719,2.25981
line,2,leo,0,13,16.3754,16,53,137,0.172555,0.179131,7.49301,0.553804,2.53687,3.26387,2.17615
line,2,leo,0,14,18.0431,16,40,150,0.177487,0.180775,7.27707,0.515788,3.08761,4.34009,2.46427
line,2,leo,0,15,15.8637,9,40,150,0.175843,0.178035,5.66623,0.447051,3.01367,3.92259,2.46032
line,2,leo,0,16,16.3192,12,45,145,0.181323,0.171459,6.40603,0.524984,2.81331,3.79204,2.43002
line,2,leo,0,17,15.2929,16,67,123,0.173651,0.166527,7.52424,0.617883,2.1502,2.89999,1.76037
line,2,leo,0,18,18.148,17,39,151,0.176939,0.174747,7.29638,0.543779,3.1472,4.17987,2.62906
line,2,leo,0,19,16.6507,15,47,143,0.175843,0.178035,7.13664,0.599797,2.68353,3.61846,2.25839
line,2,lqi-literal,0,0,15.913,12,38,152,0.172555,0.173651,5.41771,0.524814,3.05056,3.97499,2.5987
line,2,lqi-literal,0,1,18.0432,13,26,164,0.173651,0.179679,5.58808,0.626421,3.55631,4.99894,2.92015
line,2,lqi-literal,0,2,19.1683,20,34,156,0.175295,0.178035,6.82391,0.731815,3.51397,5.06952,2.67574
line,2,lqi-literal,0,3,17.0274,16,42,148,0.172555,0.179131,6.12657,0.643161,3.36303,4.15898,2.38396
line,2,lqi-literal,0,4,17.4577,17,34,156,0.176939,0.175843,6.29638,0.708509,3.08675,4.35997,2.6533
line,2,lqi-literal,0,5,13.6799,12,58,132,0.180227,0.178035,5.41662,0.443546,2.28854,3.18711,1.98585
line,2,lqi-literal,0,6,16.7162,17,43,147,0.177487,0.177487,6.24706,0.65517,3.05877,3.94636,2.45389
line,2,lqi-literal,0,7,17.084,20,42,148,0.178035,0.175843,6.81131,0.712597,2.94392,3.78831,2.47403
line,2,lqi-literal,0,8,17.3624,21,51,139,0.177487,0.172007,6.98112,0.677748,2.74869,4.24069,2.36465
line,2,lqi-literal,0,9,18.1565,18,31,159,0.178035,0.175843,6.4525,0.687406,3.34369,4.63042,2.68863
line,2,lqi-literal,0,10,14.6976,14,51,139,0.175843,0.176939,5.7705,0.508126,2.53791,3.48523,2.04306
line,2,lqi-literal,0,11,15.8063,24,58,132,0.174747,0.173651,7.48509,0.814291,2.29349,2.95836,1.90666
line,2,lqi-literal,0,12,16.0588,20,55,135,0.176391,0.174199,6.82775,0.71121,2.68311,3.46764,2.01846
line,2,lqi-literal,0,13,17.5557,23,42,148,0.172555,0.179131,7.30212,0.728667,2.91292,3.93161,2.32869
line,2,lqi-literal,0,14,15.5037,13,42,148,0.177487,0.180775,5.60068,0.527754,2.94707,3.81385,2.25612
line,2,lqi-literal,0,15,17.5911,15,30,160,0.175843,0.178035,5.94853,0.66023,3.22684,4.56995,2.83164
line,2,lqi-literal,0,16,14.4976,16,56,134,0.181323,0.171459,6.08766,0.601501,2.4257,2.99989,2.03008
line,2,lqi-literal,0,17,16.7192,15,40,150,0.173651,0.166527,5.94963,0.635998,2.99302,4.21303,2.5873
line,2,lqi-literal,0,18,15.3279,18,56,134,0.176939,0.174747,6.47113,0.71398,2.56823,3.24579,1.97707
line,2,lqi-literal,0,19,15.9901,18,44,146,0.175843,0.178035,6.45633,0.675784,2.84968,3.39878,2.25568
line,2.25,hopcount,0,0,18.9206,19,44,146,0.132003,0.131455,5.02818,0.891136,3.85137,5.04007,3.84638
line,2.25,hopcount,0,1,17.3985,19,58,132,0.131455,0.133099,5.03585,0.916991,3.68507,4.03652,3.4595
line,2.25,hopcount,0,2,18.4078,28,56,134,0.134743,0.135839,6.26827,1.17881,3.72895,3.75912,3.20206
line,2.25,hopcount,0,3,13.2447,12,74,116,0.135291,0.130359,4.10032,0.709165,2.69971,3.08856,2.38127
line,2.25,hopcount,0,4,16.9568,14,48,142,0.135839,0.133647,4.35666,0.765714,3.42649,4.55493,3.58354
line,2.25,hopcount,0,5,13.6425,16,84,106,0.136935,0.137483,4.67272,0.896295,2.44148,3.00434,2.35324
line,2.25,hopcount,0,6,16.4758,20,72,118,0.133647,0.133647,5.16238,1.04229,3.16251,3.90756,2.93377
line,2.25,hopcount,0,7,17.296,17,59,131,0.130359,0.133099,4.76965,1.04358,3.42824,4.19332,3.5978
line,2.25,hopcount,0,8,14.3581,18,74,116,0.132551,0.127071,4.91974,0.816037,2.59687,3.30126,2.4646
line,2.25,hopcount,0,9,15.2914,18,77,113,0.133647,0.134743,4.89782,0.843263,2.93481,3.55089,2.79624
line,2.25,hopcount,0,10,16.3767,22,68,122,0.136935,0.136935,5.44008,1.03068,3.03619,3.70759,2.88831
line,2.25,hopcount,0,11,13.6156,19,80,110,0.135291,0.135291,5.04736,0.99337,2.44333,2.54312,2.31785
line,2.25,hopcount,0,12,16.5537,18,59,131,0.134195,0.136387,4.93125,0.923839,3.36856,4.00993,3.04958
line,2.25,hopcount,0,13,15.5745,17,67,123,0.131455,0.132551,4.79377,0.948481,2.82745,3.68473,3.05604
line,2.25,hopcount,0,14,14.9691,23,82,108,0.134195,0.135839,5.57757,1.0169,2.64367,3.03318,2.42776
line,2.25,hopcount,0,15,14.3451,15,73,117,0.135291,0.133647,4.52209,0.756826,2.92457,3.19139,2.68127
line,2.25,hopcount,0,16,17.1754,20,52,138,0.134195,0.136387,5.17553,0.904659,3.36916,4.18164,3.27378
line,2.25,hopcount,0,17,15.8897,19,65,125,0.136935,0.133099,5.03476,1.04928,3.03081,3.60822,2.89659
line,2.25,hopcount,0,18,16.654,23,62,128,0.136387,0.133099,5.57099,1.14398,3.14642,3.48435,3.03876
line,2.25,hopcount,0,19,16.6329,23,64,126,0.133647,0.134195,5.59455,1.01008,3.56958,3.29601,2.89483
line,2.25,lqi,0,0,15.0734,14,59,131,0.132003,0.131455,4.37474,0.817526,2.9985,3.26498,3.35423
line,2.25,lqi,0,1,17.6468,11,36,154,0.131455,0.133099,3.97654,0.783808,3.82859,4.1655,4.62781
line,2.25,lqi,0,2,12.8011,15,81,109,0.134743,0.135839,4.57086,0.80261,2.43823,2.17391,2.54495
line,2.25,lqi,0,3,15.3836,12,56,134,0.135291,0.130359,4.11786,0.767793,3.2148,3.65386,3.36365
line,2.25,lqi,0,4,18.2889,13,33,157,0.135839,0.133647,4.23616,0.770713,4.1665,4.31262,4.53339
line,2.25,lqi,0,5,15.2111,14,58,132,0.136935,0.137483,4.40159,0.719029,3.26387,3.32501,3.22718
line,2.25,lqi,0,6,17.7955,16,45,145,0.133647,0.133647,4.65135,0.849263,3.7682,4.12042,4.13892
line,2.25,lqi,0,7,19.7211,17,30,160,0.130359,0.133099,4.77239,0.899332,4.383,4.71048,4.69242
line,2.25,lqi,0,8,15.4404,14,55,135,0.132551,0.127071,4.38954,0.771561,3.3006,3.3978,3.32126
line,2.25,lqi,0,9,16.5205,20,58,132,0.133647,0.134743,5.16073,0.912904,3.26195,3.5237,3.39281
line,2.25,lqi,0,10,16.5754,16,58,132,0.136935,0.136935,4.65135,0.842875,3.42313,3.73797,3.64618
line,2.25,lqi,0,11,17.4083,22,53,137,0.135291,0.135291,5.44775,1.09152,3.66443,3.39307,3.54097
line,2.25,lqi,0,12,16.5602,22,63,127,0.134195,0.136387,5.45762,1.03843,3.30703,3.41163,3.07488
line,2.25,lqi,0,13,13.9093,13,64,126,0.131455,0.132551,4.25096,0.648401,2.68461,3.12314,2.93818
line,2.25,lqi,0,14,14.2789,17,73,117,0.134195,0.135839,4.79322,0.825996,2.81912,2.82173,2.74876
line,2.25,lqi,0,15,15.1354,15,61,129,0.135291,0.133647,4.50839,0.814139,2.99483,3.25143,3.29767
line,2.25,lqi,0,16,16.2727,19,58,132,0.134195,0.136387,5.04517,0.973042,3.21723,3.27034,3.49631
line,2.25,lqi,0,17,15.7081,17,58,132,0.136935,0.133099,4.76801,0.87254,3.30927,3.32347,3.16474
line,2.25,lqi,0,18,17.5197,18,49,141,0.136387,0.133099,4.917,1.00428,3.63239,3.83485,3.86174
line,2.25,lqi,0,19,15.6094,14,53,137,0.133647,0.134195,4.37748,0.846424,3.11461,3.46847,3.53452
line,2.25,leo,0,0,18.448,19,58,132,0.132003,0.131455,6.94671,0.938009,3.50219,3.48735,3.31026
line,2.25,leo,0,1,15.5069,15,67,123,0.131455,0.133099,5.52748,0.777692,2.92237,3.13387,2.88092
line,2.25,leo,0,2,14.8115,14,69,121,0.134743,0.135839,5.42633,0.639276,2.93053,2.96744,2.57731
line,2.25,leo,0,3,16.7007,13,61,129,0.135291,0.130359,5.27127,0.822231,3.43893,3.85832,3.0443
line,2.25,leo,0,4,14.1896,14,83,107,0.135839,0.133647,5.70872,0.804395,2.22379,2.83836,2.34489
line,2.25,leo,0,5,16.986,16,63,127,0.136935,0.137483,5.9828,0.80308,3.15972,3.72306,3.04295
line,2.25,leo,0,6,15.089,18,79,111,0.133647,0.133647,6.53594,0.918539,2.47948,2.54545,2.34225
line,2.25,leo,0,7,18.433,18,59,131,0.130359,0.133099,6.69164,0.905586,3.22645,3.95286,3.393
line,2.25,leo,0,8,13.8988,13,75,115,0.132551,0.127071,5.11414,0.735015,2.51194,2.94598,2.33215
line,2.25,leo,0,9,17.3887,17,60,130,0.133647,0.134743,6.02269,0.863483,3.24363,3.97992,3.01062
line,2.25,leo,0,10,16.1311,21,77,113,0.136935,0.136935,7.2527,0.934371,2.453,2.66194,2.55523
line,2.25,leo,0,11,15.4002,17,74,116,0.135291,0.135291,6.20924,0.906979,2.55562,2.98667,2.47106
line,2.25,leo,0,12,17.5626,20,60,130,0.134195,0.136387,6.75437,0.999946,3.0324,3.59362,2.91169
line,2.25,leo,0,13,19.4249,17,47,143,0.131455,0.132551,6.2404,0.898812,3.53021,4.62082,3.87063
line,2.25,leo,0,14,16.8682,18,62,128,0.134195,0.135839,6.3735,0.879547,2.9529,3.33833,3.05387
line,2.25,leo,0,15,17.2476,13,59,131,0.135291,0.133647,5.24522,0.755182,3.58421,4.04231,3.3517
line,2.25,leo,0,16,17.7086,19,62,128,0.134195,0.136387,6.70188,0.90409,2.78015,4.00035,3.05159
line,2.25,leo,0,17,14.9763,17,77,113,0.136935,0.133099,6.03159,0.87598,2.43032,3.06291,2.3055
line,2.25,leo,0,18,16.9299,19,64,126,0.136387,0.133099,6.39154,0.928789,2.94077,3.30959,3.0897
line,2.25,leo,0,19,17.6088,18,62,128,0.133647,0.134195,6.59134,0.853629,3.35826,3.40958,3.12819
line,2.25,lqi-literal,0,0,18.9206,19,44,146,0.132003,0.131455,5.02818,0.891136,3.85137,5.04007,3.84638
line,2.25,lqi-literal,0,1,17.3985,19,58,132,0.131455,0.133099,5.03585,0.916991,3.68507,4.03652,3.4595
line,2.25,lqi-literal,0,2,18.4078,28,56,134,0.134743,0.135839,6.26827,1.17881,3.72895,3.75912,3.20206
line,2.25,lqi-literal,0,3,13.2447,12,74,116,0.135291,0.130359,4.10032,0.709165,2.69971,3.08856,2.38127
line,2.25,lqi-literal,0,4,16.9568,14,48,142,0.135839,0.133647,4.35666,0.765714,3.42649,4.55493,3.58354
line,2.25,lqi-literal,0,5,13.6425,16,84,106,0.136935,0.137483,4.67272,0.896295,2.44148,3.00434,2.35324
line,2.25,lqi-literal,0,6,16.4758,20,72,118,0.133647,0.133647,5.16238,1.04229,3.16251,3.90756,2.93377
line,2.25,lqi-literal,0,7,17.296,17,59,131,0.130359,0.133099,4.76965,1.04358,3.42824,4.19332,3.5978
line,2.25,lqi-literal,0,8,14.3581,18,74,116,0.132551,0.127071,4.91974,0.816037,2.59687,3.30126,2.4646
line,2.25,lqi-literal,0,9,15.2914,18,77,113,0.133647,0.134743,4.89782,0.843263,2.93481,3.55089,2.79624
line,2.25,lqi-literal,0,10,16.3767,22,68,122,0.136935,0.136935,5.44008,1.03068,3.03619,3.70759,2.88831
line,2.25,lqi-literal,0,11,13.6156,19,80,110,0.135291,0.135291,5.04736,0.99337,2.44333,2.54312,2.31785
line,2.25,lqi-literal,0,12,16.5537,18,59,131,0.134195,0.136387,4.93125,0.923839,3.36856,4.00993,3.04958
line,2.25,lqi-literal,0,13,15.5745,17,67,123,0.131455,0.132551,4.79377,0.948481,2.82745,3.68473,3.05604
line,2.25,lqi-literal,0,14,14.9691,23,82,108,0.134195,0.135839,5.57757,1.0169,2.64367,3.03318,2.42776
line,2.25,lqi-literal,0,15,14.3451,15,73,117,0.135291,0.133647,4.52209,0.756826,2.92457,3.19139,2.68127
line,2.25,lqi-literal,0,16,17.1754,20,52,138,0.134195,0.136387,5.17553,0.904659,3.36916,4.18164,3.27378
line,2.25,lqi-literal,0,17,15.8897,19,65,125,0.136935,0.133099,5.03476,1.04928,3.03081,3.60822,2.89659
line,2.25,lqi-literal,0,18,16.654,23,62,128,0.136387,0.133099,5.57099,1.14398,3.14642,3.48435,3.03876
line,2.25,lqi-literal,0,19,16.6329,23,64,126,0.133647,0.134195,5.59455,1.01008,3.56958,3.29601,2.89483
line,2.5,hopcount,0,0,22.4158,26,52,138,0.108987,0.109535,4.91429,1.7904,5.03002,4.98468,5.47784
line,2.5,hopcount,0,1,21.5547,20,55,135,0.109535,0.107891,4.25544,1.3039,4.84244,5.50915,5.4263
line,2.5,hopcount,0,2,20.4619,21,50,140,0.113919,0.113371,4.2828,1.35145,4.62585,4.44463,5.52992
line,2.5,hopcount,0,3,18.0104,23,72,118,0.110631,0.110631,4.55284,1.4596,3.92054,3.75867,4.0975
line,2.5,hopcount,0,4,20.3875,26,64,126,0.109535,0.111727,4.89005,1.65979,4.18129,4.65759,4.77756
line,2.5,hopcount,0,5,19.516,25,62,128,0.109535,0.110631,4.8075,1.51933,4.06329,4.29966,4.60608
line,2.5,hopcount,0,6,20.144,28,72,118,0.107891,0.107891,5.12295,1.55897,4.41478,4.3409,4.49062
line,2.5,hopcount,0,7,16.6745,21,70,120,0.111179,0.112275,4.31163,1.16523,3.47799,3.61337,3.88278
line,2.5,hopcount,0,8,15.881,23,81,109,0.112275,0.108439,4.60925,1.33975,3.17735,3.15805,3.37584
line,2.5,hopcount,0,9,18.8297,24,63,127,0.109535,0.105151,4.69488,1.57658,4.08417,3.84488,4.41452
line,2.5,hopcount,0,10,18.9227,29,80,110,0.110083,0.112823,5.24622,1.53314,3.97132,4.0902,3.85894
line,2.5,hopcount,0,11,21.4033,22,53,137,0.113919,0.111179,4.46927,1.55442,4.80723,5.11918,5.2281
line,2.5,hopcount,0,12,18.8248,23,74,116,0.110083,0.107343,4.55162,1.4039,3.80199,4.20068,4.64917
line,2.5,hopcount,0,13,16.301,24,82,108,0.110083,0.107891,4.6316,1.28248,3.21675,3.56991,3.38225
line,2.5,hopcount,0,14,19.3166,18,64,126,0.108987,0.108987,4.02962,1.22684,4.23502,4.78543,4.82171
line,2.5,hopcount,0,15,19.3154,23,71,119,0.110083,0.109535,4.59192,1.37262,4.23623,4.31863,4.57634
line,2.5,hopcount,0,16,17.0752,23,72,118,0.112275,0.111179,4.44048,1.29764,3.72792,3.44602,3.93965
line,2.5,hopcount,0,17,18.4468,25,73,117,0.110631,0.109535,4.78486,1.54854,3.9444,3.87406,4.07479
line,2.5,hopcount,0,18,19.1895,19,52,138,0.110083,0.110631,4.15015,1.33565,4.41359,4.16482,4.9046
line,2.5,hopcount,0,19,22.4576,24,46,144,0.111179,0.109535,4.68464,1.64252,5.1548,5.042,5.71297
line,2.5,lqi,0,0,20.802,23,54,136,0.108987,0.109535,4.59007,1.68136,4.53269,4.36039,5.41895
line,2.5,lqi,0,1,22.4333,27,47,143,0.109535,0.107891,4.9914,1.66142,4.90178,5.05522,5.60609
line,2.5,lqi,0,2,19.3389,22,60,130,0.113919,0.113919,4.49461,1.44938,4.27869,4.2116,4.67673
line,2.5,lqi,0,3,18.8313,20,63,127,0.110631,0.110631,4.22938,1.2526,4.08108,4.09872,4.94822
line,2.5,lqi,0,4,20.2189,17,55,135,0.109535,0.111727,3.90992,1.17426,4.33861,5.0794,5.4954
line,2.5,lqi,0,5,15.9431,18,78,112,0.110631,0.111179,4.0047,1.11883,3.3912,3.40411,3.80245
line,2.5,lqi,0,6,19.7028,24,60,130,0.107891,0.107891,4.68649,1.51008,4.1941,4.14459,4.95179
line,2.5,lqi,0,7,18.445,16,60,130,0.111179,0.112275,3.8299,1.20539,4.03271,4.06208,5.09144
line,2.5,lqi,0,8,17.9879,26,79,111,0.112275,0.108439,4.93292,1.60241,3.66862,3.44026,4.12295
line,2.5,lqi,0,9,18.2392,23,72,118,0.109535,0.105151,4.49406,1.48466,3.8216,3.59072,4.6335
line,2.5,lqi,0,10,16.2166,24,79,111,0.111179,0.112275,4.73105,1.3776,3.11378,2.92525,3.84543
line,2.5,lqi,0,11,17.959,11,61,129,0.113919,0.111179,3.29811,1.09637,3.90111,4.46729,4.97105
line,2.5,lqi,0,12,17.3045,12,63,127,0.110083,0.107343,3.29626,0.95599,3.705,4.55078,4.57906
line,2.5,lqi,0,13,17.1636,19,71,119,0.110083,0.107891,4.11731,1.35597,3.60528,3.51232,4.35476
line,2.5,lqi,0,14,15.7535,17,83,107,0.108987,0.108987,3.93231,1.16491,3.32253,3.51478,3.601
line,2.5,lqi,0,15,21.6158,25,48,142,0.110083,0.109535,4.80787,1.68602,4.61239,4.64907,5.64085
line,2.5,lqi,0,16,17.7606,13,57,133,0.112275,0.111179,3.5139,0.945662,3.81933,4.58503,4.67327
line,2.5,lqi,0,17,18.1831,24,75,115,0.111179,0.109535,4.70234,1.56675,3.57012,3.58244,4.54073
line,2.5,lqi,0,18,21.2539,19,44,146,0.110083,0.110631,4.13139,1.23793,5.03622,4.7433,5.88431
line,2.5,lqi,0,19,20.4974,19,46,144,0.110631,0.110083,4.15138,1.3162,4.57246,4.70057,5.53609
line,2.5,leo,0,0,22.3265,18,51,139,0.108987,0.109535,5.52508,1.29085,4.68843,4.80186,5.80176
line,2.5,leo,0,1,17.6692,20,81,109,0.109535,0.107891,5.85023,1.3325,3.3365,3.29782,3.63477
line,2.5,leo,0,2,19.437,19,63,127,0.113919,0.113371,5.4803,1.12752,3.9148,4.14242,4.54467
line,2.5,leo,0,3,25.7087,22,34,156,0.110631,0.110631,6.2895,1.38492,5.79838,5.34508,6.66954
line,2.5,leo,0,4,19.2312,23,68,122,0.109535,0.111727,5.98801,1.31385,3.75401,3.51165,4.44242
line,2.5,leo,0,5,17.4091,21,86,104,0.109535,0.110631,5.97515,1.32258,3.23145,3.08465,3.57511
line,2.5,leo,0,6,18.5376,19,73,117,0.107891,0.107891,5.27772,1.14586,3.90936,3.6898,4.29911
line,2.5,leo,0,7,20.746,19,57,133,0.111179,0.112275,5.14908,1.18341,4.38975,4.64617,5.15418
line,2.5,leo,0,8,16.0036,21,88,102,0.112275,0.108439,5.69056,1.13033,3.10709,2.75654,3.09839
line,2.5,leo,0,9,23.7282,25,54,136,0.109535,0.105151,7.1146,1.51418,4.80855,4.41685,5.65931
line,2.5,leo,0,10,22.1926,20,53,137,0.110083,0.112823,5.65274,1.17969,4.83907,4.70238,5.59583
line,2.5,leo,0,11,20.644,20,64,126,0.113919,0.111179,5.63702,1.25867,4.32934,4.36149,4.83241
line,2.5,leo,0,12,20.1543,25,72,118,0.110083,0.107343,7.11764,1.49086,3.70499,3.25362,4.36974
line,2.5,leo,0,13,18.4101,18,71,119,0.110083,0.107891,5.45585,1.11213,3.66205,3.86212,4.1
line,2.5,leo,0,14,22.8314,19,45,145,0.108987,0.108987,5.61767,1.28749,4.91821,5.00049,5.78954
line,2.5,leo,0,15,21.5706,23,69,121,0.110083,0.109535,6.56945,1.34866,4.01634,4.50419,4.91231
line,2.5,leo,0,16,17.5102,18,69,121,0.112275,0.111179,4.87664,0.873288,3.95039,3.67332,3.91309
line,2.5,leo,0,17,19.2626,18,73,117,0.110631,0.109535,5.41243,1.22677,3.85429,4.00251,4.54642
line,2.5,leo,0,18,17.7951,15,67,123,0.110083,0.110631,4.59432,0.873843,3.66117,4.07806,4.36703
line,2.5,leo,0,19,20.0296,17,62,128,0.111179,0.109535,5.15747,1.19443,4.03912,4.41784,5.00001
line,2.5,lqi-literal,0,0,22.4158,26,52,138,0.108987,0.109535,4.91429,1.7904,5.03002,4.98468,5.47784
line,2.5,lqi-literal,0,1,21.5547,20,55,135,0.109535,0.107891,4.25544,1.3039,4.84244,5.50915,5.4263
line,2.5,lqi-literal,0,2,20.4619,21,50,140,0.113919,0.113371,4.2828,1.35145,4.62585,4.44463,5.52992
line,2.5,lqi-literal,0,3,18.0104,23,72,118,0.110631,0.110631,4.55284,1.4596,3.92054,3.75867,4.0975
line,2.5,lqi-literal,0,4,20.3875,26,64,126,0.109535,0.111727,4.89005,1.65979,4.18129,4.65759,4.77756
line,2.5,lqi-literal,0,5,19.516,25,62,128,0.109535,0.110631,4.8075,1.51933,4.06329,4.29966,4.60608
line,2.5,lqi-literal,0,6,20.144,28,72,118,0.107891,0.107891,5.12295,1.55897,4.41478,4.3409,4.49062
line,2.5,lqi-literal,0,7,16.6745,21,70,120,0.111179,0.112275,4.31163,1.16523,3.47799,3.61337,3.88278
line,2.5,lqi-literal,0,8,15.881,23,81,109,0.112275,0.108439,4.60925,1.33975,3.17735,3.15805,3.37584
line,2.5,lqi-literal,0,9,18.8297,24,63,127,0.109535,0.105151,4.69488,1.57658,4.08417,3.84488,4.41452
line,2.5,lqi-literal,0,10,18.9227,29,80,110,0.110083,0.112823,5.24622,1.53314,3.97132,4.0902,3.85894
line,2.5,lqi-literal,0,11,21.4033,22,53,137,0.113919,0.111179,4.46927,1.55442,4.80723,5.11918,5.2281
line,2.5,lqi-literal,0,12,18.8248,23,74,116,0.110083,0.107343,4.55162,1.4039,3.80199,4.20068,4.64917
line,2.5,lqi-literal,0,13,16.301,24,82,108,0.110083,0.107891,4.6316,1.28248,3.21675,3.56991,3.38225
line,2.5,lqi-literal,0,14,19.3166,18,64,126,0.108987,0.108987,4.02962,1.22684,4.23502,4.78543,4.82171
line,2.5,lqi-literal,0,15,19.3154,23,71,119,0.110083,0.109535,4.59192,1.37262,4.23623,4.31863,4.57634
line,2.5,lqi-literal,0,16,17.0752,23,72,118,0.112275,0.111179,4.44048,1.29764,3.72792,3.44602,3.93965
line,2.5,lqi-literal,0,17,18.4468,25,73,117,0.110631,0.109535,4.78486,1.54854,3.9444,3.87406,4.07479
line,2.5,lqi-literal,0,18,19.1895,19,52,138,0.110083,0.110631,4.15015,1.33565,4.41359,4.16482,4.9046
line,2.5,lqi-literal,0,19,22.4576,24,46,144,0.111179,0.109535,4.68464,1.64252,5.1548,5.042,5.71297
line,2.625,hopcount,0,0,18.104,19,79,111,0.102959,0.100767,3.64828,1.30853,4.35033,3.65782,4.93529
line,2.625,hopcount,0,1,19.2585,15,63,127,0.101863,0.101863,3.28451,1.36318,4.35543,4.41634,5.63532
line,2.625,hopcount,0,2,17.6507,15,79,111,0.101863,0.102959,3.28311,1.35124,3.95532,3.9801,4.87608
line,2.625,hopcount,0,3,11.8508,17,117,73,0.100767,0.100219,3.61855,1.13778,2.23059,2.09597,2.5669
line,2.625,hopcount,0,4,19.6416,18,76,114,0.103507,0.101863,3.50864,1.46927,4.57508,4.38644,5.49682
line,2.625,hopcount,0,5,18.8119,18,70,120,0.0980273,0.103507,3.65663,1.43036,4.31015,4.08295,5.13033
line,2.625,hopcount,0,6,22.4638,9,46,144,0.100219,0.103507,2.89493,0.902125,5.74837,5.75934,6.95531
line,2.625,hopcount,0,7,20.2916,20,71,119,0.105151,0.102411,3.74887,1.72318,4.52791,4.60453,5.47951
line,2.625,hopcount,0,8,15.4669,16,88,102,0.104055,0.0991233,3.49536,1.24155,3.37536,2.97822,4.17327
line,2.625,hopcount,0,9,23.6673,23,55,135,0.100767,0.101863,3.96276,1.84939,5.47363,5.46956,6.70931
line,2.625,hopcount,0,10,14.4518,22,96,94,0.101863,0.104603,4.05724,1.45002,2.85884,2.63752,3.24175
line,2.625,hopcount,0,11,17.9266,22,76,114,0.104603,0.102411,3.99852,1.61133,4.05104,3.35913,4.69952
line,2.625,hopcount,0,12,19.5203,13,63,127,0.100219,0.0991233,3.12403,1.27055,4.55276,4.46231,5.9113
line,2.625,hopcount,0,13,15.3524,20,101,89,0.100219,0.0991233,3.89569,1.42602,3.01973,3.03985,3.77177
line,2.625,hopcount,0,14,19.4816,18,70,120,0.102959,0.100219,3.50704,1.32451,4.41086,4.6337,5.40233
line,2.625,hopcount,0,15,20.5779,19,69,121,0.101863,0.101315,3.76835,1.47021,4.7315,4.66968,5.73495
line,2.625,hopcount,0,16,14.5315,17,97,93,0.105699,0.102411,3.56518,1.18199,3.23361,2.86539,3.47726
line,2.625,hopcount,0,17,19.3164,17,67,123,0.0996713,0.0991233,3.48882,1.36421,4.37044,4.44647,5.44765
line,2.625,hopcount,0,18,22.6607,23,61,129,0.101863,0.103507,3.99198,1.57541,5.36159,4.99027,6.53609
line,2.625,hopcount,0,19,17.8567,20,81,109,0.102959,0.100219,3.87785,1.42257,3.948,3.65929,4.74583
line,2.625,lqi,0,0,18.6656,20,78,112,0.103507,0.101863,3.72459,1.55849,4.07911,3.82246,5.27556
line,2.625,lqi,0,1,23.0716,18,55,135,0.101315,0.100767,3.68542,1.63466,5.37123,4.87415,7.30405
line,2.625,lqi,0,2,16.5126,14,83,107,0.102411,0.102959,3.30103,1.22857,3.58508,3.61946,4.57313
line,2.625,lqi,0,3,16.0703,13,90,100,0.0996713,0.0996713,3.21603,1.20011,3.55778,3.30473,4.59231
line,2.625,lqi,0,4,17.5498,23,86,104,0.103507,0.101863,3.94906,1.61511,3.73486,3.44791,4.59747
line,2.625,lqi,0,5,17.0496,14,75,115,0.0974793,0.102959,3.16553,1.17565,3.72558,3.93063,4.85176
line,2.625,lqi,0,6,15.7985,18,90,100,0.101315,0.104055,3.76777,1.45212,3.1039,3.13606,4.13332
line,2.625,lqi,0,7,23.9433,12,47,143,0.105151,0.102411,3.07538,1.10037,5.5896,6.05858,7.91179
line,2.625,lqi,0,8,19.9051,19,69,121,0.104055,0.0991233,3.84888,1.53574,4.44922,4.08833,5.77973
line,2.625,lqi,0,9,18.3376,17,71,119,0.100219,0.100767,3.46095,1.26852,4.20488,3.93252,5.26975
line,2.625,lqi,0,10,17.1493,18,78,112,0.101863,0.104603,3.58343,1.41766,3.71835,3.47187,4.75148
line,2.625,lqi,0,11,17.9577,15,74,116,0.104603,0.102411,3.31735,1.35099,3.97038,3.6938,5.41813
line,2.625,lqi,0,12,19.584,13,68,122,0.100219,0.0996713,3.12606,1.12126,4.42543,4.68025,6.03116
line,2.625,lqi,0,13,22.7821,21,60,130,0.100219,0.0985753,3.77177,1.64089,5.18986,5.11402,6.86676
line,2.625,lqi,0,14,21.7295,17,59,131,0.102959,0.0996713,3.57631,1.52351,5.04625,4.81805,6.56272
line,2.625,lqi,0,15,19.5605,15,74,116,0.102411,0.101863,3.34214,1.29133,4.41615,4.46062,5.84602
line,2.625,lqi,0,16,18.5528,19,74,116,0.105151,0.102959,3.71135,1.44786,3.95188,3.96384,5.26972
line,2.625,lqi,0,17,19.6994,19,74,116,0.0996713,0.0991233,3.76287,1.46625,4.47252,4.18088,5.61808
line,2.625,lqi,0,18,17.3268,20,80,110,0.101863,0.103507,3.79955,1.35795,3.81317,3.48094,4.66978
line,2.625,lqi,0,19,17.927,17,75,115,0.102959,0.100219,3.59068,1.33184,3.91414,3.77985,5.10728
line,2.625,leo,0,0,20.6142,17,70,120,0.102959,0.100767,4.33729,1.13605,4.81115,4.50855,5.61741
line,2.625,leo,0,1,20.9292,17,71,119,0.101863,0.101863,4.19289,1.36786,4.57806,4.60922,5.97741
line,2.625,leo,0,2,20.9918,14,62,128,0.101863,0.102959,3.66526,1.24521,4.81311,5.23398,5.82944
line,2.625,leo,0,3,16.4586,16,92,98,0.100767,0.100219,4.38193,1.26678,3.41971,3.10599,4.0832
line,2.625,leo,0,4,18.4358,18,85,105,0.103507,0.101863,4.4373,1.49558,3.74847,3.9337,4.61537
line,2.625,leo,0,5,18.5437,20,74,116,0.0980273,0.103507,4.63208,1.41665,3.75662,3.70602,4.83079
line,2.625,leo,0,6,20.3494,16,66,124,0.100219,0.103507,4.13896,1.29626,4.60885,4.35452,5.74708
line,2.625,leo,0,7,24.6908,17,55,135,0.105151,0.102411,4.38354,1.53093,5.75814,5.56091,7.24976
line,2.625,leo,0,8,20.0242,19,78,112,0.104055,0.0991233,4.71826,1.49725,4.52679,3.72387,5.35481
line,2.625,leo,0,9,20.2479,19,81,109,0.100767,0.101863,4.67783,1.47781,4.30338,4.21223,5.37399
line,2.625,leo,0,10,16.6243,22,88,102,0.102959,0.104603,5.16151,1.49264,3.3774,2.68111,3.70413
line,2.625,leo,0,11,17.8112,22,88,102,0.104603,0.102411,4.96774,1.53129,3.56642,3.1382,4.40052
line,2.625,leo,0,12,18.0759,14,73,117,0.100219,0.0991233,4.05666,1.19059,3.93306,3.84781,4.84843
line,2.625,leo,0,13,17.5897,14,91,99,0.100219,0.0991233,3.5648,1.1055,3.73703,4.01223,4.97081
line,2.625,leo,0,14,25.6012,14,48,142,0.102959,0.100219,3.75415,1.18591,6.30806,6.34347,7.80646
line,2.625,leo,0,15,16.276,13,84,106,0.101863,0.101315,3.94185,1.0454,3.46112,3.45862,4.16581
line,2.625,leo,0,16,21.1676,18,71,119,0.105699,0.102411,4.23559,1.29195,4.88813,4.40208,6.14176
line,2.625,leo,0,17,17.9015,17,78,112,0.0996713,0.0991233,4.16683,1.40721,3.92874,3.42439,4.77556
line,2.625,leo,0,18,17.0692,17,84,106,0.101863,0.103507,4.39964,1.11965,3.52073,3.53832,4.28549
line,2.625,leo,0,19,19.7649,18,79,111,0.102959,0.100219,4.54316,1.31223,4.07432,4.35961,5.27238
line,2.625,lqi-literal,0,0,18.104,19,79,111,0.102959,0.100767,3.64828,1.30853,4.35033,3.65782,4.93529
line,2.625,lqi-literal,0,1,19.2585,15,63,127,0.101863,0.101863,3.28451,1.36318,4.35543,4.41634,5.63532
line,2.625,lqi-literal,0,2,17.6507,15,79,111,0.101863,0.102959,3.28311,1.35124,3.95532,3.9801,4.87608
line,2.625,lqi-literal,0,3,11.8508,17,117,73,0.100767,0.100219,3.61855,1.13778,2.23059,2.09597,2.5669
line,2.625,lqi-literal,0,4,19.6416,18,76,114,0.103507,0.101863,3.50864,1.46927,4.57508,4.38644,5.49682
line,2.625,lqi-literal,0,5,18.8119,18,70,120,0.0980273,0.103507,3.65663,1.43036,4.31015,4.08295,5.13033
line,2.625,lqi-literal,0,6,22.4638,9,46,144,0.100219,0.103507,2.89493,0.902125,5.74837,5.75934,6.95531
line,2.625,lqi-literal,0,7,20.2916,20,71,119,0.105151,0.102411,3.74887,1.72318,4.52791,4.60453,5.47951
line,2.625,lqi-literal,0,8,15.4669,16,88,102,0.104055,0.0991233,3.49536,1.24155,3.37536,2.97822,4.17327
line,2.625,lqi-literal,0,9,23.6673,23,55,135,0.100767,0.101863,3.96276,1.84939,5.47363,5.46956,6.70931
line,2.625,lqi-literal,0,10,14.4518,22,96,94,0.101863,0.104603,4.05724,1.45002,2.85884,2.63752,3.24175
line,2.625,lqi-literal,0,11,17.9266,22,76,114,0.104603,0.102411,3.99852,1.61133,4.05104,3.35913,4.69952
line,2.625,lqi-literal,0,12,19.5203,13,63,127,0.100219,0.0991233,3.12403,1.27055,4.55276,4.46231,5.9113
line,2.625,lqi-literal,0,13,15.3524,20,101,89,0.100219,0.0991233,3.89569,1.42602,3.01973,3.03985,3.77177
line,2.625,lqi-literal,0,14,19.4816,18,70,120,0.102959,0.100219,3.50704,1.32451,4.41086,4.6337,5.40233
line,2.625,lqi-literal,0,15,20.5779,19,69,121,0.101863,0.101315,3.76835,1.47021,4.7315,4.66968,5.73495
line,2.625,lqi-literal,0,16,14.5315,17,97,93,0.105699,0.102411,3.56518,1.18199,3.23361,2.86539,3.47726
line,2.625,lqi-literal,0,17,19.3164,17,67,123,0.0996713,0.0991233,3.48882,1.36421,4.37044,4.44647,5.44765
line,2.625,lqi-literal,0,18,22.6607,23,61,129,0.101863,0.103507,3.99198,1.57541,5.36159,4.99027,6.53609
line,2.625,lqi-literal,0,19,17.8567,20,81,109,0.102959,0.100219,3.87785,1.42257,3.948,3.65929,4.74583
line,3,hopcount,0,0,9.81075,4,119,71,0.0843273,0.0854233,1.8487,0.521922,2.05543,2.11908,3.09587
line,3,hopcount,0,1,12.4694,3,112,78,0.0832313,0.0859713,1.54833,0.528498,2.87592,2.82285,4.52458
line,3,hopcount,0,2,13.9427,5,100,90,0.0848753,0.0848753,1.44052,0.549791,3.34019,3.30083,5.14162
line,3,hopcount,0,3,9.23818,3,135,55,0.0854233,0.0832313,1.26491,0.363,2.12634,2.07542,3.23986
line,3,hopcount,0,4,16.9913,3,92,98,0.0859713,0.0859713,1.3438,0.525418,4.10923,4.22526,6.61562
line,3,hopcount,0,5,13.2355,4,112,78,0.0826833,0.0843273,1.66635,0.632814,3.06313,2.85366,4.8525
line,3,hopcount,0,6,14.623,3,99,91,0.0848753,0.0837793,1.60643,0.531068,3.42594,3.46563,5.42522
line,3,hopcount,0,7,11.4181,5,123,67,0.0859713,0.0821353,1.4966,0.520486,2.60504,2.54071,4.08721
line,3,hopcount,0,8,12.8998,2,100,90,0.0837793,0.0859713,1.38077,0.434384,3.07136,3.12197,4.72154
line,3,hopcount,0,9,13.4174,5,99,91,0.0865193,0.0843273,1.41648,0.43274,3.25079,3.20544,4.94113
line,3,hopcount,0,10,12.2646,3,103,87,0.0843273,0.0848753,1.37694,0.433836,2.93189,2.84073,4.51198
line,3,hopcount,0,11,17.8164,4,79,111,0.0843273,0.0832313,1.51118,0.645757,4.42353,4.22231,6.84609
line,3,hopcount,0,12,18.9263,7,95,95,0.0832313,0.0859713,1.46219,0.649215,4.58121,4.59385,7.4706
line,3,hopcount,0,13,12.4651,3,100,90,0.0848753,0.0843273,1.35016,0.498096,2.98656,2.93219,4.52892
line,3,hopcount,0,14,15.1277,6,97,93,0.0843273,0.0854233,1.41902,0.653769,3.60558,3.6264,5.65317
line,3,hopcount,0,15,12.7693,4,111,79,0.0854233,0.0848753,1.26183,0.494639,3.10164,2.94268,4.79823
line,3,hopcount,0,16,9.76885,4,120,70,0.0843273,0.0848753,1.40426,0.378475,2.31345,2.1966,3.30686
line,3,hopcount,0,17,14.07,4,91,99,0.0848753,0.0848753,1.51409,0.534695,3.39506,3.3166,5.13977
line,3,hopcount,0,18,10.0838,5,118,72,0.0843273,0.0843273,1.57658,0.467147,2.24756,2.17204,3.45182
line,3,hopcount,0,19,12.4391,3,116,74,0.0848753,0.0848753,1.42939,0.507921,2.85963,2.86097,4.6114
line,3,lqi,0,0,9.81075,4,119,71,0.0843273,0.0854233,1.8487,0.521922,2.05543,2.11908,3.09587
line,3,lqi,0,1,10.3916,4,109,81,0.0832313,0.0859713,1.43466,0.476802,2.4317,2.27481,3.60442
line,3,lqi,0,2,20.2148,5,83,107,0.0848753,0.0848753,1.47585,0.713475,4.9123,4.91692,8.02649
line,3,lqi,0,3,9.23818,3,135,55,0.0854233,0.0832313,1.26491,0.363,2.12634,2.07542,3.23986
line,3,lqi,0,4,16.9913,3,92,98,0.0859713,0.0859713,1.3438,0.525418,4.10923,4.22526,6.61562
line,3,lqi,0,5,13.2355,4,112,78,0.0826833,0.0843273,1.66635,0.632814,3.06313,2.85366,4.8525
line,3,lqi,0,6,14.623,3,99,91,0.0848753,0.0837793,1.60643,0.531068,3.42594,3.46563,5.42522
line,3,lqi,0,7,11.4181,5,123,67,0.0859713,0.0821353,1.4966,0.520486,2.60504,2.54071,4.08721
line,3,lqi,0,8,12.8998,2,100,90,0.0837793,0.0859713,1.38077,0.434384,3.07136,3.12197,4.72154
line,3,lqi,0,9,13.4174,5,99,91,0.0865193,0.0843273,1.41648,0.43274,3.25079,3.20544,4.94113
line,3,lqi,0,10,12.2646,3,103,87,0.0843273,0.0848753,1.37694,0.433836,2.93189,2.84073,4.51198
line,3,lqi,0,11,17.8164,4,79,111,0.0843273,0.0832313,1.51118,0.645757,4.42353,4.22231,6.84609
line,3,lqi,0,12,26.5926,6,68,122,0.0832313,0.0859713,1.58333,0.932141,6.54259,6.42438,10.941
line,3,lqi,0,13,12.4651,3,100,90,0.0848753,0.0843273,1.35016,0.498096,2.98656,2.93219,4.52892
line,3,lqi,0,14,15.1277,6,97,93,0.0843273,0.0854233,1.41902,0.653769,3.60558,3.6264,5.65317
line,3,lqi,0,15,7.36985,2,127,63,0.0854233,0.0848753,1.18223,0.247045,1.70305,1.65267,2.41457
line,3,lqi,0,16,9.66557,3,119,71,0.0843273,0.0848753,1.32465,0.375944,2.21608,2.28447,3.29522
line,3,lqi,0,17,14.07,4,91,99,0.0848753,0.0848753,1.51409,0.534695,3.39506,3.3166,5.13977
line,3,lqi,0,18,14.6567,7,101,89,0.0843273,0.0843273,1.62431,0.74552,3.38634,3.39349,5.3384
line,3,lqi,0,19,12.4391,3,116,74,0.0848753,0.0848753,1.42939,0.507921,2.85963,2.86097,4.6114
line,3,leo,0,0,9.70551,4,119,71,0.0843273,0.0854233,1.81518,0.473684,2.05543,2.11908,3.07238
line,3,leo,0,1,14.6566,3,103,87,0.0832313,0.0859713,1.70442,0.542158,3.40226,3.37068,5.46789
line,3,leo,0,2,13.9427,5,100,90,0.0848753,0.0848753,1.44052,0.549791,3.34019,3.30083,5.14162
line,3,leo,0,3,12.1719,3,126,64,0.0854233,0.0832313,1.30534,0.41326,2.85681,2.86311,4.56477
line,3,leo,0,4,16.9913,3,92,98,0.0859713,0.0859713,1.3438,0.525418,4.10923,4.22526,6.61562
line,3,leo,0,5,9.8659,2,123,67,0.0826833,0.0843273,1.46472,0.404153,2.21282,2.17954,3.43765
line,3,leo,0,6,14.623,3,99,91,0.0848753,0.0837793,1.60643,0.531068,3.42594,3.46563,5.42522
line,3,leo,0,7,11.4181,5,123,67,0.0859713,0.0821353,1.4966,0.520486,2.60504,2.54071,4.08721
line,3,leo,0,8,12.8998,2,100,90,0.0837793,0.0859713,1.38077,0.434384,3.07136,3.12197,4.72154
line,3,leo,0,9,13.4174,5,99,91,0.0865193,0.0843273,1.41648,0.43274,3.25079,3.20544,4.94113
line,3,leo,0,10,12.3962,3,103,87,0.0843273,0.0848753,1.49133,0.451125,2.93189,2.84073,4.51198
line,3,leo,0,11,17.8164,4,79,111,0.0843273,0.0832313,1.51118,0.645757,4.42353,4.22231,6.84609
line,3,leo,0,12,12.8262,8,112,78,0.0832313,0.0859713,1.72904,0.685605,2.89869,2.80361,4.54005
line,3,leo,0,13,12.4651,3,100,90,0.0848753,0.0843273,1.35016,0.498096,2.98656,2.93219,4.52892
line,3,leo,0,14,15.1277,6,97,93,0.0843273,0.0854233,1.41902,0.653769,3.60558,3.6264,5.65317
line,3,leo,0,15,12.7693,4,111,79,0.0854233,0.0848753,1.26183,0.494639,3.10164,2.94268,4.79823
line,3,leo,0,16,9.76885,4,120,70,0.0843273,0.0848753,1.40426,0.378475,2.31345,2.1966,3.30686
line,3,leo,0,17,14.07,4,91,99,0.0848753,0.0848753,1.51409,0.534695,3.39506,3.3166,5.13977
line,3,leo,0,18,14.8807,5,101,89,0.0843273,0.0843273,1.71083,0.765888,3.50236,3.22919,5.50373
line,3,leo,0,19,12.4391,3,116,74,0.0848753,0.0848753,1.42939,0.507921,2.85963,2.86097,4.6114
line,3,lqi-literal,0,0,9.81075,4,119,71,0.0843273,0.0854233,1.8487,0.521922,2.05543,2.11908,3.09587
line,3,lqi-literal,0,1,12.4694,3,112,78,0.0832313,0.0859713,1.54833,0.528498,2.87592,2.82285,4.52458
line,3,lqi-literal,0,2,13.9427,5,100,90,0.0848753,0.0848753,1.44052,0.549791,3.34019,3.30083,5.14162
line,3,lqi-literal,0,3,9.23818,3,135,55,0.0854233,0.0832313,1.26491,0.363,2.12634,2.07542,3.23986
line,3,lqi-literal,0,4,16.9913,3,92,98,0.0859713,0.0859713,1.3438,0.525418,4.10923,4.22526,6.61562
line,3,lqi-literal,0,5,13.2355,4,112,78,0.0826833,0.0843273,1.66635,0.632814,3.06313,2.85366,4.8525
line,3,lqi-literal,0,6,14.623,3,99,91,0.0848753,0.0837793,1.60643,0.531068,3.42594,3.46563,5.42522
line,3,lqi-literal,0,7,11.4181,5,123,67,0.0859713,0.0821353,1.4966,0.520486,2.60504,2.54071,4.08721
line,3,lqi-literal,0,8,12.8998,2,100,90,0.0837793,0.0859713,1.38077,0.434384,3.07136,3.12197,4.72154
line,3,lqi-literal,0,9,13.4174,5,99,91,0.0865193,0.0843273,1.41648,0.43274,3.25079,3.20544,4.94113
line,3,lqi-literal,0,10,12.2646,3,103,87,0.0843273,0.0848753,1.37694,0.433836,2.93189,2.84073,4.51198
line,3,lqi-literal,0,11,17.8164,4,79,111,0.0843273,0.0832313,1.51118,0.645757,4.42353,4.22231,6.84609
line,3,lqi-literal,0,12,18.9263,7,95,95,0.0832313,0.0859713,1.46219,0.649215,4.58121,4.59385,7.4706
line,3,lqi-literal,0,13,12.4651,3,100,90,0.0848753,0.0843273,1.35016,0.498096,2.98656,2.93219,4.52892
line,3,lqi-literal,0,14,15.1277,6,97,93,0.0843273,0.0854233,1.41902,0.653769,3.60558,3.6264,5.65317
line,3,lqi-literal,0,15,12.7693,4,111,79,0.0854233,0.0848753,1.26183,0.494639,3.10164,2.94268,4.79823
line,3,lqi-literal,0,16,9.76885,4,120,70,0.0843273,0.0848753,1.40426,0.378475,2.31345,2.1966,3.30686
line,3,lqi-literal,0,17,14.07,4,91,99,0.0848753,0.0848753,1.51409,0.534695,3.39506,3.3166,5.13977
line,3,lqi-literal,0,18,10.0838,5,118,72,0.0843273,0.0843273,1.57658,0.467147,2.24756,2.17204,3.45182
line,3,lqi-literal,0,19,12.4391,3,116,74,0.0848753,0.0848753,1.42939,0.507921,2.85963,2.86097,4.6114
circle,2,hopcount,0,0,13.2858,1,1,189,0.224615,0.226807,4.56683,0.134743,2.58895,3.38401,2.15985
circle,2,hopcount,0,1,12.9095,0,0,190,0.233383,0.233931,4.34331,0.135455,2.33367,3.44017,2.18961
circle,2,hopcount,0,2,12.5762,0,0,190,0.233931,0.226259,4.31975,0.126696,2.35058,3.27819,2.04076
circle,2,hopcount,0,3,13.1198,0,0,190,0.230643,0.235027,4.32852,0.107734,2.6613,3.44364,2.11299
circle,2,hopcount,0,4,12.6639,3,3,187,0.220779,0.227903,5.03524,0.147338,2.39935,2.7968,1.83644
circle,2,hopcount,0,5,12.5277,0,0,190,0.236671,0.230095,4.30934,0.101527,2.28999,3.27736,2.08273
circle,2,hopcount,0,6,12.9681,1,1,189,0.221875,0.231191,4.55807,0.135879,2.61061,3.20914,2.00139
circle,2,hopcount,0,7,12.8955,1,1,189,0.228451,0.227903,4.55094,0.138878,2.44552,3.12338,2.1804
circle,2,hopcount,0,8,12.6569,0,0,190,0.233931,0.222423,4.31263,0.15364,2.32336,3.26917,2.14176
circle,2,hopcount,0,9,13.109,1,1,189,0.230643,0.226259,4.56957,0.131833,2.43443,3.41182,2.10447
circle,2,hopcount,0,10,12.65,0,0,190,0.230095,0.228999,4.35482,0.10198,2.43218,3.23845,2.06349
circle,2,hopcount,0,11,12.2878,0,0,190,0.228451,0.230095,4.31482,0.113514,2.32265,3.08241,1.99585
circle,2,hopcount,0,12,12.1393,0,0,190,0.229547,0.226807,4.32578,0.108507,2.20068,3.05994,1.98808
circle,2,hopcount,0,13,12.2815,1,1,189,0.225711,0.228999,4.52464,0.112771,2.31901,2.96921,1.90119
circle,2,hopcount,0,14,13.157,0,0,190,0.228999,0.234479,4.32249,0.114037,2.69756,3.55204,2.00741
circle,2,hopcount,0,15,12.8791,0,0,190,0.227355,0.233383,4.32907,0.135281,2.37528,3.40396,2.17474
circle,2,hopcount,0,16,13.1267,0,0,190,0.223519,0.228999,4.32249,0.109483,2.81963,3.40638,2.0162
circle,2,hopcount,0,17,12.5526,0,0,190,0.234479,0.222971,4.32742,0.137747,2.18362,3.31195,2.13441
circle,2,hopcount,0,18,12.561,0,0,190,0.232835,0.227355,4.32578,0.101462,2.37686,3.25039,2.0463
circle,2,hopcount,0,19,12.3002,1,1,189,0.224067,0.230095,4.51203,0.135386,2.25487,2.92925,2.01454
circle,2,lqi,0,0,12.6719,0,0,190,0.224615,0.226807,4.33783,0.124948,2.35976,2.90641,2.49148
circle,2,lqi,0,1,12.6974,0,0,190,0.233383,0.233931,4.34331,0.131155,2.53117,2.79639,2.42803
circle,2,lqi,0,2,12.1673,0,0,190,0.233931,0.226259,4.31975,0.13694,2.40782,2.52016,2.32245
circle,2,lqi,0,3,12.3332,0,0,190,0.230643,0.235027,4.32852,0.119686,2.42034,2.65678,2.3422
circle,2,lqi,0,4,12.2289,0,0,190,0.220779,0.227903,4.35153,0.130607,2.39487,2.57712,2.32612
circle,2,lqi,0,5,12.1462,0,0,190,0.236671,0.230095,4.30934,0.13694,2.37751,2.51608,2.33954
circle,2,lqi,0,6,12.2782,0,0,190,0.221875,0.231191,4.33181,0.134548,2.37093,2.6457,2.34214
circle,2,lqi,0,7,12.6372,0,0,190,0.228451,0.227903,4.32194,0.138036,2.5696,2.72308,2.42823
circle,2,lqi,0,8,12.253,0,0,190,0.233931,0.222423,4.31263,0.132934,2.35166,2.72581,2.27358
circle,2,lqi,0,9,12.5412,0,0,190,0.230643,0.226259,4.34222,0.152932,2.52469,2.71037,2.3541
circle,2,lqi,0,10,12.2022,0,0,190,0.230095,0.228999,4.35482,0.128858,2.26109,2.59054,2.40776
circle,2,lqi,0,11,11.9561,0,0,190,0.228451,0.230095,4.31482,0.143172,2.27689,2.44688,2.31581
circle,2,lqi,0,12,12.0875,0,0,190,0.229547,0.226807,4.32578,0.122656,2.29757,2.53101,2.35416
circle,2,lqi,0,13,12.1947,0,0,190,0.225711,0.228999,4.29947,0.108152,2.3892,2.63302,2.31009
circle,2,lqi,0,14,12.2671,0,0,190,0.228999,0.234479,4.32249,0.122531,2.51203,2.59103,2.25558
circle,2,lqi,0,15,12.4114,0,0,190,0.227355,0.233383,4.32907,0.140945,2.38047,2.66699,2.43319
circle,2,lqi,0,16,12.3711,0,0,190,0.223519,0.228999,4.32249,0.122013,2.4108,2.73811,2.3252
circle,2,lqi,0,17,12.3443,0,0,190,0.234479,0.222971,4.32742,0.126567,2.4078,2.65802,2.36703
circle,2,lqi,0,18,12.2208,0,0,190,0.232835,0.227355,4.32578,0.111705,2.25436,2.68376,2.38504
circle,2,lqi,0,19,12.3731,0,0,190,0.224067,0.230095,4.29893,0.138265,2.44715,2.6866,2.34804
circle,2,leo,0,0,13.2858,1,1,189,0.224615,0.226807,4.56683,0.134743,2.58895,3.38401,2.15985
circle,2,leo,0,1,12.9095,0,0,190,0.233383,0.233931,4.34331,0.135455,2.33367,3.44017,2.18961
circle,2,leo,0,2,12.5762,0,0,190,0.233931,0.226259,4.31975,0.126696,2.35058,3.27819,2.04076
circle,2,leo,0,3,13.1198,0,0,190,0.230643,0.235027,4.32852,0.107734,2.6613,3.44364,2.11299
circle,2,leo,0,4,12.9009,2,2,188,0.220779,0.227903,4.85076,0.126079,2.36554,3.14113,1.96868
circle,2,leo,0,5,12.5277,0,0,190,0.236671,0.230095,4.30934,0.101527,2.28999,3.27736,2.08273
circle,2,leo,0,6,13.1141,1,1,189,0.221875,0.231191,4.58361,0.140497,2.61645,3.2572,2.06324
circle,2,leo,0,7,13.1448,1,1,189,0.228451,0.227903,4.58762,0.138878,2.38627,3.3584,2.21724
circle,2,leo,0,8,12.6569,0,0,190,0.233931,0.222423,4.31263,0.15364,2.32336,3.26917,2.14176
circle,2,leo,0,9,13.2468,1,1,189,0.230643,0.226259,4.58235,0.142754,2.47799,3.45123,2.13555
circle,2,leo,0,10,12.65,0,0,190,0.230095,0.228999,4.35482,0.10198,2.43218,3.23845,2.06349
circle,2,leo,0,11,12.2878,0,0,190,0.228451,0.230095,4.31482,0.113514,2.32265,3.08241,1.99585
circle,2,leo,0,12,12.1393,0,0,190,0.229547,0.226807,4.32578,0.108507,2.20068,3.05994,1.98808
circle,2,leo,0,13,12.2815,1,1,189,0.225711,0.228999,4.52464,0.112771,2.31901,2.96921,1.90119
circle,2,leo,0,14,13.157,0,0,190,0.228999,0.234479,4.32249,0.114037,2.69756,3.55204,2.00741
circle,2,leo,0,15,12.8791,0,0,190,0.227355,0.233383,4.32907,0.135281,2.37528,3.40396,2.17474
circle,2,leo,0,16,13.1267,0,0,190,0.223519,0.228999,4.32249,0.109483,2.81963,3.40638,2.0162
circle,2,leo,0,17,12.5526,0,0,190,0.234479,0.222971,4.32742,0.137747,2.18362,3.31195,2.13441
circle,2,leo,0,18,12.561,0,0,190,0.232835,0.227355,4.32578,0.101462,2.37686,3.25039,2.0463
circle,2,leo,0,19,12.3002,1,1,189,0.224067,0.230095,4.51203,0.135386,2.25487,2.92925,2.01454
circle,2,lqi-literal,0,0,13.2858,1,1,189,0.224615,0.226807,4.56683,0.134743,2.58895,3.38401,2.15985
circle,2,lqi-literal,0,1,12.9095,0,0,190,0.233383,0.233931,4.34331,0.135455,2.33367,3.44017,2.18961
circle,2,lqi-literal,0,2,12.5762,0,0,190,0.233931,0.226259,4.31975,0.126696,2.35058,3.27819,2.04076
circle,2,lqi-literal,0,3,13.1198,0,0,190,0.230643,0.235027,4.32852,0.107734,2.6613,3.44364,2.11299
circle,2,lqi-literal,0,4,12.6639,3,3,187,0.220779,0.227903,5.03524,0.147338,2.39935,2.7968,1.83644
circle,2,lqi-literal,0,5,12.5277,0,0,190,0.236671,0.230095,4.30934,0.101527,2.28999,3.27736,2.08273
circle,2,lqi-literal,0,6,12.9681,1,1,189,0.221875,0.231191,4.55807,0.135879,2.61061,3.20914,2.00139
circle,2,lqi-literal,0,7,12.8955,1,1,189,0.228451,0.227903,4.55094,0.138878,2.44552,3.12338,2.1804
circle,2,lqi-literal,0,8,12.6569,0,0,190,0.233931,0.222423,4.31263,0.15364,2.32336,3.26917,2.14176
circle,2,lqi-literal,0,9,13.109,1,1,189,0.230643,0.226259,4.56957,0.131833,2.43443,3.41182,2.10447
circle,2,lqi-literal,0,10,12.65,0,0,190,0.230095,0.228999,4.35482,0.10198,2.43218,3.23845,2.06349
circle,2,lqi-literal,0,11,12.2878,0,0,190,0.228451,0.230095,4.31482,0.113514,2.32265,3.08241,1.99585
circle,2,lqi-literal,0,12,12.1393,0,0,190,0.229547,0.226807,4.32578,0.108507,2.20068,3.05994,1.98808
circle,2,lqi-literal,0,13,12.2815,1,1,189,0.225711,0.228999,4.52464,0.112771,2.31901,2.96921,1.90119
circle,2,lqi-literal,0,14,13.157,0,0,190,0.228999,0.234479,4.32249,0.114037,2.69756,3.55204,2.00741
circle,2,lqi-literal,0,15,12.8791,0,0,190,0.227355,0.233383,4.32907,0.135281,2.37528,3.40396,2.17474
circle,2,lqi-literal,0,16,13.1267,0,0,190,0.223519,0.228999,4.32249,0.109483,2.81963,3.40638,2.0162
circle,2,lqi-literal,0,17,12.5526,0,0,190,0.234479,0.222971,4.32742,0.137747,2.18362,3.31195,2.13441
circle,2,lqi-literal,0,18,12.561,0,0,190,0.232835,0.227355,4.32578,0.101462,2.37686,3.25039,2.0463
circle,2,lqi-literal,0,19,12.3002,1,1,189,0.224067,0.230095,4.51203,0.135386,2.25487,2.92925,2.01454
circle,2.25,hopcount,0,0,17.0021,17,25,165,0.152827,0.150087,5.5385,0.616467,3.53488,4.43213,2.57724
circle,2.25,hopcount,0,1,16.2027,10,18,172,0.156663,0.153923,4.44843,0.397356,3.64908,4.53322,2.86405
circle,2.25,hopcount,0,2,14.9394,15,40,150,0.153923,0.157211,5.25805,0.577641,3.03571,3.49467,2.2622
circle,2.25,hopcount,0,3,15.4515,13,24,166,0.151731,0.154471,4.93212,0.464865,3.6301,3.68308,2.43513
circle,2.25,hopcount,0,4,15.328,9,20,170,0.155567,0.151183,4.30547,0.39576,3.45689,4.07767,2.78546
circle,2.25,hopcount,0,5,13.4695,10,35,155,0.164335,0.161595,4.50926,0.419367,2.63594,3.35556,2.22344
circle,2.25,hopcount,0,6,15.5688,14,29,161,0.156115,0.158307,5.07563,0.521552,3.39169,3.72615,2.53938
circle,2.25,hopcount,0,7,16.3953,15,24,166,0.150087,0.152827,5.25696,0.511763,3.74998,3.84504,2.72869
circle,2.25,hopcount,0,8,14.0775,15,46,144,0.150087,0.153923,5.24764,0.535149,2.617,3.33555,2.0382
circle,2.25,hopcount,0,9,14.6412,16,39,151,0.152827,0.155567,5.4191,0.532848,3.07774,3.1938,2.10935
circle,2.25,hopcount,0,10,14.499,14,29,161,0.158855,0.159951,5.0981,0.464304,3.11341,3.15591,2.34846
circle,2.25,hopcount,0,11,13.196,11,44,146,0.156115,0.156115,4.62482,0.402857,2.80428,2.98213,2.06968
circle,2.25,hopcount,0,12,15.2846,16,32,158,0.155567,0.152279,5.42074,0.469906,3.03657,3.77064,2.27894
circle,2.25,hopcount,0,13,14.8298,14,23,167,0.150635,0.153923,5.0992,0.514685,2.98736,3.44537,2.47864
circle,2.25,hopcount,0,14,16.8935,17,27,163,0.156115,0.156663,5.53685,0.603342,3.57012,4.2793,2.59112
circle,2.25,hopcount,0,15,17.9517,20,26,164,0.156663,0.155019,6.02054,0.607312,3.8361,4.81208,2.36395
circle,2.25,hopcount,0,16,15.3002,11,31,159,0.157211,0.156663,4.64291,0.452069,3.12232,4.31702,2.45206
circle,2.25,hopcount,0,17,14.5814,14,40,150,0.157759,0.151731,5.09317,0.593602,2.87114,3.51587,2.19814
circle,2.25,hopcount,0,18,14.6711,17,36,154,0.163239,0.151731,5.60316,0.567707,3.01631,3.06193,2.10697
circle,2.25,hopcount,0,19,14.9033,12,25,165,0.154471,0.151183,4.78861,0.483724,3.25591,3.62053,2.44892
circle,2.25,lqi,0,0,12.8365,13,43,147,0.152827,0.150087,4.91952,0.473085,2.43328,2.40381,2.3039
circle,2.25,lqi,0,1,14.6265,8,18,172,0.156663,0.153923,4.13784,0.372543,2.94812,3.87221,2.98524
circle,2.25,lqi,0,2,13.6256,15,35,155,0.153923,0.157211,5.26408,0.476212,2.50106,2.68189,2.39119
circle,2.25,lqi,0,3,13.1065,8,32,158,0.151731,0.154471,4.1647,0.359991,2.68309,3.17826,2.41428
circle,2.25,lqi,0,4,13.9211,9,26,164,0.155567,0.151183,4.29341,0.395372,2.64844,3.50393,2.77315
circle,2.25,lqi,0,5,14.0281,6,13,177,0.164335,0.161595,3.85575,0.306921,3.13222,3.39726,3.00998
circle,2.25,lqi,0,6,12.8895,9,41,149,0.156115,0.158307,4.32958,0.383307,2.54344,2.84986,2.46888
circle,2.25,lqi,0,7,12.9038,6,30,160,0.150087,0.152827,3.86617,0.339293,2.63202,3.03989,2.7235
circle,2.25,lqi,0,8,15.3173,14,19,171,0.150087,0.153923,5.10742,0.461834,3.12605,3.50563,2.81241
circle,2.25,lqi,0,9,14.1177,14,32,158,0.152827,0.155567,5.13646,0.472206,2.80285,2.83146,2.56629
circle,2.25,lqi,0,10,13.9141,6,21,169,0.158855,0.159951,3.88809,0.313289,2.84784,3.53603,3.01001
circle,2.25,lqi,0,11,14.048,10,23,167,0.156115,0.156115,4.48131,0.439347,2.99409,3.11591,2.70513
circle,2.25,lqi,0,12,14.3494,9,17,173,0.155567,0.152279,4.33013,0.400644,2.83929,3.53246,2.93904
circle,2.25,lqi,0,13,12.9169,9,27,163,0.150635,0.153923,4.31643,0.361744,2.58103,2.76618,2.58694
circle,2.25,lqi,0,14,12.9726,6,30,160,0.156115,0.156663,3.85904,0.32047,2.6595,3.18894,2.63187
circle,2.25,lqi,0,15,14.0478,6,19,171,0.156663,0.155019,3.87055,0.335727,3.14613,3.40511,2.97855
circle,2.25,lqi,0,16,14.609,11,25,165,0.157211,0.156663,4.62263,0.444558,2.99207,3.63506,2.60076
circle,2.25,lqi,0,17,14.1476,9,23,167,0.157759,0.151731,4.30656,0.387579,3.06829,3.3263,2.74937
circle,2.25,lqi,0,18,13.1529,10,32,158,0.163239,0.151731,4.4994,0.377815,2.50348,3.00106,2.45617
circle,2.25,lqi,0,19,13.8154,10,30,160,0.154471,0.151183,4.47474,0.408655,2.71427,3.20113,2.71093
circle,2.25,leo,0,0,15.6694,11,29,161,0.152827,0.150087,5.26855,0.440161,3.14359,4.09373,2.42048
circle,2.25,leo,0,1,15.4045,13,43,147,0.156663,0.153923,5.68766,0.466387,2.88258,3.80838,2.24895
circle,2.25,leo,0,2,17.2103,18,27,163,0.153923,0.157211,7.03637,0.623552,3.0488,3.74029,2.45014
circle,2.25,leo,0,3,15.2865,9,26,164,0.151731,0.154471,4.87812,0.373979,3.41863,3.80453,2.50499
circle,2.25,leo,0,4,15.0463,13,41,149,0.155567,0.151183,5.72109,0.449317,2.55435,3.81333,2.20151
circle,2.25,leo,0,5,14.083,10,35,155,0.164335,0.161595,4.92596,0.410699,2.62974,3.49959,2.29113
circle,2.25,leo,0,6,16.2224,12,31,159,0.156115,0.158307,5.62644,0.441757,3.33247,4.0826,2.42475
circle,2.25,leo,0,7,16.8809,11,17,173,0.150087,0.152827,5.47834,0.46484,3.68234,4.06678,2.88568
circle,2.25,leo,0,8,14.8983,12,39,151,0.150087,0.153923,5.52121,0.454149,2.71132,3.72496,2.1826
circle,2.25,leo,0,9,14.6402,15,46,144,0.152827,0.155567,6.09482,0.512929,2.82131,2.99834,1.90437
circle,2.25,leo,0,10,14.9585,14,32,158,0.158855,0.159951,5.67897,0.456671,2.96602,3.26937,2.26865
circle,2.25,leo,0,11,14.4559,9,26,164,0.156115,0.156115,4.69434,0.394177,3.21633,3.24036,2.59844
circle,2.25,leo,0,12,16.9052,15,20,170,0.155567,0.152279,6.18998,0.476273,3.48222,3.85453,2.59434
circle,2.25,leo,0,13,13.0923,7,41,149,0.150635,0.153923,4.54552,0.37119,2.63288,3.01023,2.22796
circle,2.25,leo,0,14,14.8755,15,52,138,0.156115,0.156663,6.477,0.514013,2.59517,3.06131,1.91523
circle,2.25,leo,0,15,17.3356,13,26,164,0.156663,0.155019,5.81029,0.473411,3.55502,4.58048,2.60472
circle,2.25,leo,0,16,16.0031,16,32,158,0.157211,0.156663,6.59015,0.551502,2.74814,3.38801,2.4114
circle,2.25,leo,0,17,15.5776,11,31,159,0.157759,0.151731,5.3304,0.480766,3.00537,3.92406,2.52753
circle,2.25,leo,0,18,14.7497,11,29,161,0.163239,0.151731,5.30548,0.441379,3.00107,3.43514,2.25165
circle,2.25,leo,0,19,15.2563,13,39,151,0.154471,0.151183,5.68993,0.492122,2.70987,3.72458,2.33418
circle,2.25,lqi-literal,0,0,17.0021,17,25,165,0.152827,0.150087,5.5385,0.616467,3.53488,4.43213,2.57724
circle,2.25,lqi-literal,0,1,16.2027,10,18,172,0.156663,0.153923,4.44843,0.397356,3.64908,4.53322,2.86405
circle,2.25,lqi-literal,0,2,14.9394,15,40,150,0.153923,0.157211,5.25805,0.577641,3.03571,3.49467,2.2622
circle,2.25,lqi-literal,0,3,15.4515,13,24,166,0.151731,0.154471,4.93212,0.464865,3.6301,3.68308,2.43513
circle,2.25,lqi-literal,0,4,15.328,9,20,170,0.155567,0.151183,4.30547,0.39576,3.45689,4.07767,2.78546
circle,2.25,lqi-literal,0,5,13.4695,10,35,155,0.164335,0.161595,4.50926,0.419367,2.63594,3.35556,2.22344
circle,2.25,lqi-literal,0,6,15.5688,14,29,161,0.156115,0.158307,5.07563,0.521552,3.39169,3.72615,2.53938
circle,2.25,lqi-literal,0,7,16.3953,15,24,166,0.150087,0.152827,5.25696,0.511763,3.74998,3.84504,2.72869
circle,2.25,lqi-literal,0,8,14.0775,15,46,144,0.150087,0.153923,5.24764,0.535149,2.617,3.33555,2.0382
circle,2.25,lqi-literal,0,9,14.6412,16,39,151,0.152827,0.155567,5.4191,0.532848,3.07774,3.1938,2.10935
circle,2.25,lqi-literal,0,10,14.499,14,29,161,0.158855,0.159951,5.0981,0.464304,3.11341,3.15591,2.34846
circle,2.25,lqi-literal,0,11,13.196,11,44,146,0.156115,0.156115,4.62482,0.402857,2.80428,2.98213,2.06968
circle,2.25,lqi-literal,0,12,15.2846,16,32,158,0.155567,0.152279,5.42074,0.469906,3.03657,3.77064,2.27894
circle,2.25,lqi-literal,0,13,14.8298,14,23,167,0.150635,0.153923,5.0992,0.514685,2.98736,3.44537,2.47864
circle,2.25,lqi-literal,0,14,16.8935,17,27,163,0.156115,0.156663,5.53685,0.603342,3.57012,4.2793,2.59112
circle,2.25,lqi-literal,0,15,17.9517,20,26,164,0.156663,0.155019,6.02054,0.607312,3.8361,4.81208,2.36395
circle,2.25,lqi-literal,0,16,15.3002,11,31,159,0.157211,0.156663,4.64291,0.452069,3.12232,4.31702,2.45206
circle,2.25,lqi-literal,0,17,14.5814,14,40,150,0.157759,0.151731,5.09317,0.593602,2.87114,3.51587,2.19814
circle,2.25,lqi-literal,0,18,14.6711,17,36,154,0.163239,0.151731,5.60316,0.567707,3.01631,3.06193,2.10697
circle,2.25,lqi-literal,0,19,14.9033,12,25,165,0.154471,0.151183,4.78861,0.483724,3.25591,3.62053,2.44892
circle,2.5,hopcount,0,0,16.8773,14,26,164,0.115563,0.118851,3.81962,0.61751,4.01906,4.24367,3.94307
circle,2.5,hopcount,0,1,16.0006,18,36,154,0.112275,0.114467,4.27803,0.687204,3.52482,3.74184,3.54196
circle,2.5,hopcount,0,2,14.0795,20,62,128,0.118851,0.118851,4.52176,0.848123,2.94183,2.89622,2.6339
circle,2.5,hopcount,0,3,16.2053,17,33,157,0.116111,0.115563,4.17836,0.73622,3.55379,3.86694,3.63832
circle,2.5,hopcount,0,4,15.8664,15,40,150,0.115563,0.118851,3.94833,0.767487,3.45684,4.22395,3.23536
circle,2.5,hopcount,0,5,16.328,16,30,160,0.118303,0.117755,4.08691,0.741455,3.71922,3.88428,3.66012
circle,2.5,hopcount,0,6,14.333,19,51,139,0.113919,0.117207,4.41661,0.74015,3.26018,2.88006,2.80483
circle,2.5,hopcount,0,7,16.0414,13,37,153,0.116111,0.118851,3.71885,0.63517,3.76869,4.01474,3.66902
circle,2.5,hopcount,0,8,13.9911,17,53,137,0.120495,0.113919,4.18549,0.788409,3.05714,2.92792,2.79775
circle,2.5,hopcount,0,9,14.9639,17,58,132,0.114467,0.110083,4.19425,0.81642,3.14162,3.58116,3.00594
circle,2.5,hopcount,0,10,16.0239,16,43,147,0.116659,0.121043,4.08033,0.693921,3.91185,3.9125,3.18756
circle,2.5,hopcount,0,11,13.1523,14,60,130,0.118851,0.117755,3.84537,0.690085,2.78442,3.19762,2.39822
circle,2.5,hopcount,0,12,16.0025,13,42,148,0.118303,0.117755,3.73364,0.604924,3.63893,4.38205,3.40691
circle,2.5,hopcount,0,13,13.4326,15,58,132,0.117755,0.115015,3.9708,0.669894,3.00622,2.97317,2.57976
circle,2.5,hopcount,0,14,14.6339,17,48,142,0.112823,0.116111,4.18329,0.683191,3.3626,3.28289,2.893
circle,2.5,hopcount,0,15,15.3198,16,41,149,0.114467,0.116111,4.06883,0.773277,3.54248,3.57422,3.13039
circle,2.5,hopcount,0,16,16.1693,22,40,150,0.119399,0.115563,4.78029,0.838688,3.29466,3.64173,3.37895
circle,2.5,hopcount,0,17,17.1505,22,46,144,0.118851,0.113919,4.7633,0.827932,4.09227,3.83773,3.39649
circle,2.5,hopcount,0,18,16.9354,16,34,156,0.117207,0.116659,4.07157,0.736176,3.86635,4.4942,3.53325
circle,2.5,hopcount,0,19,16.6641,17,36,154,0.115563,0.117207,4.18275,0.771107,3.58966,4.38757,3.50029
circle,2.5,lqi,0,0,15.0245,15,38,152,0.116111,0.118851,3.94724,0.681598,3.37474,3.4688,3.31721
circle,2.5,lqi,0,1,14.5087,12,42,148,0.112275,0.114467,3.56767,0.587315,2.9634,3.69891,3.46467
circle,2.5,lqi,0,2,15.9948,7,14,176,0.118851,0.119399,3.01067,0.508294,3.73253,4.23496,4.27006
circle,2.5,lqi,0,3,16.4378,10,17,173,0.116111,0.115563,3.35682,0.593123,3.83815,4.27801,4.14003
circle,2.5,lqi,0,4,14.3632,7,32,158,0.115563,0.118851,3.00465,0.487357,3.14374,3.69401,3.79904
circle,2.5,lqi,0,5,16.6772,9,15,175,0.118851,0.117755,3.27742,0.488103,3.73171,4.43716,4.50619
circle,2.5,lqi,0,6,17.1574,11,11,179,0.113919,0.116659,3.48772,0.626826,4.18837,4.12737,4.49653
circle,2.5,lqi,0,7,16.5809,9,19,171,0.116111,0.118851,3.27358,0.550351,3.5965,4.66192,4.26356
circle,2.5,lqi,0,8,13.4322,9,48,142,0.120495,0.113919,3.23248,0.532681,2.88822,3.46558,3.07877
circle,2.5,lqi,0,9,15.4728,11,27,163,0.114467,0.110083,3.49649,0.538868,3.48602,3.78314,3.94368
circle,2.5,lqi,0,10,14.8884,12,26,164,0.117207,0.119947,3.62137,0.565822,3.47744,3.32574,3.66085
circle,2.5,lqi,0,11,12.6686,8,51,139,0.118851,0.117755,3.13994,0.512452,2.74009,3.09742,2.94209
circle,2.5,lqi,0,12,14.7435,5,21,169,0.118303,0.117755,2.80092,0.463676,3.42666,3.65426,4.16197
circle,2.5,lqi,0,13,13.6248,12,48,142,0.117755,0.115015,3.60493,0.632083,2.7493,3.20875,3.19696
circle,2.5,lqi,0,14,14.522,7,26,164,0.112823,0.116111,3.01725,0.498818,3.27333,3.69443,3.80921
circle,2.5,lqi,0,15,15.2721,14,36,154,0.114467,0.116111,3.85469,0.646779,3.48769,3.59834,3.45407
circle,2.5,lqi,0,16,16.0119,6,22,168,0.118303,0.115563,2.90771,0.443479,3.76991,4.45649,4.20047
circle,2.5,lqi,0,17,13.2127,9,42,148,0.118303,0.113919,3.23796,0.498476,2.82846,3.1232,3.29236
circle,2.5,lqi,0,18,15.2709,8,30,160,0.117207,0.116659,3.14706,0.531581,3.52306,3.80111,4.03425
circle,2.5,lqi,0,19,13.2905,12,41,149,0.115563,0.117207,3.61863,0.564911,2.80915,2.8238,3.2412
circle,2.5,leo,0,0,15.6268,13,43,147,0.115563,0.118851,4.30995,0.618398,3.32683,3.85761,3.27962
circle,2.5,leo,0,1,14.227,15,59,131,0.112275,0.114467,4.65955,0.640211,2.79916,3.11017,2.79116
circle,2.5,leo,0,2,15.3068,13,44,146,0.118851,0.118851,4.61106,0.591832,3.10453,3.56057,3.20109
circle,2.5,leo,0,3,14.9542,15,53,137,0.116111,0.115563,4.79518,0.669768,2.82999,3.49407,2.93355
circle,2.5,leo,0,4,13.6751,14,62,128,0.115563,0.118851,4.8448,0.704121,2.5444,2.86303,2.48437
circle,2.5,leo,0,5,16.2039,14,36,154,0.118303,0.117755,4.46041,0.653345,3.45682,3.98326,3.41397
circle,2.5,leo,0,6,15.9067,17,41,149,0.113919,0.117207,5.26435,0.661548,3.38515,3.22401,3.14054
circle,2.5,leo,0,7,14.3304,15,62,128,0.116111,0.118851,4.7983,0.643877,2.87715,3.02641,2.74971
circle,2.5,leo,0,8,13.8525,11,44,146,0.120495,0.113919,3.9735,0.587604,3.01277,2.89566,3.14857
circle,2.5,leo,0,9,15.278,15,55,135,0.114467,0.110083,4.73197,0.665355,3.07932,3.72089,2.85596
circle,2.5,leo,0,10,15.9477,16,51,139,0.116659,0.121043,5.18293,0.625514,3.26652,3.56366,3.07136
circle,2.5,leo,0,11,15.9161,12,46,144,0.118851,0.117755,4.57611,0.670597,3.34518,4.0497,3.0379
circle,2.5,leo,0,12,15.2201,16,51,139,0.118303,0.117755,5.02052,0.709764,2.89051,3.41496,2.9483
circle,2.5,leo,0,13,14.3736,14,45,145,0.117755,0.115015,4.5619,0.695572,2.98953,2.83587,3.05796
circle,2.5,leo,0,14,17.5956,15,33,157,0.112823,0.116111,4.96762,0.666281,4.16221,4.03259,3.53798
circle,2.5,leo,0,15,15.6765,9,38,152,0.114467,0.116111,3.77083,0.508611,3.64768,4.2039,3.31493
circle,2.5,leo,0,16,12.9471,14,58,132,0.119399,0.115563,4.57358,0.704832,2.43387,2.48611,2.51376
circle,2.5,leo,0,17,16.5093,14,36,154,0.118851,0.113919,4.53837,0.574714,3.52499,4.10899,3.52945
circle,2.5,leo,0,18,16.6746,10,24,166,0.117207,0.116659,3.8603,0.582927,3.76648,4.44123,3.78978
circle,2.5,leo,0,19,15.9481,10,34,156,0.115563,0.117207,3.93796,0.527003,3.56353,4.20934,3.47752
circle,2.5,lqi-literal,0,0,16.8773,14,26,164,0.115563,0.118851,3.81962,0.61751,4.01906,4.24367,3.94307
circle,2.5,lqi-literal,0,1,16.0006,18,36,154,0.112275,0.114467,4.27803,0.687204,3.52482,3.74184,3.54196
circle,2.5,lqi-literal,0,2,14.0795,20,62,128,0.118851,0.118851,4.52176,0.848123,2.94183,2.89622,2.6339
circle,2.5,lqi-literal,0,3,16.2053,17,33,157,0.116111,0.115563,4.17836,0.73622,3.55379,3.86694,3.63832
circle,2.5,lqi-literal,0,4,15.8664,15,40,150,0.115563,0.118851,3.94833,0.767487,3.45684,4.22395,3.23536
circle,2.5,lqi-literal,0,5,16.328,16,30,160,0.118303,0.117755,4.08691,0.741455,3.71922,3.88428,3.66012
circle,2.5,lqi-literal,0,6,14.333,19,51,139,0.113919,0.117207,4.41661,0.74015,3.26018,2.88006,2.80483
circle,2.5,lqi-literal,0,7,16.0414,13,37,153,0.116111,0.118851,3.71885,0.63517,3.76869,4.01474,3.66902
circle,2.5,lqi-literal,0,8,13.9911,17,53,137,0.120495,0.113919,4.18549,0.788409,3.05714,2.92792,2.79775
circle,2.5,lqi-literal,0,9,14.9639,17,58,132,0.114467,0.110083,4.19425,0.81642,3.14162,3.58116,3.00594
circle,2.5,lqi-literal,0,10,16.0239,16,43,147,0.116659,0.121043,4.08033,0.693921,3.91185,3.9125,3.18756
circle,2.5,lqi-literal,0,11,13.1523,14,60,130,0.118851,0.117755,3.84537,0.690085,2.78442,3.19762,2.39822
circle,2.5,lqi-literal,0,12,16.0025,13,42,148,0.118303,0.117755,3.73364,0.604924,3.63893,4.38205,3.40691
circle,2.5,lqi-literal,0,13,13.4326,15,58,132,0.117755,0.115015,3.9708,0.669894,3.00622,2.97317,2.57976
circle,2.5,lqi-literal,0,14,14.6339,17,48,142,0.112823,0.116111,4.18329,0.683191,3.3626,3.28289,2.893
circle,2.5,lqi-literal,0,15,15.3198,16,41,149,0.114467,0.116111,4.06883,0.773277,3.54248,3.57422,3.13039
circle,2.5,lqi-literal,0,16,16.1693,22,40,150,0.119399,0.115563,4.78029,0.838688,3.29466,3.64173,3.37895
circle,2.5,lqi-literal,0,17,17.1505,22,46,144,0.118851,0.113919,4.7633,0.827932,4.09227,3.83773,3.39649
circle,2.5,lqi-literal,0,18,16.9354,16,34,156,0.117207,0.116659,4.07157,0.736176,3.86635,4.4942,3.53325
circle,2.5,lqi-literal,0,19,16.6641,17,36,154,0.115563,0.117207,4.18275,0.771107,3.58966,4.38757,3.50029
circle,2.625,hopcount,0,0,13.7539,12,59,131,0.107343,0.105699,3.27284,0.653216,3.24254,3.32291,3.04937
circle,2.625,hopcount,0,1,16.6327,17,49,141,0.106795,0.105151,3.8112,0.778833,4.09132,3.80097,3.93845
circle,2.625,hopcount,0,2,16.8701,14,44,146,0.106247,0.108439,3.48972,0.783689,3.92092,4.24739,4.2137
circle,2.625,hopcount,0,3,16.6952,15,44,146,0.105699,0.105699,3.59926,0.793383,3.87117,4.15549,4.06448
circle,2.625,hopcount,0,4,15.3706,11,44,146,0.108987,0.106795,3.16002,0.648054,3.57987,3.812,3.95487
circle,2.625,hopcount,0,5,15.3051,16,51,139,0.101863,0.106795,3.69838,0.797353,3.28929,3.6722,3.63926
circle,2.625,hopcount,0,6,16.1622,19,49,141,0.104055,0.106795,4.02589,0.937409,3.78815,3.64712,3.55275
circle,2.625,hopcount,0,7,14.0449,15,66,124,0.108439,0.106247,3.60309,0.756439,3.11811,3.08114,3.27139
circle,2.625,hopcount,0,8,13.3743,10,57,133,0.107343,0.103507,3.06621,0.60639,2.99815,3.15747,3.33519
circle,2.625,hopcount,0,9,15.4608,24,67,123,0.104055,0.104055,4.53246,1.00633,3.36519,3.06498,3.28374
circle,2.625,hopcount,0,10,14.8052,18,54,136,0.105699,0.108987,3.93389,0.890267,3.29376,3.18099,3.29157
circle,2.625,hopcount,0,11,15.4413,19,56,134,0.108987,0.107891,4.03849,0.838848,3.59342,3.13552,3.61819
circle,2.625,hopcount,0,12,15.8006,11,42,148,0.102411,0.106247,3.15947,0.731831,3.73224,3.84148,4.1269
circle,2.625,hopcount,0,13,17.2941,7,31,159,0.104603,0.101863,2.74161,0.482831,4.36171,4.76396,4.73758
circle,2.625,hopcount,0,14,17.6109,13,35,155,0.105151,0.104603,3.33149,0.679959,4.23505,4.68983,4.46477
circle,2.625,hopcount,0,15,16.5997,23,50,140,0.104055,0.106795,4.46386,0.949259,3.94446,3.49478,3.53645
circle,2.625,hopcount,0,16,16.5103,16,41,149,0.108987,0.105699,3.73235,0.790196,3.79289,4.14152,3.83865
circle,2.625,hopcount,0,17,15.5819,19,54,136,0.104603,0.106247,4.02753,0.862915,3.43914,3.54566,3.49579
circle,2.625,hopcount,0,18,15.8615,20,52,138,0.106247,0.107343,4.13981,1.04713,3.35256,3.53193,3.57652
circle,2.625,hopcount,0,19,17.7863,7,23,167,0.105151,0.107891,2.75147,0.569688,4.37053,4.73403,5.14754
circle,2.625,lqi,0,0,17.067,8,28,162,0.107343,0.106795,2.85114,0.634993,4.12632,4.23417,5.00626
circle,2.625,lqi,0,1,13.7861,15,60,130,0.105699,0.104603,3.60583,0.811272,3.10752,2.65934,3.39185
circle,2.625,lqi,0,2,14.9449,8,42,148,0.106247,0.108439,2.86922,0.581196,3.59559,3.57849,4.10571
circle,2.625,lqi,0,3,14.4975,17,61,129,0.105699,0.105699,3.79805,0.813876,2.92354,3.32394,3.42672
circle,2.625,lqi,0,4,19.0979,6,11,179,0.108987,0.106795,2.64029,0.576648,4.67292,5.25292,5.73934
circle,2.625,lqi,0,5,18.5092,8,19,171,0.102411,0.107891,2.84933,0.618313,4.42804,4.96105,5.44218
circle,2.625,lqi,0,6,16.3759,12,36,154,0.104603,0.108987,3.28709,0.696958,3.82554,3.98958,4.36311
circle,2.625,lqi,0,7,18.678,6,13,177,0.108439,0.106247,2.64084,0.527491,4.64281,4.93139,5.72075
circle,2.625,lqi,0,8,14.4112,18,60,130,0.107343,0.103507,3.93536,0.844201,2.88244,3.07947,3.45883
circle,2.625,lqi,0,9,15.0138,12,47,143,0.104055,0.102411,3.27942,0.753131,3.33384,3.55355,3.88741
circle,2.625,lqi,0,10,14.5742,14,56,134,0.104603,0.108987,3.50945,0.725991,3.03552,3.34293,3.74668
circle,2.625,lqi,0,11,15.847,12,42,148,0.108987,0.107891,3.31504,0.663129,3.68295,3.63128,4.33776
circle,2.625,lqi,0,12,16.9318,13,33,157,0.103507,0.106247,3.38183,0.822157,3.99528,3.82388,4.69891
circle,2.625,lqi,0,13,17.6378,8,23,167,0.104603,0.101315,2.85607,0.622969,4.28674,4.52847,5.13763
circle,2.625,lqi,0,14,18.0406,8,21,169,0.105151,0.102411,2.83744,0.680732,4.27589,4.57138,5.46759
circle,2.625,lqi,0,15,16.5445,12,38,152,0.105151,0.106247,3.31175,0.744066,3.91835,3.82549,4.53344
circle,2.625,lqi,0,16,14.0654,18,64,126,0.108439,0.106247,3.93499,0.909937,2.9085,2.96663,3.13067
circle,2.625,lqi,0,17,17.8122,12,27,163,0.104603,0.106247,3.29915,0.714794,4.1091,4.53502,4.94326
circle,2.625,lqi,0,18,18.0814,16,27,163,0.106247,0.107343,3.72961,0.927357,4.13675,4.31336,4.76069
circle,2.625,lqi,0,19,18.6069,10,29,161,0.105151,0.107891,3.08884,0.651182,4.36137,4.86798,5.42448
circle,2.625,leo,0,0,15.8051,18,60,130,0.107343,0.105699,4.7313,0.924335,3.28821,3.3731,3.27509
circle,2.625,leo,0,1,15.8945,16,56,134,0.106795,0.105151,4.45303,0.794507,3.52362,3.48159,3.42978
circle,2.625,leo,0,2,18.1148,14,33,157,0.106247,0.108439,4.21195,0.790401,4.16033,4.19993,4.53748
circle,2.625,leo,0,3,16.5185,17,53,137,0.105699,0.105699,4.36976,0.938952,3.58046,3.59536,3.82252
circle,2.625,leo,0,4,16.377,9,38,152,0.108987,0.106795,3.226,0.591529,3.9257,4.22246,4.19552
circle,2.625,leo,0,5,18.4939,10,21,169,0.101863,0.106795,3.32478,0.60516,4.42765,4.92239,5.0052
circle,2.625,leo,0,6,12.8946,13,76,114,0.104055,0.106795,3.90451,0.764245,2.75555,2.63748,2.622
circle,2.625,leo,0,7,18.1241,15,37,153,0.108439,0.106247,4.2668,0.823031,4.18103,4.29132,4.34728
circle,2.625,leo,0,8,17.4495,15,39,151,0.107343,0.103507,4.13319,0.806085,3.89307,4.03379,4.37251
circle,2.625,leo,0,9,17.1393,20,50,140,0.104055,0.104055,5.07306,0.966239,3.73298,3.54368,3.61523
circle,2.625,leo,0,10,15.7141,14,48,142,0.105699,0.108987,4.05147,0.720389,3.65656,3.46645,3.60452
circle,2.625,leo,0,11,17.0873,16,42,148,0.108987,0.107891,4.36238,0.76555,3.97724,3.68317,4.08204
circle,2.625,leo,0,12,16.1067,11,39,151,0.102411,0.106247,3.47458,0.680514,3.67888,3.77197,4.29212
circle,2.625,leo,0,13,15.9457,14,53,137,0.104603,0.101863,3.86348,0.689206,3.67448,3.74571,3.7663
circle,2.625,leo,0,14,19.0647,10,18,172,0.105151,0.104603,3.32803,0.630011,4.52428,5.18355,5.18905
circle,2.625,leo,0,15,17.3709,19,53,137,0.104055,0.106795,5.0131,0.828372,4.14597,3.46892,3.70371
circle,2.625,leo,0,16,15.3579,13,50,140,0.108987,0.105699,3.72413,0.676705,3.44734,3.66157,3.63351
circle,2.625,leo,0,17,15.0078,18,63,127,0.104603,0.106247,4.66847,0.799167,3.16804,2.98063,3.18064
circle,2.625,leo,0,18,17.1875,13,38,152,0.106247,0.107343,3.96779,0.829262,3.94434,3.9001,4.33245
circle,2.625,leo,0,19,18.7615,8,14,176,0.105151,0.107891,3.04125,0.639219,4.54776,4.99013,5.33011
circle,2.625,lqi-literal,0,0,13.7539,12,59,131,0.107343,0.105699,3.27284,0.653216,3.24254,3.32291,3.04937
circle,2.625,lqi-literal,0,1,16.6327,17,49,141,0.106795,0.105151,3.8112,0.778833,4.09132,3.80097,3.93845
circle,2.625,lqi-literal,0,2,16.8701,14,44,146,0.106247,0.108439,3.48972,0.783689,3.92092,4.24739,4.2137
circle,2.625,lqi-literal,0,3,16.6952,15,44,146,0.105699,0.105699,3.59926,0.793383,3.87117,4.15549,4.06448
circle,2.625,lqi-literal,0,4,15.3706,11,44,146,0.108987,0.106795,3.16002,0.648054,3.57987,3.812,3.95487
circle,2.625,lqi-literal,0,5,15.3051,16,51,139,0.101863,0.106795,3.69838,0.797353,3.28929,3.6722,3.63926
circle,2.625,lqi-literal,0,6,16.1622,19,49,141,0.104055,0.106795,4.02589,0.937409,3.78815,3.64712,3.55275
circle,2.625,lqi-literal,0,7,14.0449,15,66,124,0.108439,0.106247,3.60309,0.756439,3.11811,3.08114,3.27139
circle,2.625,lqi-literal,0,8,13.3743,10,57,133,0.107343,0.103507,3.06621,0.60639,2.99815,3.15747,3.33519
circle,2.625,lqi-literal,0,9,15.4608,24,67,123,0.104055,0.104055,4.53246,1.00633,3.36519,3.06498,3.28374
circle,2.625,lqi-literal,0,10,14.8052,18,54,136,0.105699,0.108987,3.93389,0.890267,3.29376,3.18099,3.29157
circle,2.625,lqi-literal,0,11,15.4413,19,56,134,0.108987,0.107891,4.03849,0.838848,3.59342,3.13552,3.61819
circle,2.625,lqi-literal,0,12,15.8006,11,42,148,0.102411,0.106247,3.15947,0.731831,3.73224,3.84148,4.1269
circle,2.625,lqi-literal,0,13,17.2941,7,31,159,0.104603,0.101863,2.74161,0.482831,4.36171,4.76396,4.73758
circle,2.625,lqi-literal,0,14,17.6109,13,35,155,0.105151,0.104603,3.33149,0.679959,4.23505,4.68983,4.46477
circle,2.625,lqi-literal,0,15,16.5997,23,50,140,0.104055,0.106795,4.46386,0.949259,3.94446,3.49478,3.53645
circle,2.625,lqi-literal,0,16,16.5103,16,41,149,0.108987,0.105699,3.73235,0.790196,3.79289,4.14152,3.83865
circle,2.625,lqi-literal,0,17,15.5819,19,54,136,0.104603,0.106247,4.02753,0.862915,3.43914,3.54566,3.49579
circle,2.625,lqi-literal,0,18,15.8615,20,52,138,0.106247,0.107343,4.13981,1.04713,3.35256,3.53193,3.57652
circle,2.625,lqi-literal,0,19,17.7863,7,23,167,0.105151,0.107891,2.75147,0.569688,4.37053,4.73403,5.14754
circle,3,hopcount,0,0,19.9342,4,61,129,0.0848753,0.0865193,1.61558,0.517577,4.48323,5.47064,7.67577
circle,3,hopcount,0,1,12.9528,7,71,119,0.0854233,0.0854233,1.91468,0.492995,3.08146,3.04694,4.24583
circle,3,hopcount,0,2,21.3928,5,27,163,0.0870673,0.0865193,1.53639,0.669961,5.52108,5.32221,8.1696
circle,3,hopcount,0,3,17.2709,4,54,136,0.0859713,0.0837793,1.52214,0.564548,4.36686,4.23613,6.41146
circle,3,hopcount,0,4,19.2865,5,43,147,0.0859713,0.0859713,1.52779,0.756611,4.88849,4.66442,7.27727
circle,3,hopcount,0,5,19.4558,5,36,154,0.0848753,0.0859713,1.79153,0.600221,4.63444,5.05615,7.2026
circle,3,hopcount,0,6,16.5123,5,41,149,0.0854233,0.0865193,1.47079,0.514119,4.24158,4.14631,5.96759
circle,3,hopcount,0,7,13.1658,10,81,109,0.0887113,0.0870673,1.91759,0.732707,3.4001,2.57363,4.36596
circle,3,hopcount,0,8,12.7593,6,81,109,0.0848753,0.0865193,1.68936,0.498984,3.01704,3.03736,4.34521
circle,3,hopcount,0,9,18.4794,6,40,150,0.0859713,0.0854233,1.46864,0.574921,4.41578,4.98561,6.86304
circle,3,hopcount,0,10,21.079,5,33,157,0.0854233,0.0859713,1.70977,0.542537,5.09411,5.62867,7.93247
circle,3,hopcount,0,11,21.3343,4,42,148,0.0854233,0.0843273,1.6464,0.518842,4.32692,6.47238,8.19996
circle,3,hopcount,0,12,16.9368,8,61,129,0.0870673,0.0881633,1.87754,0.768041,4.02828,4.06728,6.02038
circle,3,hopcount,0,13,23.1263,2,23,167,0.0859713,0.0854233,1.37626,0.587317,5.78379,6.17734,9.03019
circle,3,hopcount,0,14,19.9104,3,34,156,0.0848753,0.0854233,1.41286,0.544898,5.15787,5.08016,7.5443
circle,3,hopcount,0,15,14.9656,10,71,119,0.0854233,0.0848753,2.01124,0.820832,3.59449,3.32962,5.03908
circle,3,hopcount,0,16,15.6733,8,67,123,0.0859713,0.0859713,1.77841,0.716176,4.20597,3.30657,5.49425
circle,3,hopcount,0,17,14.972,5,62,128,0.0848753,0.0854233,1.72179,0.576017,3.6334,3.58907,5.28144
circle,3,hopcount,0,18,20.1208,6,41,149,0.0843273,0.0859713,1.66461,0.708713,5.12393,4.90058,7.55269
circle,3,hopcount,0,19,14.6507,6,61,129,0.0865193,0.0848753,1.58336,0.618227,3.59861,3.52829,5.15086
circle,3,lqi,0,0,19.9342,4,61,129,0.0848753,0.0865193,1.61558,0.517577,4.48323,5.47064,7.67577
circle,3,lqi,0,1,17.2438,1,41,149,0.0854233,0.0854233,1.43782,0.367763,4.36176,4.48229,6.42335
circle,3,lqi,0,2,19.533,6,27,163,0.0870673,0.0865193,1.53129,0.688345,4.99689,4.84049,7.3024
circle,3,lqi,0,3,17.2709,4,54,136,0.0859713,0.0837793,1.52214,0.564548,4.36686,4.23613,6.41146
circle,3,lqi,0,4,18.5301,6,41,149,0.0859713,0.0859713,1.61086,0.809062,4.82273,4.27267,6.84284
circle,3,lqi,0,5,18.3643,2,45,145,0.0848753,0.0859713,1.46877,0.464786,4.52705,4.74339,6.98941
circle,3,lqi,0,6,16.684,4,39,151,0.0854233,0.0865193,1.5054,0.537057,4.20727,4.25703,6.00529
circle,3,lqi,0,7,17.578,12,63,127,0.0887113,0.0870673,2.1839,0.845622,4.07466,4.14034,6.15767
circle,3,lqi,0,8,20.6456,3,36,154,0.0848753,0.0865193,1.57443,0.585503,5.15082,5.22804,7.93538
circle,3,lqi,0,9,16.1877,5,55,135,0.0859713,0.0854233,1.41197,0.494639,3.79118,4.36198,5.95654
circle,3,lqi,0,10,22.05,5,25,165,0.0854233,0.0859713,1.70977,0.545277,5.32742,5.97709,8.319
circle,3,lqi,0,11,14.8822,6,70,120,0.0854233,0.0843273,1.70977,0.557463,3.54963,3.6408,5.25483
circle,3,lqi,0,12,13.1016,7,78,112,0.0870673,0.0881633,1.80704,0.64825,3.03382,3.07932,4.35795
circle,3,lqi,0,13,23.1263,2,23,167,0.0859713,0.0854233,1.37626,0.587317,5.78379,6.17734,9.03019
circle,3,lqi,0,14,19.2562,3,36,154,0.0848753,0.0854233,1.51869,0.543802,4.87431,4.89715,7.25193
circle,3,lqi,0,15,13.8231,7,68,122,0.0854233,0.0848753,1.57261,0.596933,3.41262,3.31481,4.75577
circle,3,lqi,0,16,17.2594,6,50,140,0.0859713,0.0859713,1.67988,0.665407,4.68239,3.84434,6.21543
circle,3,lqi,0,17,14.972,5,62,128,0.0848753,0.0854233,1.72179,0.576017,3.6334,3.58907,5.28144
circle,3,lqi,0,18,20.6747,5,42,148,0.0843273,0.0859713,1.40358,0.632644,5.34333,5.06709,8.05778
circle,3,lqi,0,19,18.3,5,35,155,0.0865193,0.0848753,1.64492,0.616243,4.79956,4.44697,6.62089
circle,3,leo,0,0,19.9342,4,61,129,0.0848753,0.0865193,1.61558,0.517577,4.48323,5.47064,7.67577
circle,3,leo,0,1,15.3199,7,62,128,0.0854233,0.0854233,1.92615,0.551266,3.68359,3.63072,5.35734
circle,3,leo,0,2,21.3928,5,27,163,0.0870673,0.0865193,1.53639,0.669961,5.52108,5.32221,8.1696
circle,3,leo,0,3,17.2709,4,54,136,0.0859713,0.0837793,1.52214,0.564548,4.36686,4.23613,6.41146
circle,3,leo,0,4,19.2865,5,43,147,0.0859713,0.0859713,1.52779,0.756611,4.88849,4.66442,7.27727
circle,3,leo,0,5,18.7032,5,45,145,0.0848753,0.0859713,1.82121,0.577283,4.48782,4.74817,6.89783
circle,3,leo,0,6,16.5123,5,41,149,0.0854233,0.0865193,1.47079,0.514119,4.24158,4.14631,5.96759
circle,3,leo,0,7,19.4808,12,48,142,0.0887113,0.0870673,1.89554,0.901493,5.1288,4.23782,7.14138
circle,3,leo,0,8,12.7593,6,81,109,0.0848753,0.0865193,1.68936,0.498984,3.01704,3.03736,4.34521
circle,3,leo,0,9,19.5028,7,49,141,0.0859713,0.0854233,1.52619,0.613882,4.58143,5.30915,7.30071
circle,3,leo,0,10,22.1446,5,25,165,0.0854233,0.0859713,1.76441,0.537814,5.39595,5.93368,8.34139
circle,3,leo,0,11,21.022,4,51,139,0.0854233,0.0843273,1.7513,0.54195,4.16429,6.34694,8.04775
circle,3,leo,0,12,13.704,8,74,116,0.0870673,0.0881633,1.81779,0.634589,3.36877,3.15321,4.55439
circle,3,leo,0,13,23.1808,2,23,167,0.0859713,0.0854233,1.39502,0.587317,5.77878,6.20604,9.04221
circle,3,leo,0,14,14.1725,4,65,125,0.0848753,0.0854233,1.50102,0.518842,3.52754,3.47655,4.97824
circle,3,leo,0,15,12.5017,9,87,103,0.0854233,0.0848753,1.96971,0.790052,2.83396,2.70816,4.02952
circle,3,leo,0,16,16.5085,7,57,133,0.0859713,0.0859713,1.7755,0.667221,4.49283,3.52786,5.87314
circle,3,leo,0,17,16.9674,4,44,146,0.0848753,0.0854233,1.6768,0.519769,4.26708,4.24035,6.09307
circle,3,leo,0,18,20.1208,6,41,149,0.0843273,0.0859713,1.66461,0.708713,5.12393,4.90058,7.55269
circle,3,leo,0,19,15.8794,5,52,138,0.0865193,0.0848753,1.56916,0.590018,4.00405,3.88994,5.65481
circle,3,lqi-literal,0,0,19.9342,4,61,129,0.0848753,0.0865193,1.61558,0.517577,4.48323,5.47064,7.67577
circle,3,lqi-literal,0,1,12.9528,7,71,119,0.0854233,0.0854233,1.91468,0.492995,3.08146,3.04694,4.24583
circle,3,lqi-literal,0,2,21.3928,5,27,163,0.0870673,0.0865193,1.53639,0.669961,5.52108,5.32221,8.1696
circle,3,lqi-literal,0,3,17.2709,4,54,136,0.0859713,0.0837793,1.52214,0.564548,4.36686,4.23613,6.41146
circle,3,lqi-literal,0,4,19.2865,5,43,147,0.0859713,0.0859713,1.52779,0.756611,4.88849,4.66442,7.27727
circle,3,lqi-literal,0,5,19.4558,5,36,154,0.0848753,0.0859713,1.79153,0.600221,4.63444,5.05615,7.2026
circle,3,lqi-literal,0,6,16.5123,5,41,149,0.0854233,0.0865193,1.47079,0.514119,4.24158,4.14631,5.96759
circle,3,lqi-literal,0,7,13.1658,10,81,109,0.0887113,0.0870673,1.91759,0.732707,3.4001,2.57363,4.36596
circle,3,lqi-literal,0,8,12.7593,6,81,109,0.0848753,0.0865193,1.68936,0.498984,3.01704,3.03736,4.34521
circle,3,lqi-literal,0,9,18.4794,6,40,150,0.0859713,0.0854233,1.46864,0.574921,4.41578,4.98561,6.86304
circle,3,lqi-literal,0,10,21.079,5,33,157,0.0854233,0.0859713,1.70977,0.542537,5.09411,5.62867,7.93247
circle,3,lqi-literal,0,11,21.3343,4,42,148,0.0854233,0.0843273,1.6464,0.518842,4.32692,6.47238,8.19996
circle,3,lqi-literal,0,12,16.9368,8,61,129,0.0870673,0.0881633,1.87754,0.768041,4.02828,4.06728,6.02038
circle,3,lqi-literal,0,13,23.1263,2,23,167,0.0859713,0.0854233,1.37626,0.587317,5.78379,6.17734,9.03019
circle,3,lqi-literal,0,14,19.9104,3,34,156,0.0848753,0.0854233,1.41286,0.544898,5.15787,5.08016,7.5443
circle,3,lqi-literal,0,15,14.9656,10,71,119,0.0854233,0.0848753,2.01124,0.820832,3.59449,3.32962,5.03908
circle,3,lqi-literal,0,16,15.6733,8,67,123,0.0859713,0.0859713,1.77841,0.716176,4.20597,3.30657,5.49425
circle,3,lqi-literal,0,17,14.972,5,62,128,0.0848753,0.0854233,1.72179,0.576017,3.6334,3.58907,5.28144
circle,3,lqi-literal,0,18,20.1208,6,41,149,0.0843273,0.0859713,1.66461,0.708713,5.12393,4.90058,7.55269
circle,3,lqi-literal,0,19,14.6507,6,61,129,0.0865193,0.0848753,1.58336,0.618227,3.59861,3.52829,5.15086
triangle,2,hopcount,0,0,11.5244,0,0,190,0.236671,0.234479,4.47593,0.106181,1.98684,2.57452,1.90982
triangle,2,hopcount,0,1,12.0399,0,0,190,0.230095,0.235575,4.47045,0.114042,2.37556,2.76273,1.85147
triangle,2,hopcount,0,2,11.4307,0,0,190,0.238863,0.238315,4.48799,0.0950798,2.10257,2.46423,1.80364
triangle,2,hopcount,0,3,11.772,0,0,190,0.240507,0.239959,4.47429,0.0911038,2.27335,2.6779,1.77488
triangle,2,hopcount,0,4,11.9643,0,0,190,0.231191,0.233931,4.49511,0.116484,2.30827,2.64145,1.93785
triangle,2,hopcount,0,5,11.5753,0,0,190,0.241055,0.237767,4.4836,0.0939138,2.1977,2.50497,1.8163
triangle,2,hopcount,0,6,11.9297,1,1,189,0.231191,0.241603,4.71425,0.103091,2.21861,2.5893,1.83165
triangle,2,hopcount,0,7,12.3678,0,0,190,0.236123,0.234479,4.50936,0.114152,2.36335,2.92312,1.98726
triangle,2,hopcount,0,8,12.1308,1,1,189,0.238315,0.228451,4.69835,0.114042,2.33185,2.67884,1.84093
triangle,2,hopcount,0,9,12.0337,0,0,190,0.234479,0.231191,4.47867,0.0921998,2.31437,2.79927,1.8835
triangle,2,hopcount,0,10,11.7479,0,0,190,0.240507,0.240507,4.49237,0.0876165,2.09053,2.73137,1.86503
triangle,2,hopcount,0,11,11.6714,0,0,190,0.236123,0.236671,4.46826,0.126029,2.06389,2.58727,1.95318
triangle,2,hopcount,0,12,11.4385,0,0,190,0.238315,0.234479,4.47757,0.100251,2.07049,2.4583,1.85911
triangle,2,hopcount,0,13,11.6679,0,0,190,0.235575,0.236123,4.46661,0.0830226,2.249,2.64443,1.75312
triangle,2,hopcount,0,14,12.5075,1,1,189,0.233931,0.238315,4.70767,0.10884,2.25502,3.06076,1.90301
triangle,2,hopcount,0,15,11.6764,0,0,190,0.236671,0.239411,4.46607,0.112916,2.10471,2.62927,1.88734
triangle,2,hopcount,0,16,12.0319,0,0,190,0.231739,0.238315,4.48141,0.104765,2.4319,2.69685,1.84696
triangle,2,hopcount,0,17,11.9185,0,0,190,0.238315,0.233383,4.49182,0.104835,2.18959,2.78775,1.87282
triangle,2,hopcount,0,18,11.6309,0,0,190,0.236123,0.232835,4.50278,0.102683,2.2594,2.5036,1.79351
triangle,2,hopcount,0,19,11.608,0,0,190,0.236671,0.239959,4.44743,0.122023,2.10254,2.60413,1.8552
triangle,2,hopcount,1,0,10.4876,10,40,150,0.136935,0.140223,3.96445,0.459237,1.92867,2.15212,1.70598
triangle,2,hopcount,1,1,10.6281,5,39,151,0.146799,0.141319,3.3825,0.334145,2.19458,2.51947,1.90927
triangle,2,hopcount,1,2,10.0603,5,37,153,0.140771,0.141867,3.28359,0.302747,2.03342,2.40121,1.75668
triangle,2,hopcount,1,3,12.833,7,25,165,0.136387,0.142415,3.51154,0.381855,2.49498,3.38453,2.78131
triangle,2,hopcount,1,4,11.3405,6,32,158,0.141319,0.148991,3.44076,0.352021,2.32784,2.82545,2.10413
triangle,2,hopcount,1,5,13.1497,7,17,173,0.141867,0.143511,3.57394,0.362394,2.80159,3.36238,2.76406
triangle,2,hopcount,1,6,13.1289,6,18,172,0.138031,0.142963,3.44072,0.398265,2.64417,3.63369,2.73107
triangle,2,hopcount,1,7,10.2945,7,43,147,0.140223,0.142415,3.6207,0.344757,1.98662,2.31962,1.74021
triangle,2,hopcount,1,8,11.3857,3,35,155,0.135839,0.140771,3.02385,0.271121,2.42005,3.04511,2.34894
triangle,2,hopcount,1,9,10.6952,6,38,152,0.144059,0.140223,3.47521,0.281114,2.03486,2.70002,1.91973
triangle,2,hopcount,1,10,14.2146,5,6,184,0.144607,0.144059,3.3067,0.352837,3.20396,3.80863,3.25381
triangle,2,hopcount,1,11,13.2062,4,14,176,0.138031,0.145155,3.19725,0.304332,2.83471,3.57822,3.00848
triangle,2,hopcount,1,12,11.4316,11,38,152,0.138031,0.138579,4.12682,0.502821,2.18869,2.34621,1.99043
triangle,2,hopcount,1,13,13.2755,11,22,168,0.139127,0.137483,4.16034,0.518425,2.76925,3.24024,2.31069
triangle,2,hopcount,1,14,12.5617,7,22,168,0.143511,0.146799,3.59215,0.330139,2.59941,3.31418,2.4355
triangle,2,hopcount,1,15,11.5656,6,33,157,0.141867,0.141319,3.504,0.32169,2.39463,2.96484,2.09724
triangle,2,hopcount,1,16,10.8091,8,37,153,0.142415,0.141867,3.71922,0.342455,2.15826,2.61937,1.68546
triangle,2,hopcount,1,17,12.3433,9,29,161,0.139675,0.144607,3.87281,0.407163,2.49721,3.13775,2.14413
triangle,2,hopcount,1,18,10.453,7,35,155,0.145155,0.137483,3.63516,0.379782,2.07649,2.26574,1.81321
triangle,2,hopcount,1,19,10.0892,5,41,149,0.146251,0.139127,3.33292,0.224517,2.08874,2.47271,1.68491
triangle,2,lqi,0,0,11.5156,0,0,190,0.236671,0.234479,4.47593,0.109201,2.07123,2.40511,1.98297
triangle,2,lqi,0,1,11.7023,0,0,190,0.230095,0.235575,4.47045,0.107855,2.17998,2.55626,1.9221
triangle,2,lqi,0,2,11.5162,0,0,190,0.238863,0.238315,4.48799,0.107785,2.15327,2.28424,2.00577
triangle,2,lqi,0,3,11.5233,0,0,190,0.240507,0.239959,4.47429,0.0971435,2.11041,2.48288,1.87811
triangle,2,lqi,0,4,11.6938,0,0,190,0.231191,0.233931,4.49511,0.096816,2.13302,2.49277,2.01098
triangle,2,lqi,0,5,11.5686,0,0,190,0.241055,0.237767,4.4836,0.0883044,2.16819,2.46167,1.88802
triangle,2,lqi,0,6,11.6764,0,0,190,0.231191,0.241603,4.48031,0.102245,2.09666,2.5966,1.92779
triangle,2,lqi,0,7,11.8105,0,0,190,0.236123,0.234479,4.50936,0.107237,2.28319,2.46716,1.97293
triangle,2,lqi,0,8,11.8445,0,0,190,0.238315,0.228451,4.46387,0.102613,2.26129,2.63696,1.91301
triangle,2,lqi,0,9,11.7972,0,0,190,0.234479,0.231191,4.47867,0.107557,2.31437,2.51647,1.91448
triangle,2,lqi,0,10,11.4783,0,0,190,0.240507,0.240507,4.49237,0.0944141,1.9416,2.52756,1.94129
triangle,2,lqi,0,11,11.2245,0,0,190,0.236123,0.236671,4.46826,0.104507,1.99914,2.25373,1.92606
triangle,2,lqi,0,12,11.6206,0,0,190,0.238315,0.234479,4.47757,0.105813,2.14218,2.41583,2.00636
triangle,2,lqi,0,13,11.3964,0,0,190,0.235575,0.236123,4.46661,0.0861526,2.09124,2.46035,1.82031
triangle,2,lqi,0,14,11.7109,0,0,190,0.233931,0.238315,4.47209,0.0982395,2.23777,2.48747,1.94311
triangle,2,lqi,0,15,11.6389,0,0,190,0.236671,0.239411,4.46607,0.116624,2.17906,2.50689,1.89423
triangle,2,lqi,0,16,11.6905,0,0,190,0.231739,0.238315,4.48141,0.101079,2.22176,2.55473,1.86148
triangle,2,lqi,0,17,11.5212,0,0,190,0.238315,0.233383,4.49182,0.108543,2.20954,2.42675,1.81284
triangle,2,lqi,0,18,11.3241,0,0,190,0.236123,0.232835,4.50278,0.0897905,2.08648,2.3159,1.86017
triangle,2,lqi,0,19,11.6994,0,0,190,0.236671,0.239959,4.44743,0.116734,2.22318,2.46161,1.97384
triangle,2,lqi,1,0,12.3665,6,23,167,0.136935,0.140223,3.41951,0.334085,2.64793,3.04624,2.64158
triangle,2,lqi,1,1,11.1448,5,31,159,0.146799,0.141319,3.32689,0.281154,2.24405,2.6599,2.34466
triangle,2,lqi,1,2,10.0987,3,29,161,0.140771,0.141867,3.02427,0.183863,2.09652,2.3335,2.17794
triangle,2,lqi,1,3,9.74224,5,39,151,0.136387,0.142415,3.25842,0.32436,1.77362,2.21086,1.89618
triangle,2,lqi,1,4,10.8712,8,38,152,0.141319,0.148991,3.75278,0.385752,2.11236,2.37835,1.95166
triangle,2,lqi,1,5,12.2839,9,25,165,0.141867,0.143511,3.83334,0.348854,2.49677,2.87418,2.44542
triangle,2,lqi,1,6,10.9222,4,29,161,0.138031,0.142963,3.14965,0.308955,2.24925,2.67707,2.25625
triangle,2,lqi,1,7,12.5864,6,23,167,0.140223,0.142415,3.46353,0.405132,2.56137,3.13286,2.74083
triangle,2,lqi,1,8,11.0964,4,29,161,0.135839,0.140771,3.15134,0.304202,2.29845,2.5191,2.54672
triangle,2,lqi,1,9,11.2237,6,31,159,0.144059,0.140223,3.4863,0.320704,2.33124,2.59992,2.20123
triangle,2,lqi,1,10,10.7502,8,34,156,0.144607,0.144059,3.65513,0.337025,2.12884,2.3136,2.02698
triangle,2,lqi,1,11,11.1056,7,31,159,0.138031,0.145155,3.63381,0.340085,2.14173,2.54793,2.1589
triangle,2,lqi,1,12,11.6388,6,27,163,0.138031,0.138579,3.4271,0.365344,2.52707,2.65133,2.39139
triangle,2,lqi,1,13,13.4888,8,18,172,0.139127,0.137483,3.77863,0.463393,2.87299,3.29216,2.80503
triangle,2,lqi,1,14,12.2939,7,26,164,0.143511,0.146799,3.60725,0.32745,2.37731,3.18912,2.5025
triangle,2,lqi,1,15,10.058,7,44,146,0.141867,0.141319,3.6532,0.287941,1.8342,2.23212,1.76737
triangle,2,lqi,1,16,10.2168,8,35,155,0.142415,0.141867,3.69085,0.285709,2.00744,2.17235,1.77619
triangle,2,lqi,1,17,10.6241,5,31,159,0.139675,0.144607,3.34991,0.264963,2.24963,2.36575,2.10957
triangle,2,lqi,1,18,12.2903,6,20,170,0.145155,0.137483,3.53044,0.373466,2.68537,2.77452,2.64391
triangle,2,lqi,1,19,11.4417,5,31,159,0.146251,0.139127,3.36336,0.24624,2.34741,2.85591,2.34338
triangle,2,leo,0,0,11.5244,0,0,190,0.236671,0.234479,4.47593,0.106181,1.98684,2.57452,1.90982
triangle,2,leo,0,1,12.2439,0,0,190,0.230095,0.235575,4.48322,0.0996631,2.46315,2.81957,1.91264
triangle,2,leo,0,2,11.4307,0,0,190,0.238863,0.238315,4.48799,0.0950798,2.10257,2.46423,1.80364
triangle,2,leo,0,3,11.772,0,0,190,0.240507,0.239959,4.47429,0.0911038,2.27335,2.6779,1.77488
triangle,2,leo,0,4,11.9643,0,0,190,0.231191,0.233931,4.49511,0.116484,2.30827,2.64145,1.93785
triangle,2,leo,0,5,11.5753,0,0,190,0.241055,0.237767,4.4836,0.0939138,2.1977,2.50497,1.8163
triangle,2,leo,0,6,11.9297,1,1,189,0.231191,0.241603,4.71425,0.103091,2.21861,2.5893,1.83165
triangle,2,leo,0,7,12.4709,0,0,190,0.236123,0.234479,4.50936,0.116006,2.40895,2.94166,2.02434
triangle,2,leo,0,8,12.2481,1,1,189,0.238315,0.228451,4.75109,0.118047,2.33455,2.72005,1.8576
triangle,2,leo,0,9,12.0337,0,0,190,0.234479,0.231191,4.47867,0.0921998,2.31437,2.79927,1.8835
triangle,2,leo,0,10,11.7479,0,0,190,0.240507,0.240507,4.49237,0.0876165,2.09053,2.73137,1.86503
triangle,2,leo,0,11,11.6714,0,0,190,0.236123,0.236671,4.46826,0.126029,2.06389,2.58727,1.95318
triangle,2,leo,0,12,11.4385,0,0,190,0.238315,0.234479,4.47757,0.100251,2.07049,2.4583,1.85911
triangle,2,leo,0,13,11.6679,0,0,190,0.235575,0.236123,4.46661,0.0830226,2.249,2.64443,1.75312
triangle,2,leo,0,14,11.8777,1,1,189,0.233931,0.238315,4.7177,0.107855,2.11423,2.64513,1.82054
triangle,2,leo,0,15,11.6764,0,0,190,0.236671,0.239411,4.46607,0.112916,2.10471,2.62927,1.88734
triangle,2,leo,0,16,12.0319,0,0,190,0.231739,0.238315,4.48141,0.104765,2.4319,2.69685,1.84696
triangle,2,leo,0,17,11.9185,0,0,190,0.238315,0.233383,4.49182,0.104835,2.18959,2.78775,1.87282
triangle,2,leo,0,18,11.6157,0,0,190,0.236123,0.232835,4.51665,0.0982395,2.27901,2.4464,1.80647
triangle,2,leo,0,19,11.608,0,0,190,0.236671,0.239959,4.44743,0.122023,2.10254,2.60413,1.8552
triangle,2,leo,1,0,11.3306,5,31,159,0.136935,0.140223,3.49219,0.381316,2.27553,2.75756,2.14679
triangle,2,leo,1,1,14.1961,5,17,173,0.146799,0.141319,3.81616,0.354632,2.86985,3.70619,3.16111
triangle,2,leo,1,2,10.3069,6,38,152,0.140771,0.141867,3.71172,0.288787,1.94153,2.26421,1.81801
triangle,2,leo,1,3,10.6948,7,34,156,0.136387,0.142415,3.71395,0.38599,1.92665,2.47318,1.91621
triangle,2,leo,1,4,14.1493,6,14,176,0.141319,0.148991,3.60173,0.3497,2.97655,3.97308,2.95795
triangle,2,leo,1,5,13.3499,4,18,172,0.141867,0.143511,3.27191,0.295842,2.77527,3.75473,2.96674
triangle,2,leo,1,6,11.7687,5,23,167,0.138031,0.142963,3.47766,0.340202,2.35114,2.91614,2.40258
triangle,2,leo,1,7,12.0183,7,35,155,0.140223,0.142415,3.99723,0.336407,2.2822,2.88515,2.23464
triangle,2,leo,1,8,14.2836,7,16,174,0.135839,0.140771,3.86426,0.467777,2.98441,3.60335,3.08723
triangle,2,leo,1,9,12.4519,7,26,164,0.144059,0.140223,3.80119,0.299229,2.36171,3.27508,2.43038
triangle,2,leo,1,10,12.4823,7,23,167,0.144607,0.144059,3.76236,0.361018,2.47718,3.17318,2.41992
triangle,2,leo,1,11,12.8772,6,22,168,0.138031,0.145155,3.59659,0.386866,2.47692,3.50327,2.63036
triangle,2,leo,1,12,15.1106,8,15,175,0.138031,0.138579,4.05494,0.478698,3.22747,3.80175,3.2711
triangle,2,leo,1,13,13.0683,10,29,161,0.139127,0.137483,4.24816,0.601039,2.52781,3.0002,2.41445
triangle,2,leo,1,14,13.2467,8,28,162,0.143511,0.146799,4.16177,0.393343,2.5322,3.26546,2.60362
triangle,2,leo,1,15,13.5167,4,16,174,0.141867,0.141319,3.51488,0.306664,2.88615,3.66691,2.85894
triangle,2,leo,1,16,11.9366,7,25,165,0.142415,0.141867,3.62584,0.266357,2.52219,3.03746,2.20048
triangle,2,leo,1,17,13.3759,6,16,174,0.139675,0.144607,3.60961,0.362772,2.88161,3.40554,2.83212
triangle,2,leo,1,18,9.96927,5,41,149,0.145155,0.137483,3.56636,0.300864,1.95243,2.18054,1.68643
triangle,2,leo,1,19,13.9428,7,20,170,0.146251,0.139127,4.02616,0.432881,2.83015,3.43525,2.93296
triangle,2,lqi-literal,0,0,11.5244,0,0,190,0.236671,0.234479,4.47593,0.106181,1.98684,2.57452,1.90982
triangle,2,lqi-literal,0,1,12.0399,0,0,190,0.230095,0.235575,4.47045,0.114042,2.37556,2.76273,1.85147
triangle,2,lqi-literal,0,2,11.4307,0,0,190,0.238863,0.238315,4.48799,0.0950798,2.10257,2.46423,1.80364
triangle,2,lqi-literal,0,3,11.772,0,0,190,0.240507,0.239959,4.47429,0.0911038,2.27335,2.6779,1.77488
triangle,2,lqi-literal,0,4,11.9643,0,0,190,0.231191,0.233931,4.49511,0.116484,2.30827,2.64145,1.93785
triangle,2,lqi-literal,0,5,11.5753,0,0,190,0.241055,0.237767,4.4836,0.0939138,2.1977,2.50497,1.8163
triangle,2,lqi-literal,0,6,11.9297,1,1,189,0.231191,0.241603,4.71425,0.103091,2.21861,2.5893,1.83165
triangle,2,lqi-literal,0,7,12.3678,0,0,190,0.236123,0.234479,4.50936,0.114152,2.36335,2.92312,1.98726
triangle,2,lqi-literal,0,8,12.1308,1,1,189,0.238315,0.228451,4.69835,0.114042,2.33185,2.67884,1.84093
triangle,2,lqi-literal,0,9,12.0337,0,0,190,0.234479,0.231191,4.47867,0.0921998,2.31437,2.79927,1.8835
triangle,2,lqi-literal,0,10,11.7479,0,0,190,0.240507,0.240507,4.49237,0.0876165,2.09053,2.73137,1.86503
triangle,2,lqi-literal,0,11,11.6714,0,0,190,0.236123,0.236671,4.46826,0.126029,2.06389,2.58727,1.95318
triangle,2,lqi-literal,0,12,11.4385,0,0,190,0.238315,0.234479,4.47757,0.100251,2.07049,2.4583,1.85911
triangle,2,lqi-literal,0,13,11.6679,0,0,190,0.235575,0.236123,4.46661,0.0830226,2.249,2.64443,1.75312
triangle,2,lqi-literal,0,14,12.5075,1,1,189,0.233931,0.238315,4.70767,0.10884,2.25502,3.06076,1.90301
triangle,2,lqi-literal,0,15,11.6764,0,0,190,0.236671,0.239411,4.46607,0.112916,2.10471,2.62927,1.88734
triangle,2,lqi-literal,0,16,12.0319,0,0,190,0.231739,0.238315,4.48141,0.104765,2.4319,2.69685,1.84696
triangle,2,lqi-literal,0,17,11.9185,0,0,190,0.238315,0.233383,4.49182,0.104835,2.18959,2.78775,1.87282
triangle,2,lqi-literal,0,18,11.6309,0,0,190,0.236123,0.232835,4.50278,0.102683,2.2594,2.5036,1.79351
triangle,2,lqi-literal,0,19,11.608,0,0,190,0.236671,0.239959,4.44743,0.122023,2.10254,2.60413,1.8552
triangle,2,lqi-literal,1,0,10.4876,10,40,150,0.136935,0.140223,3.96445,0.459237,1.92867,2.15212,1.70598
triangle,2,lqi-literal,1,1,10.6281,5,39,151,0.146799,0.141319,3.3825,0.334145,2.19458,2.51947,1.90927
triangle,2,lqi-literal,1,2,10.0603,5,37,153,0.140771,0.141867,3.28359,0.302747,2.03342,2.40121,1.75668
triangle,2,lqi-literal,1,3,12.833,7,25,165,0.136387,0.142415,3.51154,0.381855,2.49498,3.38453,2.78131
triangle,2,lqi-literal,1,4,11.3405,6,32,158,0.141319,0.148991,3.44076,0.352021,2.32784,2.82545,2.10413
triangle,2,lqi-literal,1,5,13.1497,7,17,173,0.141867,0.143511,3.57394,0.362394,2.80159,3.36238,2.76406
triangle,2,lqi-literal,1,6,13.1289,6,18,172,0.138031,0.142963,3.44072,0.398265,2.64417,3.63369,2.73107
triangle,2,lqi-literal,1,7,10.2945,7,43,147,0.140223,0.142415,3.6207,0.344757,1.98662,2.31962,1.74021
triangle,2,lqi-literal,1,8,11.3857,3,35,155,0.135839,0.140771,3.02385,0.271121,2.42005,3.04511,2.34894
triangle,2,lqi-literal,1,9,10.6952,6,38,152,0.144059,0.140223,3.47521,0.281114,2.03486,2.70002,1.91973
triangle,2,lqi-literal,1,10,14.2146,5,6,184,0.144607,0.144059,3.3067,0.352837,3.20396,3.80863,3.25381
triangle,2,lqi-literal,1,11,13.2062,4,14,176,0.138031,0.145155,3.19725,0.304332,2.83471,3.57822,3.00848
triangle,2,lqi-literal,1,12,11.4316,11,38,152,0.138031,0.138579,4.12682,0.502821,2.18869,2.34621,1.99043
triangle,2,lqi-literal,1,13,13.2755,11,22,168,0.139127,0.137483,4.16034,0.518425,2.76925,3.24024,2.31069
triangle,2,lqi-literal,1,14,12.5617,7,22,168,0.143511,0.146799,3.59215,0.330139,2.59941,3.31418,2.4355
triangle,2,lqi-literal,1,15,11.5656,6,33,157,0.141867,0.141319,3.504,0.32169,2.39463,2.96484,2.09724
triangle,2,lqi-literal,1,16,10.8091,8,37,153,0.142415,0.141867,3.71922,0.342455,2.15826,2.61937,1.68546
triangle,2,lqi-literal,1,17,12.3433,9,29,161,0.139675,0.144607,3.87281,0.407163,2.49721,3.13775,2.14413
triangle,2,lqi-literal,1,18,10.453,7,35,155,0.145155,0.137483,3.63516,0.379782,2.07649,2.26574,1.81321
triangle,2,lqi-literal,1,19,10.0892,5,41,149,0.146251,0.139127,3.33292,0.224517,2.08874,2.47271,1.68491
triangle,2.25,hopcount,0,0,15.4379,12,26,164,0.183515,0.181871,5.62541,0.419514,2.56049,4.2897,2.17738
triangle,2.25,hopcount,0,1,15.6731,6,8,182,0.179679,0.181871,4.55391,0.26364,2.96629,4.79394,2.73375
triangle,2.25,hopcount,0,2,15.7524,7,8,182,0.186803,0.183515,4.73249,0.327738,3.17306,4.37017,2.77865
triangle,2.25,hopcount,0,3,15.6628,8,14,176,0.181871,0.175843,4.8897,0.298503,3.3292,4.11165,2.67604
triangle,2.25,hopcount,0,4,14.7995,6,6,184,0.179679,0.182419,4.56487,0.244708,2.88505,4.01009,2.73269
triangle,2.25,hopcount,0,5,14.0523,4,12,178,0.190639,0.187351,4.16222,0.23839,2.53081,4.12689,2.61597
triangle,2.25,hopcount,0,6,15.6113,7,8,182,0.176939,0.184611,4.72701,0.306804,2.98493,4.53987,2.69118
triangle,2.25,hopcount,0,7,16.6981,7,7,183,0.179131,0.176939,4.72701,0.297478,3.2257,5.3108,2.78105
triangle,2.25,hopcount,0,8,16.4311,11,9,181,0.184611,0.174199,5.44134,0.363863,2.94459,4.66694,2.65552
triangle,2.25,hopcount,0,9,16.9571,10,8,182,0.179131,0.178583,5.28249,0.304821,3.4672,4.82706,2.71782
triangle,2.25,hopcount,0,10,14.977,11,27,163,0.183515,0.181323,5.4797,0.356926,2.6175,3.8938,2.2642
triangle,2.25,hopcount,0,11,15.4215,5,5,185,0.185159,0.183515,4.36381,0.290205,3.06055,4.68221,2.65607
triangle,2.25,hopcount,0,12,15.7236,7,6,184,0.180775,0.183515,4.75441,0.304962,3.26609,4.40467,2.62913
triangle,2.25,hopcount,0,13,15.5584,9,15,175,0.178035,0.183515,5.07267,0.315961,3.12908,4.19728,2.4819
triangle,2.25,hopcount,0,14,16.0075,7,6,184,0.180775,0.185159,4.70728,0.279571,3.15344,4.87273,2.62857
triangle,2.25,hopcount,0,15,16.0518,6,6,184,0.176939,0.186803,4.56213,0.310951,3.11997,5.12464,2.57033
triangle,2.25,hopcount,0,16,15.0313,6,21,169,0.185159,0.178035,4.56267,0.297527,2.84517,4.42572,2.53698
triangle,2.25,hopcount,0,17,14.6767,9,19,171,0.181871,0.177487,5.07102,0.33909,2.76564,3.74408,2.39747
triangle,2.25,hopcount,0,18,15.3098,3,2,188,0.191187,0.180227,3.98528,0.206413,3.50878,4.52969,2.70823
triangle,2.25,hopcount,0,19,15.3282,9,15,175,0.179679,0.182967,5.1039,0.339659,2.70901,4.25221,2.56081
triangle,2.25,hopcount,1,0,10.2481,5,57,133,0.113371,0.113919,2.35445,0.308689,2.28635,3.14564,1.9257
triangle,2.25,hopcount,1,1,9.92511,5,55,135,0.115015,0.115563,2.37873,0.203605,2.24215,2.95892,1.91111
triangle,2.25,hopcount,1,2,10.2257,9,62,128,0.115563,0.115015,2.72739,0.340614,2.10795,2.8622,1.95692
triangle,2.25,hopcount,1,3,10.0737,11,63,127,0.117207,0.109535,2.94971,0.390856,1.91497,2.74127,1.85015
triangle,2.25,hopcount,1,4,9.2897,10,73,117,0.112823,0.110631,2.85805,0.303089,1.94644,2.3665,1.59216
triangle,2.25,hopcount,1,5,11.3422,6,44,146,0.113371,0.110083,2.50437,0.345935,2.46353,3.36879,2.43611
triangle,2.25,hopcount,1,6,10.3626,9,56,134,0.113919,0.112275,2.768,0.317725,2.27468,2.89172,1.88432
triangle,2.25,hopcount,1,7,9.19547,6,65,125,0.110083,0.116111,2.48051,0.317276,1.98303,2.35507,1.83339
triangle,2.25,hopcount,1,8,9.62662,9,68,122,0.113919,0.112275,2.71938,0.351177,1.79842,2.88115,1.6503
triangle,2.25,hopcount,1,9,10.1295,9,64,126,0.113371,0.114467,2.75286,0.293642,2.19872,2.8358,1.82064
triangle,2.25,hopcount,1,10,10.7908,4,52,138,0.114467,0.115563,2.3034,0.214763,2.30499,3.46256,2.27508
triangle,2.25,hopcount,1,11,9.26008,6,63,127,0.113919,0.107891,2.51246,0.314766,1.90859,2.52476,1.77769
triangle,2.25,hopcount,1,12,9.92806,8,59,131,0.112823,0.114467,2.67638,0.245115,2.07826,2.90243,1.79858
triangle,2.25,hopcount,1,13,10.3796,5,54,136,0.112275,0.115015,2.3838,0.26014,2.20454,3.14211,2.16173
triangle,2.25,hopcount,1,14,11.4542,5,47,143,0.112823,0.117755,2.38388,0.295335,2.48155,3.77339,2.28951
triangle,2.25,hopcount,1,15,8.31799,4,70,120,0.115563,0.112823,2.29138,0.237422,1.80162,2.15642,1.60277
triangle,2.25,hopcount,1,16,9.22996,4,62,128,0.115015,0.110631,2.29796,0.205606,1.94181,2.7066,1.85235
triangle,2.25,hopcount,1,17,9.91095,11,67,123,0.115015,0.114467,2.9718,0.428031,1.92837,2.59655,1.75671
triangle,2.25,hopcount,1,18,8.78391,7,71,119,0.114467,0.118303,2.56748,0.243114,1.81147,2.30256,1.62652
triangle,2.25,hopcount,1,19,9.50617,7,68,122,0.111727,0.115015,2.55235,0.293929,1.99526,2.7118,1.72609
triangle,2.25,lqi,0,0,13.9491,4,4,186,0.183515,0.181871,4.15235,0.213996,2.68914,3.6824,2.84579
triangle,2.25,lqi,0,1,13.6474,0,0,190,0.179679,0.181871,3.44459,0.174986,2.81441,3.72433,3.1275
triangle,2.25,lqi,0,2,12.8701,0,0,190,0.186803,0.183515,3.46158,0.170599,2.84291,3.04635,2.97839
triangle,2.25,lqi,0,3,12.9996,0,0,190,0.181871,0.175843,3.4424,0.162039,2.81178,3.20748,3.0182
triangle,2.25,lqi,0,4,13.6669,4,4,186,0.179679,0.182419,4.19948,0.206462,2.76691,3.29934,2.83265
triangle,2.25,lqi,0,5,13.1565,0,0,190,0.190639,0.187351,3.43363,0.154576,2.94291,3.22595,3.0214
triangle,2.25,lqi,0,6,13.1815,0,0,190,0.176939,0.184611,3.45501,0.158582,2.99843,3.18861,3.01933
triangle,2.25,lqi,0,7,13.7145,0,0,190,0.179131,0.176939,3.45336,0.166165,3.11558,3.61401,3.00935
triangle,2.25,lqi,0,8,13.777,1,1,189,0.184611,0.174199,3.62208,0.189722,2.87862,3.70983,3.01795
triangle,2.25,lqi,0,9,13.5529,0,0,190,0.179131,0.178583,3.47638,0.161491,2.89382,3.55155,3.11197
triangle,2.25,lqi,0,10,14.3754,4,4,186,0.183515,0.181323,4.19784,0.200402,2.81976,3.97788,2.81471
triangle,2.25,lqi,0,11,12.9699,0,0,190,0.185159,0.183515,3.44405,0.179278,2.83367,3.11561,3.0286
triangle,2.25,lqi,0,12,12.8465,0,0,190,0.180775,0.183515,3.47473,0.185168,2.63213,3.22179,2.96842
triangle,2.25,lqi,0,13,12.9749,0,0,190,0.178035,0.183515,3.43528,0.135096,2.80869,3.24743,2.98683
triangle,2.25,lqi,0,14,13.0659,0,0,190,0.180775,0.185159,3.44898,0.154696,2.84776,3.30884,2.93969
triangle,2.25,lqi,0,15,13.3364,0,0,190,0.176939,0.186803,3.45665,0.193657,2.87005,3.33036,3.12198
triangle,2.25,lqi,0,16,13.4091,0,0,190,0.185159,0.178035,3.46487,0.183404,3.01628,3.28639,3.09497
triangle,2.25,lqi,0,17,14.9654,6,6,184,0.181871,0.177487,4.55281,0.256223,2.965,3.98491,2.84709
triangle,2.25,lqi,0,18,13.2112,0,0,190,0.191187,0.180227,3.45501,0.154647,2.8773,3.31509,3.03769
triangle,2.25,lqi,0,19,14.4368,4,4,186,0.179679,0.182967,4.16989,0.228612,2.81647,3.92227,2.93692
triangle,2.25,lqi,1,0,10.2706,1,47,143,0.113371,0.113919,1.9616,0.189343,2.26773,3.16242,2.46218
triangle,2.25,lqi,1,1,9.195,4,55,135,0.115015,0.115563,2.2705,0.246738,2.01414,2.33371,2.09933
triangle,2.25,lqi,1,2,10.4763,5,48,142,0.115563,0.115015,2.31954,0.24602,2.3457,2.82199,2.51253
triangle,2.25,lqi,1,3,8.84938,2,58,132,0.117207,0.109535,2.06316,0.178472,1.92737,2.31343,2.1402
triangle,2.25,lqi,1,4,7.92878,1,66,124,0.112823,0.110631,1.97062,0.137698,1.67728,2.05171,1.86803
triangle,2.25,lqi,1,5,10.9106,5,42,148,0.113371,0.110083,2.39037,0.300554,2.45335,3.00399,2.53887
triangle,2.25,lqi,1,6,9.84833,2,49,141,0.113919,0.112275,2.09103,0.163305,2.26059,2.69848,2.40873
triangle,2.25,lqi,1,7,9.81903,3,49,141,0.110083,0.116111,2.1977,0.204868,2.24095,2.66477,2.28455
triangle,2.25,lqi,1,8,8.97659,3,54,136,0.113919,0.112275,2.13977,0.198691,1.99214,2.26812,2.15168
triangle,2.25,lqi,1,9,8.71912,5,64,126,0.113371,0.114467,2.39007,0.227448,1.82767,2.1383,1.90779
triangle,2.25,lqi,1,10,8.178,3,66,124,0.114467,0.115563,2.23139,0.200363,1.7958,1.92502,1.7954
triangle,2.25,lqi,1,11,8.53044,2,58,132,0.113919,0.107891,2.11241,0.163425,1.92665,2.1607,1.94545
triangle,2.25,lqi,1,12,8.81938,3,60,130,0.112823,0.114467,2.17826,0.203651,1.86365,2.34991,1.99663
triangle,2.25,lqi,1,13,9.69332,3,53,137,0.112275,0.115015,2.19585,0.182976,2.1214,2.71891,2.24691
triangle,2.25,lqi,1,14,9.24749,2,54,136,0.112823,0.117755,2.09292,0.231313,2.03507,2.50741,2.15019
triangle,2.25,lqi,1,15,10.494,6,55,135,0.115563,0.112823,2.48636,0.314077,2.26511,2.96381,2.23628
triangle,2.25,lqi,1,16,8.25525,2,67,123,0.115015,0.110631,2.12274,0.195212,1.75599,2.16745,1.78821
triangle,2.25,lqi,1,17,8.87664,3,60,130,0.115015,0.114467,2.21191,0.176538,1.90013,2.38657,1.97202
triangle,2.25,lqi,1,18,8.66615,1,58,132,0.114467,0.118303,1.93942,0.139939,1.96539,2.38711,2.00153
triangle,2.25,lqi,1,19,8.87716,4,62,128,0.111727,0.115015,2.259,0.200194,1.9281,2.34354,1.91958
triangle,2.25,leo,0,0,15.4053,8,15,175,0.183515,0.181871,5.41264,0.336201,2.85914,3.96219,2.46976
triangle,2.25,leo,0,1,16.4945,9,8,182,0.179679,0.181871,5.68797,0.331906,3.05262,4.27007,2.79037
triangle,2.25,leo,0,2,17.5075,8,8,182,0.186803,0.183515,5.81111,0.347957,3.34588,4.82602,2.80624
triangle,2.25,leo,0,3,16.2584,10,16,174,0.181871,0.175843,5.76693,0.338991,3.20197,4.16212,2.43071
triangle,2.25,leo,0,4,14.9728,6,10,180,0.179679,0.182419,5.10336,0.238581,2.89473,3.89436,2.47966
triangle,2.25,leo,0,5,14.9614,6,12,178,0.190639,0.187351,4.96592,0.294091,2.63324,4.03389,2.65623
triangle,2.25,leo,0,6,16.5551,7,9,181,0.176939,0.184611,5.29105,0.325856,3.24593,4.72083,2.60986
triangle,2.25,leo,0,7,17.8011,12,15,175,0.179131,0.176939,6.98442,0.37309,3.32401,4.3078,2.45572
triangle,2.25,leo,0,8,16.2859,10,9,181,0.184611,0.174199,5.98949,0.376597,2.83714,4.07638,2.64745
triangle,2.25,leo,0,9,16.1823,5,5,185,0.179131,0.178583,4.83902,0.233575,3.64634,4.40612,2.69952
triangle,2.25,leo,0,10,15.669,8,14,176,0.183515,0.181323,5.48535,0.298075,3.07852,3.89479,2.54747
triangle,2.25,leo,0,11,15.1781,5,4,186,0.185159,0.183515,4.67992,0.294999,2.91884,4.30956,2.60608
triangle,2.25,leo,0,12,15.2605,5,11,179,0.180775,0.183515,4.65336,0.287176,3.13992,4.18031,2.63542
triangle,2.25,leo,0,13,16.7647,10,9,181,0.178035,0.183515,5.99678,0.335413,3.15009,4.33716,2.5837
triangle,2.25,leo,0,14,17.3173,10,16,174,0.180775,0.185159,6.01267,0.339588,3.20892,4.77796,2.6122
triangle,2.25,leo,0,15,17.225,11,17,173,0.176939,0.186803,6.46326,0.35642,2.81821,4.8158,2.40755
triangle,2.25,leo,0,16,16.1784,8,16,174,0.185159,0.178035,5.5335,0.307617,2.95746,4.4312,2.58545
triangle,2.25,leo,0,17,15.1097,8,21,169,0.181871,0.177487,5.51082,0.323138,2.76235,3.83822,2.31581
triangle,2.25,leo,0,18,14.9945,3,3,187,0.191187,0.180227,4.21605,0.20193,3.19093,4.2984,2.71575
triangle,2.25,leo,0,19,16.105,9,19,171,0.179679,0.182967,5.68122,0.312168,2.93905,4.44906,2.36083
triangle,2.25,leo,1,0,10.6904,6,61,129,0.113371,0.113919,2.76354,0.286896,2.34564,3.1261,1.94092
triangle,2.25,leo,1,1,10.3537,5,55,135,0.115015,0.115563,2.67845,0.186794,2.31492,2.98437,1.95861
triangle,2.25,leo,1,2,10.8158,8,52,138,0.115563,0.115015,2.94609,0.333649,2.25436,2.9046,2.14649
triangle,2.25,leo,1,3,9.92659,8,60,130,0.117207,0.109535,3.0412,0.300578,2.07141,2.4233,1.86336
triangle,2.25,leo,1,4,11.3852,11,60,130,0.112823,0.110631,3.37756,0.385206,2.26619,3.1118,2.021
triangle,2.25,leo,1,5,12.0918,4,37,153,0.113371,0.110083,2.42794,0.280837,2.67852,3.7624,2.71866
triangle,2.25,leo,1,6,10.6197,4,53,137,0.113919,0.112275,2.45016,0.23272,2.38949,3.26037,2.06079
triangle,2.25,leo,1,7,9.44266,5,64,126,0.110083,0.116111,2.71129,0.260381,1.94233,2.42625,1.87621
triangle,2.25,leo,1,8,10.4437,9,64,126,0.113919,0.112275,3.01109,0.351227,2.12832,2.84637,1.88049
triangle,2.25,leo,1,9,10.6476,8,62,128,0.113371,0.114467,3.00853,0.359815,2.17612,2.84215,2.03314
triangle,2.25,leo,1,10,10.8,8,54,136,0.114467,0.115563,3.14636,0.306804,2.15669,2.93394,2.02618
triangle,2.25,leo,1,11,9.18174,5,65,125,0.113919,0.107891,2.67027,0.231931,1.88045,2.44079,1.73649
triangle,2.25,leo,1,12,10.3466,4,54,136,0.112823,0.114467,2.46461,0.233197,2.30668,3.06978,2.04504
triangle,2.25,leo,1,13,9.43173,5,69,121,0.112275,0.115015,2.77066,0.219914,1.74458,2.84456,1.62472
triangle,2.25,leo,1,14,9.99934,5,60,130,0.112823,0.117755,2.71341,0.250984,2.13185,2.83869,1.83383
triangle,2.25,leo,1,15,10.0415,7,60,130,0.115563,0.112823,2.889,0.35011,2.06869,2.68013,1.82518
triangle,2.25,leo,1,16,10.253,7,60,130,0.115015,0.110631,2.94964,0.264715,2.02045,2.85634,1.93618
triangle,2.25,leo,1,17,10.6615,7,55,135,0.115015,0.114467,2.91591,0.321802,2.06811,2.98775,2.13841
triangle,2.25,leo,1,18,10.9215,10,59,131,0.114467,0.118303,3.21827,0.326136,2.22605,2.94773,1.97059
triangle,2.25,leo,1,19,10.3525,9,62,128,0.111727,0.115015,3.0458,0.342166,2.2372,2.57944,1.92112
triangle,2.25,lqi-literal,0,0,15.4379,12,26,164,0.183515,0.181871,5.62541,0.419514,2.56049,4.2897,2.17738
triangle,2.25,lqi-literal,0,1,15.6731,6,8,182,0.179679,0.181871,4.55391,0.26364,2.96629,4.79394,2.73375
triangle,2.25,lqi-literal,0,2,15.7524,7,8,182,0.186803,0.183515,4.73249,0.327738,3.17306,4.37017,2.77865
triangle,2.25,lqi-literal,0,3,15.6628,8,14,176,0.181871,0.175843,4.8897,0.298503,3.3292,4.11165,2.67604
triangle,2.25,lqi-literal,0,4,14.7995,6,6,184,0.179679,0.182419,4.56487,0.244708,2.88505,4.01009,2.73269
triangle,2.25,lqi-literal,0,5,14.0523,4,12,178,0.190639,0.187351,4.16222,0.23839,2.53081,4.12689,2.61597
triangle,2.25,lqi-literal,0,6,15.6113,7,8,182,0.176939,0.184611,4.72701,0.306804,2.98493,4.53987,2.69118
triangle,2.25,lqi-literal,0,7,16.6981,7,7,183,0.179131,0.176939,4.72701,0.297478,3.2257,5.3108,2.78105
triangle,2.25,lqi-literal,0,8,16.4311,11,9,181,0.184611,0.174199,5.44134,0.363863,2.94459,4.66694,2.65552
triangle,2.25,lqi-literal,0,9,16.9571,10,8,182,0.179131,0.178583,5.28249,0.304821,3.4672,4.82706,2.71782
triangle,2.25,lqi-literal,0,10,14.977,11,27,163,0.183515,0.181323,5.4797,0.356926,2.6175,3.8938,2.2642
triangle,2.25,lqi-literal,0,11,15.4215,5,5,185,0.185159,0.183515,4.36381,0.290205,3.06055,4.68221,2.65607
triangle,2.25,lqi-literal,0,12,15.7236,7,6,184,0.180775,0.183515,4.75441,0.304962,3.26609,4.40467,2.62913
triangle,2.25,lqi-literal,0,13,15.5584,9,15,175,0.178035,0.183515,5.07267,0.315961,3.12908,4.19728,2.4819
triangle,2.25,lqi-literal,0,14,16.0075,7,6,184,0.180775,0.185159,4.70728,0.279571,3.15344,4.87273,2.62857
triangle,2.25,lqi-literal,0,15,16.0518,6,6,184,0.176939,0.186803,4.56213,0.310951,3.11997,5.12464,2.57033
triangle,2.25,lqi-literal,0,16,15.0313,6,21,169,0.185159,0.178035,4.56267,0.297527,2.84517,4.42572,2.53698
triangle,2.25,lqi-literal,0,17,14.6767,9,19,171,0.181871,0.177487,5.07102,0.33909,2.76564,3.74408,2.39747
triangle,2.25,lqi-literal,0,18,15.3098,3,2,188,0.191187,0.180227,3.98528,0.206413,3.50878,4.52969,2.70823
triangle,2.25,lqi-literal,0,19,15.3282,9,15,175,0.179679,0.182967,5.1039,0.339659,2.70901,4.25221,2.56081
triangle,2.25,lqi-literal,1,0,10.2481,5,57,133,0.113371,0.113919,2.35445,0.308689,2.28635,3.14564,1.9257
triangle,2.25,lqi-literal,1,1,9.92511,5,55,135,0.115015,0.115563,2.37873,0.203605,2.24215,2.95892,1.91111
triangle,2.25,lqi-literal,1,2,10.2257,9,62,128,0.115563,0.115015,2.72739,0.340614,2.10795,2.8622,1.95692
triangle,2.25,lqi-literal,1,3,10.0737,11,63,127,0.117207,0.109535,2.94971,0.390856,1.91497,2.74127,1.85015
triangle,2.25,lqi-literal,1,4,9.2897,10,73,117,0.112823,0.110631,2.85805,0.303089,1.94644,2.3665,1.59216
triangle,2.25,lqi-literal,1,5,11.3422,6,44,146,0.113371,0.110083,2.50437,0.345935,2.46353,3.36879,2.43611
triangle,2.25,lqi-literal,1,6,10.3626,9,56,134,0.113919,0.112275,2.768,0.317725,2.27468,2.89172,1.88432
triangle,2.25,lqi-literal,1,7,9.19547,6,65,125,0.110083,0.116111,2.48051,0.317276,1.98303,2.35507,1.83339
triangle,2.25,lqi-literal,1,8,9.62662,9,68,122,0.113919,0.112275,2.71938,0.351177,1.79842,2.88115,1.6503
triangle,2.25,lqi-literal,1,9,10.1295,9,64,126,0.113371,0.114467,2.75286,0.293642,2.19872,2.8358,1.82064
triangle,2.25,lqi-literal,1,10,10.7908,4,52,138,0.114467,0.115563,2.3034,0.214763,2.30499,3.46256,2.27508
triangle,2.25,lqi-literal,1,11,9.26008,6,63,127,0.113919,0.107891,2.51246,0.314766,1.90859,2.52476,1.77769
triangle,2.25,lqi-literal,1,12,9.92806,8,59,131,0.112823,0.114467,2.67638,0.245115,2.07826,2.90243,1.79858
triangle,2.25,lqi-literal,1,13,10.3796,5,54,136,0.112275,0.115015,2.3838,0.26014,2.20454,3.14211,2.16173
triangle,2.25,lqi-literal,1,14,11.4542,5,47,143,0.112823,0.117755,2.38388,0.295335,2.48155,3.77339,2.28951
triangle,2.25,lqi-literal,1,15,8.31799,4,70,120,0.115563,0.112823,2.29138,0.237422,1.80162,2.15642,1.60277
triangle,2.25,lqi-literal,1,16,9.22996,4,62,128,0.115015,0.110631,2.29796,0.205606,1.94181,2.7066,1.85235
triangle,2.25,lqi-literal,1,17,9.91095,11,67,123,0.115015,0.114467,2.9718,0.428031,1.92837,2.59655,1.75671
triangle,2.25,lqi-literal,1,18,8.78391,7,71,119,0.114467,0.118303,2.56748,0.243114,1.81147,2.30256,1.62652
triangle,2.25,lqi-literal,1,19,9.50617,7,68,122,0.111727,0.115015,2.55235,0.293929,1.99526,2.7118,1.72609
triangle,2.5,hopcount,0,0,14.6183,13,49,141,0.130907,0.126523,4.22739,0.472859,2.81745,4.19114,2.65201
triangle,2.5,hopcount,0,1,15.9102,16,33,157,0.134743,0.130907,4.62833,0.60427,3.49009,3.89953,3.02232
triangle,2.5,hopcount,0,2,17.7775,18,27,163,0.140223,0.134743,4.90111,0.607608,3.79808,5.03138,3.16437
triangle,2.5,hopcount,0,3,15.4711,18,41,149,0.129263,0.135291,4.89125,0.590331,3.48774,3.65722,2.58003
triangle,2.5,hopcount,0,4,15.6301,18,42,148,0.133099,0.134743,4.92248,0.55073,3.32152,3.82336,2.74414
triangle,2.5,hopcount,0,5,17.0681,18,30,160,0.136387,0.135291,4.93344,0.640654,3.79002,4.33263,3.09962
triangle,2.5,hopcount,0,6,16.8359,19,32,158,0.132551,0.129811,5.04407,0.631685,3.39581,4.49274,3.00923
triangle,2.5,hopcount,0,7,18.6309,17,17,173,0.136935,0.135291,4.79377,0.607502,3.86123,5.44684,3.64929
triangle,2.5,hopcount,0,8,15.4646,21,44,146,0.133647,0.135839,5.3037,0.686102,2.9982,3.43531,2.77184
triangle,2.5,hopcount,0,9,17.4244,17,20,170,0.132551,0.133647,4.76691,0.661255,3.76248,4.54639,3.42112
triangle,2.5,hopcount,0,10,17.4959,18,24,166,0.131455,0.138031,4.94769,0.561531,3.89679,4.43064,3.38975
triangle,2.5,hopcount,0,11,14.9376,17,45,145,0.134195,0.130907,4.78171,0.604786,2.8894,3.62996,2.76667
triangle,2.5,hopcount,0,12,16.2733,22,38,152,0.131455,0.135291,5.43131,0.743333,3.02614,3.85261,2.95313
triangle,2.5,hopcount,0,13,16.1083,14,29,161,0.135839,0.133099,4.372,0.5625,3.53886,4.28321,3.08279
triangle,2.5,hopcount,0,14,16.3766,13,33,157,0.136935,0.133647,4.24548,0.534284,3.50998,4.62982,3.18644
triangle,2.5,hopcount,0,15,16.0823,10,25,165,0.134195,0.132551,3.84673,0.43905,3.60343,4.73244,3.19386
triangle,2.5,hopcount,0,16,18.1164,22,25,165,0.132003,0.133647,5.44282,0.627636,3.77255,4.85371,3.15401
triangle,2.5,hopcount,0,17,15.7771,14,37,153,0.132551,0.132551,4.38132,0.59556,3.34832,4.29267,2.89409
triangle,2.5,hopcount,0,18,16.019,17,43,147,0.136935,0.134743,4.80199,0.590521,2.98828,4.50155,2.86498
triangle,2.5,hopcount,0,19,15.9965,18,38,152,0.131455,0.134743,4.91317,0.701311,3.42861,3.87113,2.81608
triangle,2.5,hopcount,1,0,8.99314,8,76,114,0.0941913,0.0941913,1.99618,0.319468,2.11112,2.43551,1.94249
triangle,2.5,hopcount,1,1,9.45103,10,75,115,0.0974793,0.0974793,2.19316,0.354026,2.25583,2.43957,2.01349
triangle,2.5,hopcount,1,2,9.52557,12,82,108,0.0980273,0.0958353,2.3279,0.368939,2.36361,2.54587,1.72538
triangle,2.5,hopcount,1,3,8.39243,8,95,95,0.0925473,0.0947393,2.05993,0.301455,1.80275,2.62814,1.41287
triangle,2.5,hopcount,1,4,10.855,14,69,121,0.0963833,0.0930953,2.43812,0.46471,2.33695,3.11887,2.3069
triangle,2.5,hopcount,1,5,9.76528,7,72,118,0.0958353,0.0914513,1.93728,0.31402,2.35734,2.87764,2.09171
triangle,2.5,hopcount,1,6,9.7985,10,71,119,0.0947393,0.0930953,2.16259,0.317686,2.16503,2.81346,2.1519
triangle,2.5,hopcount,1,7,9.39347,7,71,119,0.0925473,0.0963833,1.93269,0.253974,2.13021,2.72423,2.16343
triangle,2.5,hopcount,1,8,8.89175,8,78,112,0.0958353,0.0952873,2.01258,0.332814,2.03072,2.44719,1.87733
triangle,2.5,hopcount,1,9,9.40184,9,80,110,0.0952873,0.0969313,2.09842,0.348974,1.97302,2.87647,1.91275
triangle,2.5,hopcount,1,10,9.72192,7,72,118,0.0941913,0.0963833,1.94112,0.29944,2.294,2.83011,2.16668
triangle,2.5,hopcount,1,11,8.37654,6,86,104,0.0936433,0.0952873,1.86624,0.269038,2.04012,2.23394,1.77827
triangle,2.5,hopcount,1,12,10.4765,10,71,119,0.0941913,0.0952873,2.1717,0.362119,2.36525,3.23687,2.1511
triangle,2.5,hopcount,1,13,9.16465,6,78,112,0.0930953,0.0903553,1.85819,0.286843,2.08872,2.70361,2.04384
triangle,2.5,hopcount,1,14,10.4919,14,80,110,0.100219,0.0969313,2.45236,0.436985,2.3562,3.02577,2.02345
triangle,2.5,hopcount,1,15,9.62857,8,69,121,0.0930953,0.0941913,2.00604,0.33583,2.40306,2.49036,2.206
triangle,2.5,hopcount,1,16,11.5977,14,67,123,0.0963833,0.0941913,2.48698,0.497271,2.68012,3.36812,2.37463
triangle,2.5,hopcount,1,17,10.379,13,79,111,0.0947393,0.0925473,2.37142,0.495828,2.43496,2.85599,2.03348
triangle,2.5,hopcount,1,18,10.1688,9,68,122,0.0969313,0.0914513,2.11605,0.312489,2.59297,2.80899,2.14993
triangle,2.5,hopcount,1,19,8.87565,8,80,110,0.0963833,0.0947393,2.01452,0.317276,2.15891,2.32763,1.86619
triangle,2.5,lqi,0,0,15.2581,8,12,178,0.130359,0.126523,3.58108,0.411328,3.20912,4.0582,3.74146
triangle,2.5,lqi,0,1,15.3585,11,24,166,0.134743,0.130907,3.96832,0.502468,3.18834,4.06152,3.37217
triangle,2.5,lqi,0,2,16.4446,14,22,168,0.140223,0.135839,4.37967,0.490419,3.29411,4.63059,3.37372
triangle,2.5,lqi,0,3,14.2266,10,25,165,0.129263,0.135291,3.85111,0.473174,3.14685,3.23316,3.25772
triangle,2.5,lqi,0,4,15.7194,11,18,172,0.133099,0.134743,4.00284,0.464151,3.20744,4.24433,3.53276
triangle,2.5,lqi,0,5,15.689,9,16,174,0.138031,0.134743,3.73281,0.40518,3.45773,4.29333,3.52718
triangle,2.5,lqi,0,6,16.6198,13,15,175,0.133099,0.130359,4.25972,0.52385,3.13135,4.81834,3.62308
triangle,2.5,lqi,0,7,17.258,11,10,180,0.136935,0.135291,3.9727,0.449804,3.72576,4.97768,3.85983
triangle,2.5,lqi,0,8,17.5104,12,14,176,0.133099,0.135839,4.10799,0.4583,3.42126,5.39309,3.86082
triangle,2.5,lqi,0,9,16.1373,18,23,167,0.132551,0.133647,4.87152,0.599157,3.09542,3.82547,3.47953
triangle,2.5,lqi,0,10,15.6142,13,29,161,0.132003,0.138031,4.27562,0.456857,3.33671,4.01688,3.25808
triangle,2.5,lqi,0,11,14.8613,8,23,167,0.134195,0.130907,3.5893,0.402272,3.06921,4.12142,3.41398
triangle,2.5,lqi,0,12,15.5405,15,27,163,0.131455,0.135291,4.52044,0.543276,2.97938,4.02373,3.2069
triangle,2.5,lqi,0,13,15.7743,10,18,172,0.135839,0.133099,3.86646,0.443498,3.38499,4.20157,3.60889
triangle,2.5,lqi,0,14,15.2197,12,31,159,0.136935,0.133647,4.11073,0.492201,3.12193,4.02507,3.19919
triangle,2.5,lqi,0,15,16.1444,7,15,175,0.134195,0.132551,3.44688,0.373885,3.53476,4.77177,3.75033
triangle,2.5,lqi,0,16,15.8094,4,4,186,0.130907,0.134195,3.06348,0.310898,3.55025,4.59604,4.0236
triangle,2.5,lqi,0,17,15.3335,9,23,167,0.133647,0.132003,3.7202,0.463791,3.13796,4.2995,3.44639
triangle,2.5,lqi,0,18,14.2951,11,39,151,0.136935,0.134743,3.99901,0.480563,2.87852,3.64583,3.01956
triangle,2.5,lqi,0,19,16.3385,14,14,176,0.130907,0.135839,4.39666,0.545762,3.34453,3.85383,3.93098
triangle,2.5,lqi,1,0,7.59692,1,79,111,0.0941913,0.0941913,1.51027,0.139737,1.78301,2.11199,1.86353
triangle,2.5,lqi,1,1,8.49706,3,73,117,0.0974793,0.0974793,1.66517,0.187554,1.84378,2.45624,2.14935
triangle,2.5,lqi,1,2,9.38282,5,65,125,0.0980273,0.0958353,1.79954,0.213168,2.20539,2.62436,2.34649
triangle,2.5,lqi,1,3,8.13683,5,83,107,0.0925473,0.0947393,1.82829,0.213684,1.7668,2.20417,1.93659
triangle,2.5,lqi,1,4,8.74908,3,66,124,0.0963833,0.0930953,1.64076,0.197725,2.01621,2.35793,2.34698
triangle,2.5,lqi,1,5,9.03088,5,73,117,0.0958353,0.0914513,1.78149,0.328165,2.09706,2.47305,2.16383
triangle,2.5,lqi,1,6,8.99696,3,66,124,0.0947393,0.0930953,1.67685,0.179076,2.20981,2.33836,2.40503
triangle,2.5,lqi,1,7,8.84934,3,69,121,0.0925473,0.0963833,1.65028,0.232132,2.11711,2.325,2.33588
triangle,2.5,lqi,1,8,8.8718,6,74,116,0.0958353,0.0952873,1.89191,0.263862,1.91151,2.52281,2.09058
triangle,2.5,lqi,1,9,8.18861,7,82,108,0.0952873,0.0969313,1.97354,0.317477,1.75378,2.16085,1.79074
triangle,2.5,lqi,1,10,9.27721,3,65,125,0.0941913,0.0963833,1.67524,0.190747,2.10809,2.76568,2.34688
triangle,2.5,lqi,1,11,10.2746,5,64,126,0.0936433,0.0952873,1.77365,0.2574,2.26736,3.19665,2.59056
triangle,2.5,lqi,1,12,8.40366,7,77,113,0.0941913,0.0952873,1.95229,0.285641,1.86831,2.14057,1.96737
triangle,2.5,lqi,1,13,9.63754,4,68,122,0.0930953,0.0903553,1.72715,0.202827,2.13294,3.05769,2.33348
triangle,2.5,lqi,1,14,9.58347,11,75,115,0.100219,0.0969313,2.22655,0.411919,2.22046,2.41973,2.10767
triangle,2.5,lqi,1,15,9.02907,6,72,118,0.0930953,0.0941913,1.85565,0.245446,1.93248,2.64607,2.16214
triangle,2.5,lqi,1,16,9.89913,4,64,126,0.0963833,0.0941913,1.72475,0.213748,2.34783,2.87509,2.54715
triangle,2.5,lqi,1,17,9.12645,5,69,121,0.0947393,0.0930953,1.79149,0.272075,1.9556,2.60402,2.31543
triangle,2.5,lqi,1,18,8.61637,4,73,117,0.0969313,0.0914513,1.76067,0.23169,1.89764,2.49729,2.04071
triangle,2.5,lqi,1,19,8.90214,7,75,115,0.0963833,0.0947393,1.92725,0.267257,1.82989,2.66414,2.02249
triangle,2.5,leo,0,0,16.6129,16,38,152,0.130907,0.126523,5.90157,0.53869,3.00172,4.03841,2.87505
triangle,2.5,leo,0,1,16.7809,17,39,151,0.134743,0.130907,5.79318,0.592147,3.11598,4.05603,2.95795
triangle,2.5,leo,0,2,16.2817,18,41,149,0.140223,0.134743,5.70809,0.676446,3.11844,3.64234,2.86144
triangle,2.5,leo,0,3,16.7808,17,29,161,0.129263,0.135291,5.46483,0.56968,3.478,3.95625,3.04751
triangle,2.5,leo,0,4,17.3855,19,38,152,0.133099,0.134743,6.53751,0.642378,3.25823,3.67231,3.00727
triangle,2.5,leo,0,5,16.3544,18,43,147,0.136387,0.135291,5.97872,0.561113,3.18903,3.5416,2.81223
triangle,2.5,leo,0,6,14.8774,17,58,132,0.132551,0.129811,5.73566,0.629758,2.46722,3.27479,2.50758
triangle,2.5,leo,0,7,17.1738,15,28,162,0.136935,0.135291,5.25555,0.58229,3.41024,4.36139,3.29214
triangle,2.5,leo,0,8,16.6924,16,37,153,0.133647,0.135839,5.48798,0.633342,3.03157,4.10524,3.16479
triangle,2.5,leo,0,9,17.149,14,31,159,0.132551,0.133647,5.01537,0.538891,3.52405,4.54565,3.25888
triangle,2.5,leo,0,10,16.3083,13,40,150,0.131455,0.138031,5.10684,0.452598,3.16308,4.43017,2.88614
triangle,2.5,leo,0,11,17.403,17,37,153,0.134195,0.130907,5.90844,0.633858,3.6216,3.98831,2.98563
triangle,2.5,leo,0,12,18.0798,20,30,160,0.131455,0.135291,6.31798,0.676226,3.5315,4.1246,3.16273
triangle,2.5,leo,0,13,17.8212,18,22,168,0.135839,0.133099,5.72361,0.65965,3.58213,4.29431,3.29254
triangle,2.5,leo,0,14,15.8687,15,38,152,0.136935,0.133647,5.15378,0.588436,3.18822,3.85489,2.81284
triangle,2.5,leo,0,15,16.2997,15,34,156,0.134195,0.132551,5.20104,0.590532,3.40285,3.92419,2.91438
triangle,2.5,leo,0,16,17.15,14,27,163,0.132003,0.133647,5.18464,0.528737,3.59656,4.27527,3.29911
triangle,2.5,leo,0,17,17.5066,16,32,158,0.132551,0.132551,5.5801,0.604132,3.37218,4.43663,3.24847
triangle,2.5,leo,0,18,16.9176,17,37,153,0.136935,0.134743,6.03142,0.613491,3.1381,3.76081,3.10206
triangle,2.5,leo,0,19,15.6939,9,27,163,0.131455,0.134743,4.11347,0.478623,3.45871,4.29375,3.08319
triangle,2.5,leo,1,0,11.039,10,70,120,0.0941913,0.0941913,2.64109,0.392036,2.59059,2.87503,2.35191
triangle,2.5,leo,1,1,10.5434,10,71,119,0.0974793,0.0974793,2.49786,0.403907,2.4459,2.77252,2.22825
triangle,2.5,leo,1,2,10.2631,7,74,116,0.0980273,0.0958353,2.18785,0.246132,2.39162,3.12288,2.12077
triangle,2.5,leo,1,3,10.6699,10,76,114,0.0925473,0.0947393,2.54943,0.357597,2.22567,3.35053,1.99937
triangle,2.5,leo,1,4,9.16816,10,83,107,0.0963833,0.0930953,2.54192,0.375415,1.92556,2.26129,1.87449
triangle,2.5,leo,1,5,9.79844,6,72,118,0.0958353,0.0914513,2.25147,0.293758,2.28725,2.66809,2.11059
triangle,2.5,leo,1,6,10.783,9,71,119,0.0947393,0.0930953,2.57894,0.345146,2.31582,3.1,2.25522
triangle,2.5,leo,1,7,10.7547,12,72,118,0.0925473,0.0963833,2.83811,0.411169,2.40717,2.80377,2.1055
triangle,2.5,leo,1,8,11.3191,11,64,126,0.0958353,0.0952873,2.63455,0.45171,2.47105,3.08725,2.48344
triangle,2.5,leo,1,9,9.98367,9,73,117,0.0952873,0.0969313,2.46489,0.413499,2.10931,2.67553,2.12823
triangle,2.5,leo,1,10,9.54688,7,74,116,0.0941913,0.0963833,2.37028,0.301518,1.99105,2.71623,1.97723
triangle,2.5,leo,1,11,10.7453,7,67,123,0.0936433,0.0952873,2.23089,0.36814,2.43856,3.0616,2.45719
triangle,2.5,leo,1,12,9.2675,11,80,110,0.0941913,0.0952873,2.63493,0.353327,1.96905,2.35343,1.76729
triangle,2.5,leo,1,13,8.193,5,83,107,0.0930953,0.0903553,1.96587,0.216014,1.82451,2.14034,1.86282
triangle,2.5,leo,1,14,9.13533,8,76,114,0.100219,0.0969313,2.33056,0.321925,2.15625,2.04902,2.08042
triangle,2.5,leo,1,15,10.4022,6,64,126,0.0930953,0.0941913,2.03877,0.300126,2.72496,2.75327,2.39776
triangle,2.5,leo,1,16,10.9399,8,65,125,0.0963833,0.0941913,2.38137,0.425283,2.7099,2.7747,2.45812
triangle,2.5,leo,1,17,9.47718,10,81,109,0.0947393,0.0925473,2.42804,0.381486,2.29837,2.26081,1.92118
triangle,2.5,leo,1,18,9.30721,6,74,116,0.0969313,0.0914513,2.22702,0.25699,2.18628,2.45894,1.98961
triangle,2.5,leo,1,19,8.74917,8,89,101,0.0963833,0.0947393,2.27225,0.302034,1.77952,2.49494,1.70929
triangle,2.5,lqi-literal,0,0,14.6183,13,49,141,0.130907,0.126523,4.22739,0.472859,2.81745,4.19114,2.65201
triangle,2.5,lqi-literal,0,1,15.9102,16,33,157,0.134743,0.130907,4.62833,0.60427,3.49009,3.89953,3.02232
triangle,2.5,lqi-literal,0,2,17.7775,18,27,163,0.140223,0.134743,4.90111,0.607608,3.79808,5.03138,3.16437
triangle,2.5,lqi-literal,0,3,15.4711,18,41,149,0.129263,0.135291,4.89125,0.590331,3.48774,3.65722,2.58003
triangle,2.5,lqi-literal,0,4,15.6301,18,42,148,0.133099,0.134743,4.92248,0.55073,3.32152,3.82336,2.74414
triangle,2.5,lqi-literal,0,5,17.0681,18,30,160,0.136387,0.135291,4.93344,0.640654,3.79002,4.33263,3.09962
triangle,2.5,lqi-literal,0,6,16.8359,19,32,158,0.132551,0.129811,5.04407,0.631685,3.39581,4.49274,3.00923
triangle,2.5,lqi-literal,0,7,18.6309,17,17,173,0.136935,0.135291,4.79377,0.607502,3.86123,5.44684,3.64929
triangle,2.5,lqi-literal,0,8,15.4646,21,44,146,0.133647,0.135839,5.3037,0.686102,2.9982,3.43531,2.77184
triangle,2.5,lqi-literal,0,9,17.4244,17,20,170,0.132551,0.133647,4.76691,0.661255,3.76248,4.54639,3.42112
triangle,2.5,lqi-literal,0,10,17.4959,18,24,166,0.131455,0.138031,4.94769,0.561531,3.89679,4.43064,3.38975
triangle,2.5,lqi-literal,0,11,14.9376,17,45,145,0.134195,0.130907,4.78171,0.604786,2.8894,3.62996,2.76667
triangle,2.5,lqi-literal,0,12,16.2733,22,38,152,0.131455,0.135291,5.43131,0.743333,3.02614,3.85261,2.95313
triangle,2.5,lqi-literal,0,13,16.1083,14,29,161,0.135839,0.133099,4.372,0.5625,3.53886,4.28321,3.08279
triangle,2.5,lqi-literal,0,14,16.3766,13,33,157,0.136935,0.133647,4.24548,0.534284,3.50998,4.62982,3.18644
triangle,2.5,lqi-literal,0,15,16.0823,10,25,165,0.134195,0.132551,3.84673,0.43905,3.60343,4.73244,3.19386
triangle,2.5,lqi-literal,0,16,18.1164,22,25,165,0.132003,0.133647,5.44282,0.627636,3.77255,4.85371,3.15401
triangle,2.5,lqi-literal,0,17,15.7771,14,37,153,0.132551,0.132551,4.38132,0.59556,3.34832,4.29267,2.89409
triangle,2.5,lqi-literal,0,18,16.019,17,43,147,0.136935,0.134743,4.80199,0.590521,2.98828,4.50155,2.86498
triangle,2.5,lqi-literal,0,19,15.9965,18,38,152,0.131455,0.134743,4.91317,0.701311,3.42861,3.87113,2.81608
triangle,2.5,lqi-literal,1,0,8.99314,8,76,114,0.0941913,0.0941913,1.99618,0.319468,2.11112,2.43551,1.94249
triangle,2.5,lqi-literal,1,1,9.45103,10,75,115,0.0974793,0.0974793,2.19316,0.354026,2.25583,2.43957,2.01349
triangle,2.5,lqi-literal,1,2,9.52557,12,82,108,0.0980273,0.0958353,2.3279,0.368939,2.36361,2.54587,1.72538
triangle,2.5,lqi-literal,1,3,8.39243,8,95,95,0.0925473,0.0947393,2.05993,0.301455,1.80275,2.62814,1.41287
triangle,2.5,lqi-literal,1,4,10.855,14,69,121,0.0963833,0.0930953,2.43812,0.46471,2.33695,3.11887,2.3069
triangle,2.5,lqi-literal,1,5,9.76528,7,72,118,0.0958353,0.0914513,1.93728,0.31402,2.35734,2.87764,2.09171
triangle,2.5,lqi-literal,1,6,9.7985,10,71,119,0.0947393,0.0930953,2.16259,0.317686,2.16503,2.81346,2.1519
triangle,2.5,lqi-literal,1,7,9.39347,7,71,119,0.0925473,0.0963833,1.93269,0.253974,2.13021,2.72423,2.16343
triangle,2.5,lqi-literal,1,8,8.89175,8,78,112,0.0958353,0.0952873,2.01258,0.332814,2.03072,2.44719,1.87733
triangle,2.5,lqi-literal,1,9,9.40184,9,80,110,0.0952873,0.0969313,2.09842,0.348974,1.97302,2.87647,1.91275
triangle,2.5,lqi-literal,1,10,9.72192,7,72,118,0.0941913,0.0963833,1.94112,0.29944,2.294,2.83011,2.16668
triangle,2.5,lqi-literal,1,11,8.37654,6,86,104,0.0936433,0.0952873,1.86624,0.269038,2.04012,2.23394,1.77827
triangle,2.5,lqi-literal,1,12,10.4765,10,71,119,0.0941913,0.0952873,2.1717,0.362119,2.36525,3.23687,2.1511
triangle,2.5,lqi-literal,1,13,9.16465,6,78,112,0.0930953,0.0903553,1.85819,0.286843,2.08872,2.70361,2.04384
triangle,2.5,lqi-literal,1,14,10.4919,14,80,110,0.100219,0.0969313,2.45236,0.436985,2.3562,3.02577,2.02345
triangle,2.5,lqi-literal,1,15,9.62857,8,69,121,0.0930953,0.0941913,2.00604,0.33583,2.40306,2.49036,2.206
triangle,2.5,lqi-literal,1,16,11.5977,14,67,123,0.0963833,0.0941913,2.48698,0.497271,2.68012,3.36812,2.37463
triangle,2.5,lqi-literal,1,17,10.379,13,79,111,0.0947393,0.0925473,2.37142,0.495828,2.43496,2.85599,2.03348
triangle,2.5,lqi-literal,1,18,10.1688,9,68,122,0.0969313,0.0914513,2.11605,0.312489,2.59297,2.80899,2.14993
triangle,2.5,lqi-literal,1,19,8.87565,8,80,110,0.0963833,0.0947393,2.01452,0.317276,2.15891,2.32763,1.86619
triangle,2.625,hopcount,0,0,18.7951,14,19,171,0.112823,0.116659,3.824,0.703058,4.59666,4.85086,4.59105
triangle,2.625,hopcount,0,1,16.7352,8,30,160,0.118851,0.117207,3.16788,0.545711,3.88501,4.8351,4.06546
triangle,2.625,hopcount,0,2,15.8725,14,44,146,0.120495,0.122139,3.89305,0.643869,3.59286,3.77683,3.72329
triangle,2.625,hopcount,0,3,15.9121,16,54,136,0.113919,0.118851,4.09294,0.711238,3.51497,3.98034,3.37989
triangle,2.625,hopcount,0,4,17.6855,12,24,166,0.115563,0.116111,3.63781,0.6741,4.06561,4.87258,4.2037
triangle,2.625,hopcount,0,5,16.7785,8,30,160,0.117755,0.116659,3.17008,0.490458,3.93566,4.89748,4.05043
triangle,2.625,hopcount,0,6,16.4744,9,29,161,0.116111,0.118851,3.25166,0.541018,3.8504,4.41766,4.17874
triangle,2.625,hopcount,0,7,17.4644,9,22,168,0.122687,0.119399,3.25824,0.501157,4.20508,4.78298,4.47487
triangle,2.625,hopcount,0,8,16.7971,16,37,153,0.119947,0.116659,4.09294,0.681341,3.52876,4.24593,4.01155
triangle,2.625,hopcount,0,9,18.9505,15,23,167,0.118851,0.119947,3.99546,0.733907,4.29405,5.3771,4.31116
triangle,2.625,hopcount,0,10,17.337,11,20,170,0.115563,0.120495,3.5217,0.561603,4.02704,4.89294,4.09767
triangle,2.625,hopcount,0,11,17.3005,21,43,147,0.116659,0.117755,4.70692,0.85207,3.76862,4.03781,3.70069
triangle,2.625,hopcount,0,12,16.5379,17,42,148,0.114467,0.121591,4.22001,0.78087,3.57717,4.13269,3.5911
triangle,2.625,hopcount,0,13,17.3561,14,38,152,0.117207,0.118303,3.84811,0.598001,3.94956,4.64588,4.07899
triangle,2.625,hopcount,0,14,16.9174,13,26,164,0.120495,0.117755,3.72816,0.652506,3.89657,4.3023,4.09959
triangle,2.625,hopcount,0,15,15.3164,12,45,145,0.118303,0.117755,3.65699,0.611506,3.33152,4.05918,3.42113
triangle,2.625,hopcount,0,16,16.202,13,39,151,0.115563,0.119399,3.72214,0.664893,3.69101,4.10079,3.78819
triangle,2.625,hopcount,0,17,16.9534,12,35,155,0.117207,0.116659,3.64055,0.550412,3.83392,4.73229,3.96232
triangle,2.625,hopcount,0,18,15.9891,13,42,148,0.116111,0.117755,3.76652,0.623432,3.62194,4.03605,3.70725
triangle,2.625,hopcount,0,19,17.4023,16,30,160,0.115015,0.117755,4.10719,0.684151,3.96402,4.42356,3.99064
triangle,2.625,hopcount,1,0,10.3146,4,74,116,0.0892593,0.0865193,1.5791,0.243426,2.69624,3.12044,2.49964
triangle,2.625,hopcount,1,1,10.2118,2,71,119,0.0881633,0.0909033,1.44785,0.22803,2.50154,3.08987,2.76544
triangle,2.625,hopcount,1,2,9.41932,10,82,108,0.0887113,0.0919993,1.93697,0.381171,2.40634,2.40182,2.1123
triangle,2.625,hopcount,1,3,10.2272,4,74,116,0.0865193,0.0881633,1.55907,0.315197,2.67138,2.81554,2.69129
triangle,2.625,hopcount,1,4,8.29466,5,89,101,0.0887113,0.0876153,1.63281,0.338374,1.89773,2.17771,2.07171
triangle,2.625,hopcount,1,5,9.84343,4,74,116,0.0881633,0.0892593,1.55797,0.262606,2.56618,2.69934,2.57991
triangle,2.625,hopcount,1,6,10.6311,7,76,114,0.0919993,0.0876153,1.80159,0.289828,2.60629,3.12601,2.62777
triangle,2.625,hopcount,1,7,10.0431,0,70,120,0.0859713,0.0887113,1.32651,0.170716,2.7221,2.93734,2.71171
triangle,2.625,hopcount,1,8,8.85773,10,96,94,0.0914513,0.0892593,1.94738,0.363435,1.94291,2.49031,1.93298
triangle,2.625,hopcount,1,9,10.3629,2,70,120,0.0887113,0.0909033,1.44337,0.191362,2.77546,2.87539,2.89774
triangle,2.625,hopcount,1,10,10.0065,6,82,108,0.0876153,0.0898073,1.68551,0.333011,2.35839,2.88058,2.57159
triangle,2.625,hopcount,1,11,10.2099,3,77,113,0.0903553,0.0865193,1.45771,0.257805,2.55879,3.11004,2.64865
triangle,2.625,hopcount,1,12,9.74612,2,72,118,0.0876153,0.0876153,1.44878,0.20263,2.54789,2.67685,2.69475
triangle,2.625,hopcount,1,13,9.86946,3,73,117,0.0887113,0.0898073,1.45535,0.22766,2.60249,2.7317,2.67374
triangle,2.625,hopcount,1,14,10.0009,3,74,116,0.0898073,0.0925473,1.49418,0.232884,2.72888,2.76651,2.5961
triangle,2.625,hopcount,1,15,10.5993,6,76,114,0.0887113,0.0865193,1.69736,0.315445,2.54071,3.16357,2.70702
triangle,2.625,hopcount,1,16,10.8974,7,74,116,0.0876153,0.0876153,1.75563,0.37583,2.69167,3.19432,2.70466
triangle,2.625,hopcount,1,17,9.68802,3,81,109,0.0909033,0.0881633,1.48487,0.224594,2.53736,2.87894,2.38318
triangle,2.625,hopcount,1,18,10.597,9,79,111,0.0909033,0.0848753,1.93823,0.365805,2.29052,3.29841,2.52822
triangle,2.625,hopcount,1,19,10.3681,6,72,118,0.0898073,0.0881633,1.67442,0.329306,2.62175,2.8884,2.67628
triangle,2.625,lqi,0,0,17.6802,7,14,176,0.112275,0.116659,3.01561,0.450283,4.02418,4.8989,5.06234
triangle,2.625,lqi,0,1,17.5036,16,27,163,0.117755,0.116111,4.06663,0.763388,3.79846,4.33492,4.30633
triangle,2.625,lqi,0,2,18.0379,12,19,171,0.122139,0.121043,3.64165,0.572674,3.91896,4.98077,4.68065
triangle,2.625,lqi,0,3,15.9216,11,36,154,0.114467,0.118303,3.50142,0.578346,3.39182,4.11776,4.09944
triangle,2.625,lqi,0,4,17.4198,9,17,173,0.115563,0.116111,3.27632,0.556482,4.01252,4.69831,4.64447
triangle,2.625,lqi,0,5,17.5852,16,30,160,0.116111,0.115563,4.08307,0.7462,3.71633,4.35636,4.45155
triangle,2.625,lqi,0,6,18.4503,13,22,168,0.115563,0.119947,3.72652,0.687959,4.02177,5.023,4.75551
triangle,2.625,lqi,0,7,17.6854,12,20,170,0.122687,0.119399,3.60274,0.588453,4.03554,4.42783,4.78879
triangle,2.625,lqi,0,8,16.6243,13,32,158,0.119947,0.116659,3.75721,0.656985,3.74228,3.85402,4.37716
triangle,2.625,lqi,0,9,18.471,9,17,173,0.118851,0.118851,3.28345,0.552477,4.07766,5.35207,4.96761
triangle,2.625,lqi,0,10,16.759,11,30,160,0.115563,0.120495,3.52773,0.597874,3.63329,4.48357,4.28045
triangle,2.625,lqi,0,11,17.4099,12,24,166,0.116659,0.117755,3.64548,0.646982,3.84224,4.63441,4.40638
triangle,2.625,lqi,0,12,17.0656,10,26,164,0.115563,0.122139,3.38476,0.565859,3.81043,4.54906,4.51776
triangle,2.625,lqi,0,13,16.0418,11,37,153,0.115015,0.117755,3.49485,0.57732,3.69995,3.97035,4.06657
triangle,2.625,lqi,0,14,16.7147,11,31,159,0.120495,0.116659,3.51293,0.56014,3.51323,4.56674,4.32446
triangle,2.625,lqi,0,15,18.2111,6,6,184,0.117207,0.117755,2.94224,0.477374,4.24509,4.99773,5.31369
triangle,2.625,lqi,0,16,16.3016,14,36,154,0.115563,0.119947,3.84356,0.661956,3.52951,4.02833,4.00272
triangle,2.625,lqi,0,17,18.3919,12,19,171,0.116111,0.117755,3.64329,0.631911,4.03164,5.0412,4.81
triangle,2.625,lqi,0,18,15.854,19,47,143,0.116111,0.117755,4.43237,0.759721,3.18672,3.66383,3.57743
triangle,2.625,lqi,0,19,15.5818,8,32,158,0.115015,0.117755,3.17884,0.561954,3.54314,3.8855,4.17963
triangle,2.625,lqi,1,0,9.0011,2,80,110,0.0892593,0.0865193,1.41964,0.207348,2.03698,2.4975,2.66384
triangle,2.625,lqi,1,1,10.0905,5,75,115,0.0881633,0.0909033,1.63412,0.307759,2.41125,2.74904,2.80924
triangle,2.625,lqi,1,2,9.92133,8,82,108,0.0892593,0.0919993,1.82781,0.373532,2.12235,2.83198,2.5844
triangle,2.625,lqi,1,3,9.84072,2,72,118,0.0865193,0.0881633,1.42858,0.208475,2.35019,2.75451,2.92428
triangle,2.625,lqi,1,4,9.77076,5,75,115,0.0887113,0.0876153,1.64268,0.288279,2.33533,2.6096,2.71855
triangle,2.625,lqi,1,5,9.84364,4,74,116,0.0881633,0.0892593,1.56982,0.278924,2.35485,2.73073,2.73189
triangle,2.625,lqi,1,6,10.3476,4,73,117,0.0914513,0.0881633,1.6057,0.26318,2.33689,3.10071,2.86154
triangle,2.625,lqi,1,7,9.90068,2,72,118,0.0859713,0.0887113,1.45299,0.206761,2.3628,2.81953,2.88392
triangle,2.625,lqi,1,8,10.37,2,72,118,0.0914513,0.0892593,1.43895,0.220414,2.41325,3.30433,2.81238
triangle,2.625,lqi,1,9,9.75806,5,76,114,0.0892593,0.0909033,1.64929,0.34087,2.25544,2.6638,2.66848
triangle,2.625,lqi,1,10,10.0995,5,73,117,0.0876153,0.0898073,1.61025,0.286713,2.36565,2.83156,2.82786
triangle,2.625,lqi,1,11,10.3219,2,70,120,0.0909033,0.0865193,1.38831,0.250145,2.40308,3.00991,3.09304
triangle,2.625,lqi,1,12,10.1231,4,72,118,0.0876153,0.0876153,1.58492,0.246017,2.42468,2.67783,3.01438
triangle,2.625,lqi,1,13,10.4616,1,68,122,0.0887113,0.0898073,1.34455,0.216138,2.47107,3.15097,3.10031
triangle,2.625,lqi,1,14,9.63003,3,73,117,0.0898073,0.0930953,1.48946,0.236684,2.24712,2.78854,2.68533
triangle,2.625,lqi,1,15,10.6344,4,72,118,0.0887113,0.0870673,1.57872,0.271839,2.4316,3.04915,3.12732
triangle,2.625,lqi,1,16,10.206,6,74,116,0.0881633,0.0881633,1.6689,0.310121,2.38239,2.9154,2.75289
triangle,2.625,lqi,1,17,10.2328,0,70,120,0.0909033,0.0881633,1.31668,0.180388,2.39457,3.13485,3.02723
triangle,2.625,lqi,1,18,10.0268,4,72,118,0.0909033,0.0848753,1.59238,0.259174,2.36546,2.75596,2.87808
triangle,2.625,lqi,1,19,9.6974,6,79,111,0.0903553,0.0881633,1.68771,0.307359,2.24016,2.58689,2.69677
triangle,2.625,leo,0,0,17.7936,15,32,158,0.112823,0.116659,4.52067,0.67985,4.13587,4.19505,4.03272
triangle,2.625,leo,0,1,15.8616,8,43,147,0.118851,0.117207,3.43126,0.519168,3.51901,4.51267,3.6434
triangle,2.625,leo,0,2,18.4678,19,30,160,0.120495,0.122139,5.01752,0.772684,3.97967,4.47819,3.97706
triangle,2.625,leo,0,3,17.5434,16,45,145,0.113919,0.118851,4.61224,0.734424,3.62879,4.60371,3.73148
triangle,2.625,leo,0,4,15.3496,12,59,131,0.115563,0.116111,4.14821,0.553144,3.15785,4.02614,3.2326
triangle,2.625,leo,0,5,19.4106,14,21,169,0.117755,0.116659,4.52315,0.633156,4.34768,5.02727,4.64489
triangle,2.625,leo,0,6,16.4486,10,37,153,0.116111,0.118851,3.75772,0.572685,3.68638,4.37732,3.81953
triangle,2.625,leo,0,7,16.7866,11,39,151,0.122687,0.119399,4.00617,0.5928,3.59387,4.39312,3.9586
triangle,2.625,leo,0,8,18.1141,18,47,143,0.119947,0.116659,5.16732,0.842524,3.51112,4.53526,3.82127
triangle,2.625,leo,0,9,18.2279,12,33,157,0.118851,0.119947,4.19375,0.557875,4.17338,4.96961,4.09447
triangle,2.625,leo,0,10,15.6743,12,50,140,0.115563,0.120495,4.36821,0.624288,3.25801,3.87199,3.31573
triangle,2.625,leo,0,11,14.6967,17,69,121,0.116659,0.117755,5.10446,0.727678,2.83615,3.03701,2.75698
triangle,2.625,leo,0,12,16.0692,12,42,148,0.114467,0.121591,4.02607,0.631752,3.61604,4.07422,3.48509
triangle,2.625,leo,0,13,17.2561,12,36,154,0.117207,0.118303,4.13704,0.568196,3.82849,4.3815,4.10533
triangle,2.625,leo,0,14,15.5157,11,45,145,0.120495,0.117755,3.9657,0.577725,3.29942,3.8511,3.58354
triangle,2.625,leo,0,15,18.4324,20,34,156,0.118303,0.117755,5.4694,0.853397,3.81937,4.22656,3.8276
triangle,2.625,leo,0,16,15.1393,16,59,131,0.115563,0.119399,4.78413,0.701032,3.17372,3.11435,3.1311
triangle,2.625,leo,0,17,14.6918,13,61,129,0.116111,0.116659,4.22764,0.642703,2.92954,3.63526,3.02387
triangle,2.625,leo,0,18,16.6077,16,48,142,0.116111,0.117755,4.94876,0.742666,3.46687,3.80941,3.4061
triangle,2.625,leo,0,19,15.579,13,49,141,0.115015,0.117755,4.17663,0.637702,3.34505,3.891,3.29589
triangle,2.625,leo,1,0,8.83085,5,91,99,0.0892593,0.0865193,1.82634,0.260067,2.1072,2.44145,2.02001
triangle,2.625,leo,1,1,10.4633,3,73,117,0.0881633,0.0909033,1.72937,0.276715,2.47472,3.07242,2.73103
triangle,2.625,leo,1,2,10.488,9,77,113,0.0887113,0.0919993,2.06489,0.331968,2.6595,2.76899,2.48193
triangle,2.625,leo,1,3,9.2247,3,81,109,0.0865193,0.0881633,1.65069,0.248228,2.15797,2.66671,2.32642
triangle,2.625,leo,1,4,8.17508,8,98,92,0.0887113,0.0876153,2.05827,0.398629,1.7528,1.96575,1.8233
triangle,2.625,leo,1,5,8.37782,5,90,100,0.0881633,0.0892593,1.78645,0.270687,2.01144,2.06823,2.06359
triangle,2.625,leo,1,6,10.7473,6,76,114,0.0919993,0.0876153,1.90139,0.3254,2.62863,2.97208,2.74024
triangle,2.625,leo,1,7,10.5054,2,68,122,0.0859713,0.0887113,1.53133,0.235424,2.80748,2.97987,2.77666
triangle,2.625,leo,1,8,9.1373,9,92,98,0.0914513,0.0892593,2.14124,0.342889,2.0633,2.37754,2.03162
triangle,2.625,leo,1,9,10.247,1,71,119,0.0887113,0.0909033,1.4774,0.165514,2.67294,2.90005,2.85144
triangle,2.625,leo,1,10,9.90672,6,81,109,0.0876153,0.0898073,1.84582,0.358311,2.16035,2.9044,2.46041
triangle,2.625,leo,1,11,9.78166,5,79,111,0.0903553,0.0865193,1.74745,0.285744,2.49177,2.65555,2.42427
triangle,2.625,leo,1,12,10.3198,7,74,116,0.0876153,0.0876153,2.03496,0.313361,2.6171,2.63843,2.54072
triangle,2.625,leo,1,13,9.13072,3,81,109,0.0887113,0.0898073,1.56396,0.229474,2.22624,2.56435,2.36818
triangle,2.625,leo,1,14,10.063,3,74,116,0.0898073,0.0925473,1.62919,0.250172,2.7186,2.70099,2.58173
triangle,2.625,leo,1,15,9.99734,5,83,107,0.0887113,0.0865193,1.79518,0.299475,2.30579,3.02818,2.39348
triangle,2.625,leo,1,16,9.67667,6,89,101,0.0876153,0.0876153,1.91854,0.415878,2.33001,2.54089,2.29611
triangle,2.625,leo,1,17,9.85723,4,80,110,0.0909033,0.0881633,1.645,0.241065,2.55424,2.85761,2.38025
triangle,2.625,leo,1,18,9.7849,6,84,106,0.0909033,0.0848753,1.97956,0.317019,2.09989,2.86002,2.35263
triangle,2.625,leo,1,19,10.1505,6,80,110,0.0898073,0.0881633,1.79008,0.323008,2.51679,2.83448,2.50821
triangle,2.625,lqi-literal,0,0,18.7951,14,19,171,0.112823,0.116659,3.824,0.703058,4.59666,4.85086,4.59105
triangle,2.625,lqi-literal,0,1,16.7352,8,30,160,0.118851,0.117207,3.16788,0.545711,3.88501,4.8351,4.06546
triangle,2.625,lqi-literal,0,2,15.8725,14,44,146,0.120495,0.122139,3.89305,0.643869,3.59286,3.77683,3.72329
triangle,2.625,lqi-literal,0,3,15.9121,16,54,136,0.113919,0.118851,4.09294,0.711238,3.51497,3.98034,3.37989
triangle,2.625,lqi-literal,0,4,17.6855,12,24,166,0.115563,0.116111,3.63781,0.6741,4.06561,4.87258,4.2037
triangle,2.625,lqi-literal,0,5,16.7785,8,30,160,0.117755,0.116659,3.17008,0.490458,3.93566,4.89748,4.05043
triangle,2.625,lqi-literal,0,6,16.4744,9,29,161,0.116111,0.118851,3.25166,0.541018,3.8504,4.41766,4.17874
triangle,2.625,lqi-literal,0,7,17.4644,9,22,168,0.122687,0.119399,3.25824,0.501157,4.20508,4.78298,4.47487
triangle,2.625,lqi-literal,0,8,16.7971,16,37,153,0.119947,0.116659,4.09294,0.681341,3.52876,4.24593,4.01155
triangle,2.625,lqi-literal,0,9,18.9505,15,23,167,0.118851,0.119947,3.99546,0.733907,4.29405,5.3771,4.31116
triangle,2.625,lqi-literal,0,10,17.337,11,20,170,0.115563,0.120495,3.5217,0.561603,4.02704,4.89294,4.09767
triangle,2.625,lqi-literal,0,11,17.3005,21,43,147,0.116659,0.117755,4.70692,0.85207,3.76862,4.03781,3.70069
triangle,2.625,lqi-literal,0,12,16.5379,17,42,148,0.114467,0.121591,4.22001,0.78087,3.57717,4.13269,3.5911
triangle,2.625,lqi-literal,0,13,17.3561,14,38,152,0.117207,0.118303,3.84811,0.598001,3.94956,4.64588,4.07899
triangle,2.625,lqi-literal,0,14,16.9174,13,26,164,0.120495,0.117755,3.72816,0.652506,3.89657,4.3023,4.09959
triangle,2.625,lqi-literal,0,15,15.3164,12,45,145,0.118303,0.117755,3.65699,0.611506,3.33152,4.05918,3.42113
triangle,2.625,lqi-literal,0,16,16.202,13,39,151,0.115563,0.119399,3.72214,0.664893,3.69101,4.10079,3.78819
triangle,2.625,lqi-literal,0,17,16.9534,12,35,155,0.117207,0.116659,3.64055,0.550412,3.83392,4.73229,3.96232
triangle,2.625,lqi-literal,0,18,15.9891,13,42,148,0.116111,0.117755,3.76652,0.623432,3.62194,4.03605,3.70725
triangle,2.625,lqi-literal,0,19,17.4023,16,30,160,0.115015,0.117755,4.10719,0.684151,3.96402,4.42356,3.99064
triangle,2.625,lqi-literal,1,0,10.3146,4,74,116,0.0892593,0.0865193,1.5791,0.243426,2.69624,3.12044,2.49964
triangle,2.625,lqi-literal,1,1,10.2118,2,71,119,0.0881633,0.0909033,1.44785,0.22803,2.50154,3.08987,2.76544
triangle,2.625,lqi-literal,1,2,9.41932,10,82,108,0.0887113,0.0919993,1.93697,0.381171,2.40634,2.40182,2.1123
triangle,2.625,lqi-literal,1,3,10.2272,4,74,116,0.0865193,0.0881633,1.55907,0.315197,2.67138,2.81554,2.69129
triangle,2.625,lqi-literal,1,4,8.29466,5,89,101,0.0887113,0.0876153,1.63281,0.338374,1.89773,2.17771,2.07171
triangle,2.625,lqi-literal,1,5,9.84343,4,74,116,0.0881633,0.0892593,1.55797,0.262606,2.56618,2.69934,2.57991
triangle,2.625,lqi-literal,1,6,10.6311,7,76,114,0.0919993,0.0876153,1.80159,0.289828,2.60629,3.12601,2.62777
triangle,2.625,lqi-literal,1,7,10.0431,0,70,120,0.0859713,0.0887113,1.32651,0.170716,2.7221,2.93734,2.71171
triangle,2.625,lqi-literal,1,8,8.85773,10,96,94,0.0914513,0.0892593,1.94738,0.363435,1.94291,2.49031,1.93298
triangle,2.625,lqi-literal,1,9,10.3629,2,70,120,0.0887113,0.0909033,1.44337,0.191362,2.77546,2.87539,2.89774
triangle,2.625,lqi-literal,1,10,10.0065,6,82,108,0.0876153,0.0898073,1.68551,0.333011,2.35839,2.88058,2.57159
triangle,2.625,lqi-literal,1,11,10.2099,3,77,113,0.0903553,0.0865193,1.45771,0.257805,2.55879,3.11004,2.64865
triangle,2.625,lqi-literal,1,12,9.74612,2,72,118,0.0876153,0.0876153,1.44878,0.20263,2.54789,2.67685,2.69475
triangle,2.625,lqi-literal,1,13,9.86946,3,73,117,0.0887113,0.0898073,1.45535,0.22766,2.60249,2.7317,2.67374
triangle,2.625,lqi-literal,1,14,10.0009,3,74,116,0.0898073,0.0925473,1.49418,0.232884,2.72888,2.76651,2.5961
triangle,2.625,lqi-literal,1,15,10.5993,6,76,114,0.0887113,0.0865193,1.69736,0.315445,2.54071,3.16357,2.70702
triangle,2.625,lqi-literal,1,16,10.8974,7,74,116,0.0876153,0.0876153,1.75563,0.37583,2.69167,3.19432,2.70466
triangle,2.625,lqi-literal,1,17,9.68802,3,81,109,0.0909033,0.0881633,1.48487,0.224594,2.53736,2.87894,2.38318
triangle,2.625,lqi-literal,1,18,10.597,9,79,111,0.0909033,0.0848753,1.93823,0.365805,2.29052,3.29841,2.52822
triangle,2.625,lqi-literal,1,19,10.3681,6,72,118,0.0898073,0.0881633,1.67442,0.329306,2.62175,2.8884,2.67628
triangle,3,hopcount,0,0,16.848,12,59,131,0.0909033,0.0941913,2.58016,0.74856,3.9351,4.17055,5.22853
triangle,3,hopcount,0,1,22.8475,12,22,168,0.0947393,0.0914513,2.71748,0.900605,5.10313,6.31617,7.62388
triangle,3,hopcount,0,2,21.2876,10,39,151,0.0909033,0.0909033,2.46004,0.791905,4.69423,6.05264,7.10698
triangle,3,hopcount,0,3,17.5264,13,66,124,0.0930953,0.0941913,2.49558,0.900945,4.07956,4.11236,5.75066
triangle,3,hopcount,0,4,19.0095,13,46,144,0.0898073,0.0892593,2.68632,0.923882,4.35357,4.84964,6.01698
triangle,3,hopcount,0,5,20.1466,17,45,145,0.0914513,0.0952873,2.8142,0.964109,4.53942,5.17132,6.47084
triangle,3,hopcount,0,6,20.0547,10,38,152,0.0919993,0.0909033,2.38571,0.881295,4.8228,4.97367,6.80832
triangle,3,hopcount,0,7,21.68,16,43,147,0.0909033,0.0925473,2.83187,0.933198,4.89147,5.46828,7.37173
triangle,3,hopcount,0,8,20.8119,12,43,147,0.0941913,0.0919993,2.45915,0.813955,4.94754,5.48413,6.92095
triangle,3,hopcount,0,9,17.6459,13,61,129,0.0903553,0.0930953,2.63329,0.770781,3.87473,4.48358,5.70002
triangle,3,hopcount,0,10,17.6167,9,40,150,0.0914513,0.0941913,2.33456,0.6843,4.23766,4.5478,5.62669
triangle,3,hopcount,0,11,16.0331,9,46,144,0.0919993,0.0925473,2.4005,0.638594,3.82268,3.86564,5.12117
triangle,3,hopcount,0,12,19.1975,6,27,163,0.0941913,0.0898073,2.1899,0.587656,4.65668,5.30934,6.26992
triangle,3,hopcount,0,13,18.9317,8,43,147,0.0903553,0.0903553,2.19681,0.671057,4.6863,4.60846,6.58839
triangle,3,hopcount,0,14,21.1037,10,42,148,0.0914513,0.0925473,2.42036,0.841786,4.69891,5.8209,7.13776
triangle,3,hopcount,0,15,15.0117,11,71,119,0.0930953,0.0914513,2.34147,0.798272,3.65422,3.278,4.75519
triangle,3,hopcount,0,16,15.775,10,61,129,0.0941913,0.0909033,2.51531,0.69012,3.65751,3.85261,4.87439
triangle,3,hopcount,0,17,21.3282,10,38,152,0.0919993,0.0930953,2.24619,0.785198,4.84983,6.02591,7.23596
triangle,3,hopcount,0,18,16.521,15,59,131,0.0941913,0.0925473,2.5732,0.758555,3.86976,3.9725,5.16026
triangle,3,hopcount,0,19,21.4776,8,17,173,0.0941913,0.0914513,2.32233,0.690707,5.0928,6.08181,7.10428
triangle,3,hopcount,1,0,11.013,1,73,117,0.0777513,0.0782993,0.90812,0.22048,2.85473,2.9789,3.89477
triangle,3,hopcount,1,1,10.7198,0,83,107,0.0766553,0.0761073,0.934346,0.211921,2.59891,3.09358,3.7283
triangle,3,hopcount,1,2,9.14072,4,93,97,0.0799433,0.0766553,1.04072,0.27926,2.37545,2.31535,2.97334
triangle,3,hopcount,1,3,8.88959,4,93,97,0.0777513,0.0793953,1.07644,0.285458,2.18735,2.25995,2.92325
triangle,3,hopcount,1,4,9.46359,3,82,108,0.0772033,0.0782993,0.976425,0.310588,2.34482,2.43361,3.24264
triangle,3,hopcount,1,5,8.71792,1,91,99,0.0788473,0.0788473,0.996661,0.166593,2.21486,2.32511,2.857
triangle,3,hopcount,1,6,9.03479,2,91,99,0.0766553,0.0777513,0.851284,0.219554,2.32897,2.36501,3.11556
triangle,3,hopcount,1,7,10.3837,3,83,107,0.0782993,0.0782993,1.00594,0.252695,2.68954,2.69496,3.58397
triangle,3,hopcount,1,8,8.78827,2,91,99,0.0777513,0.0777513,0.881346,0.225751,2.20151,2.33207,2.9921
triangle,3,hopcount,1,9,8.95641,2,94,96,0.0788473,0.0788473,1.0777,0.232119,2.26352,2.24529,2.98008
triangle,3,hopcount,1,10,8.2776,1,90,100,0.0777513,0.0782993,0.903227,0.196616,2.0655,2.21899,2.73721
triangle,3,hopcount,1,11,9.02309,4,92,98,0.0793953,0.0772033,0.94708,0.251977,2.25004,2.37688,3.04051
triangle,3,hopcount,1,12,7.74986,3,105,85,0.0788473,0.0782993,1.00375,0.219006,1.83575,2.05517,2.47904
triangle,3,hopcount,1,13,9.38837,1,83,107,0.0782993,0.0782993,0.868611,0.191893,2.41377,2.51923,3.23826
triangle,3,hopcount,1,14,9.35627,0,81,109,0.0788473,0.0782993,0.847109,0.167141,2.44332,2.51165,3.22991
triangle,3,hopcount,1,15,9.05004,2,94,96,0.0782993,0.0782993,0.928526,0.232119,2.17516,2.492,3.06564
triangle,3,hopcount,1,16,7.93032,2,101,89,0.0793953,0.0782993,0.909216,0.201718,2.0051,2.00443,2.65217
triangle,3,hopcount,1,17,8.66641,1,89,101,0.0777513,0.0788473,0.922707,0.200622,2.13878,2.38104,2.86666
triangle,3,hopcount,1,18,9.40181,2,90,100,0.0766553,0.0772033,0.884804,0.25995,2.23356,2.72629,3.14335
triangle,3,hopcount,1,19,11.0528,0,83,107,0.0772033,0.0777513,0.843821,0.267074,2.85987,3.04216,3.8849
triangle,3,lqi,0,0,16.9895,12,59,131,0.0909033,0.0941913,2.64264,0.806453,3.9351,4.15219,5.26804
triangle,3,lqi,0,1,20.2839,9,33,157,0.0947393,0.0914513,2.44422,0.756611,4.55489,5.81652,6.52549
triangle,3,lqi,0,2,21.1434,8,34,156,0.0909033,0.0909033,2.40742,0.899509,4.87689,5.50871,7.2691
triangle,3,lqi,0,3,20.4049,12,50,140,0.0930953,0.0941913,2.54988,1.02074,4.81538,4.90984,6.92174
triangle,3,lqi,0,4,21.3727,9,27,163,0.0898073,0.0892593,2.33144,0.768249,5.22264,5.5035,7.36777
triangle,3,lqi,0,5,19.5089,15,46,144,0.0914513,0.0952873,2.92994,0.955419,4.27577,4.95448,6.20651
triangle,3,lqi,0,6,18.1793,7,42,148,0.0919993,0.0909033,2.0188,0.612068,4.29412,4.74816,6.3233
triangle,3,lqi,0,7,21.68,16,43,147,0.0909033,0.0925473,2.83187,0.933198,4.89147,5.46828,7.37173
triangle,3,lqi,0,8,25.1725,4,14,176,0.0941913,0.0919993,2.02158,0.567458,5.80927,7.65679,8.93125
triangle,3,lqi,0,9,19.5855,9,32,158,0.0903553,0.0930953,2.35147,0.627543,4.78705,4.99679,6.63916
triangle,3,lqi,0,10,21.1001,9,18,172,0.0914513,0.0941913,2.37592,0.74261,5.07354,5.45502,7.26733
triangle,3,lqi,0,11,17.7303,8,35,155,0.0919993,0.0925473,2.26571,0.621136,4.36846,4.41062,5.87981
triangle,3,lqi,0,12,17.1572,8,42,148,0.0941913,0.0898073,2.28409,0.556537,4.13865,4.28819,5.70575
triangle,3,lqi,0,13,21.3859,8,26,164,0.0903553,0.0903553,2.14744,0.694373,5.37113,5.43253,7.5597
triangle,3,lqi,0,14,18.0161,13,48,142,0.0914513,0.0925473,2.73713,0.909504,4.22964,4.35517,5.60064
triangle,3,lqi,0,15,23.9528,5,29,161,0.0941913,0.0919993,1.96437,0.767362,6.47632,5.92714,8.63141
triangle,3,lqi,0,16,20.3607,6,25,165,0.0941913,0.0909033,2.08879,0.645379,5.08018,5.21981,7.14147
triangle,3,lqi,0,17,20.9654,11,39,151,0.0919993,0.0930953,2.28481,0.77065,4.70617,5.879,7.13965
triangle,3,lqi,0,18,20.1778,8,23,167,0.0941913,0.0925473,2.05455,0.658283,4.98932,5.57167,6.71721
triangle,3,lqi,0,19,17.7841,10,41,149,0.0941913,0.0914513,2.50705,0.659758,4.0681,4.7081,5.65545
triangle,3,lqi,1,0,11.013,1,73,117,0.0777513,0.0782993,0.90812,0.22048,2.85473,2.9789,3.89477
triangle,3,lqi,1,1,10.7198,0,83,107,0.0766553,0.0761073,0.934346,0.211921,2.59891,3.09358,3.7283
triangle,3,lqi,1,2,8.68594,2,90,100,0.0799433,0.0766553,0.898634,0.236124,2.10429,2.37755,2.91274
triangle,3,lqi,1,3,10.352,3,76,114,0.0777513,0.0793953,1.04292,0.276181,2.61146,2.71161,3.55268
triangle,3,lqi,1,4,9.46359,3,82,108,0.0772033,0.0782993,0.976425,0.310588,2.34482,2.43361,3.24264
triangle,3,lqi,1,5,8.71792,1,91,99,0.0788473,0.0788473,0.996661,0.166593,2.21486,2.32511,2.857
triangle,3,lqi,1,6,9.03479,2,91,99,0.0766553,0.0777513,0.851284,0.219554,2.32897,2.36501,3.11556
triangle,3,lqi,1,7,10.3837,3,83,107,0.0782993,0.0782993,1.00594,0.252695,2.68954,2.69496,3.58397
triangle,3,lqi,1,8,11.2585,1,73,117,0.0777513,0.0777513,0.88847,0.233593,2.71663,3.29198,3.97231
triangle,3,lqi,1,9,8.95641,2,94,96,0.0788473,0.0788473,1.0777,0.232119,2.26352,2.24529,2.98008
triangle,3,lqi,1,10,9.58455,0,81,109,0.0777513,0.0782993,0.872617,0.17861,2.45714,2.59848,3.32166
triangle,3,lqi,1,11,9.02309,4,92,98,0.0793953,0.0772033,0.94708,0.251977,2.25004,2.37688,3.04051
triangle,3,lqi,1,12,8.28739,3,97,93,0.0788473,0.0782993,0.974781,0.21774,2.02724,2.24592,2.66456
triangle,3,lqi,1,13,9.38837,1,83,107,0.0782993,0.0782993,0.868611,0.191893,2.41377,2.51923,3.23826
triangle,3,lqi,1,14,9.35627,0,81,109,0.0788473,0.0782993,0.847109,0.167141,2.44332,2.51165,3.22991
triangle,3,lqi,1,15,9.45986,0,83,107,0.0782993,0.0782993,0.852928,0.190079,2.41177,2.54087,3.30762
triangle,3,lqi,1,16,7.93032,2,101,89,0.0793953,0.0782993,0.909216,0.201718,2.0051,2.00443,2.65217
triangle,3,lqi,1,17,10.7158,0,71,119,0.0777513,0.0788473,0.865702,0.201548,2.71129,2.99344,3.7872
triangle,3,lqi,1,18,10.1959,1,80,110,0.0766553,0.0772033,0.870595,0.210277,2.73196,2.68726,3.54193
triangle,3,lqi,1,19,11.0528,0,83,107,0.0772033,0.0777513,0.843821,0.267074,2.85987,3.04216,3.8849
triangle,3,leo,0,0,19.3535,8,41,149,0.0909033,0.0941913,2.41909,0.680503,4.74015,4.94828,6.38043
triangle,3,leo,0,1,21.8796,14,47,143,0.0947393,0.0914513,3.04138,1.01475,4.65983,5.66315,7.31435
triangle,3,leo,0,2,18.6879,13,54,136,0.0909033,0.0909033,2.71673,0.858148,3.8616,5.09358,5.97603
triangle,3,leo,0,3,23.8088,16,30,160,0.0930953,0.0941913,3.21243,1.15309,5.96828,5.20948,8.07824
triangle,3,leo,0,4,19.2515,11,51,139,0.0898073,0.0892593,2.53896,0.775504,4.36275,5.03178,6.36349
triangle,3,leo,0,5,23.1861,8,27,163,0.0914513,0.0952873,2.41488,0.705633,5.20851,6.56508,8.10528
triangle,3,leo,0,6,20.8274,11,46,144,0.0919993,0.0909033,2.53581,0.802486,4.44447,5.87071,6.99103
triangle,3,leo,0,7,21.4246,6,32,158,0.0909033,0.0925473,2.05472,0.65921,5.4913,5.30056,7.73536
triangle,3,leo,0,8,19.1318,9,48,142,0.0941913,0.0919993,2.40434,0.622611,4.5275,4.90004,6.49116
triangle,3,leo,0,9,20.202,13,54,136,0.0903553,0.0930953,2.90363,0.801182,4.64304,5.08236,6.58831
triangle,3,leo,0,10,20.4839,12,38,152,0.0914513,0.0941913,2.59251,0.791905,4.36108,5.95666,6.59615
triangle,3,leo,0,11,17.4136,10,37,153,0.0919993,0.0925473,2.41598,0.642052,4.19307,4.48777,5.4902
triangle,3,leo,0,12,19.0866,6,33,157,0.0941913,0.0898073,2.2972,0.642261,4.76505,4.87106,6.32706
triangle,3,leo,0,13,22.5247,9,23,167,0.0903553,0.0903553,2.16144,0.722034,5.30576,6.40217,7.75261
triangle,3,leo,0,14,22.4829,9,31,159,0.0914513,0.0925473,2.56827,0.897696,5.23339,5.81232,7.78726
triangle,3,leo,0,15,20.5894,19,61,129,0.0930953,0.0914513,3.29406,1.14238,4.43454,5.03484,6.49909
triangle,3,leo,0,16,13.5426,9,70,120,0.0941913,0.0909033,2.37959,0.644414,3.04317,3.32004,3.97029
triangle,3,leo,0,17,24.3503,9,23,167,0.0919993,0.0930953,2.33873,0.786125,5.95713,6.43315,8.65004
triangle,3,leo,0,18,14.7304,15,63,127,0.0941913,0.0925473,2.6375,0.801143,3.41998,3.282,4.40307
triangle,3,leo,0,19,18.9823,11,39,151,0.0941913,0.0914513,2.79709,0.805018,4.34256,4.70782,6.14414
triangle,3,leo,1,0,11.013,1,73,117,0.0777513,0.0782993,0.90812,0.22048,2.85473,2.9789,3.89477
triangle,3,leo,1,1,10.7198,0,83,107,0.0766553,0.0761073,0.934346,0.211921,2.59891,3.09358,3.7283
triangle,3,leo,1,2,9.14181,4,93,97,0.0799433,0.0766553,1.04182,0.27926,2.37545,2.31535,2.97334
triangle,3,leo,1,3,8.91017,4,93,97,0.0777513,0.0793953,1.09701,0.285458,2.18735,2.25995,2.92325
triangle,3,leo,1,4,9.38702,1,83,107,0.0772033,0.0782993,0.926334,0.257249,2.33516,2.48269,3.23008
triangle,3,leo,1,5,8.71792,1,91,99,0.0788473,0.0788473,0.996661,0.166593,2.21486,2.32511,2.857
triangle,3,leo,1,6,9.03479,2,91,99,0.0766553,0.0777513,0.851284,0.219554,2.32897,2.36501,3.11556
triangle,3,leo,1,7,10.3837,3,83,107,0.0782993,0.0782993,1.00594,0.252695,2.68954,2.69496,3.58397
triangle,3,leo,1,8,8.78827,2,91,99,0.0777513,0.0777513,0.881346,0.225751,2.20151,2.33207,2.9921
triangle,3,leo,1,9,8.95641,2,94,96,0.0788473,0.0788473,1.0777,0.232119,2.26352,2.24529,2.98008
triangle,3,leo,1,10,8.28216,1,90,100,0.0777513,0.0782993,0.907781,0.196616,2.0655,2.21899,2.73721
triangle,3,leo,1,11,9.03219,4,92,98,0.0793953,0.0772033,0.956188,0.251977,2.25004,2.37688,3.04051
triangle,3,leo,1,12,7.71725,4,104,86,0.0788473,0.0782993,0.983888,0.224107,1.93054,2.01846,2.4031
triangle,3,leo,1,13,9.38837,1,83,107,0.0782993,0.0782993,0.868611,0.191893,2.41377,2.51923,3.23826
triangle,3,leo,1,14,9.35573,0,81,109,0.0788473,0.0782993,0.846561,0.167141,2.44332,2.51165,3.22991
triangle,3,leo,1,15,9.05004,2,94,96,0.0782993,0.0782993,0.928526,0.232119,2.17516,2.492,3.06564
triangle,3,leo,1,16,7.91666,2,101,89,0.0793953,0.0782993,0.895555,0.201718,2.0051,2.00443,2.65217
triangle,3,leo,1,17,8.66641,1,89,101,0.0777513,0.0788473,0.922707,0.200622,2.13878,2.38104,2.86666
triangle,3,leo,1,18,9.40181,2,90,100,0.0766553,0.0772033,0.884804,0.25995,2.23356,2.72629,3.14335
triangle,3,leo,1,19,12.2925,1,75,115,0.0772033,0.0777513,0.949272,0.30713,3.13956,3.41409,4.32747
triangle,3,lqi-literal,0,0,16.848,12,59,131,0.0909033,0.0941913,2.58016,0.74856,3.9351,4.17055,5.22853
triangle,3,lqi-literal,0,1,22.8475,12,22,168,0.0947393,0.0914513,2.71748,0.900605,5.10313,6.31617,7.62388
triangle,3,lqi-literal,0,2,21.2876,10,39,151,0.0909033,0.0909033,2.46004,0.791905,4.69423,6.05264,7.10698
triangle,3,lqi-literal,0,3,17.5264,13,66,124,0.0930953,0.0941913,2.49558,0.900945,4.07956,4.11236,5.75066
triangle,3,lqi-literal,0,4,19.0095,13,46,144,0.0898073,0.0892593,2.68632,0.923882,4.35357,4.84964,6.01698
triangle,3,lqi-literal,0,5,20.1466,17,45,145,0.0914513,0.0952873,2.8142,0.964109,4.53942,5.17132,6.47084
triangle,3,lqi-literal,0,6,20.0547,10,38,152,0.0919993,0.0909033,2.38571,0.881295,4.8228,4.97367,6.80832
triangle,3,lqi-literal,0,7,21.68,16,43,147,0.0909033,0.0925473,2.83187,0.933198,4.89147,5.46828,7.37173
triangle,3,lqi-literal,0,8,20.8119,12,43,147,0.0941913,0.0919993,2.45915,0.813955,4.94754,5.48413,6.92095
triangle,3,lqi-literal,0,9,17.6459,13,61,129,0.0903553,0.0930953,2.63329,0.770781,3.87473,4.48358,5.70002
triangle,3,lqi-literal,0,10,17.6167,9,40,150,0.0914513,0.0941913,2.33456,0.6843,4.23766,4.5478,5.62669
triangle,3,lqi-literal,0,11,16.0331,9,46,144,0.0919993,0.0925473,2.4005,0.638594,3.82268,3.86564,5.12117
triangle,3,lqi-literal,0,12,19.1975,6,27,163,0.0941913,0.0898073,2.1899,0.587656,4.65668,5.30934,6.26992
triangle,3,lqi-literal,0,13,18.9317,8,43,147,0.0903553,0.0903553,2.19681,0.671057,4.6863,4.60846,6.58839
triangle,3,lqi-literal,0,14,21.1037,10,42,148,0.0914513,0.0925473,2.42036,0.841786,4.69891,5.8209,7.13776
triangle,3,lqi-literal,0,15,15.0117,11,71,119,0.0930953,0.0914513,2.34147,0.798272,3.65422,3.278,4.75519
triangle,3,lqi-literal,0,16,15.775,10,61,129,0.0941913,0.0909033,2.51531,0.69012,3.65751,3.85261,4.87439
triangle,3,lqi-literal,0,17,21.3282,10,38,152,0.0919993,0.0930953,2.24619,0.785198,4.84983,6.02591,7.23596
triangle,3,lqi-literal,0,18,16.521,15,59,131,0.0941913,0.0925473,2.5732,0.758555,3.86976,3.9725,5.16026
triangle,3,lqi-literal,0,19,21.4776,8,17,173,0.0941913,0.0914513,2.32233,0.690707,5.0928,6.08181,7.10428
triangle,3,lqi-literal,1,0,11.013,1,73,117,0.0777513,0.0782993,0.90812,0.22048,2.85473,2.9789,3.89477
triangle,3,lqi-literal,1,1,10.7198,0,83,107,0.0766553,0.0761073,0.934346,0.211921,2.59891,3.09358,3.7283
triangle,3,lqi-literal,1,2,9.14072,4,93,97,0.0799433,0.0766553,1.04072,0.27926,2.37545,2.31535,2.97334
triangle,3,lqi-literal,1,3,8.88959,4,93,97,0.0777513,0.0793953,1.07644,0.285458,2.18735,2.25995,2.92325
triangle,3,lqi-literal,1,4,9.46359,3,82,108,0.0772033,0.0782993,0.976425,0.310588,2.34482,2.43361,3.24264
triangle,3,lqi-literal,1,5,8.71792,1,91,99,0.0788473,0.0788473,0.996661,0.166593,2.21486,2.32511,2.857
triangle,3,lqi-literal,1,6,9.03479,2,91,99,0.0766553,0.0777513,0.851284,0.219554,2.32897,2.36501,3.11556
triangle,3,lqi-literal,1,7,10.3837,3,83,107,0.0782993,0.0782993,1.00594,0.252695,2.68954,2.69496,3.58397
triangle,3,lqi-literal,1,8,8.78827,2,91,99,0.0777513,0.0777513,0.881346,0.225751,2.20151,2.33207,2.9921
triangle,3,lqi-literal,1,9,8.95641,2,94,96,0.0788473,0.0788473,1.0777,0.232119,2.26352,2.24529,2.98008
triangle,3,lqi-literal,1,10,8.2776,1,90,100,0.0777513,0.0782993,0.903227,0.196616,2.0655,2.21899,2.73721
triangle,3,lqi-literal,1,11,9.02309,4,92,98,0.0793953,0.0772033,0.94708,0.251977,2.25004,2.37688,3.04051
triangle,3,lqi-literal,1,12,7.74986,3,105,85,0.0788473,0.0782993,1.00375,0.219006,1.83575,2.05517,2.47904
triangle,3,lqi-literal,1,13,9.38837,1,83,107,0.0782993,0.0782993,0.868611,0.191893,2.41377,2.51923,3.23826
triangle,3,lqi-literal,1,14,9.35627,0,81,109,0.0788473,0.0782993,0.847109,0.167141,2.44332,2.51165,3.22991
triangle,3,lqi-literal,1,15,9.05004,2,94,96,0.0782993,0.0782993,0.928526,0.232119,2.17516,2.492,3.06564
triangle,3,lqi-literal,1,16,7.93032,2,101,89,0.0793953,0.0782993,0.909216,0.201718,2.0051,2.00443,2.65217
triangle,3,lqi-literal,1,17,8.66641,1,89,101,0.0777513,0.0788473,0.922707,0.200622,2.13878,2.38104,2.86666
triangle,3,lqi-literal,1,18,9.40181,2,90,100,0.0766553,0.0772033,0.884804,0.25995,2.23356,2.72629,3.14335
triangle,3,lqi-literal,1,19,11.0528,0,83,107,0.0772033,0.0777513,0.843821,0.267074,2.85987,3.04216,3.8849
