layout,envFactor,metric,interference,run,totalEnergyMWs,pingTimeouts,pingNoRoute,pingSent,energy_netScan,energy_connect,energy_pathDiscovery,energy_pathDiscoveryReply,energy_ping,energy_pingReply,energy_ack
around,2,hopcount,0,0,7.76477,0,0,190,0.259139,0.257495,4.87323,0.0876165,0.654251,0.887953,0.745086
around,2,hopcount,0,1,7.68413,0,0,190,0.257495,0.257495,4.87378,0.0824449,0.681471,0.817426,0.71402
around,2,hopcount,0,2,7.41027,0,0,190,0.254207,0.260235,4.87871,0.0761073,0.584697,0.747147,0.609168
around,2,hopcount,0,3,7.50432,0,0,190,0.255851,0.255303,4.86665,0.0795649,0.622762,0.790777,0.633412
around,2,hopcount,0,4,7.50496,0,0,190,0.251467,0.258043,4.87213,0.0852845,0.647132,0.738083,0.652821
around,2,hopcount,0,5,7.5504,0,0,190,0.259687,0.259139,4.8683,0.0772732,0.599413,0.819052,0.667536
around,2,hopcount,0,6,7.52072,0,0,190,0.255851,0.259687,4.87323,0.0841186,0.64541,0.76166,0.640765
around,2,hopcount,0,7,7.85679,0,0,190,0.258043,0.257495,4.86939,0.0899081,0.758493,0.81581,0.807649
around,2,hopcount,0,8,7.38755,0,0,190,0.258043,0.252015,4.86172,0.0801129,0.59151,0.734181,0.609966
around,2,hopcount,0,9,7.45122,0,0,190,0.256399,0.254207,4.88364,0.0835706,0.598495,0.761118,0.613791
around,2,hopcount,0,10,7.55641,0,0,190,0.259687,0.256947,4.86665,0.0812789,0.622881,0.799683,0.669277
around,2,hopcount,0,11,7.54348,0,0,190,0.255851,0.255851,4.85789,0.0847365,0.627921,0.793399,0.667839
around,2,hopcount,0,12,7.70777,0,0,190,0.256947,0.257495,4.86885,0.0818969,0.66054,0.861402,0.720642
around,2,hopcount,0,13,7.35302,0,0,190,0.257495,0.254755,4.85679,0.0761073,0.573151,0.732833,0.601885
around,2,hopcount,0,14,7.48531,0,0,190,0.254755,0.259687,4.86391,0.0841885,0.658041,0.721151,0.643574
around,2,hopcount,0,15,7.42159,0,0,190,0.258043,0.255851,4.87323,0.0761073,0.59607,0.748495,0.613791
around,2,hopcount,0,16,7.42894,0,0,190,0.254755,0.256947,4.85515,0.0835706,0.597147,0.761217,0.620159
around,2,hopcount,0,17,7.4026,0,0,190,0.258591,0.253659,4.87926,0.0875762,0.616854,0.698984,0.607674
around,2,hopcount,0,18,7.61667,0,0,190,0.258043,0.251467,4.87433,0.0772732,0.649683,0.819951,0.685928
around,2,hopcount,0,19,7.76127,0,0,190,0.255851,0.260783,4.86446,0.0899081,0.695703,0.851048,0.743516
around,2,lqi,0,0,7.76477,0,0,190,0.259139,0.257495,4.87323,0.0876165,0.654251,0.887953,0.745086
around,2,lqi,0,1,7.68413,0,0,190,0.257495,0.257495,4.87378,0.0824449,0.681471,0.817426,0.71402
around,2,lqi,0,2,7.41027,0,0,190,0.254207,0.260235,4.87871,0.0761073,0.584697,0.747147,0.609168
around,2,lqi,0,3,7.50432,0,0,190,0.255851,0.255303,4.86665,0.0795649,0.622762,0.790777,0.633412
around,2,lqi,0,4,7.50496,0,0,190,0.251467,0.258043,4.87213,0.0852845,0.647132,0.738083,0.652821
around,2,lqi,0,5,7.5504,0,0,190,0.259687,0.259139,4.8683,0.0772732,0.599413,0.819052,0.667536
around,2,lqi,0,6,7.52072,0,0,190,0.255851,0.259687,4.87323,0.0841186,0.64541,0.76166,0.640765
around,2,lqi,0,7,7.85679,0,0,190,0.258043,0.257495,4.86939,0.0899081,0.758493,0.81581,0.807649
around,2,lqi,0,8,7.38755,0,0,190,0.258043,0.252015,4.86172,0.0801129,0.59151,0.734181,0.609966
around,2,lqi,0,9,7.45122,0,0,190,0.256399,0.254207,4.88364,0.0835706,0.598495,0.761118,0.613791
around,2,lqi,0,10,7.55641,0,0,190,0.259687,0.256947,4.86665,0.0812789,0.622881,0.799683,0.669277
around,2,lqi,0,11,7.54348,0,0,190,0.255851,0.255851,4.85789,0.0847365,0.627921,0.793399,0.667839
around,2,lqi,0,12,7.70777,0,0,190,0.256947,0.257495,4.86885,0.0818969,0.66054,0.861402,0.720642
around,2,lqi,0,13,7.35302,0,0,190,0.257495,0.254755,4.85679,0.0761073,0.573151,0.732833,0.601885
around,2,lqi,0,14,7.48531,0,0,190,0.254755,0.259687,4.86391,0.0841885,0.658041,0.721151,0.643574
around,2,lqi,0,15,7.42159,0,0,190,0.258043,0.255851,4.87323,0.0761073,0.59607,0.748495,0.613791
around,2,lqi,0,16,7.42894,0,0,190,0.254755,0.256947,4.85515,0.0835706,0.597147,0.761217,0.620159
around,2,lqi,0,17,7.4026,0,0,190,0.258591,0.253659,4.87926,0.0875762,0.616854,0.698984,0.607674
around,2,lqi,0,18,7.61667,0,0,190,0.258043,0.251467,4.87433,0.0772732,0.649683,0.819951,0.685928
around,2,lqi,0,19,7.76127,0,0,190,0.255851,0.260783,4.86446,0.0899081,0.695703,0.851048,0.743516
around,2,leo,0,0,7.76477,0,0,190,0.259139,0.257495,4.87323,0.0876165,0.654251,0.887953,0.745086
around,2,leo,0,1,7.68413,0,0,190,0.257495,0.257495,4.87378,0.0824449,0.681471,0.817426,0.71402
around,2,leo,0,2,7.41027,0,0,190,0.254207,0.260235,4.87871,0.0761073,0.584697,0.747147,0.609168
around,2,leo,0,3,7.50432,0,0,190,0.255851,0.255303,4.86665,0.0795649,0.622762,0.790777,0.633412
around,2,leo,0,4,7.50496,0,0,190,0.251467,0.258043,4.87213,0.0852845,0.647132,0.738083,0.652821
around,2,leo,0,5,7.5504,0,0,190,0.259687,0.259139,4.8683,0.0772732,0.599413,0.819052,0.667536
around,2,leo,0,6,7.52072,0,0,190,0.255851,0.259687,4.87323,0.0841186,0.64541,0.76166,0.640765
around,2,leo,0,7,7.8715,0,0,190,0.258043,0.257495,4.86939,0.0899081,0.761486,0.822437,0.812738
around,2,leo,0,8,7.38755,0,0,190,0.258043,0.252015,4.86172,0.0801129,0.59151,0.734181,0.609966
around,2,leo,0,9,7.45122,0,0,190,0.256399,0.254207,4.88364,0.0835706,0.598495,0.761118,0.613791
around,2,leo,0,10,7.55641,0,0,190,0.259687,0.256947,4.86665,0.0812789,0.622881,0.799683,0.669277
around,2,leo,0,11,7.54348,0,0,190,0.255851,0.255851,4.85789,0.0847365,0.627921,0.793399,0.667839
around,2,leo,0,12,7.70777,0,0,190,0.256947,0.257495,4.86885,0.0818969,0.66054,0.861402,0.720642
around,2,leo,0,13,7.35302,0,0,190,0.257495,0.254755,4.85679,0.0761073,0.573151,0.732833,0.601885
around,2,leo,0,14,7.48531,0,0,190,0.254755,0.259687,4.86391,0.0841885,0.658041,0.721151,0.643574
around,2,leo,0,15,7.42159,0,0,190,0.258043,0.255851,4.87323,0.0761073,0.59607,0.748495,0.613791
around,2,leo,0,16,7.42894,0,0,190,0.254755,0.256947,4.85515,0.0835706,0.597147,0.761217,0.620159
around,2,leo,0,17,7.4026,0,0,190,0.258591,0.253659,4.87926,0.0875762,0.616854,0.698984,0.607674
around,2,leo,0,18,7.61667,0,0,190,0.258043,0.251467,4.87433,0.0772732,0.649683,0.819951,0.685928
around,2,leo,0,19,7.76127,0,0,190,0.255851,0.260783,4.86446,0.0899081,0.695703,0.851048,0.743516
around,2,lqi-literal,0,0,7.76477,0,0,190,0.259139,0.257495,4.87323,0.0876165,0.654251,0.887953,0.745086
around,2,lqi-literal,0,1,7.68413,0,0,190,0.257495,0.257495,4.87378,0.0824449,0.681471,0.817426,0.71402
around,2,lqi-literal,0,2,7.41027,0,0,190,0.254207,0.260235,4.87871,0.0761073,0.584697,0.747147,0.609168
around,2,lqi-literal,0,3,7.50432,0,0,190,0.255851,0.255303,4.86665,0.0795649,0.622762,0.790777,0.633412
around,2,lqi-literal,0,4,7.50496,0,0,190,0.251467,0.258043,4.87213,0.0852845,0.647132,0.738083,0.652821
around,2,lqi-literal,0,5,7.5504,0,0,190,0.259687,0.259139,4.8683,0.0772732,0.599413,0.819052,0.667536
around,2,lqi-literal,0,6,7.52072,0,0,190,0.255851,0.259687,4.87323,0.0841186,0.64541,0.76166,0.640765
around,2,lqi-literal,0,7,7.85679,0,0,190,0.258043,0.257495,4.86939,0.0899081,0.758493,0.81581,0.807649
around,2,lqi-literal,0,8,7.38755,0,0,190,0.258043,0.252015,4.86172,0.0801129,0.59151,0.734181,0.609966
around,2,lqi-literal,0,9,7.45122,0,0,190,0.256399,0.254207,4.88364,0.0835706,0.598495,0.761118,0.613791
around,2,lqi-literal,0,10,7.55641,0,0,190,0.259687,0.256947,4.86665,0.0812789,0.622881,0.799683,0.669277
around,2,lqi-literal,0,11,7.54348,0,0,190,0.255851,0.255851,4.85789,0.0847365,0.627921,0.793399,0.667839
around,2,lqi-literal,0,12,7.70777,0,0,190,0.256947,0.257495,4.86885,0.0818969,0.66054,0.861402,0.720642
around,2,lqi-literal,0,13,7.35302,0,0,190,0.257495,0.254755,4.85679,0.0761073,0.573151,0.732833,0.601885
around,2,lqi-literal,0,14,7.48531,0,0,190,0.254755,0.259687,4.86391,0.0841885,0.658041,0.721151,0.643574
around,2,lqi-literal,0,15,7.42159,0,0,190,0.258043,0.255851,4.87323,0.0761073,0.59607,0.748495,0.613791
around,2,lqi-literal,0,16,7.42894,0,0,190,0.254755,0.256947,4.85515,0.0835706,0.597147,0.761217,0.620159
around,2,lqi-literal,0,17,7.4026,0,0,190,0.258591,0.253659,4.87926,0.0875762,0.616854,0.698984,0.607674
around,2,lqi-literal,0,18,7.61667,0,0,190,0.258043,0.251467,4.87433,0.0772732,0.649683,0.819951,0.685928
around,2,lqi-literal,0,19,7.76127,0,0,190,0.255851,0.260783,4.86446,0.0899081,0.695703,0.851048,0.743516
around,2.25,hopcount,0,0,8.60571,0,0,190,0.255303,0.255851,4.82391,0.0963263,0.99682,1.1659,1.0116
around,2.25,hopcount,0,1,8.45153,0,0,190,0.253659,0.253111,4.82281,0.0876469,0.986446,1.08897,0.958884
around,2.25,hopcount,0,2,8.24334,0,0,190,0.253111,0.256947,4.82007,0.0778714,0.870491,1.0818,0.883051
around,2.25,hopcount,0,3,8.20648,0,0,190,0.252563,0.254755,4.81788,0.0795649,0.905279,1.04828,0.848159
around,2.25,hopcount,0,4,8.20846,0,0,190,0.247631,0.256947,4.83761,0.0853347,0.911742,1.00052,0.868676
around,2.25,hopcount,0,5,8.31476,0,0,190,0.258591,0.256947,4.82007,0.0778714,0.896787,1.0906,0.913893
around,2.25,hopcount,0,6,8.34533,0,0,190,0.253111,0.258043,4.83103,0.0841186,0.982236,1.05978,0.877012
around,2.25,hopcount,0,7,8.62624,0,0,190,0.255851,0.253111,4.83816,0.0911045,1.04545,1.09424,1.04832
around,2.25,hopcount,0,8,8.11805,0,0,190,0.254755,0.249275,4.82117,0.0801129,0.886451,0.994551,0.83173
around,2.25,hopcount,0,9,8.17653,0,0,190,0.253111,0.252015,4.84912,0.0875762,0.872258,1.03239,0.830061
around,2.25,hopcount,0,10,8.33773,0,0,190,0.257495,0.255851,4.82555,0.0818771,0.918076,1.08541,0.913473
around,2.25,hopcount,0,11,8.32964,0,0,190,0.251467,0.250919,4.82172,0.0893404,0.940815,1.06918,0.906201
around,2.25,hopcount,0,12,8.57967,0,0,190,0.252015,0.254755,4.83103,0.0870989,0.979787,1.17889,0.99609
around,2.25,hopcount,0,13,8.0547,0,0,190,0.254207,0.253111,4.81185,0.0761073,0.852725,0.988864,0.817829
around,2.25,hopcount,0,14,8.21026,0,0,190,0.254207,0.255851,4.83158,0.0847867,0.940884,0.98023,0.862716
around,2.25,hopcount,0,15,8.34503,0,0,190,0.254207,0.254755,4.83158,0.0818771,0.922691,1.08955,0.910365
around,2.25,hopcount,0,16,8.18624,0,0,190,0.253659,0.254755,4.81295,0.0864802,0.899122,1.03708,0.842199
around,2.25,hopcount,0,17,8.13311,0,0,190,0.254755,0.252563,4.84254,0.0875762,0.904809,0.960826,0.830036
around,2.25,hopcount,0,18,8.39901,0,0,190,0.252563,0.250919,4.83103,0.0778714,0.946509,1.10839,0.93173
around,2.25,hopcount,0,19,8.63012,0,0,190,0.252015,0.259687,4.81185,0.0911045,0.954592,1.24924,1.01162
around,2.25,lqi,0,0,8.60571,0,0,190,0.255303,0.255851,4.82391,0.0963263,0.99682,1.1659,1.0116
around,2.25,lqi,0,1,8.45153,0,0,190,0.253659,0.253111,4.82281,0.0876469,0.986446,1.08897,0.958884
around,2.25,lqi,0,2,8.24334,0,0,190,0.253111,0.256947,4.82007,0.0778714,0.870491,1.0818,0.883051
around,2.25,lqi,0,3,8.20648,0,0,190,0.252563,0.254755,4.81788,0.0795649,0.905279,1.04828,0.848159
around,2.25,lqi,0,4,8.20846,0,0,190,0.247631,0.256947,4.83761,0.0853347,0.911742,1.00052,0.868676
around,2.25,lqi,0,5,8.31476,0,0,190,0.258591,0.256947,4.82007,0.0778714,0.896787,1.0906,0.913893
around,2.25,lqi,0,6,8.34533,0,0,190,0.253111,0.258043,4.83103,0.0841186,0.982236,1.05978,0.877012
around,2.25,lqi,0,7,8.62624,0,0,190,0.255851,0.253111,4.83816,0.0911045,1.04545,1.09424,1.04832
around,2.25,lqi,0,8,8.11805,0,0,190,0.254755,0.249275,4.82117,0.0801129,0.886451,0.994551,0.83173
around,2.25,lqi,0,9,8.17653,0,0,190,0.253111,0.252015,4.84912,0.0875762,0.872258,1.03239,0.830061
around,2.25,lqi,0,10,8.33773,0,0,190,0.257495,0.255851,4.82555,0.0818771,0.918076,1.08541,0.913473
around,2.25,lqi,0,11,8.32964,0,0,190,0.251467,0.250919,4.82172,0.0893404,0.940815,1.06918,0.906201
around,2.25,lqi,0,12,8.57967,0,0,190,0.252015,0.254755,4.83103,0.0870989,0.979787,1.17889,0.99609
around,2.25,lqi,0,13,8.0547,0,0,190,0.254207,0.253111,4.81185,0.0761073,0.852725,0.988864,0.817829
around,2.25,lqi,0,14,8.21026,0,0,190,0.254207,0.255851,4.83158,0.0847867,0.940884,0.98023,0.862716
around,2.25,lqi,0,15,8.34503,0,0,190,0.254207,0.254755,4.83158,0.0818771,0.922691,1.08955,0.910365
around,2.25,lqi,0,16,8.18624,0,0,190,0.253659,0.254755,4.81295,0.0864802,0.899122,1.03708,0.842199
around,2.25,lqi,0,17,8.13311,0,0,190,0.254755,0.252563,4.84254,0.0875762,0.904809,0.960826,0.830036
around,2.25,lqi,0,18,8.39901,0,0,190,0.252563,0.250919,4.83103,0.0778714,0.946509,1.10839,0.93173
around,2.25,lqi,0,19,8.63012,0,0,190,0.252015,0.259687,4.81185,0.0911045,0.954592,1.24924,1.01162
around,2.25,leo,0,0,8.60571,0,0,190,0.255303,0.255851,4.82391,0.0963263,0.99682,1.1659,1.0116
around,2.25,leo,0,1,8.45153,0,0,190,0.253659,0.253111,4.82281,0.0876469,0.986446,1.08897,0.958884
around,2.25,leo,0,2,8.24334,0,0,190,0.253111,0.256947,4.82007,0.0778714,0.870491,1.0818,0.883051
around,2.25,leo,0,3,8.20648,0,0,190,0.252563,0.254755,4.81788,0.0795649,0.905279,1.04828,0.848159
around,2.25,leo,0,4,8.20846,0,0,190,0.247631,0.256947,4.83761,0.0853347,0.911742,1.00052,0.868676
around,2.25,leo,0,5,8.31476,0,0,190,0.258591,0.256947,4.82007,0.0778714,0.896787,1.0906,0.913893
around,2.25,leo,0,6,8.34533,0,0,190,0.253111,0.258043,4.83103,0.0841186,0.982236,1.05978,0.877012
around,2.25,leo,0,7,8.6571,0,0,190,0.255851,0.253111,4.83816,0.0911045,1.05173,1.10814,1.059
around,2.25,leo,0,8,8.11805,0,0,190,0.254755,0.249275,4.82117,0.0801129,0.886451,0.994551,0.83173
around,2.25,leo,0,9,8.17653,0,0,190,0.253111,0.252015,4.84912,0.0875762,0.872258,1.03239,0.830061
around,2.25,leo,0,10,8.33773,0,0,190,0.257495,0.255851,4.82555,0.0818771,0.918076,1.08541,0.913473
around,2.25,leo,0,11,8.32964,0,0,190,0.251467,0.250919,4.82172,0.0893404,0.940815,1.06918,0.906201
around,2.25,leo,0,12,8.57967,0,0,190,0.252015,0.254755,4.83103,0.0870989,0.979787,1.17889,0.99609
around,2.25,leo,0,13,8.0547,0,0,190,0.254207,0.253111,4.81185,0.0761073,0.852725,0.988864,0.817829
around,2.25,leo,0,14,8.21026,0,0,190,0.254207,0.255851,4.83158,0.0847867,0.940884,0.98023,0.862716
around,2.25,leo,0,15,8.34503,0,0,190,0.254207,0.254755,4.83158,0.0818771,0.922691,1.08955,0.910365
around,2.25,leo,0,16,8.18624,0,0,190,0.253659,0.254755,4.81295,0.0864802,0.899122,1.03708,0.842199
around,2.25,leo,0,17,8.13311,0,0,190,0.254755,0.252563,4.84254,0.0875762,0.904809,0.960826,0.830036
around,2.25,leo,0,18,8.39901,0,0,190,0.252563,0.250919,4.83103,0.0778714,0.946509,1.10839,0.93173
around,2.25,leo,0,19,8.63012,0,0,190,0.252015,0.259687,4.81185,0.0911045,0.954592,1.24924,1.01162
around,2.25,lqi-literal,0,0,8.60571,0,0,190,0.255303,0.255851,4.82391,0.0963263,0.99682,1.1659,1.0116
around,2.25,lqi-literal,0,1,8.45153,0,0,190,0.253659,0.253111,4.82281,0.0876469,0.986446,1.08897,0.958884
around,2.25,lqi-literal,0,2,8.24334,0,0,190,0.253111,0.256947,4.82007,0.0778714,0.870491,1.0818,0.883051
around,2.25,lqi-literal,0,3,8.20648,0,0,190,0.252563,0.254755,4.81788,0.0795649,0.905279,1.04828,0.848159
around,2.25,lqi-literal,0,4,8.20846,0,0,190,0.247631,0.256947,4.83761,0.0853347,0.911742,1.00052,0.868676
around,2.25,lqi-literal,0,5,8.31476,0,0,190,0.258591,0.256947,4.82007,0.0778714,0.896787,1.0906,0.913893
around,2.25,lqi-literal,0,6,8.34533,0,0,190,0.253111,0.258043,4.83103,0.0841186,0.982236,1.05978,0.877012
around,2.25,lqi-literal,0,7,8.62624,0,0,190,0.255851,0.253111,4.83816,0.0911045,1.04545,1.09424,1.04832
around,2.25,lqi-literal,0,8,8.11805,0,0,190,0.254755,0.249275,4.82117,0.0801129,0.886451,0.994551,0.83173
around,2.25,lqi-literal,0,9,8.17653,0,0,190,0.253111,0.252015,4.84912,0.0875762,0.872258,1.03239,0.830061
around,2.25,lqi-literal,0,10,8.33773,0,0,190,0.257495,0.255851,4.82555,0.0818771,0.918076,1.08541,0.913473
around,2.25,lqi-literal,0,11,8.32964,0,0,190,0.251467,0.250919,4.82172,0.0893404,0.940815,1.06918,0.906201
around,2.25,lqi-literal,0,12,8.57967,0,0,190,0.252015,0.254755,4.83103,0.0870989,0.979787,1.17889,0.99609
around,2.25,lqi-literal,0,13,8.0547,0,0,190,0.254207,0.253111,4.81185,0.0761073,0.852725,0.988864,0.817829
around,2.25,lqi-literal,0,14,8.21026,0,0,190,0.254207,0.255851,4.83158,0.0847867,0.940884,0.98023,0.862716
around,2.25,lqi-literal,0,15,8.34503,0,0,190,0.254207,0.254755,4.83158,0.0818771,0.922691,1.08955,0.910365
around,2.25,lqi-literal,0,16,8.18624,0,0,190,0.253659,0.254755,4.81295,0.0864802,0.899122,1.03708,0.842199
around,2.25,lqi-literal,0,17,8.13311,0,0,190,0.254755,0.252563,4.84254,0.0875762,0.904809,0.960826,0.830036
around,2.25,lqi-literal,0,18,8.39901,0,0,190,0.252563,0.250919,4.83103,0.0778714,0.946509,1.10839,0.93173
around,2.25,lqi-literal,0,19,8.63012,0,0,190,0.252015,0.259687,4.81185,0.0911045,0.954592,1.24924,1.01162
around,2.5,hopcount,0,0,9.78525,0,0,190,0.247631,0.250919,4.72801,0.08199,1.51386,1.58017,1.38267
around,2.5,hopcount,0,1,9.58423,0,0,190,0.249823,0.249823,4.74883,0.0761073,1.46523,1.52494,1.26946
around,2.5,hopcount,0,2,9.44926,0,0,190,0.250919,0.250371,4.73239,0.0761073,1.42774,1.47691,1.23481
around,2.5,hopcount,0,3,9.55651,0,0,190,0.249275,0.247083,4.71924,0.0761073,1.45865,1.54122,1.26493
around,2.5,hopcount,0,4,9.52571,0,0,190,0.245439,0.252015,4.74774,0.0830543,1.43835,1.47923,1.27987
around,2.5,hopcount,0,5,9.49344,0,0,190,0.254207,0.249275,4.72527,0.0761073,1.44553,1.49011,1.25294
around,2.5,hopcount,0,6,9.60805,0,0,190,0.248179,0.252563,4.73459,0.0795649,1.46977,1.555,1.26839
around,2.5,hopcount,0,7,9.90973,0,0,190,0.252015,0.248727,4.73842,0.0859957,1.54992,1.61981,1.41484
around,2.5,hopcount,0,8,9.43596,0,0,190,0.249823,0.243795,4.7176,0.0761073,1.42128,1.48161,1.24575
around,2.5,hopcount,0,9,9.46582,0,0,190,0.250919,0.247631,4.74445,0.0801129,1.40419,1.5037,1.23481
around,2.5,hopcount,0,10,9.5096,0,0,190,0.249275,0.249823,4.74226,0.0761073,1.4147,1.53064,1.2468
around,2.5,hopcount,0,11,9.73902,0,0,190,0.248727,0.248727,4.72691,0.0865119,1.48236,1.59489,1.35089
around,2.5,hopcount,0,12,9.76749,0,0,190,0.247631,0.247631,4.73349,0.0859639,1.51057,1.5905,1.35171
around,2.5,hopcount,0,13,9.43071,0,0,190,0.249275,0.248179,4.71869,0.0761073,1.40292,1.49273,1.2428
around,2.5,hopcount,0,14,9.52778,0,0,190,0.248727,0.253659,4.72472,0.0830226,1.45203,1.51109,1.25452
around,2.5,hopcount,0,15,9.47415,0,0,190,0.248179,0.251467,4.7302,0.0761073,1.4232,1.50378,1.24121
around,2.5,hopcount,0,16,9.48561,0,0,190,0.249275,0.252015,4.71376,0.0795649,1.4127,1.53072,1.24758
around,2.5,hopcount,0,17,9.46419,0,0,190,0.252015,0.248179,4.74226,0.0875762,1.43241,1.45601,1.24575
around,2.5,hopcount,0,18,9.80735,0,0,190,0.250919,0.248727,4.72527,0.0830543,1.48211,1.64827,1.36899
around,2.5,hopcount,0,19,9.82697,0,0,190,0.249275,0.254755,4.71705,0.088389,1.50941,1.6375,1.37059
around,2.5,lqi,0,0,9.78525,0,0,190,0.247631,0.250919,4.72801,0.08199,1.51386,1.58017,1.38267
around,2.5,lqi,0,1,9.58423,0,0,190,0.249823,0.249823,4.74883,0.0761073,1.46523,1.52494,1.26946
around,2.5,lqi,0,2,9.44926,0,0,190,0.250919,0.250371,4.73239,0.0761073,1.42774,1.47691,1.23481
around,2.5,lqi,0,3,9.55651,0,0,190,0.249275,0.247083,4.71924,0.0761073,1.45865,1.54122,1.26493
around,2.5,lqi,0,4,9.52571,0,0,190,0.245439,0.252015,4.74774,0.0830543,1.43835,1.47923,1.27987
around,2.5,lqi,0,5,9.49344,0,0,190,0.254207,0.249275,4.72527,0.0761073,1.44553,1.49011,1.25294
around,2.5,lqi,0,6,9.60805,0,0,190,0.248179,0.252563,4.73459,0.0795649,1.46977,1.555,1.26839
around,2.5,lqi,0,7,9.90973,0,0,190,0.252015,0.248727,4.73842,0.0859957,1.54992,1.61981,1.41484
around,2.5,lqi,0,8,9.43596,0,0,190,0.249823,0.243795,4.7176,0.0761073,1.42128,1.48161,1.24575
around,2.5,lqi,0,9,9.46582,0,0,190,0.250919,0.247631,4.74445,0.0801129,1.40419,1.5037,1.23481
around,2.5,lqi,0,10,9.5096,0,0,190,0.249275,0.249823,4.74226,0.0761073,1.4147,1.53064,1.2468
around,2.5,lqi,0,11,9.73902,0,0,190,0.248727,0.248727,4.72691,0.0865119,1.48236,1.59489,1.35089
around,2.5,lqi,0,12,9.76254,0,0,190,0.247631,0.247631,4.73349,0.0825063,1.49933,1.60213,1.34983
around,2.5,lqi,0,13,9.43071,0,0,190,0.249275,0.248179,4.71869,0.0761073,1.40292,1.49273,1.2428
around,2.5,lqi,0,14,9.52778,0,0,190,0.248727,0.253659,4.72472,0.0830226,1.45203,1.51109,1.25452
around,2.5,lqi,0,15,9.47415,0,0,190,0.248179,0.251467,4.7302,0.0761073,1.4232,1.50378,1.24121
around,2.5,lqi,0,16,9.48561,0,0,190,0.249275,0.252015,4.71376,0.0795649,1.4127,1.53072,1.24758
around,2.5,lqi,0,17,9.46419,0,0,190,0.252015,0.248179,4.74226,0.0875762,1.43241,1.45601,1.24575
around,2.5,lqi,0,18,9.80735,0,0,190,0.250919,0.248727,4.72527,0.0830543,1.48211,1.64827,1.36899
around,2.5,lqi,0,19,9.82697,0,0,190,0.249275,0.254755,4.71705,0.088389,1.50941,1.6375,1.37059
around,2.5,leo,0,0,9.78525,0,0,190,0.247631,0.250919,4.72801,0.08199,1.51386,1.58017,1.38267
around,2.5,leo,0,1,9.58423,0,0,190,0.249823,0.249823,4.74883,0.0761073,1.46523,1.52494,1.26946
around,2.5,leo,0,2,9.44926,0,0,190,0.250919,0.250371,4.73239,0.0761073,1.42774,1.47691,1.23481
around,2.5,leo,0,3,9.55651,0,0,190,0.249275,0.247083,4.71924,0.0761073,1.45865,1.54122,1.26493
around,2.5,leo,0,4,9.52571,0,0,190,0.245439,0.252015,4.74774,0.0830543,1.43835,1.47923,1.27987
around,2.5,leo,0,5,9.49344,0,0,190,0.254207,0.249275,4.72527,0.0761073,1.44553,1.49011,1.25294
around,2.5,leo,0,6,9.60805,0,0,190,0.248179,0.252563,4.73459,0.0795649,1.46977,1.555,1.26839
around,2.5,leo,0,7,9.90973,0,0,190,0.252015,0.248727,4.73842,0.0859957,1.54992,1.61981,1.41484
around,2.5,leo,0,8,9.43596,0,0,190,0.249823,0.243795,4.7176,0.0761073,1.42128,1.48161,1.24575
around,2.5,leo,0,9,9.46582,0,0,190,0.250919,0.247631,4.74445,0.0801129,1.40419,1.5037,1.23481
around,2.5,leo,0,10,9.5096,0,0,190,0.249275,0.249823,4.74226,0.0761073,1.4147,1.53064,1.2468
around,2.5,leo,0,11,9.73902,0,0,190,0.248727,0.248727,4.72691,0.0865119,1.48236,1.59489,1.35089
around,2.5,leo,0,12,9.76749,0,0,190,0.247631,0.247631,4.73349,0.0859639,1.51057,1.5905,1.35171
around,2.5,leo,0,13,9.43071,0,0,190,0.249275,0.248179,4.71869,0.0761073,1.40292,1.49273,1.2428
around,2.5,leo,0,14,9.52778,0,0,190,0.248727,0.253659,4.72472,0.0830226,1.45203,1.51109,1.25452
around,2.5,leo,0,15,9.47415,0,0,190,0.248179,0.251467,4.7302,0.0761073,1.4232,1.50378,1.24121
around,2.5,leo,0,16,9.48561,0,0,190,0.249275,0.252015,4.71376,0.0795649,1.4127,1.53072,1.24758
around,2.5,leo,0,17,9.46419,0,0,190,0.252015,0.248179,4.74226,0.0875762,1.43241,1.45601,1.24575
around,2.5,leo,0,18,9.80735,0,0,190,0.250919,0.248727,4.72527,0.0830543,1.48211,1.64827,1.36899
around,2.5,leo,0,19,9.82697,0,0,190,0.249275,0.254755,4.71705,0.088389,1.50941,1.6375,1.37059
around,2.5,lqi-literal,0,0,9.78525,0,0,190,0.247631,0.250919,4.72801,0.08199,1.51386,1.58017,1.38267
around,2.5,lqi-literal,0,1,9.58423,0,0,190,0.249823,0.249823,4.74883,0.0761073,1.46523,1.52494,1.26946
around,2.5,lqi-literal,0,2,9.44926,0,0,190,0.250919,0.250371,4.73239,0.0761073,1.42774,1.47691,1.23481
around,2.5,lqi-literal,0,3,9.55651,0,0,190,0.249275,0.247083,4.71924,0.0761073,1.45865,1.54122,1.26493
around,2.5,lqi-literal,0,4,9.52571,0,0,190,0.245439,0.252015,4.74774,0.0830543,1.43835,1.47923,1.27987
around,2.5,lqi-literal,0,5,9.49344,0,0,190,0.254207,0.249275,4.72527,0.0761073,1.44553,1.49011,1.25294
around,2.5,lqi-literal,0,6,9.60805,0,0,190,0.248179,0.252563,4.73459,0.0795649,1.46977,1.555,1.26839
around,2.5,lqi-literal,0,7,9.90973,0,0,190,0.252015,0.248727,4.73842,0.0859957,1.54992,1.61981,1.41484
around,2.5,lqi-literal,0,8,9.43596,0,0,190,0.249823,0.243795,4.7176,0.0761073,1.42128,1.48161,1.24575
around,2.5,lqi-literal,0,9,9.46582,0,0,190,0.250919,0.247631,4.74445,0.0801129,1.40419,1.5037,1.23481
around,2.5,lqi-literal,0,10,9.5096,0,0,190,0.249275,0.249823,4.74226,0.0761073,1.4147,1.53064,1.2468
around,2.5,lqi-literal,0,11,9.73902,0,0,190,0.248727,0.248727,4.72691,0.0865119,1.48236,1.59489,1.35089
around,2.5,lqi-literal,0,12,9.76749,0,0,190,0.247631,0.247631,4.73349,0.0859639,1.51057,1.5905,1.35171
around,2.5,lqi-literal,0,13,9.43071,0,0,190,0.249275,0.248179,4.71869,0.0761073,1.40292,1.49273,1.2428
around,2.5,lqi-literal,0,14,9.52778,0,0,190,0.248727,0.253659,4.72472,0.0830226,1.45203,1.51109,1.25452
around,2.5,lqi-literal,0,15,9.47415,0,0,190,0.248179,0.251467,4.7302,0.0761073,1.4232,1.50378,1.24121
around,2.5,lqi-literal,0,16,9.48561,0,0,190,0.249275,0.252015,4.71376,0.0795649,1.4127,1.53072,1.24758
around,2.5,lqi-literal,0,17,9.46419,0,0,190,0.252015,0.248179,4.74226,0.0875762,1.43241,1.45601,1.24575
around,2.5,lqi-literal,0,18,9.80735,0,0,190,0.250919,0.248727,4.72527,0.0830543,1.48211,1.64827,1.36899
around,2.5,lqi-literal,0,19,9.82697,0,0,190,0.249275,0.254755,4.71705,0.088389,1.50941,1.6375,1.37059
around,2.625,hopcount,0,0,10.7545,0,0,190,0.238315,0.241603,4.54881,0.0800128,1.94418,2.00337,1.69823
around,2.625,hopcount,0,1,10.6065,0,0,190,0.243247,0.239959,4.56854,0.0841186,1.90838,1.94224,1.61997
around,2.625,hopcount,0,2,10.4517,0,0,190,0.243247,0.238863,4.54607,0.0761073,1.88548,1.88485,1.57709
around,2.625,hopcount,0,3,10.5662,0,0,190,0.242699,0.242699,4.54662,0.0761073,1.90654,1.94879,1.60274
around,2.625,hopcount,0,4,10.5744,0,0,190,0.237219,0.243795,4.58827,0.0800128,1.90952,1.88237,1.63321
around,2.625,hopcount,0,5,10.4887,0,0,190,0.245987,0.242151,4.54827,0.0761073,1.88892,1.89555,1.59172
around,2.625,hopcount,0,6,10.6218,0,0,190,0.236123,0.244891,4.55758,0.0761073,1.94191,1.95803,1.60714
around,2.625,hopcount,0,7,10.8973,0,0,190,0.243247,0.237767,4.54827,0.087924,2.00083,2.03405,1.74524
around,2.625,hopcount,0,8,10.4715,0,0,190,0.243795,0.235027,4.5532,0.0761073,1.87191,1.89666,1.59477
around,2.625,hopcount,0,9,10.4581,0,0,190,0.241055,0.237767,4.56416,0.0801129,1.85245,1.9021,1.58045
around,2.625,hopcount,0,10,10.5273,0,0,190,0.241603,0.243247,4.56964,0.0761073,1.87007,1.93857,1.58811
around,2.625,hopcount,0,11,10.7386,0,0,190,0.238315,0.240507,4.54881,0.0874761,1.93298,1.9935,1.69703
around,2.625,hopcount,0,12,10.7828,0,0,190,0.236671,0.239411,4.5532,0.0869281,1.9481,2.01817,1.70029
around,2.625,hopcount,0,13,10.4627,0,0,190,0.236671,0.239411,4.5395,0.0801129,1.86365,1.90516,1.59823
around,2.625,hopcount,0,14,10.5456,0,0,190,0.242699,0.243795,4.54991,0.0761073,1.91554,1.91501,1.60254
around,2.625,hopcount,0,15,10.4845,0,0,190,0.237219,0.239959,4.55649,0.0761073,1.87857,1.91171,1.58445
around,2.625,hopcount,0,16,10.5059,0,0,190,0.239959,0.242699,4.55155,0.0801129,1.86095,1.93968,1.59092
around,2.625,hopcount,0,17,10.4495,0,0,190,0.243795,0.238315,4.55758,0.0835706,1.87056,1.86844,1.58721
around,2.625,hopcount,0,18,10.8768,0,0,190,0.244891,0.239959,4.55375,0.0800128,1.97379,2.05089,1.73354
around,2.625,hopcount,0,19,10.9608,0,0,190,0.237219,0.242699,4.52854,0.0949394,1.9718,2.15174,1.73385
around,2.625,lqi,0,0,10.7545,0,0,190,0.238315,0.241603,4.54881,0.0800128,1.94418,2.00337,1.69823
around,2.625,lqi,0,1,10.6065,0,0,190,0.243247,0.239959,4.56854,0.0841186,1.90838,1.94224,1.61997
around,2.625,lqi,0,2,10.4517,0,0,190,0.243247,0.238863,4.54607,0.0761073,1.88548,1.88485,1.57709
around,2.625,lqi,0,3,10.5662,0,0,190,0.242699,0.242699,4.54662,0.0761073,1.90654,1.94879,1.60274
around,2.625,lqi,0,4,10.5744,0,0,190,0.237219,0.243795,4.58827,0.0800128,1.90952,1.88237,1.63321
around,2.625,lqi,0,5,10.4887,0,0,190,0.245987,0.242151,4.54827,0.0761073,1.88892,1.89555,1.59172
around,2.625,lqi,0,6,10.6218,0,0,190,0.236123,0.244891,4.55758,0.0761073,1.94191,1.95803,1.60714
around,2.625,lqi,0,7,10.8514,0,0,190,0.243247,0.237767,4.54827,0.087924,1.98724,1.99792,1.74904
around,2.625,lqi,0,8,10.4715,0,0,190,0.243795,0.235027,4.5532,0.0761073,1.87191,1.89666,1.59477
around,2.625,lqi,0,9,10.4581,0,0,190,0.241055,0.237767,4.56416,0.0801129,1.85245,1.9021,1.58045
around,2.625,lqi,0,10,10.5273,0,0,190,0.241603,0.243247,4.56964,0.0761073,1.87007,1.93857,1.58811
around,2.625,lqi,0,11,10.7386,0,0,190,0.238315,0.240507,4.54881,0.0874761,1.93298,1.9935,1.69703
around,2.625,lqi,0,12,10.7604,0,0,190,0.236671,0.239411,4.5532,0.0834705,1.94758,2.0031,1.69693
around,2.625,lqi,0,13,10.4627,0,0,190,0.236671,0.239411,4.5395,0.0801129,1.86365,1.90516,1.59823
around,2.625,lqi,0,14,10.5456,0,0,190,0.242699,0.243795,4.54991,0.0761073,1.91554,1.91501,1.60254
around,2.625,lqi,0,15,10.4845,0,0,190,0.237219,0.239959,4.55649,0.0761073,1.87857,1.91171,1.58445
around,2.625,lqi,0,16,10.5059,0,0,190,0.239959,0.242699,4.55155,0.0801129,1.86095,1.93968,1.59092
around,2.625,lqi,0,17,10.4495,0,0,190,0.243795,0.238315,4.55758,0.0835706,1.87056,1.86844,1.58721
around,2.625,lqi,0,18,10.8425,0,0,190,0.244891,0.239959,4.55375,0.0800128,1.9522,2.04609,1.72563
around,2.625,lqi,0,19,10.8059,0,0,190,0.237219,0.242699,4.52854,0.0914817,1.95554,2.03847,1.71191
around,2.625,leo,0,0,10.7545,0,0,190,0.238315,0.241603,4.54881,0.0800128,1.94418,2.00337,1.69823
around,2.625,leo,0,1,10.6065,0,0,190,0.243247,0.239959,4.56854,0.0841186,1.90838,1.94224,1.61997
around,2.625,leo,0,2,10.4517,0,0,190,0.243247,0.238863,4.54607,0.0761073,1.88548,1.88485,1.57709
around,2.625,leo,0,3,10.5662,0,0,190,0.242699,0.242699,4.54662,0.0761073,1.90654,1.94879,1.60274
around,2.625,leo,0,4,10.5744,0,0,190,0.237219,0.243795,4.58827,0.0800128,1.90952,1.88237,1.63321
around,2.625,leo,0,5,10.4887,0,0,190,0.245987,0.242151,4.54827,0.0761073,1.88892,1.89555,1.59172
around,2.625,leo,0,6,10.6218,0,0,190,0.236123,0.244891,4.55758,0.0761073,1.94191,1.95803,1.60714
around,2.625,leo,0,7,10.991,0,0,190,0.243247,0.237767,4.54827,0.087924,2.01952,2.07542,1.77888
around,2.625,leo,0,8,10.4715,0,0,190,0.243795,0.235027,4.5532,0.0761073,1.87191,1.89666,1.59477
around,2.625,leo,0,9,10.4581,0,0,190,0.241055,0.237767,4.56416,0.0801129,1.85245,1.9021,1.58045
around,2.625,leo,0,10,10.5273,0,0,190,0.241603,0.243247,4.56964,0.0761073,1.87007,1.93857,1.58811
around,2.625,leo,0,11,10.7386,0,0,190,0.238315,0.240507,4.54881,0.0874761,1.93298,1.9935,1.69703
around,2.625,leo,0,12,10.7828,0,0,190,0.236671,0.239411,4.5532,0.0869281,1.9481,2.01817,1.70029
around,2.625,leo,0,13,10.4627,0,0,190,0.236671,0.239411,4.5395,0.0801129,1.86365,1.90516,1.59823
around,2.625,leo,0,14,10.5456,0,0,190,0.242699,0.243795,4.54991,0.0761073,1.91554,1.91501,1.60254
around,2.625,leo,0,15,10.4845,0,0,190,0.237219,0.239959,4.55649,0.0761073,1.87857,1.91171,1.58445
around,2.625,leo,0,16,10.5059,0,0,190,0.239959,0.242699,4.55155,0.0801129,1.86095,1.93968,1.59092
around,2.625,leo,0,17,10.4495,0,0,190,0.243795,0.238315,4.55758,0.0835706,1.87056,1.86844,1.58721
around,2.625,leo,0,18,10.8768,0,0,190,0.244891,0.239959,4.55375,0.0800128,1.97379,2.05089,1.73354
around,2.625,leo,0,19,10.9608,0,0,190,0.237219,0.242699,4.52854,0.0949394,1.9718,2.15174,1.73385
around,2.625,lqi-literal,0,0,10.7545,0,0,190,0.238315,0.241603,4.54881,0.0800128,1.94418,2.00337,1.69823
around,2.625,lqi-literal,0,1,10.6065,0,0,190,0.243247,0.239959,4.56854,0.0841186,1.90838,1.94224,1.61997
around,2.625,lqi-literal,0,2,10.4517,0,0,190,0.243247,0.238863,4.54607,0.0761073,1.88548,1.88485,1.57709
around,2.625,lqi-literal,0,3,10.5662,0,0,190,0.242699,0.242699,4.54662,0.0761073,1.90654,1.94879,1.60274
around,2.625,lqi-literal,0,4,10.5744,0,0,190,0.237219,0.243795,4.58827,0.0800128,1.90952,1.88237,1.63321
around,2.625,lqi-literal,0,5,10.4887,0,0,190,0.245987,0.242151,4.54827,0.0761073,1.88892,1.89555,1.59172
around,2.625,lqi-literal,0,6,10.6218,0,0,190,0.236123,0.244891,4.55758,0.0761073,1.94191,1.95803,1.60714
around,2.625,lqi-literal,0,7,10.8973,0,0,190,0.243247,0.237767,4.54827,0.087924,2.00083,2.03405,1.74524
around,2.625,lqi-literal,0,8,10.4715,0,0,190,0.243795,0.235027,4.5532,0.0761073,1.87191,1.89666,1.59477
around,2.625,lqi-literal,0,9,10.4581,0,0,190,0.241055,0.237767,4.56416,0.0801129,1.85245,1.9021,1.58045
around,2.625,lqi-literal,0,10,10.5273,0,0,190,0.241603,0.243247,4.56964,0.0761073,1.87007,1.93857,1.58811
around,2.625,lqi-literal,0,11,10.7386,0,0,190,0.238315,0.240507,4.54881,0.0874761,1.93298,1.9935,1.69703
around,2.625,lqi-literal,0,12,10.7828,0,0,190,0.236671,0.239411,4.5532,0.0869281,1.9481,2.01817,1.70029
around,2.625,lqi-literal,0,13,10.4627,0,0,190,0.236671,0.239411,4.5395,0.0801129,1.86365,1.90516,1.59823
around,2.625,lqi-literal,0,14,10.5456,0,0,190,0.242699,0.243795,4.54991,0.0761073,1.91554,1.91501,1.60254
around,2.625,lqi-literal,0,15,10.4845,0,0,190,0.237219,0.239959,4.55649,0.0761073,1.87857,1.91171,1.58445
around,2.625,lqi-literal,0,16,10.5059,0,0,190,0.239959,0.242699,4.55155,0.0801129,1.86095,1.93968,1.59092
around,2.625,lqi-literal,0,17,10.4495,0,0,190,0.243795,0.238315,4.55758,0.0835706,1.87056,1.86844,1.58721
around,2.625,lqi-literal,0,18,10.8768,0,0,190,0.244891,0.239959,4.55375,0.0800128,1.97379,2.05089,1.73354
around,2.625,lqi-literal,0,19,10.9608,0,0,190,0.237219,0.242699,4.52854,0.0949394,1.9718,2.15174,1.73385
around,3,hopcount,0,0,10.7465,1,1,189,0.173651,0.167075,3.45823,0.143277,2.27989,2.54967,1.97471
around,3,hopcount,0,1,10.9954,1,1,189,0.175295,0.173651,3.46097,0.124345,2.37888,2.67571,2.00654
around,3,hopcount,0,2,10.3373,1,1,189,0.173103,0.175843,3.46535,0.10887,2.22524,2.36032,1.82852
around,3,hopcount,0,3,10.6712,0,0,190,0.173651,0.174199,3.28951,0.0915819,2.32574,2.64091,1.97559
around,3,hopcount,0,4,10.3684,0,0,190,0.173103,0.172007,3.29444,0.106508,2.27491,2.41946,1.92795
around,3,hopcount,0,5,10.5031,0,0,190,0.182419,0.179679,3.29828,0.0841186,2.26289,2.56375,1.93191
around,3,hopcount,0,6,10.6092,0,0,190,0.168719,0.178035,3.31417,0.0990452,2.36104,2.54023,1.94793
around,3,hopcount,0,7,11.0312,1,1,189,0.174747,0.175295,3.47193,0.116881,2.34959,2.69449,2.04824
around,3,hopcount,0,8,10.2783,0,0,190,0.170363,0.172555,3.28677,0.0801129,2.2281,2.53573,1.80465
around,3,hopcount,0,9,10.4293,0,0,190,0.173651,0.175295,3.33773,0.0915819,2.33286,2.49456,1.82359
around,3,hopcount,0,10,11.4113,0,0,190,0.177487,0.178583,3.32897,0.0961355,2.5234,2.92373,2.18296
around,3,hopcount,0,11,10.5317,1,1,189,0.172007,0.172007,3.49714,0.133452,2.17814,2.45979,1.91917
around,3,hopcount,0,12,11.0218,0,0,190,0.174747,0.168171,3.32458,0.0915819,2.43203,2.74168,2.08902
around,3,hopcount,0,13,9.99986,0,0,190,0.174199,0.173651,3.29115,0.0761073,2.14035,2.36158,1.78281
around,3,hopcount,0,14,10.3829,0,0,190,0.172555,0.173651,3.28019,0.0910339,2.43892,2.3685,1.85803
around,3,hopcount,0,15,11.9149,0,0,190,0.174747,0.175843,3.29992,0.142729,2.58756,3.28805,2.24604
around,3,hopcount,0,16,10.2015,0,0,190,0.177487,0.172007,3.29006,0.101955,2.26821,2.37337,1.81844
around,3,hopcount,0,17,11.3619,2,2,188,0.179679,0.169267,3.64722,0.127254,2.38511,2.86755,1.9858
around,3,hopcount,0,18,10.4907,1,1,189,0.178035,0.170363,3.50043,0.10596,2.28026,2.37087,1.88477
around,3,hopcount,0,19,10.9894,1,1,189,0.175843,0.173651,3.49001,0.129446,2.33533,2.66599,2.01911
around,3,lqi,0,0,10.4342,0,0,190,0.173651,0.167075,3.2791,0.118525,2.29594,2.40223,1.99772
around,3,lqi,0,1,10.2713,0,0,190,0.175295,0.173651,3.28732,0.109418,2.31193,2.29001,1.92373
around,3,lqi,0,2,10.1476,0,0,190,0.173103,0.175843,3.29061,0.0910339,2.25038,2.32079,1.84584
around,3,lqi,0,3,10.4799,0,0,190,0.173651,0.174199,3.28951,0.0915819,2.30107,2.52357,1.92629
around,3,lqi,0,4,10.3684,0,0,190,0.173103,0.172007,3.29444,0.106508,2.27491,2.41946,1.92795
around,3,lqi,0,5,10.3454,0,0,190,0.182419,0.179679,3.29828,0.0841186,2.26301,2.44877,1.88915
around,3,lqi,0,6,10.6092,0,0,190,0.168719,0.178035,3.31417,0.0990452,2.36104,2.54023,1.94793
around,3,lqi,0,7,10.6654,0,0,190,0.174747,0.175295,3.29718,0.103599,2.40862,2.46351,2.04242
around,3,lqi,0,8,10.2783,0,0,190,0.170363,0.172555,3.28677,0.0801129,2.2281,2.53573,1.80465
around,3,lqi,0,9,10.4293,0,0,190,0.173651,0.175295,3.33773,0.0915819,2.33286,2.49456,1.82359
around,3,lqi,0,10,10.8669,0,0,190,0.177487,0.178583,3.32897,0.0961355,2.50698,2.51783,2.06087
around,3,lqi,0,11,10.1264,0,0,190,0.172007,0.172007,3.31417,0.11161,2.21836,2.23195,1.90627
around,3,lqi,0,12,10.7048,0,0,190,0.174747,0.168171,3.32458,0.0875762,2.38912,2.55623,2.00441
around,3,lqi,0,13,9.99986,0,0,190,0.174199,0.173651,3.29115,0.0761073,2.14035,2.36158,1.78281
around,3,lqi,0,14,10.3829,0,0,190,0.172555,0.173651,3.28019,0.0910339,2.43892,2.3685,1.85803
around,3,lqi,0,15,10.4361,0,0,190,0.174747,0.175843,3.29992,0.125441,2.26991,2.40952,1.98067
around,3,lqi,0,16,10.2015,0,0,190,0.177487,0.172007,3.29006,0.101955,2.26821,2.37337,1.81844
around,3,lqi,0,17,10.5208,0,0,190,0.179679,0.169267,3.29663,0.102503,2.33509,2.5186,1.919
around,3,lqi,0,18,10.5582,0,0,190,0.178035,0.170363,3.32294,0.0881242,2.37978,2.44936,1.96962
around,3,lqi,0,19,10.7244,0,0,190,0.175843,0.173651,3.31472,0.111062,2.44608,2.48227,2.02082
around,3,leo,0,0,10.7465,1,1,189,0.173651,0.167075,3.45823,0.143277,2.27989,2.54967,1.97471
around,3,leo,0,1,10.9954,1,1,189,0.175295,0.173651,3.46097,0.124345,2.37888,2.67571,2.00654
around,3,leo,0,2,10.3373,1,1,189,0.173103,0.175843,3.46535,0.10887,2.22524,2.36032,1.82852
around,3,leo,0,3,10.6712,0,0,190,0.173651,0.174199,3.28951,0.0915819,2.32574,2.64091,1.97559
around,3,leo,0,4,10.3684,0,0,190,0.173103,0.172007,3.29444,0.106508,2.27491,2.41946,1.92795
around,3,leo,0,5,10.5031,0,0,190,0.182419,0.179679,3.29828,0.0841186,2.26289,2.56375,1.93191
around,3,leo,0,6,10.6092,0,0,190,0.168719,0.178035,3.31417,0.0990452,2.36104,2.54023,1.94793
around,3,leo,0,7,11.0312,1,1,189,0.174747,0.175295,3.47193,0.116881,2.34959,2.69449,2.04824
around,3,leo,0,8,10.2783,0,0,190,0.170363,0.172555,3.28677,0.0801129,2.2281,2.53573,1.80465
around,3,leo,0,9,10.4293,0,0,190,0.173651,0.175295,3.33773,0.0915819,2.33286,2.49456,1.82359
around,3,leo,0,10,11.4113,0,0,190,0.177487,0.178583,3.32897,0.0961355,2.5234,2.92373,2.18296
around,3,leo,0,11,10.5317,1,1,189,0.172007,0.172007,3.49714,0.133452,2.17814,2.45979,1.91917
around,3,leo,0,12,11.0218,0,0,190,0.174747,0.168171,3.32458,0.0915819,2.43203,2.74168,2.08902
around,3,leo,0,13,9.99986,0,0,190,0.174199,0.173651,3.29115,0.0761073,2.14035,2.36158,1.78281
around,3,leo,0,14,10.3829,0,0,190,0.172555,0.173651,3.28019,0.0910339,2.43892,2.3685,1.85803
around,3,leo,0,15,11.9149,0,0,190,0.174747,0.175843,3.29992,0.142729,2.58756,3.28805,2.24604
around,3,leo,0,16,10.2015,0,0,190,0.177487,0.172007,3.29006,0.101955,2.26821,2.37337,1.81844
around,3,leo,0,17,11.3619,2,2,188,0.179679,0.169267,3.64722,0.127254,2.38511,2.86755,1.9858
around,3,leo,0,18,10.4907,1,1,189,0.178035,0.170363,3.50043,0.10596,2.28026,2.37087,1.88477
around,3,leo,0,19,10.9894,1,1,189,0.175843,0.173651,3.49001,0.129446,2.33533,2.66599,2.01911
around,3,lqi-literal,0,0,10.7465,1,1,189,0.173651,0.167075,3.45823,0.143277,2.27989,2.54967,1.97471
around,3,lqi-literal,0,1,10.9954,1,1,189,0.175295,0.173651,3.46097,0.124345,2.37888,2.67571,2.00654
around,3,lqi-literal,0,2,10.3373,1,1,189,0.173103,0.175843,3.46535,0.10887,2.22524,2.36032,1.82852
around,3,lqi-literal,0,3,10.6712,0,0,190,0.173651,0.174199,3.28951,0.0915819,2.32574,2.64091,1.97559
around,3,lqi-literal,0,4,10.3684,0,0,190,0.173103,0.172007,3.29444,0.106508,2.27491,2.41946,1.92795
around,3,lqi-literal,0,5,10.5031,0,0,190,0.182419,0.179679,3.29828,0.0841186,2.26289,2.56375,1.93191
around,3,lqi-literal,0,6,10.6092,0,0,190,0.168719,0.178035,3.31417,0.0990452,2.36104,2.54023,1.94793
around,3,lqi-literal,0,7,11.0312,1,1,189,0.174747,0.175295,3.47193,0.116881,2.34959,2.69449,2.04824
around,3,lqi-literal,0,8,10.2783,0,0,190,0.170363,0.172555,3.28677,0.0801129,2.2281,2.53573,1.80465
around,3,lqi-literal,0,9,10.4293,0,0,190,0.173651,0.175295,3.33773,0.0915819,2.33286,2.49456,1.82359
around,3,lqi-literal,0,10,11.4113,0,0,190,0.177487,0.178583,3.32897,0.0961355,2.5234,2.92373,2.18296
around,3,lqi-literal,0,11,10.5317,1,1,189,0.172007,0.172007,3.49714,0.133452,2.17814,2.45979,1.91917
around,3,lqi-literal,0,12,11.0218,0,0,190,0.174747,0.168171,3.32458,0.0915819,2.43203,2.74168,2.08902
around,3,lqi-literal,0,13,9.99986,0,0,190,0.174199,0.173651,3.29115,0.0761073,2.14035,2.36158,1.78281
around,3,lqi-literal,0,14,10.3829,0,0,190,0.172555,0.173651,3.28019,0.0910339,2.43892,2.3685,1.85803
around,3,lqi-literal,0,15,11.9149,0,0,190,0.174747,0.175843,3.29992,0.142729,2.58756,3.28805,2.24604
around,3,lqi-literal,0,16,10.2015,0,0,190,0.177487,0.172007,3.29006,0.101955,2.26821,2.37337,1.81844
around,3,lqi-literal,0,17,11.3619,2,2,188,0.179679,0.169267,3.64722,0.127254,2.38511,2.86755,1.9858
around,3,lqi-literal,0,18,10.4907,1,1,189,0.178035,0.170363,3.50043,0.10596,2.28026,2.37087,1.88477
around,3,lqi-literal,0,19,10.9894,1,1,189,0.175843,0.173651,3.49001,0.129446,2.33533,2.66599,2.01911
one-side,2,hopcount,0,0,9.31022,0,0,190,0.256399,0.258043,4.86008,0.0876864,1.27549,1.37665,1.19587
one-side,2,hopcount,0,1,9.15105,0,0,190,0.256399,0.255851,4.86282,0.0818969,1.23924,1.33327,1.12158
one-side,2,hopcount,0,2,9.11235,0,0,190,0.255851,0.260783,4.86885,0.0761073,1.22705,1.32872,1.09499
one-side,2,hopcount,0,3,9.20094,0,0,190,0.256399,0.256947,4.86063,0.0795649,1.25191,1.37746,1.11803
one-side,2,hopcount,0,4,9.09088,0,0,190,0.249823,0.258591,4.87268,0.0778912,1.22768,1.29232,1.11189
one-side,2,hopcount,0,5,9.14107,0,0,190,0.259687,0.260235,4.85624,0.0761073,1.26141,1.31744,1.10995
one-side,2,hopcount,0,6,9.23478,0,0,190,0.256399,0.259687,4.86337,0.0795649,1.28351,1.37121,1.12105
one-side,2,hopcount,0,7,9.46369,0,0,190,0.256947,0.256399,4.86611,0.087901,1.34194,1.37817,1.27623
one-side,2,hopcount,0,8,9.054,0,0,190,0.256399,0.250919,4.84802,0.0761073,1.22783,1.29996,1.09477
one-side,2,hopcount,0,9,9.10491,0,0,190,0.255851,0.252563,4.87213,0.0801129,1.22111,1.33121,1.09193
one-side,2,hopcount,0,10,9.23058,0,0,190,0.259139,0.256947,4.85021,0.0818969,1.24757,1.37788,1.15692
one-side,2,hopcount,0,11,9.15491,0,0,190,0.256947,0.255303,4.8546,0.0853545,1.24284,1.32881,1.13106
one-side,2,hopcount,0,12,9.16507,0,0,190,0.254755,0.256399,4.8535,0.0871384,1.24209,1.32978,1.1414
one-side,2,hopcount,0,13,9.05134,0,0,190,0.255851,0.255851,4.84035,0.0761073,1.20947,1.31879,1.09492
one-side,2,hopcount,0,14,9.26198,0,0,190,0.255303,0.259139,4.8546,0.0848065,1.28306,1.35833,1.16674
one-side,2,hopcount,0,15,9.1574,0,0,190,0.258591,0.255851,4.87378,0.0761073,1.26745,1.32465,1.10097
one-side,2,hopcount,0,16,9.18067,0,0,190,0.254755,0.256399,4.85131,0.0835706,1.24878,1.36813,1.11772
one-side,2,hopcount,0,17,9.09052,0,0,190,0.256947,0.253111,4.87213,0.0875762,1.23883,1.28758,1.09435
one-side,2,hopcount,0,18,9.26883,0,0,190,0.257495,0.254755,4.86611,0.0818969,1.22576,1.41789,1.16493
one-side,2,hopcount,0,19,9.24563,0,0,190,0.254755,0.259687,4.85241,0.0911441,1.26687,1.3518,1.16898
one-side,2,lqi,0,0,9.31022,0,0,190,0.256399,0.258043,4.86008,0.0876864,1.27549,1.37665,1.19587
one-side,2,lqi,0,1,9.15105,0,0,190,0.256399,0.255851,4.86282,0.0818969,1.23924,1.33327,1.12158
one-side,2,lqi,0,2,9.11235,0,0,190,0.255851,0.260783,4.86885,0.0761073,1.22705,1.32872,1.09499
one-side,2,lqi,0,3,9.20094,0,0,190,0.256399,0.256947,4.86063,0.0795649,1.25191,1.37746,1.11803
one-side,2,lqi,0,4,9.09088,0,0,190,0.249823,0.258591,4.87268,0.0778912,1.22768,1.29232,1.11189
one-side,2,lqi,0,5,9.14107,0,0,190,0.259687,0.260235,4.85624,0.0761073,1.26141,1.31744,1.10995
one-side,2,lqi,0,6,9.23478,0,0,190,0.256399,0.259687,4.86337,0.0795649,1.28351,1.37121,1.12105
one-side,2,lqi,0,7,9.46369,0,0,190,0.256947,0.256399,4.86611,0.087901,1.34194,1.37817,1.27623
one-side,2,lqi,0,8,9.054,0,0,190,0.256399,0.250919,4.84802,0.0761073,1.22783,1.29996,1.09477
one-side,2,lqi,0,9,9.10491,0,0,190,0.255851,0.252563,4.87213,0.0801129,1.22111,1.33121,1.09193
one-side,2,lqi,0,10,9.23058,0,0,190,0.259139,0.256947,4.85021,0.0818969,1.24757,1.37788,1.15692
one-side,2,lqi,0,11,9.15491,0,0,190,0.256947,0.255303,4.8546,0.0853545,1.24284,1.32881,1.13106
one-side,2,lqi,0,12,9.16507,0,0,190,0.254755,0.256399,4.8535,0.0871384,1.24209,1.32978,1.1414
one-side,2,lqi,0,13,9.05134,0,0,190,0.255851,0.255851,4.84035,0.0761073,1.20947,1.31879,1.09492
one-side,2,lqi,0,14,9.26198,0,0,190,0.255303,0.259139,4.8546,0.0848065,1.28306,1.35833,1.16674
one-side,2,lqi,0,15,9.1574,0,0,190,0.258591,0.255851,4.87378,0.0761073,1.26745,1.32465,1.10097
one-side,2,lqi,0,16,9.18067,0,0,190,0.254755,0.256399,4.85131,0.0835706,1.24878,1.36813,1.11772
one-side,2,lqi,0,17,9.09052,0,0,190,0.256947,0.253111,4.87213,0.0875762,1.23883,1.28758,1.09435
one-side,2,lqi,0,18,9.26883,0,0,190,0.257495,0.254755,4.86611,0.0818969,1.22576,1.41789,1.16493
one-side,2,lqi,0,19,9.24563,0,0,190,0.254755,0.259687,4.85241,0.0911441,1.26687,1.3518,1.16898
one-side,2,leo,0,0,9.31022,0,0,190,0.256399,0.258043,4.86008,0.0876864,1.27549,1.37665,1.19587
one-side,2,leo,0,1,9.15105,0,0,190,0.256399,0.255851,4.86282,0.0818969,1.23924,1.33327,1.12158
one-side,2,leo,0,2,9.11235,0,0,190,0.255851,0.260783,4.86885,0.0761073,1.22705,1.32872,1.09499
one-side,2,leo,0,3,9.20094,0,0,190,0.256399,0.256947,4.86063,0.0795649,1.25191,1.37746,1.11803
one-side,2,leo,0,4,9.09088,0,0,190,0.249823,0.258591,4.87268,0.0778912,1.22768,1.29232,1.11189
one-side,2,leo,0,5,9.14107,0,0,190,0.259687,0.260235,4.85624,0.0761073,1.26141,1.31744,1.10995
one-side,2,leo,0,6,9.23478,0,0,190,0.256399,0.259687,4.86337,0.0795649,1.28351,1.37121,1.12105
one-side,2,leo,0,7,9.47353,0,0,190,0.256947,0.256399,4.86611,0.0881157,1.34666,1.3793,1.28
one-side,2,leo,0,8,9.054,0,0,190,0.256399,0.250919,4.84802,0.0761073,1.22783,1.29996,1.09477
one-side,2,leo,0,9,9.10491,0,0,190,0.255851,0.252563,4.87213,0.0801129,1.22111,1.33121,1.09193
one-side,2,leo,0,10,9.23058,0,0,190,0.259139,0.256947,4.85021,0.0818969,1.24757,1.37788,1.15692
one-side,2,leo,0,11,9.15491,0,0,190,0.256947,0.255303,4.8546,0.0853545,1.24284,1.32881,1.13106
one-side,2,leo,0,12,9.16507,0,0,190,0.254755,0.256399,4.8535,0.0871384,1.24209,1.32978,1.1414
one-side,2,leo,0,13,9.05134,0,0,190,0.255851,0.255851,4.84035,0.0761073,1.20947,1.31879,1.09492
one-side,2,leo,0,14,9.26198,0,0,190,0.255303,0.259139,4.8546,0.0848065,1.28306,1.35833,1.16674
one-side,2,leo,0,15,9.1574,0,0,190,0.258591,0.255851,4.87378,0.0761073,1.26745,1.32465,1.10097
one-side,2,leo,0,16,9.18067,0,0,190,0.254755,0.256399,4.85131,0.0835706,1.24878,1.36813,1.11772
one-side,2,leo,0,17,9.09052,0,0,190,0.256947,0.253111,4.87213,0.0875762,1.23883,1.28758,1.09435
one-side,2,leo,0,18,9.26883,0,0,190,0.257495,0.254755,4.86611,0.0818969,1.22576,1.41789,1.16493
one-side,2,leo,0,19,9.24563,0,0,190,0.254755,0.259687,4.85241,0.0911441,1.26687,1.3518,1.16898
one-side,2,lqi-literal,0,0,9.31022,0,0,190,0.256399,0.258043,4.86008,0.0876864,1.27549,1.37665,1.19587
one-side,2,lqi-literal,0,1,9.15105,0,0,190,0.256399,0.255851,4.86282,0.0818969,1.23924,1.33327,1.12158
one-side,2,lqi-literal,0,2,9.11235,0,0,190,0.255851,0.260783,4.86885,0.0761073,1.22705,1.32872,1.09499
one-side,2,lqi-literal,0,3,9.20094,0,0,190,0.256399,0.256947,4.86063,0.0795649,1.25191,1.37746,1.11803
one-side,2,lqi-literal,0,4,9.09088,0,0,190,0.249823,0.258591,4.87268,0.0778912,1.22768,1.29232,1.11189
one-side,2,lqi-literal,0,5,9.14107,0,0,190,0.259687,0.260235,4.85624,0.0761073,1.26141,1.31744,1.10995
one-side,2,lqi-literal,0,6,9.23478,0,0,190,0.256399,0.259687,4.86337,0.0795649,1.28351,1.37121,1.12105
one-side,2,lqi-literal,0,7,9.46369,0,0,190,0.256947,0.256399,4.86611,0.087901,1.34194,1.37817,1.27623
one-side,2,lqi-literal,0,8,9.054,0,0,190,0.256399,0.250919,4.84802,0.0761073,1.22783,1.29996,1.09477
one-side,2,lqi-literal,0,9,9.10491,0,0,190,0.255851,0.252563,4.87213,0.0801129,1.22111,1.33121,1.09193
one-side,2,lqi-literal,0,10,9.23058,0,0,190,0.259139,0.256947,4.85021,0.0818969,1.24757,1.37788,1.15692
one-side,2,lqi-literal,0,11,9.15491,0,0,190,0.256947,0.255303,4.8546,0.0853545,1.24284,1.32881,1.13106
one-side,2,lqi-literal,0,12,9.16507,0,0,190,0.254755,0.256399,4.8535,0.0871384,1.24209,1.32978,1.1414
one-side,2,lqi-literal,0,13,9.05134,0,0,190,0.255851,0.255851,4.84035,0.0761073,1.20947,1.31879,1.09492
one-side,2,lqi-literal,0,14,9.26198,0,0,190,0.255303,0.259139,4.8546,0.0848065,1.28306,1.35833,1.16674
one-side,2,lqi-literal,0,15,9.1574,0,0,190,0.258591,0.255851,4.87378,0.0761073,1.26745,1.32465,1.10097
one-side,2,lqi-literal,0,16,9.18067,0,0,190,0.254755,0.256399,4.85131,0.0835706,1.24878,1.36813,1.11772
one-side,2,lqi-literal,0,17,9.09052,0,0,190,0.256947,0.253111,4.87213,0.0875762,1.23883,1.28758,1.09435
one-side,2,lqi-literal,0,18,9.26883,0,0,190,0.257495,0.254755,4.86611,0.0818969,1.22576,1.41789,1.16493
one-side,2,lqi-literal,0,19,9.24563,0,0,190,0.254755,0.259687,4.85241,0.0911441,1.26687,1.3518,1.16898
one-side,2.25,hopcount,0,0,11.43,0,0,190,0.256399,0.257495,4.84747,0.0926239,2.03566,2.13494,1.80545
one-side,2.25,hopcount,0,1,11.3322,0,0,190,0.254207,0.255851,4.85076,0.0905194,2.01736,2.11688,1.74657
one-side,2.25,hopcount,0,2,11.3189,0,0,190,0.253659,0.259139,4.85569,0.0833134,2.01452,2.11977,1.73282
one-side,2.25,hopcount,0,3,11.443,0,0,190,0.254207,0.256399,4.85076,0.0907767,2.04205,2.19189,1.75689
one-side,2.25,hopcount,0,4,11.2561,0,0,190,0.249275,0.258043,4.85953,0.0942343,2.01006,2.09404,1.69091
one-side,2.25,hopcount,0,5,11.2679,0,0,190,0.260235,0.258043,4.84912,0.0833134,1.96566,2.12143,1.73014
one-side,2.25,hopcount,0,6,11.4256,0,0,190,0.254755,0.258591,4.85405,0.0841186,2.06513,2.20124,1.70773
one-side,2.25,hopcount,0,7,11.5793,0,0,190,0.255303,0.256947,4.85186,0.0968714,2.08711,2.19596,1.83528
one-side,2.25,hopcount,0,8,11.2348,0,0,190,0.257495,0.252015,4.8398,0.0841186,1.96822,2.1617,1.67146
one-side,2.25,hopcount,0,9,11.2769,0,0,190,0.255851,0.253111,4.86611,0.0915819,2.01075,2.13412,1.66535
one-side,2.25,hopcount,0,10,11.4277,0,0,190,0.258043,0.257495,4.84967,0.0825081,2.00349,2.22163,1.75487
one-side,2.25,hopcount,0,11,11.1425,0,0,190,0.252563,0.255303,4.84145,0.0947823,1.97434,2.03728,1.68683
one-side,2.25,hopcount,0,12,11.3199,0,0,190,0.256399,0.254207,4.84912,0.0899714,1.97666,2.14277,1.75081
one-side,2.25,hopcount,0,13,11.076,0,0,190,0.256947,0.253659,4.83213,0.0761073,1.93285,2.07521,1.64913
one-side,2.25,hopcount,0,14,11.288,0,0,190,0.253111,0.260783,4.85898,0.0795649,2.0121,2.14349,1.67999
one-side,2.25,hopcount,0,15,11.4439,0,0,190,0.257495,0.255303,4.86117,0.0926239,2.03979,2.14546,1.79202
one-side,2.25,hopcount,0,16,11.2495,0,0,190,0.254207,0.254207,4.84199,0.0835706,2.01521,2.15311,1.64723
one-side,2.25,hopcount,0,17,11.354,0,0,190,0.256947,0.251467,4.86227,0.0936863,2.01463,2.14493,1.73007
one-side,2.25,hopcount,0,18,11.5044,0,0,190,0.256399,0.250919,4.85789,0.0793077,2.09993,2.18739,1.77258
one-side,2.25,hopcount,0,19,11.4589,0,0,190,0.255303,0.261331,4.84912,0.0974347,2.08548,2.13176,1.77844
one-side,2.25,lqi,0,0,11.43,0,0,190,0.256399,0.257495,4.84747,0.0926239,2.03566,2.13494,1.80545
one-side,2.25,lqi,0,1,11.3322,0,0,190,0.254207,0.255851,4.85076,0.0905194,2.01736,2.11688,1.74657
one-side,2.25,lqi,0,2,11.3189,0,0,190,0.253659,0.259139,4.85569,0.0833134,2.01452,2.11977,1.73282
one-side,2.25,lqi,0,3,11.443,0,0,190,0.254207,0.256399,4.85076,0.0907767,2.04205,2.19189,1.75689
one-side,2.25,lqi,0,4,11.2561,0,0,190,0.249275,0.258043,4.85953,0.0942343,2.01006,2.09404,1.69091
one-side,2.25,lqi,0,5,11.2679,0,0,190,0.260235,0.258043,4.84912,0.0833134,1.96566,2.12143,1.73014
one-side,2.25,lqi,0,6,11.4256,0,0,190,0.254755,0.258591,4.85405,0.0841186,2.06513,2.20124,1.70773
one-side,2.25,lqi,0,7,11.5793,0,0,190,0.255303,0.256947,4.85186,0.0968714,2.08711,2.19596,1.83528
one-side,2.25,lqi,0,8,11.2348,0,0,190,0.257495,0.252015,4.8398,0.0841186,1.96822,2.1617,1.67146
one-side,2.25,lqi,0,9,11.2769,0,0,190,0.255851,0.253111,4.86611,0.0915819,2.01075,2.13412,1.66535
one-side,2.25,lqi,0,10,11.4277,0,0,190,0.258043,0.257495,4.84967,0.0825081,2.00349,2.22163,1.75487
one-side,2.25,lqi,0,11,11.1425,0,0,190,0.252563,0.255303,4.84145,0.0947823,1.97434,2.03728,1.68683
one-side,2.25,lqi,0,12,11.3199,0,0,190,0.256399,0.254207,4.84912,0.0899714,1.97666,2.14277,1.75081
one-side,2.25,lqi,0,13,11.076,0,0,190,0.256947,0.253659,4.83213,0.0761073,1.93285,2.07521,1.64913
one-side,2.25,lqi,0,14,11.288,0,0,190,0.253111,0.260783,4.85898,0.0795649,2.0121,2.14349,1.67999
one-side,2.25,lqi,0,15,11.4439,0,0,190,0.257495,0.255303,4.86117,0.0926239,2.03979,2.14546,1.79202
one-side,2.25,lqi,0,16,11.2495,0,0,190,0.254207,0.254207,4.84199,0.0835706,2.01521,2.15311,1.64723
one-side,2.25,lqi,0,17,11.354,0,0,190,0.256947,0.251467,4.86227,0.0936863,2.01463,2.14493,1.73007
one-side,2.25,lqi,0,18,11.5044,0,0,190,0.256399,0.250919,4.85789,0.0793077,2.09993,2.18739,1.77258
one-side,2.25,lqi,0,19,11.4589,0,0,190,0.255303,0.261331,4.84912,0.0974347,2.08548,2.13176,1.77844
one-side,2.25,leo,0,0,11.43,0,0,190,0.256399,0.257495,4.84747,0.0926239,2.03566,2.13494,1.80545
one-side,2.25,leo,0,1,11.3322,0,0,190,0.254207,0.255851,4.85076,0.0905194,2.01736,2.11688,1.74657
one-side,2.25,leo,0,2,11.3189,0,0,190,0.253659,0.259139,4.85569,0.0833134,2.01452,2.11977,1.73282
one-side,2.25,leo,0,3,11.443,0,0,190,0.254207,0.256399,4.85076,0.0907767,2.04205,2.19189,1.75689
one-side,2.25,leo,0,4,11.2561,0,0,190,0.249275,0.258043,4.85953,0.0942343,2.01006,2.09404,1.69091
one-side,2.25,leo,0,5,11.2679,0,0,190,0.260235,0.258043,4.84912,0.0833134,1.96566,2.12143,1.73014
one-side,2.25,leo,0,6,11.4256,0,0,190,0.254755,0.258591,4.85405,0.0841186,2.06513,2.20124,1.70773
one-side,2.25,leo,0,7,11.5793,0,0,190,0.255303,0.256947,4.85186,0.0968714,2.08711,2.19596,1.83528
one-side,2.25,leo,0,8,11.2348,0,0,190,0.257495,0.252015,4.8398,0.0841186,1.96822,2.1617,1.67146
one-side,2.25,leo,0,9,11.2769,0,0,190,0.255851,0.253111,4.86611,0.0915819,2.01075,2.13412,1.66535
one-side,2.25,leo,0,10,11.4277,0,0,190,0.258043,0.257495,4.84967,0.0825081,2.00349,2.22163,1.75487
one-side,2.25,leo,0,11,11.1425,0,0,190,0.252563,0.255303,4.84145,0.0947823,1.97434,2.03728,1.68683
one-side,2.25,leo,0,12,11.3199,0,0,190,0.256399,0.254207,4.84912,0.0899714,1.97666,2.14277,1.75081
one-side,2.25,leo,0,13,11.076,0,0,190,0.256947,0.253659,4.83213,0.0761073,1.93285,2.07521,1.64913
one-side,2.25,leo,0,14,11.288,0,0,190,0.253111,0.260783,4.85898,0.0795649,2.0121,2.14349,1.67999
one-side,2.25,leo,0,15,11.4439,0,0,190,0.257495,0.255303,4.86117,0.0926239,2.03979,2.14546,1.79202
one-side,2.25,leo,0,16,11.2495,0,0,190,0.254207,0.254207,4.84199,0.0835706,2.01521,2.15311,1.64723
one-side,2.25,leo,0,17,11.354,0,0,190,0.256947,0.251467,4.86227,0.0936863,2.01463,2.14493,1.73007
one-side,2.25,leo,0,18,11.5044,0,0,190,0.256399,0.250919,4.85789,0.0793077,2.09993,2.18739,1.77258
one-side,2.25,leo,0,19,11.4589,0,0,190,0.255303,0.261331,4.84912,0.0974347,2.08548,2.13176,1.77844
one-side,2.25,lqi-literal,0,0,11.43,0,0,190,0.256399,0.257495,4.84747,0.0926239,2.03566,2.13494,1.80545
one-side,2.25,lqi-literal,0,1,11.3322,0,0,190,0.254207,0.255851,4.85076,0.0905194,2.01736,2.11688,1.74657
one-side,2.25,lqi-literal,0,2,11.3189,0,0,190,0.253659,0.259139,4.85569,0.0833134,2.01452,2.11977,1.73282
one-side,2.25,lqi-literal,0,3,11.443,0,0,190,0.254207,0.256399,4.85076,0.0907767,2.04205,2.19189,1.75689
one-side,2.25,lqi-literal,0,4,11.2561,0,0,190,0.249275,0.258043,4.85953,0.0942343,2.01006,2.09404,1.69091
one-side,2.25,lqi-literal,0,5,11.2679,0,0,190,0.260235,0.258043,4.84912,0.0833134,1.96566,2.12143,1.73014
one-side,2.25,lqi-literal,0,6,11.4256,0,0,190,0.254755,0.258591,4.85405,0.0841186,2.06513,2.20124,1.70773
one-side,2.25,lqi-literal,0,7,11.5793,0,0,190,0.255303,0.256947,4.85186,0.0968714,2.08711,2.19596,1.83528
one-side,2.25,lqi-literal,0,8,11.2348,0,0,190,0.257495,0.252015,4.8398,0.0841186,1.96822,2.1617,1.67146
one-side,2.25,lqi-literal,0,9,11.2769,0,0,190,0.255851,0.253111,4.86611,0.0915819,2.01075,2.13412,1.66535
one-side,2.25,lqi-literal,0,10,11.4277,0,0,190,0.258043,0.257495,4.84967,0.0825081,2.00349,2.22163,1.75487
one-side,2.25,lqi-literal,0,11,11.1425,0,0,190,0.252563,0.255303,4.84145,0.0947823,1.97434,2.03728,1.68683
one-side,2.25,lqi-literal,0,12,11.3199,0,0,190,0.256399,0.254207,4.84912,0.0899714,1.97666,2.14277,1.75081
one-side,2.25,lqi-literal,0,13,11.076,0,0,190,0.256947,0.253659,4.83213,0.0761073,1.93285,2.07521,1.64913
one-side,2.25,lqi-literal,0,14,11.288,0,0,190,0.253111,0.260783,4.85898,0.0795649,2.0121,2.14349,1.67999
one-side,2.25,lqi-literal,0,15,11.4439,0,0,190,0.257495,0.255303,4.86117,0.0926239,2.03979,2.14546,1.79202
one-side,2.25,lqi-literal,0,16,11.2495,0,0,190,0.254207,0.254207,4.84199,0.0835706,2.01521,2.15311,1.64723
one-side,2.25,lqi-literal,0,17,11.354,0,0,190,0.256947,0.251467,4.86227,0.0936863,2.01463,2.14493,1.73007
one-side,2.25,lqi-literal,0,18,11.5044,0,0,190,0.256399,0.250919,4.85789,0.0793077,2.09993,2.18739,1.77258
one-side,2.25,lqi-literal,0,19,11.4589,0,0,190,0.255303,0.261331,4.84912,0.0974347,2.08548,2.13176,1.77844
one-side,2.5,hopcount,0,0,12.6377,0,0,190,0.253659,0.253659,4.76747,0.122531,2.44203,2.63349,2.16489
one-side,2.5,hopcount,0,1,12.6601,0,0,190,0.251467,0.254207,4.77623,0.117429,2.46809,2.67912,2.11354
one-side,2.5,hopcount,0,2,12.5481,0,0,190,0.250371,0.252015,4.78117,0.103051,2.49403,2.59263,2.07485
one-side,2.5,hopcount,0,3,12.3566,0,0,190,0.251467,0.252563,4.78226,0.0990452,2.4255,2.63248,1.91329
one-side,2.5,hopcount,0,4,12.1147,0,0,190,0.247631,0.254755,4.79761,0.11452,2.32447,2.42329,1.95248
one-side,2.5,hopcount,0,5,12.2308,0,0,190,0.258591,0.253659,4.77569,0.0841186,2.29056,2.63337,1.93482
one-side,2.5,hopcount,0,6,12.5456,0,0,190,0.250919,0.254755,4.79815,0.10596,2.43139,2.76236,1.94207
one-side,2.5,hopcount,0,7,12.6289,0,0,190,0.254755,0.252563,4.78007,0.109418,2.54862,2.61949,2.06398
one-side,2.5,hopcount,0,8,12.1648,0,0,190,0.250919,0.247631,4.77075,0.0899379,2.28494,2.67503,1.8456
one-side,2.5,hopcount,0,9,12.5098,0,0,190,0.252015,0.249275,4.78391,0.102503,2.43469,2.71822,1.96923
one-side,2.5,hopcount,0,10,12.7214,0,0,190,0.252563,0.251467,4.78555,0.104147,2.46775,2.6848,2.17512
one-side,2.5,hopcount,0,11,12.4035,0,0,190,0.254207,0.251467,4.77514,0.107604,2.39102,2.57968,2.04442
one-side,2.5,hopcount,0,12,12.5195,0,0,190,0.251467,0.249275,4.79377,0.0944915,2.42261,2.68986,2.01798
one-side,2.5,hopcount,0,13,11.9531,0,0,190,0.253111,0.246535,4.76801,0.0761073,2.22364,2.55233,1.83341
one-side,2.5,hopcount,0,14,12.8567,0,0,190,0.250919,0.256947,4.78555,0.102503,2.57372,2.79403,2.09302
one-side,2.5,hopcount,0,15,12.838,0,0,190,0.251467,0.253111,4.78062,0.121435,2.51714,2.73809,2.17614
one-side,2.5,hopcount,0,16,12.2039,0,0,190,0.249275,0.249823,4.77075,0.10596,2.37806,2.57181,1.87826
one-side,2.5,hopcount,0,17,12.8112,0,0,190,0.254755,0.250371,4.79815,0.106508,2.54293,2.76623,2.09228
one-side,2.5,hopcount,0,18,12.3322,0,0,190,0.253111,0.250371,4.79213,0.0955875,2.35728,2.61232,1.97142
one-side,2.5,hopcount,0,19,12.9612,0,0,190,0.247083,0.255851,4.76747,0.12835,2.59402,2.77116,2.19722
one-side,2.5,lqi,0,0,12.355,0,0,190,0.253659,0.253659,4.76747,0.122531,2.38344,2.49095,2.0833
one-side,2.5,lqi,0,1,12.6601,0,0,190,0.251467,0.254207,4.77623,0.117429,2.46809,2.67912,2.11354
one-side,2.5,lqi,0,2,12.0414,0,0,190,0.250371,0.252015,4.78117,0.103051,2.38619,2.35011,1.91854
one-side,2.5,lqi,0,3,12.3566,0,0,190,0.251467,0.252563,4.78226,0.0990452,2.4255,2.63248,1.91329
one-side,2.5,lqi,0,4,12.0886,0,0,190,0.247631,0.254755,4.79761,0.11452,2.30206,2.42522,1.94678
one-side,2.5,lqi,0,5,12.2308,0,0,190,0.258591,0.253659,4.77569,0.0841186,2.29056,2.63337,1.93482
one-side,2.5,lqi,0,6,12.5456,0,0,190,0.250919,0.254755,4.79815,0.10596,2.43139,2.76236,1.94207
one-side,2.5,lqi,0,7,12.5983,0,0,190,0.254755,0.252563,4.78007,0.10596,2.50155,2.62784,2.07556
one-side,2.5,lqi,0,8,12.1648,0,0,190,0.250919,0.247631,4.77075,0.0899379,2.28494,2.67503,1.8456
one-side,2.5,lqi,0,9,12.5098,0,0,190,0.252015,0.249275,4.78391,0.102503,2.43469,2.71822,1.96923
one-side,2.5,lqi,0,10,12.2576,0,0,190,0.252563,0.251467,4.78555,0.104147,2.3994,2.44086,2.02365
one-side,2.5,lqi,0,11,12.2166,0,0,190,0.254207,0.251467,4.77514,0.107604,2.3636,2.47521,1.9894
one-side,2.5,lqi,0,12,12.5195,0,0,190,0.251467,0.249275,4.79377,0.0944915,2.42261,2.68986,2.01798
one-side,2.5,lqi,0,13,11.9531,0,0,190,0.253111,0.246535,4.76801,0.0761073,2.22364,2.55233,1.83341
one-side,2.5,lqi,0,14,12.5857,0,0,190,0.250919,0.256947,4.78555,0.0990452,2.54315,2.65921,1.99085
one-side,2.5,lqi,0,15,12.6183,0,0,190,0.251467,0.253111,4.78062,0.121435,2.49869,2.60233,2.11065
one-side,2.5,lqi,0,16,12.2039,0,0,190,0.249275,0.249823,4.77075,0.10596,2.37806,2.57181,1.87826
one-side,2.5,lqi,0,17,12.7643,0,0,190,0.254755,0.250371,4.79815,0.106508,2.54524,2.73349,2.07575
one-side,2.5,lqi,0,18,12.274,0,0,190,0.253111,0.250371,4.79213,0.0881242,2.38441,2.55268,1.95319
one-side,2.5,lqi,0,19,12.9782,0,0,190,0.247083,0.255851,4.76747,0.117429,2.63233,2.75971,2.19832
one-side,2.5,leo,0,0,12.6377,0,0,190,0.253659,0.253659,4.76747,0.122531,2.44203,2.63349,2.16489
one-side,2.5,leo,0,1,12.6601,0,0,190,0.251467,0.254207,4.77623,0.117429,2.46809,2.67912,2.11354
one-side,2.5,leo,0,2,12.5481,0,0,190,0.250371,0.252015,4.78117,0.103051,2.49403,2.59263,2.07485
one-side,2.5,leo,0,3,12.3566,0,0,190,0.251467,0.252563,4.78226,0.0990452,2.4255,2.63248,1.91329
one-side,2.5,leo,0,4,12.1147,0,0,190,0.247631,0.254755,4.79761,0.11452,2.32447,2.42329,1.95248
one-side,2.5,leo,0,5,12.2308,0,0,190,0.258591,0.253659,4.77569,0.0841186,2.29056,2.63337,1.93482
one-side,2.5,leo,0,6,12.5456,0,0,190,0.250919,0.254755,4.79815,0.10596,2.43139,2.76236,1.94207
one-side,2.5,leo,0,7,12.6289,0,0,190,0.254755,0.252563,4.78007,0.109418,2.54862,2.61949,2.06398
one-side,2.5,leo,0,8,12.1648,0,0,190,0.250919,0.247631,4.77075,0.0899379,2.28494,2.67503,1.8456
one-side,2.5,leo,0,9,12.5098,0,0,190,0.252015,0.249275,4.78391,0.102503,2.43469,2.71822,1.96923
one-side,2.5,leo,0,10,12.7214,0,0,190,0.252563,0.251467,4.78555,0.104147,2.46775,2.6848,2.17512
one-side,2.5,leo,0,11,12.4035,0,0,190,0.254207,0.251467,4.77514,0.107604,2.39102,2.57968,2.04442
one-side,2.5,leo,0,12,12.5195,0,0,190,0.251467,0.249275,4.79377,0.0944915,2.42261,2.68986,2.01798
one-side,2.5,leo,0,13,11.9531,0,0,190,0.253111,0.246535,4.76801,0.0761073,2.22364,2.55233,1.83341
one-side,2.5,leo,0,14,12.8567,0,0,190,0.250919,0.256947,4.78555,0.102503,2.57372,2.79403,2.09302
one-side,2.5,leo,0,15,12.838,0,0,190,0.251467,0.253111,4.78062,0.121435,2.51714,2.73809,2.17614
one-side,2.5,leo,0,16,12.2039,0,0,190,0.249275,0.249823,4.77075,0.10596,2.37806,2.57181,1.87826
one-side,2.5,leo,0,17,12.8112,0,0,190,0.254755,0.250371,4.79815,0.106508,2.54293,2.76623,2.09228
one-side,2.5,leo,0,18,12.3322,0,0,190,0.253111,0.250371,4.79213,0.0955875,2.35728,2.61232,1.97142
one-side,2.5,leo,0,19,12.9612,0,0,190,0.247083,0.255851,4.76747,0.12835,2.59402,2.77116,2.19722
one-side,2.5,lqi-literal,0,0,12.6377,0,0,190,0.253659,0.253659,4.76747,0.122531,2.44203,2.63349,2.16489
one-side,2.5,lqi-literal,0,1,12.6601,0,0,190,0.251467,0.254207,4.77623,0.117429,2.46809,2.67912,2.11354
one-side,2.5,lqi-literal,0,2,12.5481,0,0,190,0.250371,0.252015,4.78117,0.103051,2.49403,2.59263,2.07485
one-side,2.5,lqi-literal,0,3,12.3566,0,0,190,0.251467,0.252563,4.78226,0.0990452,2.4255,2.63248,1.91329
one-side,2.5,lqi-literal,0,4,12.1147,0,0,190,0.247631,0.254755,4.79761,0.11452,2.32447,2.42329,1.95248
one-side,2.5,lqi-literal,0,5,12.2308,0,0,190,0.258591,0.253659,4.77569,0.0841186,2.29056,2.63337,1.93482
one-side,2.5,lqi-literal,0,6,12.5456,0,0,190,0.250919,0.254755,4.79815,0.10596,2.43139,2.76236,1.94207
one-side,2.5,lqi-literal,0,7,12.6289,0,0,190,0.254755,0.252563,4.78007,0.109418,2.54862,2.61949,2.06398
one-side,2.5,lqi-literal,0,8,12.1648,0,0,190,0.250919,0.247631,4.77075,0.0899379,2.28494,2.67503,1.8456
one-side,2.5,lqi-literal,0,9,12.5098,0,0,190,0.252015,0.249275,4.78391,0.102503,2.43469,2.71822,1.96923
one-side,2.5,lqi-literal,0,10,12.7214,0,0,190,0.252563,0.251467,4.78555,0.104147,2.46775,2.6848,2.17512
one-side,2.5,lqi-literal,0,11,12.4035,0,0,190,0.254207,0.251467,4.77514,0.107604,2.39102,2.57968,2.04442
one-side,2.5,lqi-literal,0,12,12.5195,0,0,190,0.251467,0.249275,4.79377,0.0944915,2.42261,2.68986,2.01798
one-side,2.5,lqi-literal,0,13,11.9531,0,0,190,0.253111,0.246535,4.76801,0.0761073,2.22364,2.55233,1.83341
one-side,2.5,lqi-literal,0,14,12.8567,0,0,190,0.250919,0.256947,4.78555,0.102503,2.57372,2.79403,2.09302
one-side,2.5,lqi-literal,0,15,12.838,0,0,190,0.251467,0.253111,4.78062,0.121435,2.51714,2.73809,2.17614
one-side,2.5,lqi-literal,0,16,12.2039,0,0,190,0.249275,0.249823,4.77075,0.10596,2.37806,2.57181,1.87826
one-side,2.5,lqi-literal,0,17,12.8112,0,0,190,0.254755,0.250371,4.79815,0.106508,2.54293,2.76623,2.09228
one-side,2.5,lqi-literal,0,18,12.3322,0,0,190,0.253111,0.250371,4.79213,0.0955875,2.35728,2.61232,1.97142
one-side,2.5,lqi-literal,0,19,12.9612,0,0,190,0.247083,0.255851,4.76747,0.12835,2.59402,2.77116,2.19722
one-side,2.625,hopcount,0,0,14.1754,1,1,189,0.248179,0.248727,4.92413,0.148927,2.87712,3.27345,2.45481
one-side,2.625,hopcount,0,1,14.0343,0,0,190,0.245987,0.249275,4.69677,0.133452,2.91505,3.41868,2.37512
one-side,2.625,hopcount,0,2,13.6376,0,0,190,0.247083,0.245987,4.67321,0.119791,2.9078,3.21131,2.23242
one-side,2.625,hopcount,0,3,14.1303,0,0,190,0.244891,0.249823,4.68746,0.125441,3.03391,3.3847,2.40409
one-side,2.625,hopcount,0,4,13.71,0,0,190,0.241055,0.250919,4.70609,0.133452,2.83994,3.19027,2.3483
one-side,2.625,hopcount,0,5,13.7227,0,0,190,0.255303,0.247631,4.68965,0.107056,2.74999,3.30475,2.36833
one-side,2.625,hopcount,0,6,14.4971,0,0,190,0.243795,0.250919,4.69897,0.151836,2.99972,3.68708,2.46479
one-side,2.625,hopcount,0,7,14.1684,1,1,189,0.248727,0.244891,4.94441,0.160943,2.87149,3.1958,2.50212
one-side,2.625,hopcount,0,8,13.8009,1,0,190,0.246535,0.243247,4.92523,0.124345,2.78904,3.30949,2.16306
one-side,2.625,hopcount,0,9,14.0009,0,0,190,0.248727,0.243247,4.70445,0.124345,2.97386,3.38375,2.32248
one-side,2.625,hopcount,0,10,13.419,1,1,189,0.248179,0.248727,4.93619,0.118525,2.65769,3.05193,2.15776
one-side,2.625,hopcount,0,11,13.1666,0,0,190,0.249275,0.246535,4.67211,0.140367,2.66837,2.92242,2.26751
one-side,2.625,hopcount,0,12,14.1705,0,0,190,0.244343,0.245987,4.70993,0.128898,2.83105,3.439,2.57127
one-side,2.625,hopcount,0,13,13.2306,0,0,190,0.247083,0.243795,4.67321,0.107604,2.79833,3.0135,2.14706
one-side,2.625,hopcount,0,14,14.2984,1,1,189,0.247083,0.249823,4.93783,0.131808,2.98861,3.3754,2.36786
one-side,2.625,hopcount,0,15,14.5916,0,0,190,0.245987,0.248727,4.69075,0.17022,2.9996,3.62814,2.60815
one-side,2.625,hopcount,0,16,13.5817,1,1,189,0.242151,0.247631,4.92029,0.130164,2.83965,3.0788,2.12299
one-side,2.625,hopcount,0,17,13.4527,0,0,190,0.247083,0.245439,4.71047,0.132904,2.68167,3.10323,2.33192
one-side,2.625,hopcount,0,18,13.6544,0,0,190,0.248727,0.244343,4.68636,0.113972,2.75269,3.35566,2.25263
one-side,2.625,hopcount,0,19,14.4259,0,0,190,0.243247,0.249823,4.68472,0.138554,3.08803,3.48037,2.54113
one-side,2.625,lqi,0,0,13.3468,0,0,190,0.248179,0.248727,4.68088,0.15913,2.64524,2.71916,2.6455
one-side,2.625,lqi,0,1,13.4611,0,0,190,0.245987,0.249275,4.69677,0.147113,2.72573,2.83314,2.56311
one-side,2.625,lqi,0,2,13.1618,0,0,190,0.247083,0.245987,4.67321,0.138006,2.65899,2.65538,2.54314
one-side,2.625,lqi,0,3,13.271,0,0,190,0.244891,0.249823,4.68746,0.135096,2.71489,2.6843,2.55453
one-side,2.625,lqi,0,4,13.4765,0,0,190,0.241055,0.250919,4.70609,0.149475,2.79476,2.68423,2.64993
one-side,2.625,lqi,0,5,13.2318,0,0,190,0.255303,0.247631,4.68965,0.135096,2.68467,2.69829,2.52121
one-side,2.625,lqi,0,6,13.7892,0,0,190,0.243795,0.250919,4.69897,0.154576,2.86086,2.86658,2.71348
one-side,2.625,lqi,0,7,13.526,0,0,190,0.248727,0.244891,4.69842,0.150571,2.77455,2.74188,2.66694
one-side,2.625,lqi,0,8,13.2248,0,0,190,0.246535,0.243247,4.67595,0.152932,2.67304,2.69491,2.5382
one-side,2.625,lqi,0,9,13.4716,0,0,190,0.248727,0.243247,4.70445,0.13109,2.79737,2.81904,2.52767
one-side,2.625,lqi,0,10,13.1288,0,0,190,0.248179,0.248727,4.69513,0.13965,2.63159,2.56837,2.59719
one-side,2.625,lqi,0,11,12.9513,0,0,190,0.249275,0.246535,4.67211,0.154028,2.66602,2.43709,2.52629
one-side,2.625,lqi,0,12,13.4606,0,0,190,0.244343,0.245987,4.70993,0.143107,2.69873,2.75795,2.6606
one-side,2.625,lqi,0,13,12.9855,0,0,190,0.247083,0.243795,4.67321,0.123627,2.64141,2.54925,2.50708
one-side,2.625,lqi,0,14,13.4614,0,0,190,0.247083,0.249823,4.69184,0.134548,2.76958,2.80497,2.56355
one-side,2.625,lqi,0,15,13.5235,0,0,190,0.245987,0.248727,4.69075,0.160395,2.75601,2.78338,2.63825
one-side,2.625,lqi,0,16,13.3934,0,0,190,0.242151,0.247631,4.6765,0.134548,2.76843,2.72606,2.59809
one-side,2.625,lqi,0,17,13.3464,0,0,190,0.247083,0.245439,4.71047,0.148379,2.67883,2.79201,2.52416
one-side,2.625,lqi,0,18,13.1034,0,0,190,0.248727,0.244343,4.68636,0.127633,2.6472,2.62424,2.52493
one-side,2.625,lqi,0,19,13.6369,0,0,190,0.243247,0.249823,4.68472,0.144921,2.8284,2.86779,2.61797
one-side,2.625,leo,0,0,14.147,1,1,189,0.248179,0.248727,4.92413,0.148927,2.87426,3.25937,2.44337
one-side,2.625,leo,0,1,14.0343,0,0,190,0.245987,0.249275,4.69677,0.133452,2.91505,3.41868,2.37512
one-side,2.625,leo,0,2,13.6376,0,0,190,0.247083,0.245987,4.67321,0.119791,2.9078,3.21131,2.23242
one-side,2.625,leo,0,3,14.1303,0,0,190,0.244891,0.249823,4.68746,0.125441,3.03391,3.3847,2.40409
one-side,2.625,leo,0,4,13.71,0,0,190,0.241055,0.250919,4.70609,0.133452,2.83994,3.19027,2.3483
one-side,2.625,leo,0,5,13.7227,0,0,190,0.255303,0.247631,4.68965,0.107056,2.74999,3.30475,2.36833
one-side,2.625,leo,0,6,14.4971,0,0,190,0.243795,0.250919,4.69897,0.151836,2.99972,3.68708,2.46479
one-side,2.625,leo,0,7,14.1684,1,1,189,0.248727,0.244891,4.94441,0.160943,2.87149,3.1958,2.50212
one-side,2.625,leo,0,8,13.8009,1,0,190,0.246535,0.243247,4.92523,0.124345,2.78904,3.30949,2.16306
one-side,2.625,leo,0,9,14.0009,0,0,190,0.248727,0.243247,4.70445,0.124345,2.97386,3.38375,2.32248
one-side,2.625,leo,0,10,13.398,1,1,189,0.248179,0.248727,4.93619,0.118525,2.65558,3.0415,2.14929
one-side,2.625,leo,0,11,13.1666,0,0,190,0.249275,0.246535,4.67211,0.140367,2.66837,2.92242,2.26751
one-side,2.625,leo,0,12,14.1705,0,0,190,0.244343,0.245987,4.70993,0.128898,2.83105,3.439,2.57127
one-side,2.625,leo,0,13,13.2306,0,0,190,0.247083,0.243795,4.67321,0.107604,2.79833,3.0135,2.14706
one-side,2.625,leo,0,14,14.181,1,1,189,0.247083,0.249823,4.93783,0.131808,3.01134,3.30339,2.29976
one-side,2.625,leo,0,15,14.5916,0,0,190,0.245987,0.248727,4.69075,0.17022,2.9996,3.62814,2.60815
one-side,2.625,leo,0,16,13.5817,1,1,189,0.242151,0.247631,4.92029,0.130164,2.83965,3.0788,2.12299
one-side,2.625,leo,0,17,13.4527,0,0,190,0.247083,0.245439,4.71047,0.132904,2.68167,3.10323,2.33192
one-side,2.625,leo,0,18,13.6544,0,0,190,0.248727,0.244343,4.68636,0.113972,2.75269,3.35566,2.25263
one-side,2.625,leo,0,19,14.4259,0,0,190,0.243247,0.249823,4.68472,0.138554,3.08803,3.48037,2.54113
one-side,2.625,lqi-literal,0,0,14.1754,1,1,189,0.248179,0.248727,4.92413,0.148927,2.87712,3.27345,2.45481
one-side,2.625,lqi-literal,0,1,14.0343,0,0,190,0.245987,0.249275,4.69677,0.133452,2.91505,3.41868,2.37512
one-side,2.625,lqi-literal,0,2,13.6376,0,0,190,0.247083,0.245987,4.67321,0.119791,2.9078,3.21131,2.23242
one-side,2.625,lqi-literal,0,3,14.1303,0,0,190,0.244891,0.249823,4.68746,0.125441,3.03391,3.3847,2.40409
one-side,2.625,lqi-literal,0,4,13.71,0,0,190,0.241055,0.250919,4.70609,0.133452,2.83994,3.19027,2.3483
one-side,2.625,lqi-literal,0,5,13.7227,0,0,190,0.255303,0.247631,4.68965,0.107056,2.74999,3.30475,2.36833
one-side,2.625,lqi-literal,0,6,14.4971,0,0,190,0.243795,0.250919,4.69897,0.151836,2.99972,3.68708,2.46479
one-side,2.625,lqi-literal,0,7,14.1684,1,1,189,0.248727,0.244891,4.94441,0.160943,2.87149,3.1958,2.50212
one-side,2.625,lqi-literal,0,8,13.8009,1,0,190,0.246535,0.243247,4.92523,0.124345,2.78904,3.30949,2.16306
one-side,2.625,lqi-literal,0,9,14.0009,0,0,190,0.248727,0.243247,4.70445,0.124345,2.97386,3.38375,2.32248
one-side,2.625,lqi-literal,0,10,13.419,1,1,189,0.248179,0.248727,4.93619,0.118525,2.65769,3.05193,2.15776
one-side,2.625,lqi-literal,0,11,13.1666,0,0,190,0.249275,0.246535,4.67211,0.140367,2.66837,2.92242,2.26751
one-side,2.625,lqi-literal,0,12,14.1705,0,0,190,0.244343,0.245987,4.70993,0.128898,2.83105,3.439,2.57127
one-side,2.625,lqi-literal,0,13,13.2306,0,0,190,0.247083,0.243795,4.67321,0.107604,2.79833,3.0135,2.14706
one-side,2.625,lqi-literal,0,14,14.2984,1,1,189,0.247083,0.249823,4.93783,0.131808,2.98861,3.3754,2.36786
one-side,2.625,lqi-literal,0,15,14.5916,0,0,190,0.245987,0.248727,4.69075,0.17022,2.9996,3.62814,2.60815
one-side,2.625,lqi-literal,0,16,13.5817,1,1,189,0.242151,0.247631,4.92029,0.130164,2.83965,3.0788,2.12299
one-side,2.625,lqi-literal,0,17,13.4527,0,0,190,0.247083,0.245439,4.71047,0.132904,2.68167,3.10323,2.33192
one-side,2.625,lqi-literal,0,18,13.6544,0,0,190,0.248727,0.244343,4.68636,0.113972,2.75269,3.35566,2.25263
one-side,2.625,lqi-literal,0,19,14.4259,0,0,190,0.243247,0.249823,4.68472,0.138554,3.08803,3.48037,2.54113
one-side,3,hopcount,0,0,18.8324,22,67,123,0.202147,0.208175,8.19871,0.710734,4.06048,3.17472,2.27747
one-side,3,hopcount,0,1,20.526,27,53,137,0.205983,0.208723,9.19246,0.793658,4.34492,3.46824,2.31196
one-side,3,hopcount,0,2,18.547,24,73,117,0.201051,0.203243,8.60027,0.799886,3.66701,2.94965,2.12586
one-side,3,hopcount,0,3,22.1899,22,35,155,0.204887,0.207079,8.19652,0.748482,5.07613,4.64277,3.11405
one-side,3,hopcount,0,4,19.6065,19,56,134,0.204339,0.203243,7.6109,0.66529,4.1311,4.21872,2.57294
one-side,3,hopcount,0,5,20.9114,22,44,146,0.213107,0.202147,8.24091,0.753753,4.52272,4.3219,2.65691
one-side,3,hopcount,0,6,20.9531,24,45,145,0.200503,0.206531,8.60465,0.75689,4.7125,3.82969,2.64231
one-side,3,hopcount,0,7,18.1528,19,64,126,0.205435,0.203243,7.6268,0.668608,4.0566,3.14376,2.24833
one-side,3,hopcount,0,8,16.9597,19,83,107,0.207627,0.201599,7.60816,0.752459,3.66763,2.58576,1.93646
one-side,3,hopcount,0,9,17.6509,15,54,136,0.203791,0.202147,6.83136,0.546483,4.11126,3.27636,2.47955
one-side,3,hopcount,0,10,18.4263,18,56,134,0.203791,0.205435,7.45205,0.632149,4.47008,3.16604,2.29679
one-side,3,hopcount,0,11,21.4873,24,44,146,0.207627,0.201599,8.62328,0.820036,4.65526,4.21339,2.7661
one-side,3,hopcount,0,12,21.0778,22,30,160,0.203243,0.200503,8.24803,0.71007,4.7784,4.0574,2.88013
one-side,3,hopcount,0,13,20.9325,17,37,153,0.201599,0.201051,7.21976,0.712431,5.00321,4.55764,3.03681
one-side,3,hopcount,0,14,20.3398,17,39,151,0.207079,0.202695,7.22963,0.620341,4.78648,4.50462,2.78894
one-side,3,hopcount,0,15,21.1004,21,40,150,0.202147,0.205983,8.01465,0.739432,4.81809,4.35766,2.76247
one-side,3,hopcount,0,16,21.433,24,47,143,0.204887,0.203243,8.57561,0.773573,5.02648,4.08798,2.56127
one-side,3,hopcount,0,17,19.4582,20,54,136,0.208175,0.202695,7.80319,0.693519,4.21541,3.82093,2.51424
one-side,3,hopcount,0,18,19.5701,19,48,142,0.207079,0.198311,7.59501,0.615618,4.25258,3.90316,2.79839
one-side,3,hopcount,0,19,20.98,28,59,131,0.195023,0.203791,9.21017,0.806007,4.37766,3.91236,2.27498
one-side,3,lqi,0,0,19.1821,22,63,127,0.202147,0.208175,8.17625,0.726538,4.38015,3.03217,2.45664
one-side,3,lqi,0,1,21.0544,25,40,150,0.205983,0.208723,8.81173,0.766048,5.03643,3.2794,2.74607
one-side,3,lqi,0,2,20.731,26,44,146,0.201051,0.203243,9.02758,0.739481,4.85854,3.24211,2.45898
one-side,3,lqi,0,3,21.4337,20,27,163,0.204887,0.207079,7.77688,0.666216,5.27409,4.1892,3.11537
one-side,3,lqi,0,4,21.6181,30,55,135,0.204339,0.203243,9.60296,0.837761,4.82524,3.43064,2.51396
one-side,3,lqi,0,5,20.0429,23,42,148,0.213107,0.202147,8.40908,0.716325,4.38337,3.66422,2.45467
one-side,3,lqi,0,6,18.5735,18,50,140,0.200503,0.206531,7.39999,0.575788,4.10794,3.58189,2.50091
one-side,3,lqi,0,7,19.2752,20,42,148,0.205435,0.203243,7.80483,0.664073,4.51144,3.34498,2.5412
one-side,3,lqi,0,8,18.6764,27,78,112,0.207627,0.201599,9.18753,0.824281,3.65285,2.60644,1.99603
one-side,3,lqi,0,9,18.8095,23,60,130,0.203791,0.202147,8.23122,0.677006,3.92259,3.11673,2.45601
one-side,3,lqi,0,10,19.5232,21,44,146,0.203791,0.205435,8.04205,0.69591,4.85026,2.92469,2.60107
one-side,3,lqi,0,11,18.9308,27,68,122,0.207627,0.201599,9.20452,0.830918,3.68745,2.8433,1.95543
one-side,3,lqi,0,12,20.7647,21,40,150,0.203243,0.200503,8.06123,0.719895,4.53605,4.15506,2.88872
one-side,3,lqi,0,13,19.7383,21,56,134,0.201599,0.201051,8.01849,0.714633,4.57699,3.64184,2.3837
one-side,3,lqi,0,14,22.0952,27,34,156,0.207079,0.202695,9.19575,0.770669,5.35991,3.67033,2.68875
one-side,3,lqi,0,15,17.2871,16,56,134,0.202147,0.205983,7.0357,0.574634,3.9738,3.02915,2.26572
one-side,3,lqi,0,16,19.427,20,42,148,0.204887,0.203243,7.79168,0.652843,4.68363,3.43363,2.45709
one-side,3,lqi,0,17,19.2154,24,60,130,0.208175,0.202695,8.57451,0.676619,4.15434,3.02509,2.37395
one-side,3,lqi,0,18,19.8721,25,57,133,0.207079,0.198311,8.80187,0.743042,4.33445,3.16022,2.42712
one-side,3,lqi,0,19,19.0542,25,66,124,0.195023,0.203791,8.60866,0.723023,4.12339,3.16737,2.03299
one-side,3,leo,0,0,22.4787,33,56,134,0.202147,0.208175,10.356,0.987289,4.51367,3.47808,2.7333
one-side,3,leo,0,1,16.8372,15,54,136,0.205983,0.208723,6.8215,0.60668,3.6347,2.94869,2.41095
one-side,3,leo,0,2,19.3737,29,69,121,0.201051,0.203243,9.59457,0.903991,3.80607,2.60092,2.06382
one-side,3,leo,0,3,22.297,25,37,153,0.204887,0.207079,8.7942,0.789082,4.88408,4.43528,2.98235
one-side,3,leo,0,4,19.0738,17,52,138,0.204339,0.203243,7.19949,0.66512,4.4932,3.64947,2.65898
one-side,3,leo,0,5,19.1755,16,54,136,0.213107,0.202147,7.01433,0.613504,4.24651,4.28928,2.59658
one-side,3,leo,0,6,18.6843,17,55,135,0.200503,0.206531,7.21045,0.617897,4.20769,3.60159,2.63961
one-side,3,leo,0,7,20.9133,24,41,149,0.205435,0.203243,8.61506,0.728172,4.78774,3.68785,2.68575
one-side,3,leo,0,8,19.8833,23,53,137,0.207627,0.201599,8.40689,0.797594,4.35945,3.41004,2.50007
one-side,3,leo,0,9,18.193,18,59,131,0.203791,0.202147,7.42684,0.681531,4.17603,3.15675,2.34593
one-side,3,leo,0,10,20.7652,25,61,129,0.203791,0.205435,8.80351,0.790646,4.31744,3.95115,2.49326
one-side,3,leo,0,11,21.1359,26,45,145,0.207627,0.201599,9.03361,0.873435,4.53713,3.6212,2.66134
one-side,3,leo,0,12,19.1369,23,63,127,0.203243,0.200503,8.45128,0.767882,3.91808,3.31058,2.28537
one-side,3,leo,0,13,19.7149,20,47,143,0.201599,0.201051,7.82127,0.740749,4.8221,3.30042,2.62769
one-side,3,leo,0,14,19.1815,20,51,139,0.207079,0.202695,7.82346,0.697802,4.24295,3.42281,2.5847
one-side,3,leo,0,15,19.2566,20,54,136,0.202147,0.205983,7.8273,0.684112,4.20451,3.63191,2.50059
one-side,3,leo,0,16,18.2484,19,67,123,0.204887,0.203243,7.58734,0.622663,4.13212,3.3226,2.1755
one-side,3,leo,0,17,19.9785,19,32,158,0.208175,0.202695,7.58131,0.584136,4.77648,3.69821,2.92745
one-side,3,leo,0,18,18.5,18,51,139,0.207079,0.198311,7.39615,0.592301,4.2371,3.18025,2.68885
one-side,3,leo,0,19,18.8387,18,54,136,0.195023,0.203791,7.39287,0.649108,4.53398,3.44097,2.42298
one-side,3,lqi-literal,0,0,18.8324,22,67,123,0.202147,0.208175,8.19871,0.710734,4.06048,3.17472,2.27747
one-side,3,lqi-literal,0,1,20.526,27,53,137,0.205983,0.208723,9.19246,0.793658,4.34492,3.46824,2.31196
one-side,3,lqi-literal,0,2,18.547,24,73,117,0.201051,0.203243,8.60027,0.799886,3.66701,2.94965,2.12586
one-side,3,lqi-literal,0,3,22.1899,22,35,155,0.204887,0.207079,8.19652,0.748482,5.07613,4.64277,3.11405
one-side,3,lqi-literal,0,4,19.6065,19,56,134,0.204339,0.203243,7.6109,0.66529,4.1311,4.21872,2.57294
one-side,3,lqi-literal,0,5,20.9114,22,44,146,0.213107,0.202147,8.24091,0.753753,4.52272,4.3219,2.65691
one-side,3,lqi-literal,0,6,20.9531,24,45,145,0.200503,0.206531,8.60465,0.75689,4.7125,3.82969,2.64231
one-side,3,lqi-literal,0,7,18.1528,19,64,126,0.205435,0.203243,7.6268,0.668608,4.0566,3.14376,2.24833
one-side,3,lqi-literal,0,8,16.9597,19,83,107,0.207627,0.201599,7.60816,0.752459,3.66763,2.58576,1.93646
one-side,3,lqi-literal,0,9,17.6509,15,54,136,0.203791,0.202147,6.83136,0.546483,4.11126,3.27636,2.47955
one-side,3,lqi-literal,0,10,18.4263,18,56,134,0.203791,0.205435,7.45205,0.632149,4.47008,3.16604,2.29679
one-side,3,lqi-literal,0,11,21.4873,24,44,146,0.207627,0.201599,8.62328,0.820036,4.65526,4.21339,2.7661
one-side,3,lqi-literal,0,12,21.0778,22,30,160,0.203243,0.200503,8.24803,0.71007,4.7784,4.0574,2.88013
one-side,3,lqi-literal,0,13,20.9325,17,37,153,0.201599,0.201051,7.21976,0.712431,5.00321,4.55764,3.03681
one-side,3,lqi-literal,0,14,20.3398,17,39,151,0.207079,0.202695,7.22963,0.620341,4.78648,4.50462,2.78894
one-side,3,lqi-literal,0,15,21.1004,21,40,150,0.202147,0.205983,8.01465,0.739432,4.81809,4.35766,2.76247
one-side,3,lqi-literal,0,16,21.433,24,47,143,0.204887,0.203243,8.57561,0.773573,5.02648,4.08798,2.56127
one-side,3,lqi-literal,0,17,19.4582,20,54,136,0.208175,0.202695,7.80319,0.693519,4.21541,3.82093,2.51424
one-side,3,lqi-literal,0,18,19.5701,19,48,142,0.207079,0.198311,7.59501,0.615618,4.25258,3.90316,2.79839
one-side,3,lqi-literal,0,19,20.98,28,59,131,0.195023,0.203791,9.21017,0.806007,4.37766,3.91236,2.27498
u-shaped,2,hopcount,0,0,16.0316,6,6,184,0.212011,0.215299,5.40495,0.248484,2.74419,4.65013,2.55649
u-shaped,2,hopcount,0,1,15.8241,3,3,187,0.220231,0.216395,4.79358,0.223762,3.03559,4.76415,2.57036
u-shaped,2,hopcount,0,2,16.0429,2,2,188,0.220779,0.213655,4.55362,0.161334,3.35892,4.98381,2.55075
u-shaped,2,hopcount,0,3,16.2024,3,2,188,0.216395,0.224067,4.747,0.166465,3.68049,4.62867,2.53928
u-shaped,2,hopcount,0,4,15.5628,1,1,189,0.213655,0.216395,4.33832,0.157298,2.89196,5.10439,2.64075
u-shaped,2,hopcount,0,5,15.3661,4,3,187,0.224067,0.216395,4.95188,0.194795,2.86487,4.49073,2.42332
u-shaped,2,hopcount,0,6,16.0592,4,4,186,0.210367,0.220779,4.95024,0.22122,3.32698,4.6177,2.51193
u-shaped,2,hopcount,0,7,16.0483,4,4,186,0.216395,0.213655,4.97819,0.20778,3.15861,4.65576,2.61795
u-shaped,2,hopcount,0,8,15.7333,4,4,186,0.222971,0.215299,4.96613,0.255649,3.19489,4.44405,2.43427
u-shaped,2,hopcount,0,9,15.9289,5,5,185,0.214751,0.215847,5.18033,0.215879,3.20926,4.55117,2.34168
u-shaped,2,hopcount,0,10,15.2579,0,0,190,0.220231,0.221327,4.1274,0.171997,3.15617,4.73782,2.62295
u-shaped,2,hopcount,0,11,15.3631,4,4,186,0.220779,0.216395,4.976,0.238648,2.74432,4.34089,2.6261
u-shaped,2,hopcount,0,12,15.749,3,3,187,0.218039,0.212011,4.75412,0.203454,2.89194,4.80105,2.66834
u-shaped,2,hopcount,0,13,15.2687,3,3,187,0.211463,0.214203,4.75522,0.203005,3.13278,4.42575,2.32633
u-shaped,2,hopcount,0,14,16.2812,6,5,185,0.220779,0.221327,5.38303,0.22122,3.23789,4.53687,2.46007
u-shaped,2,hopcount,0,15,14.879,0,0,190,0.216395,0.220231,4.12028,0.159362,2.9953,4.61975,2.54767
u-shaped,2,hopcount,0,16,16.8599,5,4,186,0.213655,0.215847,5.18801,0.267931,3.89924,4.7054,2.3698
u-shaped,2,hopcount,0,17,15.8706,6,6,184,0.220779,0.212559,5.40221,0.270576,2.9276,4.3132,2.5237
u-shaped,2,hopcount,0,18,15.2549,2,2,188,0.220231,0.213655,4.54759,0.161654,3.33811,4.42979,2.34383
u-shaped,2,hopcount,0,19,15.5725,6,6,184,0.213655,0.218587,5.39454,0.241749,2.90129,4.18711,2.41562
u-shaped,2,lqi,0,0,14.8947,3,3,187,0.212011,0.215299,4.7733,0.221153,2.75609,3.73633,2.98048
u-shaped,2,lqi,0,1,14.7105,1,6,184,0.220231,0.216395,4.36133,0.187251,3.13648,3.74304,2.84578
u-shaped,2,lqi,0,2,15.1998,2,2,188,0.220779,0.213655,4.55362,0.187431,3.17713,4.12606,2.72112
u-shaped,2,lqi,0,3,15.1658,1,1,189,0.216395,0.224067,4.31311,0.171228,3.26307,4.16358,2.81433
u-shaped,2,lqi,0,4,15.2012,6,5,185,0.213655,0.216395,5.41207,0.257701,2.85539,3.48752,2.75845
u-shaped,2,lqi,0,5,14.3519,0,0,190,0.224067,0.216395,4.09617,0.161882,2.93875,3.77379,2.94084
u-shaped,2,lqi,0,6,15.4938,3,3,187,0.210367,0.220779,4.7607,0.214455,2.86349,4.31933,2.90471
u-shaped,2,lqi,0,7,14.9996,1,1,189,0.216395,0.213655,4.32845,0.179898,3.12803,4.05167,2.88151
u-shaped,2,lqi,0,8,14.6546,1,1,189,0.222971,0.215299,4.31201,0.176072,2.81195,4.07829,2.83799
u-shaped,2,lqi,0,9,14.8754,1,1,189,0.214751,0.215847,4.33393,0.184382,3.22355,3.82601,2.87693
u-shaped,2,lqi,0,10,14.242,1,4,186,0.220231,0.221327,4.33941,0.18223,2.72716,3.70652,2.84507
u-shaped,2,lqi,0,11,14.5076,1,1,189,0.220779,0.216395,4.33339,0.191657,2.99424,3.67386,2.87733
u-shaped,2,lqi,0,12,14.447,0,0,190,0.218039,0.212011,4.10767,0.163158,2.9663,3.74327,3.03657
u-shaped,2,lqi,0,13,14.7834,3,3,187,0.211463,0.214203,4.74754,0.206036,3.01454,3.68043,2.70916
u-shaped,2,lqi,0,14,14.7863,1,1,189,0.220779,0.221327,4.31475,0.188387,3.03686,3.97673,2.82745
u-shaped,2,lqi,0,15,14.5646,0,0,190,0.216395,0.220231,4.12028,0.194707,3.03002,3.88704,2.8959
u-shaped,2,lqi,0,16,15.3728,3,3,187,0.213655,0.215847,4.75796,0.209751,3.10892,4.13797,2.72871
u-shaped,2,lqi,0,17,15.8403,4,4,186,0.220779,0.212559,4.96668,0.250705,3.22686,4.1256,2.83716
u-shaped,2,lqi,0,18,15.6397,3,3,187,0.220231,0.213655,4.75741,0.225016,3.1917,4.03443,2.99726
u-shaped,2,lqi,0,19,14.8933,3,3,187,0.213655,0.218587,4.75467,0.189873,2.86731,3.85605,2.79314
u-shaped,2,leo,0,0,16.2168,7,6,184,0.212011,0.215299,5.62518,0.256237,2.80795,4.55793,2.54222
u-shaped,2,leo,0,1,15.8599,3,3,187,0.220231,0.216395,4.79358,0.223692,3.08476,4.71714,2.60406
u-shaped,2,leo,0,2,15.8609,5,5,185,0.220779,0.213655,5.19239,0.226969,3.18025,4.37138,2.45548
u-shaped,2,leo,0,3,16.4858,2,1,189,0.216395,0.224067,4.53389,0.152086,3.7494,5.01031,2.59964
u-shaped,2,leo,0,4,15.5628,1,1,189,0.213655,0.216395,4.33832,0.157298,2.89196,5.10439,2.64075
u-shaped,2,leo,0,5,15.1465,4,4,186,0.224067,0.216395,4.9623,0.20175,2.75714,4.31715,2.46769
u-shaped,2,leo,0,6,15.9197,4,4,186,0.210367,0.220779,4.95517,0.223074,3.12618,4.58388,2.60023
u-shaped,2,leo,0,7,16.0257,4,4,186,0.216395,0.213655,4.97819,0.208648,3.1257,4.65361,2.62949
u-shaped,2,leo,0,8,16.2803,6,6,184,0.222971,0.215299,5.39673,0.277053,3.06451,4.62483,2.47895
u-shaped,2,leo,0,9,15.9289,5,5,185,0.214751,0.215847,5.18033,0.215879,3.20926,4.55117,2.34168
u-shaped,2,leo,0,10,15.2579,0,0,190,0.220231,0.221327,4.1274,0.171997,3.15617,4.73782,2.62295
u-shaped,2,leo,0,11,15.594,5,5,185,0.220779,0.216395,5.20335,0.256933,2.73486,4.40094,2.56078
u-shaped,2,leo,0,12,15.7919,3,3,187,0.218039,0.212011,4.75412,0.222934,2.88159,4.81594,2.68728
u-shaped,2,leo,0,13,15.2725,3,3,187,0.211463,0.214203,4.75522,0.219058,3.10575,4.43425,2.33256
u-shaped,2,leo,0,14,15.9918,7,7,183,0.220779,0.221327,5.61039,0.233597,3.07592,4.38745,2.24232
u-shaped,2,leo,0,15,14.879,0,0,190,0.216395,0.220231,4.12028,0.159362,2.9953,4.61975,2.54767
u-shaped,2,leo,0,16,16.1337,5,5,185,0.213655,0.215847,5.18855,0.26,3.51794,4.3717,2.36601
u-shaped,2,leo,0,17,15.8316,4,4,186,0.220779,0.212559,4.97326,0.215313,3.05491,4.51919,2.63558
u-shaped,2,leo,0,18,16.1902,3,2,188,0.220231,0.213655,4.75631,0.167811,3.18818,5.11767,2.52634
u-shaped,2,leo,0,19,15.1201,4,4,186,0.213655,0.218587,4.95243,0.230169,2.73558,4.19805,2.57164
u-shaped,2,lqi-literal,0,0,16.0316,6,6,184,0.212011,0.215299,5.40495,0.248484,2.74419,4.65013,2.55649
u-shaped,2,lqi-literal,0,1,15.8241,3,3,187,0.220231,0.216395,4.79358,0.223762,3.03559,4.76415,2.57036
u-shaped,2,lqi-literal,0,2,16.0429,2,2,188,0.220779,0.213655,4.55362,0.161334,3.35892,4.98381,2.55075
u-shaped,2,lqi-literal,0,3,16.2024,3,2,188,0.216395,0.224067,4.747,0.166465,3.68049,4.62867,2.53928
u-shaped,2,lqi-literal,0,4,15.5628,1,1,189,0.213655,0.216395,4.33832,0.157298,2.89196,5.10439,2.64075
u-shaped,2,lqi-literal,0,5,15.3661,4,3,187,0.224067,0.216395,4.95188,0.194795,2.86487,4.49073,2.42332
u-shaped,2,lqi-literal,0,6,16.0592,4,4,186,0.210367,0.220779,4.95024,0.22122,3.32698,4.6177,2.51193
u-shaped,2,lqi-literal,0,7,16.0483,4,4,186,0.216395,0.213655,4.97819,0.20778,3.15861,4.65576,2.61795
u-shaped,2,lqi-literal,0,8,15.7333,4,4,186,0.222971,0.215299,4.96613,0.255649,3.19489,4.44405,2.43427
u-shaped,2,lqi-literal,0,9,15.9289,5,5,185,0.214751,0.215847,5.18033,0.215879,3.20926,4.55117,2.34168
u-shaped,2,lqi-literal,0,10,15.2579,0,0,190,0.220231,0.221327,4.1274,0.171997,3.15617,4.73782,2.62295
u-shaped,2,lqi-literal,0,11,15.3631,4,4,186,0.220779,0.216395,4.976,0.238648,2.74432,4.34089,2.6261
u-shaped,2,lqi-literal,0,12,15.749,3,3,187,0.218039,0.212011,4.75412,0.203454,2.89194,4.80105,2.66834
u-shaped,2,lqi-literal,0,13,15.2687,3,3,187,0.211463,0.214203,4.75522,0.203005,3.13278,4.42575,2.32633
u-shaped,2,lqi-literal,0,14,16.2812,6,5,185,0.220779,0.221327,5.38303,0.22122,3.23789,4.53687,2.46007
u-shaped,2,lqi-literal,0,15,14.879,0,0,190,0.216395,0.220231,4.12028,0.159362,2.9953,4.61975,2.54767
u-shaped,2,lqi-literal,0,16,16.8599,5,4,186,0.213655,0.215847,5.18801,0.267931,3.89924,4.7054,2.3698
u-shaped,2,lqi-literal,0,17,15.8706,6,6,184,0.220779,0.212559,5.40221,0.270576,2.9276,4.3132,2.5237
u-shaped,2,lqi-literal,0,18,15.2549,2,2,188,0.220231,0.213655,4.54759,0.161654,3.33811,4.42979,2.34383
u-shaped,2,lqi-literal,0,19,15.5725,6,6,184,0.213655,0.218587,5.39454,0.241749,2.90129,4.18711,2.41562
u-shaped,2.25,hopcount,0,0,13.5465,16,79,111,0.142963,0.139675,5.09304,0.745268,2.35964,2.99238,2.07355
u-shaped,2.25,hopcount,0,1,13.7191,19,77,113,0.148991,0.146251,5.51316,0.749005,2.27665,2.77817,2.10687
u-shaped,2.25,hopcount,0,2,13.553,20,83,107,0.149539,0.151183,5.69887,0.706615,2.37379,2.65715,1.8159
u-shaped,2.25,hopcount,0,3,15.596,17,59,131,0.147347,0.141319,5.21353,0.741638,3.24539,3.44516,2.66156
u-shaped,2.25,hopcount,0,4,13.251,17,77,113,0.149539,0.144059,5.21847,0.713531,2.14936,2.78339,2.09266
u-shaped,2.25,hopcount,0,5,14.8263,12,58,132,0.152279,0.153923,4.52064,0.642253,3.03199,3.54977,2.77549
u-shaped,2.25,hopcount,0,6,15.1723,20,74,116,0.148991,0.148443,5.65832,0.768803,2.61826,3.64087,2.18865
u-shaped,2.25,hopcount,0,7,15.9744,17,68,122,0.146799,0.148443,5.24367,0.784108,2.96428,4.07781,2.60931
u-shaped,2.25,hopcount,0,8,15.0173,16,64,126,0.144059,0.141867,5.07824,0.771992,2.68679,3.61688,2.57746
u-shaped,2.25,hopcount,0,9,13.7838,20,85,105,0.147347,0.147347,5.67092,0.746583,2.48427,2.70737,1.87997
u-shaped,2.25,hopcount,0,10,14.5808,23,68,122,0.150635,0.150635,6.11461,0.775093,2.55356,2.68314,2.15309
u-shaped,2.25,hopcount,0,11,14.7726,19,67,123,0.145703,0.147347,5.5559,0.856309,2.71672,2.9682,2.38247
u-shaped,2.25,hopcount,0,12,16.6323,18,56,134,0.147347,0.149539,5.40911,0.743592,3.30557,4.02695,2.85024
u-shaped,2.25,hopcount,0,13,10.8433,14,100,90,0.141867,0.146251,4.79889,0.533864,1.56461,2.22415,1.43365
u-shaped,2.25,hopcount,0,14,14.9356,24,73,117,0.144059,0.147895,6.25099,0.858911,2.87031,2.65328,2.01013
u-shaped,2.25,hopcount,0,15,14.4248,20,79,111,0.147895,0.147347,5.66873,0.813223,2.63598,3.08899,1.92262
u-shaped,2.25,hopcount,0,16,14.5202,15,67,123,0.151731,0.145703,4.9709,0.702203,2.51754,3.65226,2.37987
u-shaped,2.25,hopcount,0,17,14.564,21,77,113,0.152279,0.144059,5.79361,0.807046,2.43331,3.02756,2.20613
u-shaped,2.25,hopcount,0,18,11.7052,12,84,106,0.154471,0.144059,4.52995,0.566008,1.96352,2.58689,1.76028
u-shaped,2.25,hopcount,0,19,12.803,21,92,98,0.147347,0.141867,5.82758,0.791264,2.11885,2.18418,1.59195
u-shaped,2.25,lqi,0,0,12.8512,18,83,107,0.142963,0.139675,5.40527,0.776334,2.15304,2.16844,2.06551
u-shaped,2.25,lqi,0,1,11.4442,10,82,108,0.148991,0.146251,4.22814,0.571866,2.02428,2.2407,2.08394
u-shaped,2.25,lqi,0,2,13.2519,15,71,119,0.149539,0.151183,4.9572,0.689826,2.43598,2.61848,2.24968
u-shaped,2.25,lqi,0,3,14.4596,13,56,134,0.147347,0.141319,4.65702,0.593538,2.86811,3.14085,2.91139
u-shaped,2.25,lqi,0,4,11.4936,13,83,107,0.149539,0.144059,4.65538,0.607231,1.93,2.13797,1.86944
u-shaped,2.25,lqi,0,5,13.9094,16,72,118,0.152279,0.153923,5.09961,0.698572,2.53934,2.72041,2.54531
u-shaped,2.25,lqi,0,6,14.7129,16,66,124,0.148991,0.148443,5.08591,0.726403,2.6571,3.32639,2.61963
u-shaped,2.25,lqi,0,7,13.906,18,75,115,0.146799,0.148443,5.38445,0.723158,2.39154,2.73195,2.37969
u-shaped,2.25,lqi,0,8,13.1836,15,70,120,0.144059,0.141867,4.92706,0.750748,2.4156,2.45682,2.34744
u-shaped,2.25,lqi,0,9,14.3406,22,68,122,0.147347,0.147347,5.95904,0.8596,2.57002,2.22045,2.43676
u-shaped,2.25,lqi,0,10,12.6107,18,84,106,0.150635,0.150635,5.39869,0.688372,2.12034,2.22043,1.88155
u-shaped,2.25,lqi,0,11,13.0673,13,65,125,0.145703,0.147347,4.64935,0.593637,2.53625,2.49859,2.49646
u-shaped,2.25,lqi,0,12,12.7015,18,78,112,0.147347,0.149539,5.4239,0.738162,2.20475,2.05609,1.98173
u-shaped,2.25,lqi,0,13,12.9879,19,77,113,0.141867,0.146251,5.52741,0.708687,2.27276,2.16563,2.02525
u-shaped,2.25,lqi,0,14,12.298,20,85,105,0.144059,0.147895,5.68188,0.749585,1.94438,1.89454,1.73568
u-shaped,2.25,lqi,0,15,12.5884,14,81,109,0.147895,0.147347,4.81917,0.67416,2.12404,2.5812,2.09456
u-shaped,2.25,lqi,0,16,12.2947,11,73,117,0.151731,0.145703,4.38682,0.563996,2.31063,2.43309,2.30269
u-shaped,2.25,lqi,0,17,12.2662,13,75,115,0.152279,0.144059,4.65976,0.59333,2.31699,2.23409,2.16567
u-shaped,2.25,lqi,0,18,12.5244,11,74,116,0.154471,0.144059,4.40343,0.552128,2.34745,2.6692,2.25365
u-shaped,2.25,lqi,0,19,11.3054,12,82,108,0.147347,0.141867,4.52667,0.531191,2.04835,2.04039,1.86958
u-shaped,2.25,leo,0,0,12.6954,17,85,105,0.142963,0.139675,5.26011,0.751756,2.09995,2.56799,1.73298
u-shaped,2.25,leo,0,1,13.6143,18,81,109,0.148991,0.146251,5.37623,0.785533,2.22426,2.81825,2.11474
u-shaped,2.25,leo,0,2,12.5512,18,88,102,0.149539,0.151183,5.42171,0.718134,2.16836,2.22376,1.71851
u-shaped,2.25,leo,0,3,14.2074,14,80,110,0.147347,0.141319,4.79615,0.660977,2.91222,3.43273,2.11664
u-shaped,2.25,leo,0,4,13.5151,19,85,105,0.149539,0.144059,5.52193,0.816945,2.10753,2.79429,1.98085
u-shaped,2.25,leo,0,5,13.5595,12,73,117,0.152279,0.153923,4.51954,0.610328,2.47503,3.37169,2.27669
u-shaped,2.25,leo,0,6,12.0834,17,94,96,0.148991,0.148443,5.23326,0.748277,1.84608,2.26831,1.68999
u-shaped,2.25,leo,0,7,13.4444,15,79,111,0.146799,0.148443,4.95172,0.742666,2.30605,3.09103,2.05774
u-shaped,2.25,leo,0,8,12.7297,19,88,102,0.144059,0.141867,5.51261,0.815489,2.03744,2.32319,1.75506
u-shaped,2.25,leo,0,9,12.6377,16,87,103,0.147347,0.147347,5.10181,0.648415,2.31535,2.49862,1.77878
u-shaped,2.25,leo,0,10,14.2069,21,72,118,0.150635,0.150635,5.82375,0.731886,2.3853,2.80904,2.15564
u-shaped,2.25,leo,0,11,12.7948,16,79,111,0.145703,0.147347,5.10455,0.739329,2.24199,2.46404,1.95181
u-shaped,2.25,leo,0,12,13.4776,20,86,104,0.147347,0.149539,5.70983,0.706449,2.17692,2.78465,1.80284
u-shaped,2.25,leo,0,13,14.6016,15,70,120,0.141867,0.146251,4.9435,0.644498,2.61764,3.51727,2.59055
u-shaped,2.25,leo,0,14,12.7559,17,85,105,0.144059,0.147895,5.24641,0.696652,2.2322,2.52328,1.76536
u-shaped,2.25,leo,0,15,14.7221,20,74,116,0.147895,0.147347,5.68243,0.829843,2.74589,2.93116,2.23757
u-shaped,2.25,leo,0,16,13.7605,16,73,117,0.151731,0.145703,5.11167,0.685035,2.36676,3.04838,2.25122
u-shaped,2.25,leo,0,17,13.6885,20,83,107,0.152279,0.144059,5.65777,0.76687,2.21634,2.76847,1.98276
u-shaped,2.25,leo,0,18,11.9551,17,89,101,0.154471,0.144059,5.26833,0.743603,1.81169,2.15982,1.67317
u-shaped,2.25,leo,0,19,12.3571,14,89,101,0.147347,0.141867,4.82465,0.640542,2.11879,2.68318,1.8007
u-shaped,2.25,lqi-literal,0,0,13.5465,16,79,111,0.142963,0.139675,5.09304,0.745268,2.35964,2.99238,2.07355
u-shaped,2.25,lqi-literal,0,1,13.7191,19,77,113,0.148991,0.146251,5.51316,0.749005,2.27665,2.77817,2.10687
u-shaped,2.25,lqi-literal,0,2,13.553,20,83,107,0.149539,0.151183,5.69887,0.706615,2.37379,2.65715,1.8159
u-shaped,2.25,lqi-literal,0,3,15.596,17,59,131,0.147347,0.141319,5.21353,0.741638,3.24539,3.44516,2.66156
u-shaped,2.25,lqi-literal,0,4,13.251,17,77,113,0.149539,0.144059,5.21847,0.713531,2.14936,2.78339,2.09266
u-shaped,2.25,lqi-literal,0,5,14.8263,12,58,132,0.152279,0.153923,4.52064,0.642253,3.03199,3.54977,2.77549
u-shaped,2.25,lqi-literal,0,6,15.1723,20,74,116,0.148991,0.148443,5.65832,0.768803,2.61826,3.64087,2.18865
u-shaped,2.25,lqi-literal,0,7,15.9744,17,68,122,0.146799,0.148443,5.24367,0.784108,2.96428,4.07781,2.60931
u-shaped,2.25,lqi-literal,0,8,15.0173,16,64,126,0.144059,0.141867,5.07824,0.771992,2.68679,3.61688,2.57746
u-shaped,2.25,lqi-literal,0,9,13.7838,20,85,105,0.147347,0.147347,5.67092,0.746583,2.48427,2.70737,1.87997
u-shaped,2.25,lqi-literal,0,10,14.5808,23,68,122,0.150635,0.150635,6.11461,0.775093,2.55356,2.68314,2.15309
u-shaped,2.25,lqi-literal,0,11,14.7726,19,67,123,0.145703,0.147347,5.5559,0.856309,2.71672,2.9682,2.38247
u-shaped,2.25,lqi-literal,0,12,16.6323,18,56,134,0.147347,0.149539,5.40911,0.743592,3.30557,4.02695,2.85024
u-shaped,2.25,lqi-literal,0,13,10.8433,14,100,90,0.141867,0.146251,4.79889,0.533864,1.56461,2.22415,1.43365
u-shaped,2.25,lqi-literal,0,14,14.9356,24,73,117,0.144059,0.147895,6.25099,0.858911,2.87031,2.65328,2.01013
u-shaped,2.25,lqi-literal,0,15,14.4248,20,79,111,0.147895,0.147347,5.66873,0.813223,2.63598,3.08899,1.92262
u-shaped,2.25,lqi-literal,0,16,14.5202,15,67,123,0.151731,0.145703,4.9709,0.702203,2.51754,3.65226,2.37987
u-shaped,2.25,lqi-literal,0,17,14.564,21,77,113,0.152279,0.144059,5.79361,0.807046,2.43331,3.02756,2.20613
u-shaped,2.25,lqi-literal,0,18,11.7052,12,84,106,0.154471,0.144059,4.52995,0.566008,1.96352,2.58689,1.76028
u-shaped,2.25,lqi-literal,0,19,12.803,21,92,98,0.147347,0.141867,5.82758,0.791264,2.11885,2.18418,1.59195
u-shaped,2.5,hopcount,0,0,15.1439,17,78,112,0.113919,0.112823,4.08524,1.06095,3.15318,3.28396,3.33385
u-shaped,2.5,hopcount,0,1,15.9318,26,88,102,0.113919,0.112275,5.11705,1.43992,3.05788,3.0893,3.00149
u-shaped,2.5,hopcount,0,2,12.869,15,91,99,0.117207,0.118851,3.862,1.00295,2.59216,2.37702,2.79886
u-shaped,2.5,hopcount,0,3,15.958,23,86,104,0.115563,0.114467,4.86826,1.21665,3.20596,3.47313,2.96395
u-shaped,2.5,hopcount,0,4,14.6309,25,96,94,0.114467,0.115563,5.01574,1.40872,2.62254,2.68598,2.66792
u-shaped,2.5,hopcount,0,5,16.7623,21,77,113,0.113919,0.115563,4.49323,1.26642,3.59658,3.726,3.45057
u-shaped,2.5,hopcount,0,6,14.1815,26,102,88,0.113371,0.112823,5.10798,1.26707,2.58401,2.6623,2.33394
u-shaped,2.5,hopcount,0,7,18.5317,26,66,124,0.116659,0.115563,5.06502,1.362,3.68696,4.3437,3.84181
u-shaped,2.5,hopcount,0,8,17.7537,22,71,119,0.117755,0.112275,4.69754,1.3471,3.78708,4.03822,3.65377
u-shaped,2.5,hopcount,0,9,16.6267,22,81,109,0.115563,0.109535,4.68987,1.22174,3.39456,3.69471,3.40073
u-shaped,2.5,hopcount,0,10,17.6427,26,75,115,0.115015,0.120495,5.14028,1.38332,3.93176,3.41513,3.53673
u-shaped,2.5,hopcount,0,11,14.9863,19,85,105,0.117755,0.113371,4.32729,1.17279,3.129,3.20101,2.92513
u-shaped,2.5,hopcount,0,12,17.2297,23,72,118,0.116111,0.114467,4.81622,1.18072,3.64165,3.76793,3.59264
u-shaped,2.5,hopcount,0,13,18.5834,16,54,136,0.117207,0.115015,4.00361,0.97098,4.35835,4.28808,4.73018
u-shaped,2.5,hopcount,0,14,15.4197,19,81,109,0.112823,0.112275,4.33643,1.10808,3.21799,3.2131,3.31898
u-shaped,2.5,hopcount,0,15,19.8244,22,56,134,0.116111,0.115015,4.63439,1.2412,4.52672,4.68681,4.50414
u-shaped,2.5,hopcount,0,16,17.7109,21,64,126,0.116659,0.119947,4.58582,1.11952,4.04202,3.89911,3.8278
u-shaped,2.5,hopcount,0,17,16.8499,23,90,100,0.116111,0.113371,4.77732,1.33992,3.80814,3.20335,3.49171
u-shaped,2.5,hopcount,0,18,19.9189,24,60,130,0.116659,0.113919,4.89617,1.25605,4.37095,4.63779,4.52738
u-shaped,2.5,hopcount,0,19,17.5658,30,79,111,0.114467,0.114467,5.58339,1.48283,3.6244,3.21523,3.43102
u-shaped,2.5,lqi,0,0,17.3283,18,62,128,0.113919,0.112823,4.21796,1.05841,3.62275,4.02889,4.17354
u-shaped,2.5,lqi,0,1,17.6473,19,67,123,0.113919,0.112275,4.32126,1.17237,3.8163,3.77035,4.34082
u-shaped,2.5,lqi,0,2,18.4138,18,60,130,0.117207,0.119399,4.24187,1.03962,4.02259,4.13845,4.73464
u-shaped,2.5,lqi,0,3,19.4521,16,49,141,0.115563,0.114467,4.08617,1.17159,4.45169,4.25763,5.25498
u-shaped,2.5,lqi,0,4,18.1292,17,55,135,0.114467,0.115563,4.01159,1.10782,3.81651,4.308,4.65526
u-shaped,2.5,lqi,0,5,14.596,19,84,106,0.115015,0.116111,4.3525,1.03152,2.82864,3.02024,3.13199
u-shaped,2.5,lqi,0,6,16.2443,28,77,113,0.113371,0.112823,5.32925,1.43086,3.25872,2.77645,3.22285
u-shaped,2.5,lqi,0,7,16.9637,21,72,118,0.116659,0.115563,4.52363,1.28404,3.43634,3.64366,3.8438
u-shaped,2.5,lqi,0,8,16.5891,20,67,123,0.117755,0.112275,4.44778,1.14523,3.31714,3.52202,3.92685
u-shaped,2.5,lqi,0,9,20.3379,26,62,128,0.115563,0.109535,5.13075,1.39309,4.36557,4.35166,4.87172
u-shaped,2.5,lqi,0,10,15.6311,16,74,116,0.116111,0.119947,4.01424,1.05716,3.16287,3.6019,3.55886
u-shaped,2.5,lqi,0,11,16.4397,22,77,113,0.117755,0.113371,4.6585,1.30559,3.18685,3.31433,3.74328
u-shaped,2.5,lqi,0,12,18.0168,25,64,126,0.116111,0.114467,5.00482,1.45847,3.63795,3.62437,4.06057
u-shaped,2.5,lqi,0,13,19.7714,21,52,138,0.117207,0.115015,4.56664,1.16139,4.34352,4.37626,5.09135
u-shaped,2.5,lqi,0,14,18.3366,22,67,123,0.112823,0.112275,4.67381,1.34597,3.68051,4.06249,4.34874
u-shaped,2.5,lqi,0,15,16.0698,21,82,108,0.116111,0.115015,4.57047,1.22695,3.26254,3.11644,3.66227
u-shaped,2.5,lqi,0,16,15.8853,15,69,121,0.116659,0.119947,3.89627,0.928215,3.17056,3.75355,3.90013
u-shaped,2.5,lqi,0,17,17.2886,21,64,126,0.116659,0.113371,4.51701,1.34672,3.61362,3.51659,4.06463
u-shaped,2.5,lqi,0,18,14.7264,20,84,106,0.116659,0.113919,4.43956,1.07115,2.8577,2.77595,3.35148
u-shaped,2.5,lqi,0,19,16.7282,16,58,132,0.113919,0.115015,3.98481,1.13277,3.7434,3.28026,4.358
u-shaped,2.5,leo,0,0,18.1915,24,65,125,0.113919,0.112823,4.89086,1.51829,3.80164,3.68555,4.06837
u-shaped,2.5,leo,0,1,15.9423,24,87,103,0.113919,0.112275,4.90127,1.33664,3.13406,3.22916,3.11502
u-shaped,2.5,leo,0,2,12.869,15,91,99,0.117207,0.118851,3.862,1.00295,2.59216,2.37702,2.79886
u-shaped,2.5,leo,0,3,14.1951,23,95,95,0.115563,0.114467,4.84326,1.28529,2.68454,2.59725,2.55472
u-shaped,2.5,leo,0,4,13.6429,20,96,94,0.114467,0.115563,4.44251,1.11826,2.51037,2.59172,2.74999
u-shaped,2.5,leo,0,5,12.5342,20,105,85,0.113919,0.115563,4.47995,1.11712,2.27634,2.16216,2.26916
u-shaped,2.5,leo,0,6,17.1912,23,72,118,0.113371,0.112823,4.8016,1.34626,3.61913,3.66175,3.53628
u-shaped,2.5,leo,0,7,15.2402,25,86,104,0.116659,0.115563,5.03163,1.24723,2.86304,2.97737,2.88866
u-shaped,2.5,leo,0,8,14.0939,19,87,103,0.117755,0.112275,4.31839,1.11493,2.63951,2.95767,2.83334
u-shaped,2.5,leo,0,9,17.2183,23,73,117,0.115563,0.109535,4.7642,1.37639,3.5737,3.63208,3.64678
u-shaped,2.5,leo,0,10,18.2213,21,68,122,0.115015,0.120495,4.5913,1.15588,4.22478,4.18727,3.82652
u-shaped,2.5,leo,0,11,15.4011,25,83,107,0.117755,0.113371,5.01354,1.46644,3.01652,2.65123,3.02228
u-shaped,2.5,leo,0,12,14.052,18,84,106,0.116111,0.114467,4.22981,0.941596,2.95089,2.80898,2.89014
u-shaped,2.5,leo,0,13,16.2578,18,73,117,0.117207,0.115015,4.18554,1.15845,3.54958,3.42362,3.70842
u-shaped,2.5,leo,0,14,13.8784,20,91,99,0.112823,0.112275,4.43703,1.10168,2.60347,2.81266,2.69849
u-shaped,2.5,leo,0,15,18.6191,20,59,131,0.116111,0.115015,4.45107,1.21547,4.61979,3.74619,4.35548
u-shaped,2.5,leo,0,16,15.6382,23,83,107,0.116659,0.119947,4.79338,1.19524,3.29779,3.02632,3.08885
u-shaped,2.5,leo,0,17,15.1498,20,89,101,0.116111,0.113371,4.42696,1.28197,3.26319,2.76004,3.18812
u-shaped,2.5,leo,0,18,15.8689,25,80,110,0.116659,0.113919,5.02122,1.31314,3.06104,2.96291,3.28007
u-shaped,2.5,leo,0,19,15.7276,18,72,118,0.114467,0.114467,4.22323,1.15827,3.40188,3.08817,3.62708
u-shaped,2.5,lqi-literal,0,0,15.1439,17,78,112,0.113919,0.112823,4.08524,1.06095,3.15318,3.28396,3.33385
u-shaped,2.5,lqi-literal,0,1,15.9318,26,88,102,0.113919,0.112275,5.11705,1.43992,3.05788,3.0893,3.00149
u-shaped,2.5,lqi-literal,0,2,12.869,15,91,99,0.117207,0.118851,3.862,1.00295,2.59216,2.37702,2.79886
u-shaped,2.5,lqi-literal,0,3,15.958,23,86,104,0.115563,0.114467,4.86826,1.21665,3.20596,3.47313,2.96395
u-shaped,2.5,lqi-literal,0,4,14.6309,25,96,94,0.114467,0.115563,5.01574,1.40872,2.62254,2.68598,2.66792
u-shaped,2.5,lqi-literal,0,5,16.7623,21,77,113,0.113919,0.115563,4.49323,1.26642,3.59658,3.726,3.45057
u-shaped,2.5,lqi-literal,0,6,14.1815,26,102,88,0.113371,0.112823,5.10798,1.26707,2.58401,2.6623,2.33394
u-shaped,2.5,lqi-literal,0,7,18.5317,26,66,124,0.116659,0.115563,5.06502,1.362,3.68696,4.3437,3.84181
u-shaped,2.5,lqi-literal,0,8,17.7537,22,71,119,0.117755,0.112275,4.69754,1.3471,3.78708,4.03822,3.65377
u-shaped,2.5,lqi-literal,0,9,16.6267,22,81,109,0.115563,0.109535,4.68987,1.22174,3.39456,3.69471,3.40073
u-shaped,2.5,lqi-literal,0,10,17.6427,26,75,115,0.115015,0.120495,5.14028,1.38332,3.93176,3.41513,3.53673
u-shaped,2.5,lqi-literal,0,11,14.9863,19,85,105,0.117755,0.113371,4.32729,1.17279,3.129,3.20101,2.92513
u-shaped,2.5,lqi-literal,0,12,17.2297,23,72,118,0.116111,0.114467,4.81622,1.18072,3.64165,3.76793,3.59264
u-shaped,2.5,lqi-literal,0,13,18.5834,16,54,136,0.117207,0.115015,4.00361,0.97098,4.35835,4.28808,4.73018
u-shaped,2.5,lqi-literal,0,14,15.4197,19,81,109,0.112823,0.112275,4.33643,1.10808,3.21799,3.2131,3.31898
u-shaped,2.5,lqi-literal,0,15,19.8244,22,56,134,0.116111,0.115015,4.63439,1.2412,4.52672,4.68681,4.50414
u-shaped,2.5,lqi-literal,0,16,17.7109,21,64,126,0.116659,0.119947,4.58582,1.11952,4.04202,3.89911,3.8278
u-shaped,2.5,lqi-literal,0,17,16.8499,23,90,100,0.116111,0.113371,4.77732,1.33992,3.80814,3.20335,3.49171
u-shaped,2.5,lqi-literal,0,18,19.9189,24,60,130,0.116659,0.113919,4.89617,1.25605,4.37095,4.63779,4.52738
u-shaped,2.5,lqi-literal,0,19,17.5658,30,79,111,0.114467,0.114467,5.58339,1.48283,3.6244,3.21523,3.43102
u-shaped,2.625,hopcount,0,0,16.7414,20,88,102,0.105699,0.104055,3.89077,1.37574,3.71336,3.47399,4.07778
u-shaped,2.625,hopcount,0,1,20.1484,18,63,127,0.104055,0.104603,3.79595,1.16859,4.74467,4.74967,5.48084
u-shaped,2.625,hopcount,0,2,23.9315,16,42,148,0.105699,0.107891,3.53505,1.39402,5.60639,6.24584,6.93665
u-shaped,2.625,hopcount,0,3,18.1744,22,77,113,0.104603,0.102411,4.24911,1.30924,4.03789,3.94282,4.42835
u-shaped,2.625,hopcount,0,4,20.9494,18,60,130,0.105699,0.104055,3.78448,1.40047,4.93187,4.94461,5.67822
u-shaped,2.625,hopcount,0,5,21.22,20,57,133,0.100767,0.105151,3.98424,1.30221,4.97355,5.0092,5.74493
u-shaped,2.625,hopcount,0,6,16.9739,16,78,112,0.103507,0.104603,3.55887,1.20342,3.87946,3.6969,4.42712
u-shaped,2.625,hopcount,0,7,18.9979,20,71,119,0.109535,0.105151,3.98808,1.52903,4.21406,4.14393,4.90815
u-shaped,2.625,hopcount,0,8,16.1442,16,81,109,0.107343,0.101315,3.59585,1.11559,3.64868,3.52948,4.04592
u-shaped,2.625,hopcount,0,9,15.2766,17,93,97,0.106795,0.104055,3.64906,1.27971,3.2187,3.11641,3.80186
u-shaped,2.625,hopcount,0,10,15.1721,24,93,97,0.104603,0.108439,4.42744,1.33308,3.12931,2.6753,3.39393
u-shaped,2.625,hopcount,0,11,18.824,22,79,111,0.107343,0.106795,4.26323,1.56059,4.07181,3.86465,4.84957
u-shaped,2.625,hopcount,0,12,18.1319,23,72,118,0.102411,0.105699,4.19649,1.43679,4.00822,3.89821,4.38405
u-shaped,2.625,hopcount,0,13,17.3207,14,77,113,0.104603,0.102411,3.25307,1.04719,3.89216,4.18169,4.73954
u-shaped,2.625,hopcount,0,14,15.9434,20,88,102,0.105699,0.104055,3.92117,1.33368,3.40739,3.32908,3.74235
u-shaped,2.625,hopcount,0,15,16.2063,16,85,105,0.106795,0.104603,3.75189,1.39039,3.40149,3.4798,3.97137
u-shaped,2.625,hopcount,0,16,19.4864,20,70,120,0.108439,0.105151,4.03673,1.2358,4.37076,4.50032,5.12924
u-shaped,2.625,hopcount,0,17,18.479,14,77,113,0.105699,0.104055,3.34443,1.18817,4.398,4.15357,5.18507
u-shaped,2.625,hopcount,0,18,16.7674,22,85,105,0.104055,0.107343,4.28709,1.45975,3.57529,3.24382,3.99008
u-shaped,2.625,hopcount,0,19,20.3435,15,63,127,0.102959,0.105151,3.49399,1.09988,4.89257,4.90702,5.74194
u-shaped,2.625,lqi,0,0,21.5558,14,55,135,0.106247,0.105151,3.32745,1.17991,5.00782,5.34904,6.48023
u-shaped,2.625,lqi,0,1,18.4468,18,70,120,0.103507,0.103507,3.77006,1.33139,3.95805,4.09516,5.08515
u-shaped,2.625,lqi,0,2,17.9173,13,74,116,0.106247,0.107891,3.36134,1.0944,4.00588,4.21883,5.02275
u-shaped,2.625,lqi,0,3,22.483,15,51,139,0.103507,0.101863,3.54593,1.19722,5.38402,5.40684,6.74364
u-shaped,2.625,lqi,0,4,19.326,19,66,124,0.105699,0.104055,3.87412,1.41219,4.28621,4.21944,5.32426
u-shaped,2.625,lqi,0,5,17.2184,18,76,114,0.100219,0.105151,3.70813,1.26881,3.91394,3.60873,4.51342
u-shaped,2.625,lqi,0,6,18.3605,18,79,111,0.104055,0.105699,3.58476,1.26115,4.1342,4.17204,4.99861
u-shaped,2.625,lqi,0,7,16.3756,15,78,112,0.109535,0.105151,3.41308,1.1704,3.40678,3.79407,4.37658
u-shaped,2.625,lqi,0,8,21.2806,16,57,133,0.107343,0.101315,3.74127,1.17639,4.77811,5.15044,6.22571
u-shaped,2.625,lqi,0,9,17.3316,17,89,101,0.106247,0.102959,3.71803,1.25125,3.68775,3.70349,4.76188
u-shaped,2.625,lqi,0,10,16.9723,18,78,112,0.104603,0.108439,3.69885,1.19359,3.77101,3.59179,4.50401
u-shaped,2.625,lqi,0,11,14.7156,15,88,102,0.107343,0.106795,3.51207,1.31842,3.01531,2.76634,3.88936
u-shaped,2.625,lqi,0,12,18.9322,14,64,126,0.102959,0.106247,3.33053,1.07408,4.38287,4.27121,5.6643
u-shaped,2.625,lqi,0,13,22.83,18,53,137,0.104603,0.101863,3.86029,1.28266,5.4598,5.09685,6.92393
u-shaped,2.625,lqi,0,14,17.2284,18,76,114,0.105699,0.103507,3.79068,1.3966,3.61681,3.64713,4.56801
u-shaped,2.625,lqi,0,15,15.6539,19,85,105,0.106795,0.105151,3.94781,1.42273,3.31384,2.69813,4.05943
u-shaped,2.625,lqi,0,16,16.5479,18,80,110,0.107891,0.105699,3.78418,1.28518,3.43469,3.4221,4.40812
u-shaped,2.625,lqi,0,17,20.3975,18,62,128,0.105699,0.104055,3.80328,1.28995,4.75149,4.55517,5.78784
u-shaped,2.625,lqi,0,18,22.1268,19,52,138,0.104055,0.107343,4.07666,1.32461,5.26238,4.72232,6.52947
u-shaped,2.625,lqi,0,19,18.221,14,67,123,0.102959,0.105151,3.42948,1.12025,4.05024,4.15188,5.26105
u-shaped,2.625,leo,0,0,19.1363,16,71,119,0.105699,0.104055,3.58345,1.23101,4.41392,4.21524,5.48292
u-shaped,2.625,leo,0,1,20.6589,21,64,126,0.104055,0.104603,4.06853,1.40314,4.80038,4.69649,5.48165
u-shaped,2.625,leo,0,2,21.7508,13,52,138,0.105699,0.107891,3.35991,1.2211,5.18077,5.33576,6.43972
u-shaped,2.625,leo,0,3,18.9627,23,78,112,0.104603,0.102411,4.41151,1.47048,4.23344,4.00203,4.63819
u-shaped,2.625,leo,0,4,19.5905,16,65,125,0.105699,0.104055,3.61423,1.20496,4.60691,4.64819,5.30644
u-shaped,2.625,leo,0,5,16.3022,18,83,107,0.100767,0.105151,3.79068,1.17988,3.65636,3.41444,4.05488
u-shaped,2.625,leo,0,6,16.9678,16,78,112,0.103507,0.104603,3.55778,1.18157,3.86615,3.71733,4.43684
u-shaped,2.625,leo,0,7,18.4275,20,75,115,0.109535,0.105151,4.01616,1.47405,3.93315,4.05542,4.73407
u-shaped,2.625,leo,0,8,17.9504,19,68,122,0.107343,0.101315,3.93626,1.32011,4.11206,3.78326,4.59001
u-shaped,2.625,leo,0,9,20.1584,15,67,123,0.106795,0.104055,3.48433,1.16358,4.89155,4.75401,5.65407
u-shaped,2.625,leo,0,10,18.8524,25,75,115,0.104603,0.108439,4.60494,1.62181,4.01971,3.68434,4.70859
u-shaped,2.625,leo,0,11,16.4369,21,91,99,0.107343,0.106795,4.05255,1.47052,3.48293,3.32516,3.89158
u-shaped,2.625,leo,0,12,24.179,18,41,149,0.102411,0.105699,3.75274,1.23036,5.97692,5.97418,7.03669
u-shaped,2.625,leo,0,13,15.3222,17,91,99,0.104603,0.102411,3.59952,1.24227,3.32528,3.04334,3.90476
u-shaped,2.625,leo,0,14,18.3377,15,74,116,0.105699,0.104055,3.47231,1.13379,4.05689,4.51635,4.94856
u-shaped,2.625,leo,0,15,19.4123,16,65,125,0.106795,0.104603,3.75408,1.43197,4.57378,4.22792,5.21314
u-shaped,2.625,leo,0,16,18.2259,25,76,114,0.108439,0.105151,4.60583,1.46883,3.947,3.71689,4.27376
u-shaped,2.625,leo,0,17,14.8387,18,92,98,0.105699,0.104055,3.81061,1.14941,3.23139,2.96509,3.47244
u-shaped,2.625,leo,0,18,17.2338,15,77,113,0.104055,0.107343,3.53577,1.1764,4.09303,3.77502,4.44221
u-shaped,2.625,leo,0,19,20.2598,15,63,127,0.102959,0.105151,3.49399,1.10279,4.88166,4.83796,5.73532
u-shaped,2.625,lqi-literal,0,0,16.7414,20,88,102,0.105699,0.104055,3.89077,1.37574,3.71336,3.47399,4.07778
u-shaped,2.625,lqi-literal,0,1,20.1484,18,63,127,0.104055,0.104603,3.79595,1.16859,4.74467,4.74967,5.48084
u-shaped,2.625,lqi-literal,0,2,23.9315,16,42,148,0.105699,0.107891,3.53505,1.39402,5.60639,6.24584,6.93665
u-shaped,2.625,lqi-literal,0,3,18.1744,22,77,113,0.104603,0.102411,4.24911,1.30924,4.03789,3.94282,4.42835
u-shaped,2.625,lqi-literal,0,4,20.9494,18,60,130,0.105699,0.104055,3.78448,1.40047,4.93187,4.94461,5.67822
u-shaped,2.625,lqi-literal,0,5,21.22,20,57,133,0.100767,0.105151,3.98424,1.30221,4.97355,5.0092,5.74493
u-shaped,2.625,lqi-literal,0,6,16.9739,16,78,112,0.103507,0.104603,3.55887,1.20342,3.87946,3.6969,4.42712
u-shaped,2.625,lqi-literal,0,7,18.9979,20,71,119,0.109535,0.105151,3.98808,1.52903,4.21406,4.14393,4.90815
u-shaped,2.625,lqi-literal,0,8,16.1442,16,81,109,0.107343,0.101315,3.59585,1.11559,3.64868,3.52948,4.04592
u-shaped,2.625,lqi-literal,0,9,15.2766,17,93,97,0.106795,0.104055,3.64906,1.27971,3.2187,3.11641,3.80186
u-shaped,2.625,lqi-literal,0,10,15.1721,24,93,97,0.104603,0.108439,4.42744,1.33308,3.12931,2.6753,3.39393
u-shaped,2.625,lqi-literal,0,11,18.824,22,79,111,0.107343,0.106795,4.26323,1.56059,4.07181,3.86465,4.84957
u-shaped,2.625,lqi-literal,0,12,18.1319,23,72,118,0.102411,0.105699,4.19649,1.43679,4.00822,3.89821,4.38405
u-shaped,2.625,lqi-literal,0,13,17.3207,14,77,113,0.104603,0.102411,3.25307,1.04719,3.89216,4.18169,4.73954
u-shaped,2.625,lqi-literal,0,14,15.9434,20,88,102,0.105699,0.104055,3.92117,1.33368,3.40739,3.32908,3.74235
u-shaped,2.625,lqi-literal,0,15,16.2063,16,85,105,0.106795,0.104603,3.75189,1.39039,3.40149,3.4798,3.97137
u-shaped,2.625,lqi-literal,0,16,19.4864,20,70,120,0.108439,0.105151,4.03673,1.2358,4.37076,4.50032,5.12924
u-shaped,2.625,lqi-literal,0,17,18.479,14,77,113,0.105699,0.104055,3.34443,1.18817,4.398,4.15357,5.18507
u-shaped,2.625,lqi-literal,0,18,16.7674,22,85,105,0.104055,0.107343,4.28709,1.45975,3.57529,3.24382,3.99008
u-shaped,2.625,lqi-literal,0,19,20.3435,15,63,127,0.102959,0.105151,3.49399,1.09988,4.89257,4.90702,5.74194
u-shaped,3,hopcount,0,0,10.5977,4,117,73,0.0876153,0.0859713,1.64311,0.447289,2.37323,2.52271,3.43775
u-shaped,3,hopcount,0,1,19.8684,5,77,113,0.0881633,0.0865193,1.88631,0.73456,4.78277,4.99841,7.29166
u-shaped,3,hopcount,0,2,18.7599,5,71,119,0.0859713,0.0859713,1.47446,0.674136,4.71059,4.61162,7.11717
u-shaped,3,hopcount,0,3,13.5356,4,103,87,0.0865193,0.0876153,1.61397,0.447289,3.29189,3.16957,4.8388
u-shaped,3,hopcount,0,4,16.2381,6,92,98,0.0848753,0.0837793,1.43183,0.626995,3.90816,3.99982,6.10269
u-shaped,3,hopcount,0,5,11.9622,4,109,81,0.0865193,0.0859713,1.6313,0.484435,2.69094,2.9241,4.05896
u-shaped,3,hopcount,0,6,20.3444,4,71,119,0.0865193,0.0859713,1.76281,0.676706,5.03246,5.1685,7.53141
u-shaped,3,hopcount,0,7,13.5528,3,101,89,0.0892593,0.0887113,1.56152,0.411068,3.285,3.1889,4.92835
u-shaped,3,hopcount,0,8,13.2106,6,94,96,0.0870673,0.0865193,1.57244,0.629696,3.10924,3.18898,4.53669
u-shaped,3,hopcount,0,9,10.6119,5,110,80,0.0865193,0.0887113,1.70614,0.531029,2.3083,2.49254,3.39862
u-shaped,3,hopcount,0,10,16.0423,10,104,86,0.0854233,0.0881633,2.09215,0.814334,3.78594,3.46271,5.71355
u-shaped,3,hopcount,0,11,21.2902,5,61,129,0.0887113,0.0854233,1.524,0.677424,5.34693,5.34271,8.22501
u-shaped,3,hopcount,0,12,12.3486,6,99,91,0.0848753,0.0865193,1.52273,0.579266,2.90233,2.88558,4.28728
u-shaped,3,hopcount,0,13,12.4537,5,103,87,0.0870673,0.0865193,1.66773,0.626616,3.00773,2.77051,4.20751
u-shaped,3,hopcount,0,14,14.2442,6,96,94,0.0865193,0.0848753,1.63565,0.584198,3.45886,3.45835,4.93574
u-shaped,3,hopcount,0,15,8.2102,10,132,58,0.0876153,0.0870673,1.60942,0.698888,1.73559,1.56322,2.4284
u-shaped,3,hopcount,0,16,15.1497,5,98,92,0.0865193,0.0848753,1.61781,0.567458,3.67781,3.72845,5.38673
u-shaped,3,hopcount,0,17,13.0046,5,100,90,0.0859713,0.0865193,1.73384,0.547599,3.00141,3.07902,4.47024
u-shaped,3,hopcount,0,18,16.8541,4,91,99,0.0854233,0.0854233,1.64931,0.532503,4.12805,4.08345,6.28999
u-shaped,3,hopcount,0,19,9.16366,3,121,69,0.0881633,0.0865193,1.42741,0.347356,2.19043,2.00276,3.02103
u-shaped,3,lqi,0,0,10.8919,4,117,73,0.0876153,0.0859713,1.74384,0.520656,2.39057,2.53426,3.52895
u-shaped,3,lqi,0,1,17.6238,6,82,108,0.0881633,0.0865193,1.95971,0.660306,4.15766,4.37961,6.2918
u-shaped,3,lqi,0,2,15.123,12,96,94,0.0859713,0.0859713,1.83331,1.03258,3.48607,3.32448,5.27465
u-shaped,3,lqi,0,3,13.5356,4,103,87,0.0865193,0.0876153,1.61397,0.447289,3.29189,3.16957,4.8388
u-shaped,3,lqi,0,4,16.2381,6,92,98,0.0848753,0.0837793,1.43183,0.626995,3.90816,3.99982,6.10269
u-shaped,3,lqi,0,5,10.572,3,113,77,0.0865193,0.0859713,1.59141,0.39669,2.35038,2.59943,3.46161
u-shaped,3,lqi,0,6,29.7336,5,40,150,0.0865193,0.0859713,1.88976,0.883734,7.53584,7.41481,11.8369
u-shaped,3,lqi,0,7,13.5528,3,101,89,0.0892593,0.0887113,1.56152,0.411068,3.285,3.1889,4.92835
u-shaped,3,lqi,0,8,10.5049,6,108,82,0.0870673,0.0865193,1.41905,0.498814,2.53598,2.34101,3.53645
u-shaped,3,lqi,0,9,7.67672,8,125,65,0.0865193,0.0887113,1.53218,0.485531,1.66931,1.48747,2.32699
u-shaped,3,lqi,0,10,16.0423,10,104,86,0.0854233,0.0881633,2.09215,0.814334,3.78594,3.46271,5.71355
u-shaped,3,lqi,0,11,23.204,5,52,138,0.0887113,0.0854233,1.55423,0.718029,5.83688,5.82815,9.0926
u-shaped,3,lqi,0,12,15.7773,7,90,100,0.0848753,0.0865193,1.70032,0.674684,3.82719,3.73286,5.6708
u-shaped,3,lqi,0,13,13.8537,5,96,94,0.0870673,0.0865193,1.7271,0.63956,3.3821,3.10295,4.82838
u-shaped,3,lqi,0,14,21.327,6,76,114,0.0865193,0.0848753,1.60048,0.778831,5.28647,5.29027,8.1996
u-shaped,3,lqi,0,15,18.4423,7,86,104,0.0876153,0.0870673,1.75024,0.842713,4.42299,4.45373,6.79795
u-shaped,3,lqi,0,16,12.9365,6,105,85,0.0865193,0.0848753,1.74059,0.672492,2.98506,3.04772,4.31929
u-shaped,3,lqi,0,17,19.3708,4,71,119,0.0859713,0.0865193,1.87648,0.764622,4.60886,4.681,7.26737
u-shaped,3,lqi,0,18,16.8541,4,91,99,0.0854233,0.0854233,1.64931,0.532503,4.12805,4.08345,6.28999
u-shaped,3,lqi,0,19,9.16366,3,121,69,0.0881633,0.0865193,1.42741,0.347356,2.19043,2.00276,3.02103
u-shaped,3,leo,0,0,10.8919,4,117,73,0.0876153,0.0859713,1.74384,0.520656,2.39057,2.53426,3.52895
u-shaped,3,leo,0,1,19.8684,5,77,113,0.0881633,0.0865193,1.88631,0.73456,4.78277,4.99841,7.29166
u-shaped,3,leo,0,2,18.7599,5,71,119,0.0859713,0.0859713,1.47446,0.674136,4.71059,4.61162,7.11717
u-shaped,3,leo,0,3,9.83299,4,121,69,0.0865193,0.0876153,1.67191,0.440165,2.22835,2.15084,3.16759
u-shaped,3,leo,0,4,16.2381,6,92,98,0.0848753,0.0837793,1.43183,0.626995,3.90816,3.99982,6.10269
u-shaped,3,leo,0,5,11.9622,4,109,81,0.0865193,0.0859713,1.6313,0.484435,2.69094,2.9241,4.05896
u-shaped,3,leo,0,6,20.3444,4,71,119,0.0865193,0.0859713,1.76281,0.676706,5.03246,5.1685,7.53141
u-shaped,3,leo,0,7,13.5528,3,101,89,0.0892593,0.0887113,1.56152,0.411068,3.285,3.1889,4.92835
u-shaped,3,leo,0,8,13.2106,6,94,96,0.0870673,0.0865193,1.57244,0.629696,3.10924,3.18898,4.53669
u-shaped,3,leo,0,9,10.6119,5,110,80,0.0865193,0.0887113,1.70614,0.531029,2.3083,2.49254,3.39862
u-shaped,3,leo,0,10,12.697,9,106,84,0.0854233,0.0881633,1.79414,0.641204,3.09913,2.7645,4.22446
u-shaped,3,leo,0,11,21.2902,5,61,129,0.0887113,0.0854233,1.524,0.677424,5.34693,5.34271,8.22501
u-shaped,3,leo,0,12,12.3486,6,99,91,0.0848753,0.0865193,1.52273,0.579266,2.90233,2.88558,4.28728
u-shaped,3,leo,0,13,12.4537,5,103,87,0.0870673,0.0865193,1.66773,0.626616,3.00773,2.77051,4.20751
u-shaped,3,leo,0,14,14.2442,6,96,94,0.0865193,0.0848753,1.63565,0.584198,3.45886,3.45835,4.93574
u-shaped,3,leo,0,15,8.2102,10,132,58,0.0876153,0.0870673,1.60942,0.698888,1.73559,1.56322,2.4284
u-shaped,3,leo,0,16,15.1497,5,98,92,0.0865193,0.0848753,1.61781,0.567458,3.67781,3.72845,5.38673
u-shaped,3,leo,0,17,13.0046,5,100,90,0.0859713,0.0865193,1.73384,0.547599,3.00141,3.07902,4.47024
u-shaped,3,leo,0,18,18.2621,6,86,104,0.0854233,0.0854233,1.80978,0.67869,4.40261,4.50676,6.69346
u-shaped,3,leo,0,19,9.16366,3,121,69,0.0881633,0.0865193,1.42741,0.347356,2.19043,2.00276,3.02103
u-shaped,3,lqi-literal,0,0,10.5977,4,117,73,0.0876153,0.0859713,1.64311,0.447289,2.37323,2.52271,3.43775
u-shaped,3,lqi-literal,0,1,19.8684,5,77,113,0.0881633,0.0865193,1.88631,0.73456,4.78277,4.99841,7.29166
u-shaped,3,lqi-literal,0,2,18.7599,5,71,119,0.0859713,0.0859713,1.47446,0.674136,4.71059,4.61162,7.11717
u-shaped,3,lqi-literal,0,3,13.5356,4,103,87,0.0865193,0.0876153,1.61397,0.447289,3.29189,3.16957,4.8388
u-shaped,3,lqi-literal,0,4,16.2381,6,92,98,0.0848753,0.0837793,1.43183,0.626995,3.90816,3.99982,6.10269
u-shaped,3,lqi-literal,0,5,11.9622,4,109,81,0.0865193,0.0859713,1.6313,0.484435,2.69094,2.9241,4.05896
u-shaped,3,lqi-literal,0,6,20.3444,4,71,119,0.0865193,0.0859713,1.76281,0.676706,5.03246,5.1685,7.53141
u-shaped,3,lqi-literal,0,7,13.5528,3,101,89,0.0892593,0.0887113,1.56152,0.411068,3.285,3.1889,4.92835
u-shaped,3,lqi-literal,0,8,13.2106,6,94,96,0.0870673,0.0865193,1.57244,0.629696,3.10924,3.18898,4.53669
u-shaped,3,lqi-literal,0,9,10.6119,5,110,80,0.0865193,0.0887113,1.70614,0.531029,2.3083,2.49254,3.39862
u-shaped,3,lqi-literal,0,10,16.0423,10,104,86,0.0854233,0.0881633,2.09215,0.814334,3.78594,3.46271,5.71355
u-shaped,3,lqi-literal,0,11,21.2902,5,61,129,0.0887113,0.0854233,1.524,0.677424,5.34693,5.34271,8.22501
u-shaped,3,lqi-literal,0,12,12.3486,6,99,91,0.0848753,0.0865193,1.52273,0.579266,2.90233,2.88558,4.28728
u-shaped,3,lqi-literal,0,13,12.4537,5,103,87,0.0870673,0.0865193,1.66773,0.626616,3.00773,2.77051,4.20751
u-shaped,3,lqi-literal,0,14,14.2442,6,96,94,0.0865193,0.0848753,1.63565,0.584198,3.45886,3.45835,4.93574
u-shaped,3,lqi-literal,0,15,8.2102,10,132,58,0.0876153,0.0870673,1.60942,0.698888,1.73559,1.56322,2.4284
u-shaped,3,lqi-literal,0,16,15.1497,5,98,92,0.0865193,0.0848753,1.61781,0.567458,3.67781,3.72845,5.38673
u-shaped,3,lqi-literal,0,17,13.0046,5,100,90,0.0859713,0.0865193,1.73384,0.547599,3.00141,3.07902,4.47024
u-shaped,3,lqi-literal,0,18,16.8541,4,91,99,0.0854233,0.0854233,1.64931,0.532503,4.12805,4.08345,6.28999
u-shaped,3,lqi-literal,0,19,9.16366,3,121,69,0.0881633,0.0865193,1.42741,0.347356,2.19043,2.00276,3.02103
line,2,hopcount,0,0,15.913,12,38,152,0.172555,0.173651,5.41771,0.524814,3.05056,3.97499,2.5987
line,2,hopcount,0,1,18.0432,13,26,164,0.173651,0.179679,5.58808,0.626421,3.55631,4.99894,2.92015
line,2,hopcount,0,2,19.1683,20,34,156,0.175295,0.178035,6.82391,0.731815,3.51397,5.06952,2.67574
line,2,hopcount,0,3,17.0274,16,42,148,0.172555,0.179131,6.12657,0.643161,3.36303,4.15898,2.38396
line,2,hopcount,0,4,17.4577,17,34,156,0.176939,0.175843,6.29638,0.708509,3.08675,4.35997,2.6533
line,2,hopcount,0,5,13.6799,12,58,132,0.180227,0.178035,5.41662,0.443546,2.28854,3.18711,1.98585
line,2,hopcount,0,6,16.7162,17,43,147,0.177487,0.177487,6.24706,0.65517,3.05877,3.94636,2.45389
line,2,hopcount,0,7,17.084,20,42,148,0.178035,0.175843,6.81131,0.712597,2.94392,3.78831,2.47403
line,2,hopcount,0,8,17.3624,21,51,139,0.177487,0.172007,6.98112,0.677748,2.74869,4.24069,2.36465
line,2,hopcount,0,9,18.1565,18,31,159,0.178035,0.175843,6.4525,0.687406,3.34369,4.63042,2.68863
line,2,hopcount,0,10,14.6976,14,51,139,0.175843,0.176939,5.7705,0.508126,2.53791,3.48523,2.04306
line,2,hopcount,0,11,15.8063,24,58,132,0.174747,0.173651,7.48509,0.814291,2.29349,2.95836,1.90666
line,2,hopcount,0,12,16.0588,20,55,135,0.176391,0.174199,6.82775,0.71121,2.68311,3.46764,2.01846
line,2,hopcount,0,13,17.5557,23,42,148,0.172555,0.179131,7.30212,0.728667,2.91292,3.93161,2.32869
line,2,hopcount,0,14,15.5037,13,42,148,0.177487,0.180775,5.60068,0.527754,2.94707,3.81385,2.25612
line,2,hopcount,0,15,17.5911,15,30,160,0.175843,0.178035,5.94853,0.66023,3.22684,4.56995,2.83164
line,2,hopcount,0,16,14.4976,16,56,134,0.181323,0.171459,6.08766,0.601501,2.4257,2.99989,2.03008
line,2,hopcount,0,17,16.7192,15,40,150,0.173651,0.166527,5.94963,0.635998,2.99302,4.21303,2.5873
line,2,hopcount,0,18,15.3279,18,56,134,0.176939,0.174747,6.47113,0.71398,2.56823,3.24579,1.97707
line,2,hopcount,0,19,15.9901,18,44,146,0.175843,0.178035,6.45633,0.675784,2.84968,3.39878,2.25568
line,2,lqi,0,0,13.2454,11,49,141,0.172555,0.173651,5.25338,0.521456,2.35239,2.42466,2.34733
line,2,lqi,0,1,15.3463,9,31,159,0.173651,0.179679,4.90827,0.427172,2.8905,3.8172,2.94983
line,2,lqi,0,2,14.5446,9,37,153,0.175295,0.178035,4.90717,0.46706,2.72293,3.2921,2.80197
line,2,lqi,0,3,14.9934,13,36,154,0.172555,0.179131,5.6089,0.539862,2.68838,3.03188,2.77264
line,2,lqi,0,4,13.4444,11,53,137,0.176939,0.175843,5.2605,0.509469,2.39146,2.67318,2.25702
line,2,lqi,0,5,14.4117,12,40,150,0.180227,0.178035,5.42867,0.525255,2.58446,2.91206,2.60298
line,2,lqi,0,6,13.7583,6,41,149,0.177487,0.177487,4.36101,0.411897,2.6205,3.25691,2.75299
line,2,lqi,0,7,13.0366,9,60,130,0.178035,0.175843,4.9132,0.495877,2.24305,2.80739,2.22324
line,2,lqi,0,8,16.5416,17,31,159,0.177487,0.172007,6.31063,0.642802,2.96766,3.32364,2.94736
line,2,lqi,0,9,14.819,12,39,151,0.178035,0.175843,5.41771,0.523659,2.71943,3.08749,2.71684
line,2,lqi,0,10,17.317,19,22,168,0.175843,0.176939,6.61738,0.681506,3.21449,3.30754,3.14331
line,2,lqi,0,11,14.504,14,43,147,0.174747,0.173651,5.74748,0.588827,2.44525,2.77251,2.60151
line,2,lqi,0,12,15.0144,18,45,145,0.176391,0.174199,6.46894,0.663001,2.53994,2.63566,2.35631
line,2,lqi,0,13,14.4823,11,40,150,0.172555,0.179131,5.23584,0.490238,2.78799,2.92693,2.6896
line,2,lqi,0,14,15.0264,11,36,154,0.177487,0.180775,5.27037,0.501777,2.74773,3.43029,2.71798
line,2,lqi,0,15,15.3303,7,28,162,0.175843,0.178035,4.55494,0.421523,2.96015,4.12865,2.91115
line,2,lqi,0,16,15.8403,11,31,159,0.181323,0.171459,5.23475,0.487549,3.00296,3.82548,2.93682
line,2,lqi,0,17,14.2017,15,50,140,0.173651,0.166527,5.95401,0.59344,2.39941,2.59685,2.31776
line,2,lqi,0,18,15.5878,13,33,157,0.176939,0.174747,5.62534,0.537927,3.08458,3.17915,2.80909
line,2,lqi,0,19,13.218,11,53,137,0.175843,0.178035,5.24351,0.499883,2.36206,2.55101,2.20763
line,2,leo,0,0,15.6852,15,43,147,0.172555,0.173651,5.94031,0.557717,2.99407,3.3772,2.46971
line,2,leo,0,1,14.0258,11,58,132,0.173651,0.179679,5.24351,0.514931,2.40335,3.40849,2.10222
line,2,leo,0,2,14.9454,16,61,129,0.175295,0.178035,6.12931,0.639943,2.65653,3.28519,1.88112
line,2,leo,0,3,16.0225,15,49,141,0.172555,0.179131,5.93209,0.59062,3.06739,3.76313,2.31763
line,2,leo,0,4,15.224,21,60,130,0.176939,0.175843,6.98934,0.665753,2.45422,2.92137,1.84051
line,2,leo,0,5,15.9294,15,46,144,0.180227,0.178035,5.94141,0.563477,2.61705,4.05036,2.39886
line,2,leo,0,6,15.4262,13,50,140,0.177487,0.177487,5.58479,0.556224,2.83861,3.70836,2.3832
line,2,leo,0,7,17.7915,13,26,164,0.178035,0.175843,5.59246,0.585856,3.47438,4.76509,3.01984
line,2,leo,0,8,16.1785,17,44,146,0.177487,0.172007,6.27501,0.594636,2.76791,3.64609,2.54537
line,2,leo,0,9,16.1656,14,38,152,0.178035,0.175843,5.74912,0.552048,3.18889,3.69959,2.62206
line,2,leo,0,10,16.6928,15,38,152,0.175843,0.176939,5.95072,0.554807,3.29288,4.06622,2.47538
line,2,leo,0,11,15.2989,16,46,144,0.174747,0.173651,6.0767,0.676155,2.52476,3.28035,2.39251
line,2,leo,0,12,15.0149,15,55,135,0.176391,0.174199,5.96771,0.601891,2.5938,3.38961,2.11127
line,2,leo,0,13,16.3029,19,45,145,0.172555,0.179131,6.60971,0.643841,2.88417,3.48938,2.3241
line,2,leo,0,14,16.1523,12,36,154,0.177487,0.180775,5.42539,0.512109,3.19412,4.15546,2.50697
line,2,leo,0,15,19.046,19,24,166,0.175843,0.178035,6.66067,0.709105,3.59687,4.80438,2.92107
line,2,leo,0,16,17.6694,19,39,151,0.181323,0.171459,6.63546,0.697151,3.39713,3.99584,2.59105
line,2,leo,0,17,14.8202,16,55,135,0.173651,0.166527,6.08437,0.609074,2.56525,3.16752,2.05382
line,2,leo,0,18,15.6378,14,46,144,0.176939,0.174747,5.78146,0.522185,2.91969,3.77479,2.28802
line,2,leo,0,19,15.0328,15,50,140,0.175843,0.178035,5.92497,0.531112,2.78088,3.33501,2.10693
line,2,lqi-literal,0,0,15.913,12,38,152,0.172555,0.173651,5.41771,0.524814,3.05056,3.97499,2.5987
line,2,lqi-literal,0,1,18.0432,13,26,164,0.173651,0.179679,5.58808,0.626421,3.55631,4.99894,2.92015
line,2,lqi-literal,0,2,19.1683,20,34,156,0.175295,0.178035,6.82391,0.731815,3.51397,5.06952,2.67574
line,2,lqi-literal,0,3,17.0274,16,42,148,0.172555,0.179131,6.12657,0.643161,3.36303,4.15898,2.38396
line,2,lqi-literal,0,4,17.4577,17,34,156,0.176939,0.175843,6.29638,0.708509,3.08675,4.35997,2.6533
line,2,lqi-literal,0,5,13.6799,12,58,132,0.180227,0.178035,5.41662,0.443546,2.28854,3.18711,1.98585
line,2,lqi-literal,0,6,16.7162,17,43,147,0.177487,0.177487,6.24706,0.65517,3.05877,3.94636,2.45389
line,2,lqi-literal,0,7,17.084,20,42,148,0.178035,0.175843,6.81131,0.712597,2.94392,3.78831,2.47403
line,2,lqi-literal,0,8,17.3624,21,51,139,0.177487,0.172007,6.98112,0.677748,2.74869,4.24069,2.36465
line,2,lqi-literal,0,9,18.1565,18,31,159,0.178035,0.175843,6.4525,0.687406,3.34369,4.63042,2.68863
line,2,lqi-literal,0,10,14.6976,14,51,139,0.175843,0.176939,5.7705,0.508126,2.53791,3.48523,2.04306
line,2,lqi-literal,0,11,15.8063,24,58,132,0.174747,0.173651,7.48509,0.814291,2.29349,2.95836,1.90666
line,2,lqi-literal,0,12,16.0588,20,55,135,0.176391,0.174199,6.82775,0.71121,2.68311,3.46764,2.01846
line,2,lqi-literal,0,13,17.5557,23,42,148,0.172555,0.179131,7.30212,0.728667,2.91292,3.93161,2.32869
line,2,lqi-literal,0,14,15.5037,13,42,148,0.177487,0.180775,5.60068,0.527754,2.94707,3.81385,2.25612
line,2,lqi-literal,0,15,17.5911,15,30,160,0.175843,0.178035,5.94853,0.66023,3.22684,4.56995,2.83164
line,2,lqi-literal,0,16,14.4976,16,56,134,0.181323,0.171459,6.08766,0.601501,2.4257,2.99989,2.03008
line,2,lqi-literal,0,17,16.7192,15,40,150,0.173651,0.166527,5.94963,0.635998,2.99302,4.21303,2.5873
line,2,lqi-literal,0,18,15.3279,18,56,134,0.176939,0.174747,6.47113,0.71398,2.56823,3.24579,1.97707
line,2,lqi-literal,0,19,15.9901,18,44,146,0.175843,0.178035,6.45633,0.675784,2.84968,3.39878,2.25568
line,2.25,hopcount,0,0,18.9206,19,44,146,0.132003,0.131455,5.02818,0.891136,3.85137,5.04007,3.84638
line,2.25,hopcount,0,1,17.3985,19,58,132,0.131455,0.133099,5.03585,0.916991,3.68507,4.03652,3.4595
line,2.25,hopcount,0,2,18.4078,28,56,134,0.134743,0.135839,6.26827,1.17881,3.72895,3.75912,3.20206
line,2.25,hopcount,0,3,13.2447,12,74,116,0.135291,0.130359,4.10032,0.709165,2.69971,3.08856,2.38127
line,2.25,hopcount,0,4,16.9568,14,48,142,0.135839,0.133647,4.35666,0.765714,3.42649,4.55493,3.58354
line,2.25,hopcount,0,5,13.6425,16,84,106,0.136935,0.137483,4.67272,0.896295,2.44148,3.00434,2.35324
line,2.25,hopcount,0,6,16.4758,20,72,118,0.133647,0.133647,5.16238,1.04229,3.16251,3.90756,2.93377
line,2.25,hopcount,0,7,17.296,17,59,131,0.130359,0.133099,4.76965,1.04358,3.42824,4.19332,3.5978
line,2.25,hopcount,0,8,14.3581,18,74,116,0.132551,0.127071,4.91974,0.816037,2.59687,3.30126,2.4646
line,2.25,hopcount,0,9,15.2914,18,77,113,0.133647,0.134743,4.89782,0.843263,2.93481,3.55089,2.79624
line,2.25,hopcount,0,10,16.3767,22,68,122,0.136935,0.136935,5.44008,1.03068,3.03619,3.70759,2.88831
line,2.25,hopcount,0,11,13.6156,19,80,110,0.135291,0.135291,5.04736,0.99337,2.44333,2.54312,2.31785
line,2.25,hopcount,0,12,16.5537,18,59,131,0.134195,0.136387,4.93125,0.923839,3.36856,4.00993,3.04958
line,2.25,hopcount,0,13,15.5745,17,67,123,0.131455,0.132551,4.79377,0.948481,2.82745,3.68473,3.05604
line,2.25,hopcount,0,14,14.9691,23,82,108,0.134195,0.135839,5.57757,1.0169,2.64367,3.03318,2.42776
line,2.25,hopcount,0,15,14.3451,15,73,117,0.135291,0.133647,4.52209,0.756826,2.92457,3.19139,2.68127
line,2.25,hopcount,0,16,17.1754,20,52,138,0.134195,0.136387,5.17553,0.904659,3.36916,4.18164,3.27378
line,2.25,hopcount,0,17,15.8897,19,65,125,0.136935,0.133099,5.03476,1.04928,3.03081,3.60822,2.89659
line,2.25,hopcount,0,18,16.654,23,62,128,0.136387,0.133099,5.57099,1.14398,3.14642,3.48435,3.03876
line,2.25,hopcount,0,19,16.6329,23,64,126,0.133647,0.134195,5.59455,1.01008,3.56958,3.29601,2.89483
line,2.25,lqi,0,0,15.0734,14,59,131,0.132003,0.131455,4.37474,0.817526,2.9985,3.26498,3.35423
line,2.25,lqi,0,1,17.6468,11,36,154,0.131455,0.133099,3.97654,0.783808,3.82859,4.1655,4.62781
line,2.25,lqi,0,2,12.8011,15,81,109,0.134743,0.135839,4.57086,0.80261,2.43823,2.17391,2.54495
line,2.25,lqi,0,3,15.3836,12,56,134,0.135291,0.130359,4.11786,0.767793,3.2148,3.65386,3.36365
line,2.25,lqi,0,4,18.2889,13,33,157,0.135839,0.133647,4.23616,0.770713,4.1665,4.31262,4.53339
line,2.25,lqi,0,5,15.2111,14,58,132,0.136935,0.137483,4.40159,0.719029,3.26387,3.32501,3.22718
line,2.25,lqi,0,6,17.7955,16,45,145,0.133647,0.133647,4.65135,0.849263,3.7682,4.12042,4.13892
line,2.25,lqi,0,7,19.7211,17,30,160,0.130359,0.133099,4.77239,0.899332,4.383,4.71048,4.69242
line,2.25,lqi,0,8,15.4404,14,55,135,0.132551,0.127071,4.38954,0.771561,3.3006,3.3978,3.32126
line,2.25,lqi,0,9,16.5205,20,58,132,0.133647,0.134743,5.16073,0.912904,3.26195,3.5237,3.39281
line,2.25,lqi,0,10,16.5754,16,58,132,0.136935,0.136935,4.65135,0.842875,3.42313,3.73797,3.64618
line,2.25,lqi,0,11,17.4083,22,53,137,0.135291,0.135291,5.44775,1.09152,3.66443,3.39307,3.54097
line,2.25,lqi,0,12,16.5602,22,63,127,0.134195,0.136387,5.45762,1.03843,3.30703,3.41163,3.07488
line,2.25,lqi,0,13,13.9093,13,64,126,0.131455,0.132551,4.25096,0.648401,2.68461,3.12314,2.93818
line,2.25,lqi,0,14,14.2789,17,73,117,0.134195,0.135839,4.79322,0.825996,2.81912,2.82173,2.74876
line,2.25,lqi,0,15,15.1354,15,61,129,0.135291,0.133647,4.50839,0.814139,2.99483,3.25143,3.29767
line,2.25,lqi,0,16,16.2727,19,58,132,0.134195,0.136387,5.04517,0.973042,3.21723,3.27034,3.49631
line,2.25,lqi,0,17,15.7081,17,58,132,0.136935,0.133099,4.76801,0.87254,3.30927,3.32347,3.16474
line,2.25,lqi,0,18,17.5197,18,49,141,0.136387,0.133099,4.917,1.00428,3.63239,3.83485,3.86174
line,2.25,lqi,0,19,15.6094,14,53,137,0.133647,0.134195,4.37748,0.846424,3.11461,3.46847,3.53452
line,2.25,leo,0,0,19.8051,18,39,151,0.132003,0.131455,4.89453,0.921845,4.38846,5.0846,4.25217
line,2.25,leo,0,1,15.0071,16,65,125,0.131455,0.133099,4.65628,0.888305,3.00673,3.19876,2.99251
line,2.25,leo,0,2,15.3135,20,70,120,0.134743,0.135839,5.21937,0.914799,2.94595,3.31763,2.64515
line,2.25,leo,0,3,12.7542,12,80,110,0.135291,0.130359,4.10525,0.770087,2.51087,2.87712,2.22519
line,2.25,leo,0,4,16.6367,14,51,139,0.135839,0.133647,4.37858,0.829546,3.23027,4.25255,3.67629
line,2.25,leo,0,5,13.9439,12,71,119,0.136935,0.137483,4.14745,0.701722,2.70724,3.54155,2.57149
line,2.25,leo,0,6,13.9715,15,81,109,0.133647,0.133647,4.51058,0.815606,2.64387,3.25806,2.47607
line,2.25,leo,0,7,15.1187,19,76,114,0.130359,0.133099,5.04024,0.951228,2.74332,3.3534,2.76705
line,2.25,leo,0,8,14.8523,20,72,118,0.132551,0.127071,5.20183,1.04387,2.68702,3.16199,2.49798
line,2.25,leo,0,9,17.7304,21,57,133,0.133647,0.134743,5.29822,1.0374,3.79328,4.00273,3.33036
line,2.25,leo,0,10,15.8683,22,74,116,0.136935,0.136935,5.43953,1.04009,2.83557,3.43676,2.84244
line,2.25,leo,0,11,15.7891,22,69,121,0.135291,0.135291,5.46584,1.14928,2.96297,3.04185,2.89858
line,2.25,leo,0,12,14.3598,17,75,115,0.134195,0.136387,4.80199,0.890716,2.9832,2.83163,2.58171
line,2.25,leo,0,13,17.7602,16,45,145,0.131455,0.132551,4.64039,0.804677,3.477,4.91223,3.66186
line,2.25,leo,0,14,15.4244,22,72,118,0.134195,0.135839,5.45762,1.01301,2.8477,3.11759,2.71845
line,2.25,leo,0,15,14.2969,14,72,118,0.135291,0.133647,4.38351,0.742995,2.78978,3.39847,2.71324
line,2.25,leo,0,16,15.6737,17,67,123,0.134195,0.136387,4.77459,0.845628,3.10411,3.77907,2.89971
line,2.25,leo,0,17,14.2931,16,71,119,0.136935,0.133099,4.64423,0.87324,2.56791,3.42362,2.51411
line,2.25,leo,0,18,16.0545,16,61,129,0.136387,0.133099,4.63929,0.912169,3.19315,3.83255,3.20788
line,2.25,leo,0,19,16.9939,17,57,133,0.133647,0.134195,4.76911,0.803228,3.86962,3.96459,3.31953
line,2.25,lqi-literal,0,0,18.9206,19,44,146,0.132003,0.131455,5.02818,0.891136,3.85137,5.04007,3.84638
line,2.25,lqi-literal,0,1,17.3985,19,58,132,0.131455,0.133099,5.03585,0.916991,3.68507,4.03652,3.4595
line,2.25,lqi-literal,0,2,18.4078,28,56,134,0.134743,0.135839,6.26827,1.17881,3.72895,3.75912,3.20206
line,2.25,lqi-literal,0,3,13.2447,12,74,116,0.135291,0.130359,4.10032,0.709165,2.69971,3.08856,2.38127
line,2.25,lqi-literal,0,4,16.9568,14,48,142,0.135839,0.133647,4.35666,0.765714,3.42649,4.55493,3.58354
line,2.25,lqi-literal,0,5,13.6425,16,84,106,0.136935,0.137483,4.67272,0.896295,2.44148,3.00434,2.35324
line,2.25,lqi-literal,0,6,16.4758,20,72,118,0.133647,0.133647,5.16238,1.04229,3.16251,3.90756,2.93377
line,2.25,lqi-literal,0,7,17.296,17,59,131,0.130359,0.133099,4.76965,1.04358,3.42824,4.19332,3.5978
line,2.25,lqi-literal,0,8,14.3581,18,74,116,0.132551,0.127071,4.91974,0.816037,2.59687,3.30126,2.4646
line,2.25,lqi-literal,0,9,15.2914,18,77,113,0.133647,0.134743,4.89782,0.843263,2.93481,3.55089,2.79624
line,2.25,lqi-literal,0,10,16.3767,22,68,122,0.136935,0.136935,5.44008,1.03068,3.03619,3.70759,2.88831
line,2.25,lqi-literal,0,11,13.6156,19,80,110,0.135291,0.135291,5.04736,0.99337,2.44333,2.54312,2.31785
line,2.25,lqi-literal,0,12,16.5537,18,59,131,0.134195,0.136387,4.93125,0.923839,3.36856,4.00993,3.04958
line,2.25,lqi-literal,0,13,15.5745,17,67,123,0.131455,0.132551,4.79377,0.948481,2.82745,3.68473,3.05604
line,2.25,lqi-literal,0,14,14.9691,23,82,108,0.134195,0.135839,5.57757,1.0169,2.64367,3.03318,2.42776
line,2.25,lqi-literal,0,15,14.3451,15,73,117,0.135291,0.133647,4.52209,0.756826,2.92457,3.19139,2.68127
line,2.25,lqi-literal,0,16,17.1754,20,52,138,0.134195,0.136387,5.17553,0.904659,3.36916,4.18164,3.27378
line,2.25,lqi-literal,0,17,15.8897,19,65,125,0.136935,0.133099,5.03476,1.04928,3.03081,3.60822,2.89659
line,2.25,lqi-literal,0,18,16.654,23,62,128,0.136387,0.133099,5.57099,1.14398,3.14642,3.48435,3.03876
line,2.25,lqi-literal,0,19,16.6329,23,64,126,0.133647,0.134195,5.59455,1.01008,3.56958,3.29601,2.89483
line,2.5,hopcount,0,0,22.4158,26,52,138,0.108987,0.109535,4.91429,1.7904,5.03002,4.98468,5.47784
line,2.5,hopcount,0,1,21.5547,20,55,135,0.109535,0.107891,4.25544,1.3039,4.84244,5.50915,5.4263
line,2.5,hopcount,0,2,20.4619,21,50,140,0.113919,0.113371,4.2828,1.35145,4.62585,4.44463,5.52992
line,2.5,hopcount,0,3,18.0104,23,72,118,0.110631,0.110631,4.55284,1.4596,3.92054,3.75867,4.0975
line,2.5,hopcount,0,4,20.3875,26,64,126,0.109535,0.111727,4.89005,1.65979,4.18129,4.65759,4.77756
line,2.5,hopcount,0,5,19.516,25,62,128,0.109535,0.110631,4.8075,1.51933,4.06329,4.29966,4.60608
line,2.5,hopcount,0,6,20.144,28,72,118,0.107891,0.107891,5.12295,1.55897,4.41478,4.3409,4.49062
line,2.5,hopcount,0,7,16.6745,21,70,120,0.111179,0.112275,4.31163,1.16523,3.47799,3.61337,3.88278
line,2.5,hopcount,0,8,15.881,23,81,109,0.112275,0.108439,4.60925,1.33975,3.17735,3.15805,3.37584
line,2.5,hopcount,0,9,18.8297,24,63,127,0.109535,0.105151,4.69488,1.57658,4.08417,3.84488,4.41452
line,2.5,hopcount,0,10,18.9227,29,80,110,0.110083,0.112823,5.24622,1.53314,3.97132,4.0902,3.85894
line,2.5,hopcount,0,11,21.4033,22,53,137,0.113919,0.111179,4.46927,1.55442,4.80723,5.11918,5.2281
line,2.5,hopcount,0,12,18.8248,23,74,116,0.110083,0.107343,4.55162,1.4039,3.80199,4.20068,4.64917
line,2.5,hopcount,0,13,16.301,24,82,108,0.110083,0.107891,4.6316,1.28248,3.21675,3.56991,3.38225
line,2.5,hopcount,0,14,19.3166,18,64,126,0.108987,0.108987,4.02962,1.22684,4.23502,4.78543,4.82171
line,2.5,hopcount,0,15,19.3154,23,71,119,0.110083,0.109535,4.59192,1.37262,4.23623,4.31863,4.57634
line,2.5,hopcount,0,16,17.0752,23,72,118,0.112275,0.111179,4.44048,1.29764,3.72792,3.44602,3.93965
line,2.5,hopcount,0,17,18.4468,25,73,117,0.110631,0.109535,4.78486,1.54854,3.9444,3.87406,4.07479
line,2.5,hopcount,0,18,19.1895,19,52,138,0.110083,0.110631,4.15015,1.33565,4.41359,4.16482,4.9046
line,2.5,hopcount,0,19,22.4576,24,46,144,0.111179,0.109535,4.68464,1.64252,5.1548,5.042,5.71297
line,2.5,lqi,0,0,20.802,23,54,136,0.108987,0.109535,4.59007,1.68136,4.53269,4.36039,5.41895
line,2.5,lqi,0,1,22.4333,27,47,143,0.109535,0.107891,4.9914,1.66142,4.90178,5.05522,5.60609
line,2.5,lqi,0,2,19.3389,22,60,130,0.113919,0.113919,4.49461,1.44938,4.27869,4.2116,4.67673
line,2.5,lqi,0,3,18.8313,20,63,127,0.110631,0.110631,4.22938,1.2526,4.08108,4.09872,4.94822
line,2.5,lqi,0,4,20.2189,17,55,135,0.109535,0.111727,3.90992,1.17426,4.33861,5.0794,5.4954
line,2.5,lqi,0,5,15.9431,18,78,112,0.110631,0.111179,4.0047,1.11883,3.3912,3.40411,3.80245
line,2.5,lqi,0,6,19.7028,24,60,130,0.107891,0.107891,4.68649,1.51008,4.1941,4.14459,4.95179
line,2.5,lqi,0,7,18.445,16,60,130,0.111179,0.112275,3.8299,1.20539,4.03271,4.06208,5.09144
line,2.5,lqi,0,8,17.9879,26,79,111,0.112275,0.108439,4.93292,1.60241,3.66862,3.44026,4.12295
line,2.5,lqi,0,9,18.2392,23,72,118,0.109535,0.105151,4.49406,1.48466,3.8216,3.59072,4.6335
line,2.5,lqi,0,10,16.2166,24,79,111,0.111179,0.112275,4.73105,1.3776,3.11378,2.92525,3.84543
line,2.5,lqi,0,11,17.959,11,61,129,0.113919,0.111179,3.29811,1.09637,3.90111,4.46729,4.97105
line,2.5,lqi,0,12,17.3045,12,63,127,0.110083,0.107343,3.29626,0.95599,3.705,4.55078,4.57906
line,2.5,lqi,0,13,17.1636,19,71,119,0.110083,0.107891,4.11731,1.35597,3.60528,3.51232,4.35476
line,2.5,lqi,0,14,15.7535,17,83,107,0.108987,0.108987,3.93231,1.16491,3.32253,3.51478,3.601
line,2.5,lqi,0,15,21.6158,25,48,142,0.110083,0.109535,4.80787,1.68602,4.61239,4.64907,5.64085
line,2.5,lqi,0,16,17.7606,13,57,133,0.112275,0.111179,3.5139,0.945662,3.81933,4.58503,4.67327
line,2.5,lqi,0,17,18.1831,24,75,115,0.111179,0.109535,4.70234,1.56675,3.57012,3.58244,4.54073
line,2.5,lqi,0,18,21.2539,19,44,146,0.110083,0.110631,4.13139,1.23793,5.03622,4.7433,5.88431
line,2.5,lqi,0,19,20.4974,19,46,144,0.110631,0.110083,4.15138,1.3162,4.57246,4.70057,5.53609
line,2.5,leo,0,0,21.059,26,59,131,0.108987,0.109535,4.90481,1.62056,4.61314,4.54007,5.16193
line,2.5,leo,0,1,16.2388,20,77,113,0.109535,0.107891,4.27133,1.16191,3.49501,3.45161,3.64152
line,2.5,leo,0,2,18.263,24,66,124,0.113919,0.113371,4.63294,1.47584,3.93258,3.40792,4.58646
line,2.5,leo,0,3,17.8532,25,71,119,0.110631,0.110631,4.78832,1.56537,3.64893,3.65875,3.97061
line,2.5,leo,0,4,19.4331,21,62,128,0.109535,0.111727,4.35165,1.30086,4.28744,4.45736,4.81455
line,2.5,leo,0,5,18.8642,24,69,121,0.109535,0.110631,4.72207,1.64117,4.13019,3.67361,4.47699
line,2.5,leo,0,6,19.2523,23,67,123,0.107891,0.107891,4.54871,1.40543,4.34311,4.34084,4.39843
line,2.5,leo,0,7,16.9646,28,74,116,0.111179,0.112275,4.98685,1.64205,3.3331,3.06914,3.71005
line,2.5,leo,0,8,15.1696,24,95,95,0.112275,0.108439,4.71604,1.43902,3.10088,2.72647,2.96651
line,2.5,leo,0,9,16.596,21,76,114,0.109535,0.105151,4.37374,1.37675,3.35156,3.36536,3.91395
line,2.5,leo,0,10,14.3651,18,89,101,0.110083,0.112823,4.0813,1.05078,3.15101,2.97805,2.88104
line,2.5,leo,0,11,20.4688,19,56,134,0.113919,0.111179,4.16782,1.34344,4.68875,4.94362,5.10012
line,2.5,leo,0,12,18.5008,24,63,127,0.110083,0.107343,4.6577,1.5448,4.01191,3.57816,4.49081
line,2.5,leo,0,13,17.4781,22,81,109,0.110083,0.107891,4.40979,1.23417,3.84428,3.55798,4.21387
line,2.5,leo,0,14,19.5714,20,64,126,0.108987,0.108987,4.26037,1.22352,4.70156,4.32797,4.84005
line,2.5,leo,0,15,16.9807,22,84,106,0.110083,0.109535,4.49259,1.4682,3.73273,3.31092,3.75668
line,2.5,leo,0,16,17.5435,25,68,122,0.112275,0.111179,4.81116,1.3447,3.78775,3.44136,3.93511
line,2.5,leo,0,17,19.8626,18,58,132,0.110631,0.109535,4.00959,1.28101,4.8154,4.13696,5.39948
line,2.5,leo,0,18,17.8687,17,57,133,0.110083,0.110631,3.95149,1.08587,4.05305,3.87919,4.67837
line,2.5,leo,0,19,17.8098,20,68,122,0.111179,0.109535,4.24924,1.40361,3.74694,3.95836,4.23094
line,2.5,lqi-literal,0,0,22.4158,26,52,138,0.108987,0.109535,4.91429,1.7904,5.03002,4.98468,5.47784
line,2.5,lqi-literal,0,1,21.5547,20,55,135,0.109535,0.107891,4.25544,1.3039,4.84244,5.50915,5.4263
line,2.5,lqi-literal,0,2,20.4619,21,50,140,0.113919,0.113371,4.2828,1.35145,4.62585,4.44463,5.52992
line,2.5,lqi-literal,0,3,18.0104,23,72,118,0.110631,0.110631,4.55284,1.4596,3.92054,3.75867,4.0975
line,2.5,lqi-literal,0,4,20.3875,26,64,126,0.109535,0.111727,4.89005,1.65979,4.18129,4.65759,4.77756
line,2.5,lqi-literal,0,5,19.516,25,62,128,0.109535,0.110631,4.8075,1.51933,4.06329,4.29966,4.60608
line,2.5,lqi-literal,0,6,20.144,28,72,118,0.107891,0.107891,5.12295,1.55897,4.41478,4.3409,4.49062
line,2.5,lqi-literal,0,7,16.6745,21,70,120,0.111179,0.112275,4.31163,1.16523,3.47799,3.61337,3.88278
line,2.5,lqi-literal,0,8,15.881,23,81,109,0.112275,0.108439,4.60925,1.33975,3.17735,3.15805,3.37584
line,2.5,lqi-literal,0,9,18.8297,24,63,127,0.109535,0.105151,4.69488,1.57658,4.08417,3.84488,4.41452
line,2.5,lqi-literal,0,10,18.9227,29,80,110,0.110083,0.112823,5.24622,1.53314,3.97132,4.0902,3.85894
line,2.5,lqi-literal,0,11,21.4033,22,53,137,0.113919,0.111179,4.46927,1.55442,4.80723,5.11918,5.2281
line,2.5,lqi-literal,0,12,18.8248,23,74,116,0.110083,0.107343,4.55162,1.4039,3.80199,4.20068,4.64917
line,2.5,lqi-literal,0,13,16.301,24,82,108,0.110083,0.107891,4.6316,1.28248,3.21675,3.56991,3.38225
line,2.5,lqi-literal,0,14,19.3166,18,64,126,0.108987,0.108987,4.02962,1.22684,4.23502,4.78543,4.82171
line,2.5,lqi-literal,0,15,19.3154,23,71,119,0.110083,0.109535,4.59192,1.37262,4.23623,4.31863,4.57634
line,2.5,lqi-literal,0,16,17.0752,23,72,118,0.112275,0.111179,4.44048,1.29764,3.72792,3.44602,3.93965
line,2.5,lqi-literal,0,17,18.4468,25,73,117,0.110631,0.109535,4.78486,1.54854,3.9444,3.87406,4.07479
line,2.5,lqi-literal,0,18,19.1895,19,52,138,0.110083,0.110631,4.15015,1.33565,4.41359,4.16482,4.9046
line,2.5,lqi-literal,0,19,22.4576,24,46,144,0.111179,0.109535,4.68464,1.64252,5.1548,5.042,5.71297
line,2.625,hopcount,0,0,18.104,19,79,111,0.102959,0.100767,3.64828,1.30853,4.35033,3.65782,4.93529
line,2.625,hopcount,0,1,19.2585,15,63,127,0.101863,0.101863,3.28451,1.36318,4.35543,4.41634,5.63532
line,2.625,hopcount,0,2,17.6507,15,79,111,0.101863,0.102959,3.28311,1.35124,3.95532,3.9801,4.87608
line,2.625,hopcount,0,3,11.8508,17,117,73,0.100767,0.100219,3.61855,1.13778,2.23059,2.09597,2.5669
line,2.625,hopcount,0,4,19.6416,18,76,114,0.103507,0.101863,3.50864,1.46927,4.57508,4.38644,5.49682
line,2.625,hopcount,0,5,18.8119,18,70,120,0.0980273,0.103507,3.65663,1.43036,4.31015,4.08295,5.13033
line,2.625,hopcount,0,6,22.4638,9,46,144,0.100219,0.103507,2.89493,0.902125,5.74837,5.75934,6.95531
line,2.625,hopcount,0,7,20.2916,20,71,119,0.105151,0.102411,3.74887,1.72318,4.52791,4.60453,5.47951
line,2.625,hopcount,0,8,15.4669,16,88,102,0.104055,0.0991233,3.49536,1.24155,3.37536,2.97822,4.17327
line,2.625,hopcount,0,9,23.6673,23,55,135,0.100767,0.101863,3.96276,1.84939,5.47363,5.46956,6.70931
line,2.625,hopcount,0,10,14.4518,22,96,94,0.101863,0.104603,4.05724,1.45002,2.85884,2.63752,3.24175
line,2.625,hopcount,0,11,17.9266,22,76,114,0.104603,0.102411,3.99852,1.61133,4.05104,3.35913,4.69952
line,2.625,hopcount,0,12,19.5203,13,63,127,0.100219,0.0991233,3.12403,1.27055,4.55276,4.46231,5.9113
line,2.625,hopcount,0,13,15.3524,20,101,89,0.100219,0.0991233,3.89569,1.42602,3.01973,3.03985,3.77177
line,2.625,hopcount,0,14,19.4816,18,70,120,0.102959,0.100219,3.50704,1.32451,4.41086,4.6337,5.40233
line,2.625,hopcount,0,15,20.5779,19,69,121,0.101863,0.101315,3.76835,1.47021,4.7315,4.66968,5.73495
line,2.625,hopcount,0,16,14.5315,17,97,93,0.105699,0.102411,3.56518,1.18199,3.23361,2.86539,3.47726
line,2.625,hopcount,0,17,19.3164,17,67,123,0.0996713,0.0991233,3.48882,1.36421,4.37044,4.44647,5.44765
line,2.625,hopcount,0,18,22.6607,23,61,129,0.101863,0.103507,3.99198,1.57541,5.36159,4.99027,6.53609
line,2.625,hopcount,0,19,17.8567,20,81,109,0.102959,0.100219,3.87785,1.42257,3.948,3.65929,4.74583
line,2.625,lqi,0,0,18.6656,20,78,112,0.103507,0.101863,3.72459,1.55849,4.07911,3.82246,5.27556
line,2.625,lqi,0,1,23.0716,18,55,135,0.101315,0.100767,3.68542,1.63466,5.37123,4.87415,7.30405
line,2.625,lqi,0,2,16.5126,14,83,107,0.102411,0.102959,3.30103,1.22857,3.58508,3.61946,4.57313
line,2.625,lqi,0,3,16.0703,13,90,100,0.0996713,0.0996713,3.21603,1.20011,3.55778,3.30473,4.59231
line,2.625,lqi,0,4,17.5498,23,86,104,0.103507,0.101863,3.94906,1.61511,3.73486,3.44791,4.59747
line,2.625,lqi,0,5,17.0496,14,75,115,0.0974793,0.102959,3.16553,1.17565,3.72558,3.93063,4.85176
line,2.625,lqi,0,6,15.7985,18,90,100,0.101315,0.104055,3.76777,1.45212,3.1039,3.13606,4.13332
line,2.625,lqi,0,7,23.9433,12,47,143,0.105151,0.102411,3.07538,1.10037,5.5896,6.05858,7.91179
line,2.625,lqi,0,8,19.9051,19,69,121,0.104055,0.0991233,3.84888,1.53574,4.44922,4.08833,5.77973
line,2.625,lqi,0,9,18.3376,17,71,119,0.100219,0.100767,3.46095,1.26852,4.20488,3.93252,5.26975
line,2.625,lqi,0,10,17.1493,18,78,112,0.101863,0.104603,3.58343,1.41766,3.71835,3.47187,4.75148
line,2.625,lqi,0,11,17.9577,15,74,116,0.104603,0.102411,3.31735,1.35099,3.97038,3.6938,5.41813
line,2.625,lqi,0,12,19.584,13,68,122,0.100219,0.0996713,3.12606,1.12126,4.42543,4.68025,6.03116
line,2.625,lqi,0,13,22.7821,21,60,130,0.100219,0.0985753,3.77177,1.64089,5.18986,5.11402,6.86676
line,2.625,lqi,0,14,21.7295,17,59,131,0.102959,0.0996713,3.57631,1.52351,5.04625,4.81805,6.56272
line,2.625,lqi,0,15,19.5605,15,74,116,0.102411,0.101863,3.34214,1.29133,4.41615,4.46062,5.84602
line,2.625,lqi,0,16,18.5528,19,74,116,0.105151,0.102959,3.71135,1.44786,3.95188,3.96384,5.26972
line,2.625,lqi,0,17,19.6994,19,74,116,0.0996713,0.0991233,3.76287,1.46625,4.47252,4.18088,5.61808
line,2.625,lqi,0,18,17.3268,20,80,110,0.101863,0.103507,3.79955,1.35795,3.81317,3.48094,4.66978
line,2.625,lqi,0,19,17.927,17,75,115,0.102959,0.100219,3.59068,1.33184,3.91414,3.77985,5.10728
line,2.625,leo,0,0,23.0435,19,60,130,0.102959,0.100767,3.62859,1.21609,5.80222,5.40129,6.79158
line,2.625,leo,0,1,18.3535,12,66,124,0.101863,0.101863,3.00535,1.19335,4.17206,4.33982,5.43918
line,2.625,leo,0,2,24.0114,18,56,134,0.101863,0.102959,3.47883,1.44775,5.71139,5.89008,7.27855
line,2.625,leo,0,3,20.9698,20,72,118,0.100767,0.100219,3.95328,1.56116,4.88256,4.33337,6.03843
line,2.625,leo,0,4,18.1628,19,80,110,0.103507,0.101863,3.69925,1.47907,4.05078,3.92818,4.80014
line,2.625,leo,0,5,17.94,19,76,114,0.0980273,0.103507,3.71603,1.47014,4.10236,3.69046,4.75949
line,2.625,leo,0,6,22.4638,9,46,144,0.100219,0.103507,2.89493,0.902125,5.74837,5.75934,6.95531
line,2.625,leo,0,7,17.797,21,85,105,0.105151,0.102411,3.83451,1.59205,3.87881,3.56985,4.71427
line,2.625,leo,0,8,16.6075,18,85,105,0.104055,0.0991233,3.72425,1.34286,3.62369,3.29767,4.41582
line,2.625,leo,0,9,19.293,19,67,123,0.100767,0.101863,3.64465,1.40129,4.54139,4.30276,5.20022
line,2.625,leo,0,10,22.7253,20,57,133,0.101863,0.104603,3.83413,1.3764,5.12958,5.51216,6.66659
line,2.625,leo,0,11,17.3649,19,83,107,0.104603,0.102411,3.74247,1.57817,3.77021,3.42764,4.63938
line,2.625,leo,0,12,19.5203,13,63,127,0.100219,0.0991233,3.12403,1.27055,4.55276,4.46231,5.9113
line,2.625,leo,0,13,17.8364,19,84,106,0.100219,0.0991233,3.77122,1.35879,3.78382,3.90993,4.81331
line,2.625,leo,0,14,17.2701,15,80,110,0.102959,0.100219,3.22624,1.14322,3.96661,4.08116,4.64973
line,2.625,leo,0,15,23.0031,17,54,136,0.101863,0.101315,3.52748,1.39377,5.86616,5.24158,6.77098
line,2.625,leo,0,16,15.4551,17,91,99,0.105699,0.102411,3.52255,1.17931,3.33596,3.21453,3.99459
line,2.625,leo,0,17,21.8091,18,58,132,0.0996713,0.0991233,3.70676,1.61386,5.31093,4.59648,6.3823
line,2.625,leo,0,18,20.101,19,67,123,0.101863,0.103507,3.55683,1.35181,4.67376,4.46815,5.84503
line,2.625,leo,0,19,17.8794,19,87,103,0.102959,0.100219,3.81263,1.4243,3.81482,3.8408,4.78363
line,2.625,lqi-literal,0,0,18.104,19,79,111,0.102959,0.100767,3.64828,1.30853,4.35033,3.65782,4.93529
line,2.625,lqi-literal,0,1,19.2585,15,63,127,0.101863,0.101863,3.28451,1.36318,4.35543,4.41634,5.63532
line,2.625,lqi-literal,0,2,17.6507,15,79,111,0.101863,0.102959,3.28311,1.35124,3.95532,3.9801,4.87608
line,2.625,lqi-literal,0,3,11.8508,17,117,73,0.100767,0.100219,3.61855,1.13778,2.23059,2.09597,2.5669
line,2.625,lqi-literal,0,4,19.6416,18,76,114,0.103507,0.101863,3.50864,1.46927,4.57508,4.38644,5.49682
line,2.625,lqi-literal,0,5,18.8119,18,70,120,0.0980273,0.103507,3.65663,1.43036,4.31015,4.08295,5.13033
line,2.625,lqi-literal,0,6,22.4638,9,46,144,0.100219,0.103507,2.89493,0.902125,5.74837,5.75934,6.95531
line,2.625,lqi-literal,0,7,20.2916,20,71,119,0.105151,0.102411,3.74887,1.72318,4.52791,4.60453,5.47951
line,2.625,lqi-literal,0,8,15.4669,16,88,102,0.104055,0.0991233,3.49536,1.24155,3.37536,2.97822,4.17327
line,2.625,lqi-literal,0,9,23.6673,23,55,135,0.100767,0.101863,3.96276,1.84939,5.47363,5.46956,6.70931
line,2.625,lqi-literal,0,10,14.4518,22,96,94,0.101863,0.104603,4.05724,1.45002,2.85884,2.63752,3.24175
line,2.625,lqi-literal,0,11,17.9266,22,76,114,0.104603,0.102411,3.99852,1.61133,4.05104,3.35913,4.69952
line,2.625,lqi-literal,0,12,19.5203,13,63,127,0.100219,0.0991233,3.12403,1.27055,4.55276,4.46231,5.9113
line,2.625,lqi-literal,0,13,15.3524,20,101,89,0.100219,0.0991233,3.89569,1.42602,3.01973,3.03985,3.77177
line,2.625,lqi-literal,0,14,19.4816,18,70,120,0.102959,0.100219,3.50704,1.32451,4.41086,4.6337,5.40233
line,2.625,lqi-literal,0,15,20.5779,19,69,121,0.101863,0.101315,3.76835,1.47021,4.7315,4.66968,5.73495
line,2.625,lqi-literal,0,16,14.5315,17,97,93,0.105699,0.102411,3.56518,1.18199,3.23361,2.86539,3.47726
line,2.625,lqi-literal,0,17,19.3164,17,67,123,0.0996713,0.0991233,3.48882,1.36421,4.37044,4.44647,5.44765
line,2.625,lqi-literal,0,18,22.6607,23,61,129,0.101863,0.103507,3.99198,1.57541,5.36159,4.99027,6.53609
line,2.625,lqi-literal,0,19,17.8567,20,81,109,0.102959,0.100219,3.87785,1.42257,3.948,3.65929,4.74583
line,3,hopcount,0,0,9.81075,4,119,71,0.0843273,0.0854233,1.8487,0.521922,2.05543,2.11908,3.09587
line,3,hopcount,0,1,12.4694,3,112,78,0.0832313,0.0859713,1.54833,0.528498,2.87592,2.82285,4.52458
line,3,hopcount,0,2,13.9427,5,100,90,0.0848753,0.0848753,1.44052,0.549791,3.34019,3.30083,5.14162
line,3,hopcount,0,3,9.23818,3,135,55,0.0854233,0.0832313,1.26491,0.363,2.12634,2.07542,3.23986
line,3,hopcount,0,4,16.9913,3,92,98,0.0859713,0.0859713,1.3438,0.525418,4.10923,4.22526,6.61562
line,3,hopcount,0,5,13.2355,4,112,78,0.0826833,0.0843273,1.66635,0.632814,3.06313,2.85366,4.8525
line,3,hopcount,0,6,14.623,3,99,91,0.0848753,0.0837793,1.60643,0.531068,3.42594,3.46563,5.42522
line,3,hopcount,0,7,11.4181,5,123,67,0.0859713,0.0821353,1.4966,0.520486,2.60504,2.54071,4.08721
line,3,hopcount,0,8,12.8998,2,100,90,0.0837793,0.0859713,1.38077,0.434384,3.07136,3.12197,4.72154
line,3,hopcount,0,9,13.4174,5,99,91,0.0865193,0.0843273,1.41648,0.43274,3.25079,3.20544,4.94113
line,3,hopcount,0,10,12.2646,3,103,87,0.0843273,0.0848753,1.37694,0.433836,2.93189,2.84073,4.51198
line,3,hopcount,0,11,17.8164,4,79,111,0.0843273,0.0832313,1.51118,0.645757,4.42353,4.22231,6.84609
line,3,hopcount,0,12,18.9263,7,95,95,0.0832313,0.0859713,1.46219,0.649215,4.58121,4.59385,7.4706
line,3,hopcount,0,13,12.4651,3,100,90,0.0848753,0.0843273,1.35016,0.498096,2.98656,2.93219,4.52892
line,3,hopcount,0,14,15.1277,6,97,93,0.0843273,0.0854233,1.41902,0.653769,3.60558,3.6264,5.65317
line,3,hopcount,0,15,12.7693,4,111,79,0.0854233,0.0848753,1.26183,0.494639,3.10164,2.94268,4.79823
line,3,hopcount,0,16,9.76885,4,120,70,0.0843273,0.0848753,1.40426,0.378475,2.31345,2.1966,3.30686
line,3,hopcount,0,17,14.07,4,91,99,0.0848753,0.0848753,1.51409,0.534695,3.39506,3.3166,5.13977
line,3,hopcount,0,18,10.0838,5,118,72,0.0843273,0.0843273,1.57658,0.467147,2.24756,2.17204,3.45182
line,3,hopcount,0,19,12.4391,3,116,74,0.0848753,0.0848753,1.42939,0.507921,2.85963,2.86097,4.6114
line,3,lqi,0,0,9.81075,4,119,71,0.0843273,0.0854233,1.8487,0.521922,2.05543,2.11908,3.09587
line,3,lqi,0,1,10.3916,4,109,81,0.0832313,0.0859713,1.43466,0.476802,2.4317,2.27481,3.60442
line,3,lqi,0,2,20.2148,5,83,107,0.0848753,0.0848753,1.47585,0.713475,4.9123,4.91692,8.02649
line,3,lqi,0,3,9.23818,3,135,55,0.0854233,0.0832313,1.26491,0.363,2.12634,2.07542,3.23986
line,3,lqi,0,4,16.9913,3,92,98,0.0859713,0.0859713,1.3438,0.525418,4.10923,4.22526,6.61562
line,3,lqi,0,5,13.2355,4,112,78,0.0826833,0.0843273,1.66635,0.632814,3.06313,2.85366,4.8525
line,3,lqi,0,6,14.623,3,99,91,0.0848753,0.0837793,1.60643,0.531068,3.42594,3.46563,5.42522
line,3,lqi,0,7,11.4181,5,123,67,0.0859713,0.0821353,1.4966,0.520486,2.60504,2.54071,4.08721
line,3,lqi,0,8,12.8998,2,100,90,0.0837793,0.0859713,1.38077,0.434384,3.07136,3.12197,4.72154
line,3,lqi,0,9,13.4174,5,99,91,0.0865193,0.0843273,1.41648,0.43274,3.25079,3.20544,4.94113
line,3,lqi,0,10,12.2646,3,103,87,0.0843273,0.0848753,1.37694,0.433836,2.93189,2.84073,4.51198
line,3,lqi,0,11,17.8164,4,79,111,0.0843273,0.0832313,1.51118,0.645757,4.42353,4.22231,6.84609
line,3,lqi,0,12,26.5926,6,68,122,0.0832313,0.0859713,1.58333,0.932141,6.54259,6.42438,10.941
line,3,lqi,0,13,12.4651,3,100,90,0.0848753,0.0843273,1.35016,0.498096,2.98656,2.93219,4.52892
line,3,lqi,0,14,15.1277,6,97,93,0.0843273,0.0854233,1.41902,0.653769,3.60558,3.6264,5.65317
line,3,lqi,0,15,7.36985,2,127,63,0.0854233,0.0848753,1.18223,0.247045,1.70305,1.65267,2.41457
line,3,lqi,0,16,9.66557,3,119,71,0.0843273,0.0848753,1.32465,0.375944,2.21608,2.28447,3.29522
line,3,lqi,0,17,14.07,4,91,99,0.0848753,0.0848753,1.51409,0.534695,3.39506,3.3166,5.13977
line,3,lqi,0,18,14.6567,7,101,89,0.0843273,0.0843273,1.62431,0.74552,3.38634,3.39349,5.3384
line,3,lqi,0,19,12.4391,3,116,74,0.0848753,0.0848753,1.42939,0.507921,2.85963,2.86097,4.6114
line,3,leo,0,0,9.81075,4,119,71,0.0843273,0.0854233,1.8487,0.521922,2.05543,2.11908,3.09587
line,3,leo,0,1,12.4694,3,112,78,0.0832313,0.0859713,1.54833,0.528498,2.87592,2.82285,4.52458
line,3,leo,0,2,13.9427,5,100,90,0.0848753,0.0848753,1.44052,0.549791,3.34019,3.30083,5.14162
line,3,leo,0,3,9.23818,3,135,55,0.0854233,0.0832313,1.26491,0.363,2.12634,2.07542,3.23986
line,3,leo,0,4,16.9913,3,92,98,0.0859713,0.0859713,1.3438,0.525418,4.10923,4.22526,6.61562
line,3,leo,0,5,13.2355,4,112,78,0.0826833,0.0843273,1.66635,0.632814,3.06313,2.85366,4.8525
line,3,leo,0,6,14.623,3,99,91,0.0848753,0.0837793,1.60643,0.531068,3.42594,3.46563,5.42522
line,3,leo,0,7,11.4181,5,123,67,0.0859713,0.0821353,1.4966,0.520486,2.60504,2.54071,4.08721
line,3,leo,0,8,12.8998,2,100,90,0.0837793,0.0859713,1.38077,0.434384,3.07136,3.12197,4.72154
line,3,leo,0,9,13.4174,5,99,91,0.0865193,0.0843273,1.41648,0.43274,3.25079,3.20544,4.94113
line,3,leo,0,10,12.2646,3,103,87,0.0843273,0.0848753,1.37694,0.433836,2.93189,2.84073,4.51198
line,3,leo,0,11,17.8164,4,79,111,0.0843273,0.0832313,1.51118,0.645757,4.42353,4.22231,6.84609
line,3,leo,0,12,18.9263,7,95,95,0.0832313,0.0859713,1.46219,0.649215,4.58121,4.59385,7.4706
line,3,leo,0,13,12.4651,3,100,90,0.0848753,0.0843273,1.35016,0.498096,2.98656,2.93219,4.52892
line,3,leo,0,14,15.1277,6,97,93,0.0843273,0.0854233,1.41902,0.653769,3.60558,3.6264,5.65317
line,3,leo,0,15,12.7693,4,111,79,0.0854233,0.0848753,1.26183,0.494639,3.10164,2.94268,4.79823
line,3,leo,0,16,9.76885,4,120,70,0.0843273,0.0848753,1.40426,0.378475,2.31345,2.1966,3.30686
line,3,leo,0,17,14.07,4,91,99,0.0848753,0.0848753,1.51409,0.534695,3.39506,3.3166,5.13977
line,3,leo,0,18,10.0838,5,118,72,0.0843273,0.0843273,1.57658,0.467147,2.24756,2.17204,3.45182
line,3,leo,0,19,12.4391,3,116,74,0.0848753,0.0848753,1.42939,0.507921,2.85963,2.86097,4.6114
line,3,lqi-literal,0,0,9.81075,4,119,71,0.0843273,0.0854233,1.8487,0.521922,2.05543,2.11908,3.09587
line,3,lqi-literal,0,1,12.4694,3,112,78,0.0832313,0.0859713,1.54833,0.528498,2.87592,2.82285,4.52458
line,3,lqi-literal,0,2,13.9427,5,100,90,0.0848753,0.0848753,1.44052,0.549791,3.34019,3.30083,5.14162
line,3,lqi-literal,0,3,9.23818,3,135,55,0.0854233,0.0832313,1.26491,0.363,2.12634,2.07542,3.23986
line,3,lqi-literal,0,4,16.9913,3,92,98,0.0859713,0.0859713,1.3438,0.525418,4.10923,4.22526,6.61562
line,3,lqi-literal,0,5,13.2355,4,112,78,0.0826833,0.0843273,1.66635,0.632814,3.06313,2.85366,4.8525
line,3,lqi-literal,0,6,14.623,3,99,91,0.0848753,0.0837793,1.60643,0.531068,3.42594,3.46563,5.42522
line,3,lqi-literal,0,7,11.4181,5,123,67,0.0859713,0.0821353,1.4966,0.520486,2.60504,2.54071,4.08721
line,3,lqi-literal,0,8,12.8998,2,100,90,0.0837793,0.0859713,1.38077,0.434384,3.07136,3.12197,4.72154
line,3,lqi-literal,0,9,13.4174,5,99,91,0.0865193,0.0843273,1.41648,0.43274,3.25079,3.20544,4.94113
line,3,lqi-literal,0,10,12.2646,3,103,87,0.0843273,0.0848753,1.37694,0.433836,2.93189,2.84073,4.51198
line,3,lqi-literal,0,11,17.8164,4,79,111,0.0843273,0.0832313,1.51118,0.645757,4.42353,4.22231,6.84609
line,3,lqi-literal,0,12,18.9263,7,95,95,0.0832313,0.0859713,1.46219,0.649215,4.58121,4.59385,7.4706
line,3,lqi-literal,0,13,12.4651,3,100,90,0.0848753,0.0843273,1.35016,0.498096,2.98656,2.93219,4.52892
line,3,lqi-literal,0,14,15.1277,6,97,93,0.0843273,0.0854233,1.41902,0.653769,3.60558,3.6264,5.65317
line,3,lqi-literal,0,15,12.7693,4,111,79,0.0854233,0.0848753,1.26183,0.494639,3.10164,2.94268,4.79823
line,3,lqi-literal,0,16,9.76885,4,120,70,0.0843273,0.0848753,1.40426,0.378475,2.31345,2.1966,3.30686
line,3,lqi-literal,0,17,14.07,4,91,99,0.0848753,0.0848753,1.51409,0.534695,3.39506,3.3166,5.13977
line,3,lqi-literal,0,18,10.0838,5,118,72,0.0843273,0.0843273,1.57658,0.467147,2.24756,2.17204,3.45182
line,3,lqi-literal,0,19,12.4391,3,116,74,0.0848753,0.0848753,1.42939,0.507921,2.85963,2.86097,4.6114
circle,2,hopcount,0,0,13.2858,1,1,189,0.224615,0.226807,4.56683,0.134743,2.58895,3.38401,2.15985
circle,2,hopcount,0,1,12.9095,0,0,190,0.233383,0.233931,4.34331,0.135455,2.33367,3.44017,2.18961
circle,2,hopcount,0,2,12.5762,0,0,190,0.233931,0.226259,4.31975,0.126696,2.35058,3.27819,2.04076
circle,2,hopcount,0,3,13.1198,0,0,190,0.230643,0.235027,4.32852,0.107734,2.6613,3.44364,2.11299
circle,2,hopcount,0,4,12.6639,3,3,187,0.220779,0.227903,5.03524,0.147338,2.39935,2.7968,1.83644
circle,2,hopcount,0,5,12.5277,0,0,190,0.236671,0.230095,4.30934,0.101527,2.28999,3.27736,2.08273
circle,2,hopcount,0,6,12.9681,1,1,189,0.221875,0.231191,4.55807,0.135879,2.61061,3.20914,2.00139
circle,2,hopcount,0,7,12.8955,1,1,189,0.228451,0.227903,4.55094,0.138878,2.44552,3.12338,2.1804
circle,2,hopcount,0,8,12.6569,0,0,190,0.233931,0.222423,4.31263,0.15364,2.32336,3.26917,2.14176
circle,2,hopcount,0,9,13.109,1,1,189,0.230643,0.226259,4.56957,0.131833,2.43443,3.41182,2.10447
circle,2,hopcount,0,10,12.65,0,0,190,0.230095,0.228999,4.35482,0.10198,2.43218,3.23845,2.06349
circle,2,hopcount,0,11,12.2878,0,0,190,0.228451,0.230095,4.31482,0.113514,2.32265,3.08241,1.99585
circle,2,hopcount,0,12,12.1393,0,0,190,0.229547,0.226807,4.32578,0.108507,2.20068,3.05994,1.98808
circle,2,hopcount,0,13,12.2815,1,1,189,0.225711,0.228999,4.52464,0.112771,2.31901,2.96921,1.90119
circle,2,hopcount,0,14,13.157,0,0,190,0.228999,0.234479,4.32249,0.114037,2.69756,3.55204,2.00741
circle,2,hopcount,0,15,12.8791,0,0,190,0.227355,0.233383,4.32907,0.135281,2.37528,3.40396,2.17474
circle,2,hopcount,0,16,13.1267,0,0,190,0.223519,0.228999,4.32249,0.109483,2.81963,3.40638,2.0162
circle,2,hopcount,0,17,12.5526,0,0,190,0.234479,0.222971,4.32742,0.137747,2.18362,3.31195,2.13441
circle,2,hopcount,0,18,12.561,0,0,190,0.232835,0.227355,4.32578,0.101462,2.37686,3.25039,2.0463
circle,2,hopcount,0,19,12.3002,1,1,189,0.224067,0.230095,4.51203,0.135386,2.25487,2.92925,2.01454
circle,2,lqi,0,0,12.6719,0,0,190,0.224615,0.226807,4.33783,0.124948,2.35976,2.90641,2.49148
circle,2,lqi,0,1,12.6974,0,0,190,0.233383,0.233931,4.34331,0.131155,2.53117,2.79639,2.42803
circle,2,lqi,0,2,12.1673,0,0,190,0.233931,0.226259,4.31975,0.13694,2.40782,2.52016,2.32245
circle,2,lqi,0,3,12.3332,0,0,190,0.230643,0.235027,4.32852,0.119686,2.42034,2.65678,2.3422
circle,2,lqi,0,4,12.2289,0,0,190,0.220779,0.227903,4.35153,0.130607,2.39487,2.57712,2.32612
circle,2,lqi,0,5,12.1462,0,0,190,0.236671,0.230095,4.30934,0.13694,2.37751,2.51608,2.33954
circle,2,lqi,0,6,12.2782,0,0,190,0.221875,0.231191,4.33181,0.134548,2.37093,2.6457,2.34214
circle,2,lqi,0,7,12.6372,0,0,190,0.228451,0.227903,4.32194,0.138036,2.5696,2.72308,2.42823
circle,2,lqi,0,8,12.253,0,0,190,0.233931,0.222423,4.31263,0.132934,2.35166,2.72581,2.27358
circle,2,lqi,0,9,12.5412,0,0,190,0.230643,0.226259,4.34222,0.152932,2.52469,2.71037,2.3541
circle,2,lqi,0,10,12.2022,0,0,190,0.230095,0.228999,4.35482,0.128858,2.26109,2.59054,2.40776
circle,2,lqi,0,11,11.9561,0,0,190,0.228451,0.230095,4.31482,0.143172,2.27689,2.44688,2.31581
circle,2,lqi,0,12,12.0875,0,0,190,0.229547,0.226807,4.32578,0.122656,2.29757,2.53101,2.35416
circle,2,lqi,0,13,12.1947,0,0,190,0.225711,0.228999,4.29947,0.108152,2.3892,2.63302,2.31009
circle,2,lqi,0,14,12.2671,0,0,190,0.228999,0.234479,4.32249,0.122531,2.51203,2.59103,2.25558
circle,2,lqi,0,15,12.4114,0,0,190,0.227355,0.233383,4.32907,0.140945,2.38047,2.66699,2.43319
circle,2,lqi,0,16,12.3711,0,0,190,0.223519,0.228999,4.32249,0.122013,2.4108,2.73811,2.3252
circle,2,lqi,0,17,12.3443,0,0,190,0.234479,0.222971,4.32742,0.126567,2.4078,2.65802,2.36703
circle,2,lqi,0,18,12.2208,0,0,190,0.232835,0.227355,4.32578,0.111705,2.25436,2.68376,2.38504
circle,2,lqi,0,19,12.3731,0,0,190,0.224067,0.230095,4.29893,0.138265,2.44715,2.6866,2.34804
circle,2,leo,0,0,13.2858,1,1,189,0.224615,0.226807,4.56683,0.134743,2.58895,3.38401,2.15985
circle,2,leo,0,1,12.9095,0,0,190,0.233383,0.233931,4.34331,0.135455,2.33367,3.44017,2.18961
circle,2,leo,0,2,12.5762,0,0,190,0.233931,0.226259,4.31975,0.126696,2.35058,3.27819,2.04076
circle,2,leo,0,3,13.1198,0,0,190,0.230643,0.235027,4.32852,0.107734,2.6613,3.44364,2.11299
circle,2,leo,0,4,12.6575,2,2,188,0.220779,0.227903,4.81392,0.123169,2.31384,3.01195,1.94594
circle,2,leo,0,5,12.5277,0,0,190,0.236671,0.230095,4.30934,0.101527,2.28999,3.27736,2.08273
circle,2,leo,0,6,12.935,1,1,189,0.221875,0.231191,4.55807,0.130124,2.54275,3.24482,2.0062
circle,2,leo,0,7,12.8955,1,1,189,0.228451,0.227903,4.55094,0.138878,2.44552,3.12338,2.1804
circle,2,leo,0,8,12.6569,0,0,190,0.233931,0.222423,4.31263,0.15364,2.32336,3.26917,2.14176
circle,2,leo,0,9,13.109,1,1,189,0.230643,0.226259,4.56957,0.131833,2.43443,3.41182,2.10447
circle,2,leo,0,10,12.65,0,0,190,0.230095,0.228999,4.35482,0.10198,2.43218,3.23845,2.06349
circle,2,leo,0,11,12.2878,0,0,190,0.228451,0.230095,4.31482,0.113514,2.32265,3.08241,1.99585
circle,2,leo,0,12,12.1393,0,0,190,0.229547,0.226807,4.32578,0.108507,2.20068,3.05994,1.98808
circle,2,leo,0,13,12.2815,1,1,189,0.225711,0.228999,4.52464,0.112771,2.31901,2.96921,1.90119
circle,2,leo,0,14,13.157,0,0,190,0.228999,0.234479,4.32249,0.114037,2.69756,3.55204,2.00741
circle,2,leo,0,15,12.8791,0,0,190,0.227355,0.233383,4.32907,0.135281,2.37528,3.40396,2.17474
circle,2,leo,0,16,13.1267,0,0,190,0.223519,0.228999,4.32249,0.109483,2.81963,3.40638,2.0162
circle,2,leo,0,17,12.5526,0,0,190,0.234479,0.222971,4.32742,0.137747,2.18362,3.31195,2.13441
circle,2,leo,0,18,12.561,0,0,190,0.232835,0.227355,4.32578,0.101462,2.37686,3.25039,2.0463
circle,2,leo,0,19,12.3002,1,1,189,0.224067,0.230095,4.51203,0.135386,2.25487,2.92925,2.01454
circle,2,lqi-literal,0,0,13.2858,1,1,189,0.224615,0.226807,4.56683,0.134743,2.58895,3.38401,2.15985
circle,2,lqi-literal,0,1,12.9095,0,0,190,0.233383,0.233931,4.34331,0.135455,2.33367,3.44017,2.18961
circle,2,lqi-literal,0,2,12.5762,0,0,190,0.233931,0.226259,4.31975,0.126696,2.35058,3.27819,2.04076
circle,2,lqi-literal,0,3,13.1198,0,0,190,0.230643,0.235027,4.32852,0.107734,2.6613,3.44364,2.11299
circle,2,lqi-literal,0,4,12.6639,3,3,187,0.220779,0.227903,5.03524,0.147338,2.39935,2.7968,1.83644
circle,2,lqi-literal,0,5,12.5277,0,0,190,0.236671,0.230095,4.30934,0.101527,2.28999,3.27736,2.08273
circle,2,lqi-literal,0,6,12.9681,1,1,189,0.221875,0.231191,4.55807,0.135879,2.61061,3.20914,2.00139
circle,2,lqi-literal,0,7,12.8955,1,1,189,0.228451,0.227903,4.55094,0.138878,2.44552,3.12338,2.1804
circle,2,lqi-literal,0,8,12.6569,0,0,190,0.233931,0.222423,4.31263,0.15364,2.32336,3.26917,2.14176
circle,2,lqi-literal,0,9,13.109,1,1,189,0.230643,0.226259,4.56957,0.131833,2.43443,3.41182,2.10447
circle,2,lqi-literal,0,10,12.65,0,0,190,0.230095,0.228999,4.35482,0.10198,2.43218,3.23845,2.06349
circle,2,lqi-literal,0,11,12.2878,0,0,190,0.228451,0.230095,4.31482,0.113514,2.32265,3.08241,1.99585
circle,2,lqi-literal,0,12,12.1393,0,0,190,0.229547,0.226807,4.32578,0.108507,2.20068,3.05994,1.98808
circle,2,lqi-literal,0,13,12.2815,1,1,189,0.225711,0.228999,4.52464,0.112771,2.31901,2.96921,1.90119
circle,2,lqi-literal,0,14,13.157,0,0,190,0.228999,0.234479,4.32249,0.114037,2.69756,3.55204,2.00741
circle,2,lqi-literal,0,15,12.8791,0,0,190,0.227355,0.233383,4.32907,0.135281,2.37528,3.40396,2.17474
circle,2,lqi-literal,0,16,13.1267,0,0,190,0.223519,0.228999,4.32249,0.109483,2.81963,3.40638,2.0162
circle,2,lqi-literal,0,17,12.5526,0,0,190,0.234479,0.222971,4.32742,0.137747,2.18362,3.31195,2.13441
circle,2,lqi-literal,0,18,12.561,0,0,190,0.232835,0.227355,4.32578,0.101462,2.37686,3.25039,2.0463
circle,2,lqi-literal,0,19,12.3002,1,1,189,0.224067,0.230095,4.51203,0.135386,2.25487,2.92925,2.01454
circle,2.25,hopcount,0,0,17.0021,17,25,165,0.152827,0.150087,5.5385,0.616467,3.53488,4.43213,2.57724
circle,2.25,hopcount,0,1,16.2027,10,18,172,0.156663,0.153923,4.44843,0.397356,3.64908,4.53322,2.86405
circle,2.25,hopcount,0,2,14.9394,15,40,150,0.153923,0.157211,5.25805,0.577641,3.03571,3.49467,2.2622
circle,2.25,hopcount,0,3,15.4515,13,24,166,0.151731,0.154471,4.93212,0.464865,3.6301,3.68308,2.43513
circle,2.25,hopcount,0,4,15.328,9,20,170,0.155567,0.151183,4.30547,0.39576,3.45689,4.07767,2.78546
circle,2.25,hopcount,0,5,13.4695,10,35,155,0.164335,0.161595,4.50926,0.419367,2.63594,3.35556,2.22344
circle,2.25,hopcount,0,6,15.5688,14,29,161,0.156115,0.158307,5.07563,0.521552,3.39169,3.72615,2.53938
circle,2.25,hopcount,0,7,16.3953,15,24,166,0.150087,0.152827,5.25696,0.511763,3.74998,3.84504,2.72869
circle,2.25,hopcount,0,8,14.0775,15,46,144,0.150087,0.153923,5.24764,0.535149,2.617,3.33555,2.0382
circle,2.25,hopcount,0,9,14.6412,16,39,151,0.152827,0.155567,5.4191,0.532848,3.07774,3.1938,2.10935
circle,2.25,hopcount,0,10,14.499,14,29,161,0.158855,0.159951,5.0981,0.464304,3.11341,3.15591,2.34846
circle,2.25,hopcount,0,11,13.196,11,44,146,0.156115,0.156115,4.62482,0.402857,2.80428,2.98213,2.06968
circle,2.25,hopcount,0,12,15.2846,16,32,158,0.155567,0.152279,5.42074,0.469906,3.03657,3.77064,2.27894
circle,2.25,hopcount,0,13,14.8298,14,23,167,0.150635,0.153923,5.0992,0.514685,2.98736,3.44537,2.47864
circle,2.25,hopcount,0,14,16.8935,17,27,163,0.156115,0.156663,5.53685,0.603342,3.57012,4.2793,2.59112
circle,2.25,hopcount,0,15,17.9517,20,26,164,0.156663,0.155019,6.02054,0.607312,3.8361,4.81208,2.36395
circle,2.25,hopcount,0,16,15.3002,11,31,159,0.157211,0.156663,4.64291,0.452069,3.12232,4.31702,2.45206
circle,2.25,hopcount,0,17,14.5814,14,40,150,0.157759,0.151731,5.09317,0.593602,2.87114,3.51587,2.19814
circle,2.25,hopcount,0,18,14.6711,17,36,154,0.163239,0.151731,5.60316,0.567707,3.01631,3.06193,2.10697
circle,2.25,hopcount,0,19,14.9033,12,25,165,0.154471,0.151183,4.78861,0.483724,3.25591,3.62053,2.44892
circle,2.25,lqi,0,0,12.8365,13,43,147,0.152827,0.150087,4.91952,0.473085,2.43328,2.40381,2.3039
circle,2.25,lqi,0,1,14.6265,8,18,172,0.156663,0.153923,4.13784,0.372543,2.94812,3.87221,2.98524
circle,2.25,lqi,0,2,13.6256,15,35,155,0.153923,0.157211,5.26408,0.476212,2.50106,2.68189,2.39119
circle,2.25,lqi,0,3,13.1065,8,32,158,0.151731,0.154471,4.1647,0.359991,2.68309,3.17826,2.41428
circle,2.25,lqi,0,4,13.9211,9,26,164,0.155567,0.151183,4.29341,0.395372,2.64844,3.50393,2.77315
circle,2.25,lqi,0,5,14.0281,6,13,177,0.164335,0.161595,3.85575,0.306921,3.13222,3.39726,3.00998
circle,2.25,lqi,0,6,12.8895,9,41,149,0.156115,0.158307,4.32958,0.383307,2.54344,2.84986,2.46888
circle,2.25,lqi,0,7,12.9038,6,30,160,0.150087,0.152827,3.86617,0.339293,2.63202,3.03989,2.7235
circle,2.25,lqi,0,8,15.3173,14,19,171,0.150087,0.153923,5.10742,0.461834,3.12605,3.50563,2.81241
circle,2.25,lqi,0,9,14.1177,14,32,158,0.152827,0.155567,5.13646,0.472206,2.80285,2.83146,2.56629
circle,2.25,lqi,0,10,13.9141,6,21,169,0.158855,0.159951,3.88809,0.313289,2.84784,3.53603,3.01001
circle,2.25,lqi,0,11,14.048,10,23,167,0.156115,0.156115,4.48131,0.439347,2.99409,3.11591,2.70513
circle,2.25,lqi,0,12,14.3494,9,17,173,0.155567,0.152279,4.33013,0.400644,2.83929,3.53246,2.93904
circle,2.25,lqi,0,13,12.9169,9,27,163,0.150635,0.153923,4.31643,0.361744,2.58103,2.76618,2.58694
circle,2.25,lqi,0,14,12.9726,6,30,160,0.156115,0.156663,3.85904,0.32047,2.6595,3.18894,2.63187
circle,2.25,lqi,0,15,14.0478,6,19,171,0.156663,0.155019,3.87055,0.335727,3.14613,3.40511,2.97855
circle,2.25,lqi,0,16,14.609,11,25,165,0.157211,0.156663,4.62263,0.444558,2.99207,3.63506,2.60076
circle,2.25,lqi,0,17,14.1476,9,23,167,0.157759,0.151731,4.30656,0.387579,3.06829,3.3263,2.74937
circle,2.25,lqi,0,18,13.1529,10,32,158,0.163239,0.151731,4.4994,0.377815,2.50348,3.00106,2.45617
circle,2.25,lqi,0,19,13.8154,10,30,160,0.154471,0.151183,4.47474,0.408655,2.71427,3.20113,2.71093
circle,2.25,leo,0,0,15.966,16,32,158,0.152827,0.150087,5.378,0.560218,3.17599,4.05274,2.49616
circle,2.25,leo,0,1,14.1119,13,46,144,0.156663,0.153923,4.90308,0.476321,2.57854,3.58843,2.2549
circle,2.25,leo,0,2,15.4465,18,44,146,0.153923,0.157211,5.70283,0.602331,3.15421,3.57495,2.10107
circle,2.25,leo,0,3,16.4844,18,24,166,0.151731,0.154471,5.68804,0.627122,3.43184,3.9253,2.50592
circle,2.25,leo,0,4,15.4396,12,24,166,0.155567,0.151183,4.7771,0.439931,3.24426,4.06402,2.60759
circle,2.25,leo,0,5,12.8154,7,38,152,0.164335,0.161595,4.02886,0.327337,2.46945,3.40199,2.26188
circle,2.25,leo,0,6,15.7324,13,26,164,0.156115,0.158307,4.94253,0.484954,3.51566,3.91266,2.56217
circle,2.25,leo,0,7,14.2781,10,33,157,0.150087,0.152827,4.47857,0.42951,3.12071,3.39078,2.55566
circle,2.25,leo,0,8,15.1312,15,35,155,0.150087,0.153923,5.25531,0.544196,3.01297,3.67213,2.34253
circle,2.25,leo,0,9,14.4999,16,41,149,0.152827,0.155567,5.40869,0.510567,2.87471,3.33906,2.05843
circle,2.25,leo,0,10,15.0013,16,25,165,0.158855,0.159951,5.43718,0.511446,3.03807,3.18629,2.50954
circle,2.25,leo,0,11,13.3839,10,36,154,0.156115,0.156115,4.4835,0.406145,2.92229,2.98258,2.27713
circle,2.25,leo,0,12,14.8928,19,40,150,0.155567,0.152279,5.87648,0.551063,2.6828,3.29295,2.18171
circle,2.25,leo,0,13,13.2663,7,38,152,0.150635,0.153923,4.01625,0.33206,2.66233,3.63005,2.32103
circle,2.25,leo,0,14,13.2491,11,48,142,0.156115,0.156663,4.62373,0.444824,2.6683,3.20676,1.99269
circle,2.25,leo,0,15,16.3014,17,31,159,0.156663,0.155019,5.58015,0.595964,3.3002,4.29909,2.21433
circle,2.25,leo,0,16,14.5351,9,29,161,0.157211,0.156663,4.33287,0.407229,2.92055,4.07218,2.48837
circle,2.25,leo,0,17,13.3534,11,45,145,0.157759,0.151731,4.60509,0.454431,2.39377,3.41617,2.17448
circle,2.25,leo,0,18,13.1756,13,48,142,0.163239,0.151731,4.98418,0.507622,2.30188,3.15416,1.91278
circle,2.25,leo,0,19,16.2069,14,29,161,0.154471,0.151183,5.10029,0.52071,3.38658,4.36559,2.52809
circle,2.25,lqi-literal,0,0,17.0021,17,25,165,0.152827,0.150087,5.5385,0.616467,3.53488,4.43213,2.57724
circle,2.25,lqi-literal,0,1,16.2027,10,18,172,0.156663,0.153923,4.44843,0.397356,3.64908,4.53322,2.86405
circle,2.25,lqi-literal,0,2,14.9394,15,40,150,0.153923,0.157211,5.25805,0.577641,3.03571,3.49467,2.2622
circle,2.25,lqi-literal,0,3,15.4515,13,24,166,0.151731,0.154471,4.93212,0.464865,3.6301,3.68308,2.43513
circle,2.25,lqi-literal,0,4,15.328,9,20,170,0.155567,0.151183,4.30547,0.39576,3.45689,4.07767,2.78546
circle,2.25,lqi-literal,0,5,13.4695,10,35,155,0.164335,0.161595,4.50926,0.419367,2.63594,3.35556,2.22344
circle,2.25,lqi-literal,0,6,15.5688,14,29,161,0.156115,0.158307,5.07563,0.521552,3.39169,3.72615,2.53938
circle,2.25,lqi-literal,0,7,16.3953,15,24,166,0.150087,0.152827,5.25696,0.511763,3.74998,3.84504,2.72869
circle,2.25,lqi-literal,0,8,14.0775,15,46,144,0.150087,0.153923,5.24764,0.535149,2.617,3.33555,2.0382
circle,2.25,lqi-literal,0,9,14.6412,16,39,151,0.152827,0.155567,5.4191,0.532848,3.07774,3.1938,2.10935
circle,2.25,lqi-literal,0,10,14.499,14,29,161,0.158855,0.159951,5.0981,0.464304,3.11341,3.15591,2.34846
circle,2.25,lqi-literal,0,11,13.196,11,44,146,0.156115,0.156115,4.62482,0.402857,2.80428,2.98213,2.06968
circle,2.25,lqi-literal,0,12,15.2846,16,32,158,0.155567,0.152279,5.42074,0.469906,3.03657,3.77064,2.27894
circle,2.25,lqi-literal,0,13,14.8298,14,23,167,0.150635,0.153923,5.0992,0.514685,2.98736,3.44537,2.47864
circle,2.25,lqi-literal,0,14,16.8935,17,27,163,0.156115,0.156663,5.53685,0.603342,3.57012,4.2793,2.59112
circle,2.25,lqi-literal,0,15,17.9517,20,26,164,0.156663,0.155019,6.02054,0.607312,3.8361,4.81208,2.36395
circle,2.25,lqi-literal,0,16,15.3002,11,31,159,0.157211,0.156663,4.64291,0.452069,3.12232,4.31702,2.45206
circle,2.25,lqi-literal,0,17,14.5814,14,40,150,0.157759,0.151731,5.09317,0.593602,2.87114,3.51587,2.19814
circle,2.25,lqi-literal,0,18,14.6711,17,36,154,0.163239,0.151731,5.60316,0.567707,3.01631,3.06193,2.10697
circle,2.25,lqi-literal,0,19,14.9033,12,25,165,0.154471,0.151183,4.78861,0.483724,3.25591,3.62053,2.44892
circle,2.5,hopcount,0,0,16.8773,14,26,164,0.115563,0.118851,3.81962,0.61751,4.01906,4.24367,3.94307
circle,2.5,hopcount,0,1,16.0006,18,36,154,0.112275,0.114467,4.27803,0.687204,3.52482,3.74184,3.54196
circle,2.5,hopcount,0,2,14.0795,20,62,128,0.118851,0.118851,4.52176,0.848123,2.94183,2.89622,2.6339
circle,2.5,hopcount,0,3,16.2053,17,33,157,0.116111,0.115563,4.17836,0.73622,3.55379,3.86694,3.63832
circle,2.5,hopcount,0,4,15.8664,15,40,150,0.115563,0.118851,3.94833,0.767487,3.45684,4.22395,3.23536
circle,2.5,hopcount,0,5,16.328,16,30,160,0.118303,0.117755,4.08691,0.741455,3.71922,3.88428,3.66012
circle,2.5,hopcount,0,6,14.333,19,51,139,0.113919,0.117207,4.41661,0.74015,3.26018,2.88006,2.80483
circle,2.5,hopcount,0,7,16.0414,13,37,153,0.116111,0.118851,3.71885,0.63517,3.76869,4.01474,3.66902
circle,2.5,hopcount,0,8,13.9911,17,53,137,0.120495,0.113919,4.18549,0.788409,3.05714,2.92792,2.79775
circle,2.5,hopcount,0,9,14.9639,17,58,132,0.114467,0.110083,4.19425,0.81642,3.14162,3.58116,3.00594
circle,2.5,hopcount,0,10,16.0239,16,43,147,0.116659,0.121043,4.08033,0.693921,3.91185,3.9125,3.18756
circle,2.5,hopcount,0,11,13.1523,14,60,130,0.118851,0.117755,3.84537,0.690085,2.78442,3.19762,2.39822
circle,2.5,hopcount,0,12,16.0025,13,42,148,0.118303,0.117755,3.73364,0.604924,3.63893,4.38205,3.40691
circle,2.5,hopcount,0,13,13.4326,15,58,132,0.117755,0.115015,3.9708,0.669894,3.00622,2.97317,2.57976
circle,2.5,hopcount,0,14,14.6339,17,48,142,0.112823,0.116111,4.18329,0.683191,3.3626,3.28289,2.893
circle,2.5,hopcount,0,15,15.3198,16,41,149,0.114467,0.116111,4.06883,0.773277,3.54248,3.57422,3.13039
circle,2.5,hopcount,0,16,16.1693,22,40,150,0.119399,0.115563,4.78029,0.838688,3.29466,3.64173,3.37895
circle,2.5,hopcount,0,17,17.1505,22,46,144,0.118851,0.113919,4.7633,0.827932,4.09227,3.83773,3.39649
circle,2.5,hopcount,0,18,16.9354,16,34,156,0.117207,0.116659,4.07157,0.736176,3.86635,4.4942,3.53325
circle,2.5,hopcount,0,19,16.6641,17,36,154,0.115563,0.117207,4.18275,0.771107,3.58966,4.38757,3.50029
circle,2.5,lqi,0,0,15.0245,15,38,152,0.116111,0.118851,3.94724,0.681598,3.37474,3.4688,3.31721
circle,2.5,lqi,0,1,14.5087,12,42,148,0.112275,0.114467,3.56767,0.587315,2.9634,3.69891,3.46467
circle,2.5,lqi,0,2,15.9948,7,14,176,0.118851,0.119399,3.01067,0.508294,3.73253,4.23496,4.27006
circle,2.5,lqi,0,3,16.4378,10,17,173,0.116111,0.115563,3.35682,0.593123,3.83815,4.27801,4.14003
circle,2.5,lqi,0,4,14.3632,7,32,158,0.115563,0.118851,3.00465,0.487357,3.14374,3.69401,3.79904
circle,2.5,lqi,0,5,16.6772,9,15,175,0.118851,0.117755,3.27742,0.488103,3.73171,4.43716,4.50619
circle,2.5,lqi,0,6,17.1574,11,11,179,0.113919,0.116659,3.48772,0.626826,4.18837,4.12737,4.49653
circle,2.5,lqi,0,7,16.5809,9,19,171,0.116111,0.118851,3.27358,0.550351,3.5965,4.66192,4.26356
circle,2.5,lqi,0,8,13.4322,9,48,142,0.120495,0.113919,3.23248,0.532681,2.88822,3.46558,3.07877
circle,2.5,lqi,0,9,15.4728,11,27,163,0.114467,0.110083,3.49649,0.538868,3.48602,3.78314,3.94368
circle,2.5,lqi,0,10,14.8884,12,26,164,0.117207,0.119947,3.62137,0.565822,3.47744,3.32574,3.66085
circle,2.5,lqi,0,11,12.6686,8,51,139,0.118851,0.117755,3.13994,0.512452,2.74009,3.09742,2.94209
circle,2.5,lqi,0,12,14.7435,5,21,169,0.118303,0.117755,2.80092,0.463676,3.42666,3.65426,4.16197
circle,2.5,lqi,0,13,13.6248,12,48,142,0.117755,0.115015,3.60493,0.632083,2.7493,3.20875,3.19696
circle,2.5,lqi,0,14,14.522,7,26,164,0.112823,0.116111,3.01725,0.498818,3.27333,3.69443,3.80921
circle,2.5,lqi,0,15,15.2721,14,36,154,0.114467,0.116111,3.85469,0.646779,3.48769,3.59834,3.45407
circle,2.5,lqi,0,16,16.0119,6,22,168,0.118303,0.115563,2.90771,0.443479,3.76991,4.45649,4.20047
circle,2.5,lqi,0,17,13.2127,9,42,148,0.118303,0.113919,3.23796,0.498476,2.82846,3.1232,3.29236
circle,2.5,lqi,0,18,15.2709,8,30,160,0.117207,0.116659,3.14706,0.531581,3.52306,3.80111,4.03425
circle,2.5,lqi,0,19,13.2905,12,41,149,0.115563,0.117207,3.61863,0.564911,2.80915,2.8238,3.2412
circle,2.5,leo,0,0,15.5673,14,37,153,0.115563,0.118851,3.82564,0.6539,3.60965,3.78322,3.46052
circle,2.5,leo,0,1,14.8979,15,46,144,0.112275,0.114467,3.92641,0.595809,3.51024,3.48417,3.15455
circle,2.5,leo,0,2,15.5334,16,45,145,0.118851,0.118851,4.05841,0.722898,3.45662,3.81475,3.24297
circle,2.5,leo,0,3,17.318,11,17,173,0.116111,0.115563,3.47347,0.629537,4.15336,4.51135,4.31862
circle,2.5,leo,0,4,16.2905,13,28,162,0.115563,0.118851,3.71282,0.660646,3.67342,4.34792,3.66126
circle,2.5,leo,0,5,16.0781,14,33,157,0.118303,0.117755,3.84976,0.657892,3.63054,4.21224,3.49157
circle,2.5,leo,0,6,16.2956,18,34,156,0.113919,0.117207,4.30763,0.728169,4.02482,3.58756,3.41631
circle,2.5,leo,0,7,14.3022,14,52,138,0.116111,0.118851,3.82784,0.664089,3.0183,3.57147,2.98556
circle,2.5,leo,0,8,13.7161,16,51,139,0.120495,0.113919,4.05458,0.729244,2.91725,2.87336,2.90721
circle,2.5,leo,0,9,14.7657,15,50,140,0.114467,0.110083,3.95984,0.669346,3.26465,3.61763,3.0297
circle,2.5,leo,0,10,14.4402,19,64,126,0.116659,0.121043,4.44949,0.705011,3.34147,3.27995,2.42653
circle,2.5,leo,0,11,14.8368,12,39,151,0.118851,0.117755,3.61753,0.669324,3.51791,3.70477,3.09062
circle,2.5,leo,0,12,13.9853,20,61,129,0.118303,0.117755,4.55026,0.842621,2.77047,3.05511,2.5308
circle,2.5,leo,0,13,14.2127,13,42,148,0.117755,0.115015,3.72981,0.618941,3.22477,3.27335,3.13305
circle,2.5,leo,0,14,14.818,14,51,139,0.112823,0.116111,3.84099,0.643499,3.51649,3.64441,2.94371
circle,2.5,leo,0,15,14.3226,13,43,147,0.114467,0.116111,3.70844,0.5816,3.31479,3.50235,2.98485
circle,2.5,leo,0,16,14.2676,18,57,133,0.119399,0.115563,4.3427,0.773844,2.90815,3.20947,2.79848
circle,2.5,leo,0,17,16.3126,12,27,163,0.118851,0.113919,3.59835,0.615297,4.10369,4.03131,3.7312
circle,2.5,leo,0,18,14.1854,15,54,136,0.117207,0.116659,3.94614,0.740182,2.93734,3.37878,2.94913
circle,2.5,leo,0,19,15.5547,12,35,155,0.115563,0.117207,3.60109,0.587798,3.80972,3.88034,3.44293
circle,2.5,lqi-literal,0,0,16.8773,14,26,164,0.115563,0.118851,3.81962,0.61751,4.01906,4.24367,3.94307
circle,2.5,lqi-literal,0,1,16.0006,18,36,154,0.112275,0.114467,4.27803,0.687204,3.52482,3.74184,3.54196
circle,2.5,lqi-literal,0,2,14.0795,20,62,128,0.118851,0.118851,4.52176,0.848123,2.94183,2.89622,2.6339
circle,2.5,lqi-literal,0,3,16.2053,17,33,157,0.116111,0.115563,4.17836,0.73622,3.55379,3.86694,3.63832
circle,2.5,lqi-literal,0,4,15.8664,15,40,150,0.115563,0.118851,3.94833,0.767487,3.45684,4.22395,3.23536
circle,2.5,lqi-literal,0,5,16.328,16,30,160,0.118303,0.117755,4.08691,0.741455,3.71922,3.88428,3.66012
circle,2.5,lqi-literal,0,6,14.333,19,51,139,0.113919,0.117207,4.41661,0.74015,3.26018,2.88006,2.80483
circle,2.5,lqi-literal,0,7,16.0414,13,37,153,0.116111,0.118851,3.71885,0.63517,3.76869,4.01474,3.66902
circle,2.5,lqi-literal,0,8,13.9911,17,53,137,0.120495,0.113919,4.18549,0.788409,3.05714,2.92792,2.79775
circle,2.5,lqi-literal,0,9,14.9639,17,58,132,0.114467,0.110083,4.19425,0.81642,3.14162,3.58116,3.00594
circle,2.5,lqi-literal,0,10,16.0239,16,43,147,0.116659,0.121043,4.08033,0.693921,3.91185,3.9125,3.18756
circle,2.5,lqi-literal,0,11,13.1523,14,60,130,0.118851,0.117755,3.84537,0.690085,2.78442,3.19762,2.39822
circle,2.5,lqi-literal,0,12,16.0025,13,42,148,0.118303,0.117755,3.73364,0.604924,3.63893,4.38205,3.40691
circle,2.5,lqi-literal,0,13,13.4326,15,58,132,0.117755,0.115015,3.9708,0.669894,3.00622,2.97317,2.57976
circle,2.5,lqi-literal,0,14,14.6339,17,48,142,0.112823,0.116111,4.18329,0.683191,3.3626,3.28289,2.893
circle,2.5,lqi-literal,0,15,15.3198,16,41,149,0.114467,0.116111,4.06883,0.773277,3.54248,3.57422,3.13039
circle,2.5,lqi-literal,0,16,16.1693,22,40,150,0.119399,0.115563,4.78029,0.838688,3.29466,3.64173,3.37895
circle,2.5,lqi-literal,0,17,17.1505,22,46,144,0.118851,0.113919,4.7633,0.827932,4.09227,3.83773,3.39649
circle,2.5,lqi-literal,0,18,16.9354,16,34,156,0.117207,0.116659,4.07157,0.736176,3.86635,4.4942,3.53325
circle,2.5,lqi-literal,0,19,16.6641,17,36,154,0.115563,0.117207,4.18275,0.771107,3.58966,4.38757,3.50029
circle,2.625,hopcount,0,0,13.7539,12,59,131,0.107343,0.105699,3.27284,0.653216,3.24254,3.32291,3.04937
circle,2.625,hopcount,0,1,16.6327,17,49,141,0.106795,0.105151,3.8112,0.778833,4.09132,3.80097,3.93845
circle,2.625,hopcount,0,2,16.8701,14,44,146,0.106247,0.108439,3.48972,0.783689,3.92092,4.24739,4.2137
circle,2.625,hopcount,0,3,16.6952,15,44,146,0.105699,0.105699,3.59926,0.793383,3.87117,4.15549,4.06448
circle,2.625,hopcount,0,4,15.3706,11,44,146,0.108987,0.106795,3.16002,0.648054,3.57987,3.812,3.95487
circle,2.625,hopcount,0,5,15.3051,16,51,139,0.101863,0.106795,3.69838,0.797353,3.28929,3.6722,3.63926
circle,2.625,hopcount,0,6,16.1622,19,49,141,0.104055,0.106795,4.02589,0.937409,3.78815,3.64712,3.55275
circle,2.625,hopcount,0,7,14.0449,15,66,124,0.108439,0.106247,3.60309,0.756439,3.11811,3.08114,3.27139
circle,2.625,hopcount,0,8,13.3743,10,57,133,0.107343,0.103507,3.06621,0.60639,2.99815,3.15747,3.33519
circle,2.625,hopcount,0,9,15.4608,24,67,123,0.104055,0.104055,4.53246,1.00633,3.36519,3.06498,3.28374
circle,2.625,hopcount,0,10,14.8052,18,54,136,0.105699,0.108987,3.93389,0.890267,3.29376,3.18099,3.29157
circle,2.625,hopcount,0,11,15.4413,19,56,134,0.108987,0.107891,4.03849,0.838848,3.59342,3.13552,3.61819
circle,2.625,hopcount,0,12,15.8006,11,42,148,0.102411,0.106247,3.15947,0.731831,3.73224,3.84148,4.1269
circle,2.625,hopcount,0,13,17.2941,7,31,159,0.104603,0.101863,2.74161,0.482831,4.36171,4.76396,4.73758
circle,2.625,hopcount,0,14,17.6109,13,35,155,0.105151,0.104603,3.33149,0.679959,4.23505,4.68983,4.46477
circle,2.625,hopcount,0,15,16.5997,23,50,140,0.104055,0.106795,4.46386,0.949259,3.94446,3.49478,3.53645
circle,2.625,hopcount,0,16,16.5103,16,41,149,0.108987,0.105699,3.73235,0.790196,3.79289,4.14152,3.83865
circle,2.625,hopcount,0,17,15.5819,19,54,136,0.104603,0.106247,4.02753,0.862915,3.43914,3.54566,3.49579
circle,2.625,hopcount,0,18,15.8615,20,52,138,0.106247,0.107343,4.13981,1.04713,3.35256,3.53193,3.57652
circle,2.625,hopcount,0,19,17.7863,7,23,167,0.105151,0.107891,2.75147,0.569688,4.37053,4.73403,5.14754
circle,2.625,lqi,0,0,17.067,8,28,162,0.107343,0.106795,2.85114,0.634993,4.12632,4.23417,5.00626
circle,2.625,lqi,0,1,13.7861,15,60,130,0.105699,0.104603,3.60583,0.811272,3.10752,2.65934,3.39185
circle,2.625,lqi,0,2,14.9449,8,42,148,0.106247,0.108439,2.86922,0.581196,3.59559,3.57849,4.10571
circle,2.625,lqi,0,3,14.4975,17,61,129,0.105699,0.105699,3.79805,0.813876,2.92354,3.32394,3.42672
circle,2.625,lqi,0,4,19.0979,6,11,179,0.108987,0.106795,2.64029,0.576648,4.67292,5.25292,5.73934
circle,2.625,lqi,0,5,18.5092,8,19,171,0.102411,0.107891,2.84933,0.618313,4.42804,4.96105,5.44218
circle,2.625,lqi,0,6,16.3759,12,36,154,0.104603,0.108987,3.28709,0.696958,3.82554,3.98958,4.36311
circle,2.625,lqi,0,7,18.678,6,13,177,0.108439,0.106247,2.64084,0.527491,4.64281,4.93139,5.72075
circle,2.625,lqi,0,8,14.4112,18,60,130,0.107343,0.103507,3.93536,0.844201,2.88244,3.07947,3.45883
circle,2.625,lqi,0,9,15.0138,12,47,143,0.104055,0.102411,3.27942,0.753131,3.33384,3.55355,3.88741
circle,2.625,lqi,0,10,14.5742,14,56,134,0.104603,0.108987,3.50945,0.725991,3.03552,3.34293,3.74668
circle,2.625,lqi,0,11,15.847,12,42,148,0.108987,0.107891,3.31504,0.663129,3.68295,3.63128,4.33776
circle,2.625,lqi,0,12,16.9318,13,33,157,0.103507,0.106247,3.38183,0.822157,3.99528,3.82388,4.69891
circle,2.625,lqi,0,13,17.6378,8,23,167,0.104603,0.101315,2.85607,0.622969,4.28674,4.52847,5.13763
circle,2.625,lqi,0,14,18.0406,8,21,169,0.105151,0.102411,2.83744,0.680732,4.27589,4.57138,5.46759
circle,2.625,lqi,0,15,16.5445,12,38,152,0.105151,0.106247,3.31175,0.744066,3.91835,3.82549,4.53344
circle,2.625,lqi,0,16,14.0654,18,64,126,0.108439,0.106247,3.93499,0.909937,2.9085,2.96663,3.13067
circle,2.625,lqi,0,17,17.8122,12,27,163,0.104603,0.106247,3.29915,0.714794,4.1091,4.53502,4.94326
circle,2.625,lqi,0,18,18.0814,16,27,163,0.106247,0.107343,3.72961,0.927357,4.13675,4.31336,4.76069
circle,2.625,lqi,0,19,18.6069,10,29,161,0.105151,0.107891,3.08884,0.651182,4.36137,4.86798,5.42448
circle,2.625,leo,0,0,16.578,12,43,147,0.107343,0.105699,3.27558,0.657327,3.96201,4.2878,4.1822
circle,2.625,leo,0,1,15.3724,15,46,144,0.106795,0.105151,3.59487,0.844797,3.69836,3.36859,3.65387
circle,2.625,leo,0,2,14.8421,14,52,138,0.106247,0.108439,3.48917,0.680235,3.13322,3.78907,3.53567
circle,2.625,leo,0,3,14.0398,16,68,122,0.105699,0.105699,3.69345,0.825011,3.10248,3.32798,2.87949
circle,2.625,leo,0,4,17.0115,10,31,159,0.108987,0.106795,3.06035,0.666541,4.0288,4.55808,4.48192
circle,2.625,leo,0,5,14.1729,12,63,127,0.101863,0.106795,3.26846,0.70598,3.15142,3.4185,3.41992
circle,2.625,leo,0,6,16.313,16,43,147,0.104055,0.106795,3.7066,0.881508,3.76112,3.81029,3.94266
circle,2.625,leo,0,7,16.1446,11,41,149,0.108439,0.106247,3.18797,0.720906,3.7643,4.18697,4.06976
circle,2.625,leo,0,8,13.6237,12,56,134,0.107343,0.103507,3.27267,0.648978,2.93031,3.20048,3.36042
circle,2.625,leo,0,9,16.7138,19,45,145,0.104055,0.104055,4.01986,0.913584,3.79662,3.82596,3.94968
circle,2.625,leo,0,10,15.4157,14,53,137,0.105699,0.108987,3.52041,0.73573,3.61499,3.49056,3.83932
circle,2.625,leo,0,11,15.3643,16,53,137,0.108987,0.107891,3.72304,0.808174,3.81413,3.09473,3.70736
circle,2.625,leo,0,12,17.7745,9,19,171,0.102411,0.106247,2.94862,0.628268,4.54537,4.457,4.98663
circle,2.625,leo,0,13,14.0293,14,57,133,0.104603,0.101863,3.48643,0.751683,3.16453,3.17085,3.24935
circle,2.625,leo,0,14,15.9931,14,47,143,0.105151,0.104603,3.43993,0.73679,3.85541,3.85624,3.89496
circle,2.625,leo,0,15,17.0149,20,46,144,0.104055,0.106795,4.13433,1.00043,4.15418,3.91731,3.59777
circle,2.625,leo,0,16,18.4082,14,25,165,0.108987,0.105699,3.51328,0.777158,4.50581,4.63598,4.76131
circle,2.625,leo,0,17,14.6333,15,54,136,0.104603,0.106247,3.59816,0.70409,3.49603,3.28432,3.33982
circle,2.625,leo,0,18,16.8182,14,40,150,0.106247,0.107343,3.50561,0.798276,4.00107,4.14572,4.1539
circle,2.625,leo,0,19,17.7863,7,23,167,0.105151,0.107891,2.75147,0.569688,4.37053,4.73403,5.14754
circle,2.625,lqi-literal,0,0,13.7539,12,59,131,0.107343,0.105699,3.27284,0.653216,3.24254,3.32291,3.04937
circle,2.625,lqi-literal,0,1,16.6327,17,49,141,0.106795,0.105151,3.8112,0.778833,4.09132,3.80097,3.93845
circle,2.625,lqi-literal,0,2,16.8701,14,44,146,0.106247,0.108439,3.48972,0.783689,3.92092,4.24739,4.2137
circle,2.625,lqi-literal,0,3,16.6952,15,44,146,0.105699,0.105699,3.59926,0.793383,3.87117,4.15549,4.06448
circle,2.625,lqi-literal,0,4,15.3706,11,44,146,0.108987,0.106795,3.16002,0.648054,3.57987,3.812,3.95487
circle,2.625,lqi-literal,0,5,15.3051,16,51,139,0.101863,0.106795,3.69838,0.797353,3.28929,3.6722,3.63926
circle,2.625,lqi-literal,0,6,16.1622,19,49,141,0.104055,0.106795,4.02589,0.937409,3.78815,3.64712,3.55275
circle,2.625,lqi-literal,0,7,14.0449,15,66,124,0.108439,0.106247,3.60309,0.756439,3.11811,3.08114,3.27139
circle,2.625,lqi-literal,0,8,13.3743,10,57,133,0.107343,0.103507,3.06621,0.60639,2.99815,3.15747,3.33519
circle,2.625,lqi-literal,0,9,15.4608,24,67,123,0.104055,0.104055,4.53246,1.00633,3.36519,3.06498,3.28374
circle,2.625,lqi-literal,0,10,14.8052,18,54,136,0.105699,0.108987,3.93389,0.890267,3.29376,3.18099,3.29157
circle,2.625,lqi-literal,0,11,15.4413,19,56,134,0.108987,0.107891,4.03849,0.838848,3.59342,3.13552,3.61819
circle,2.625,lqi-literal,0,12,15.8006,11,42,148,0.102411,0.106247,3.15947,0.731831,3.73224,3.84148,4.1269
circle,2.625,lqi-literal,0,13,17.2941,7,31,159,0.104603,0.101863,2.74161,0.482831,4.36171,4.76396,4.73758
circle,2.625,lqi-literal,0,14,17.6109,13,35,155,0.105151,0.104603,3.33149,0.679959,4.23505,4.68983,4.46477
circle,2.625,lqi-literal,0,15,16.5997,23,50,140,0.104055,0.106795,4.46386,0.949259,3.94446,3.49478,3.53645
circle,2.625,lqi-literal,0,16,16.5103,16,41,149,0.108987,0.105699,3.73235,0.790196,3.79289,4.14152,3.83865
circle,2.625,lqi-literal,0,17,15.5819,19,54,136,0.104603,0.106247,4.02753,0.862915,3.43914,3.54566,3.49579
circle,2.625,lqi-literal,0,18,15.8615,20,52,138,0.106247,0.107343,4.13981,1.04713,3.35256,3.53193,3.57652
circle,2.625,lqi-literal,0,19,17.7863,7,23,167,0.105151,0.107891,2.75147,0.569688,4.37053,4.73403,5.14754
circle,3,hopcount,0,0,19.9342,4,61,129,0.0848753,0.0865193,1.61558,0.517577,4.48323,5.47064,7.67577
circle,3,hopcount,0,1,12.9528,7,71,119,0.0854233,0.0854233,1.91468,0.492995,3.08146,3.04694,4.24583
circle,3,hopcount,0,2,21.3928,5,27,163,0.0870673,0.0865193,1.53639,0.669961,5.52108,5.32221,8.1696
circle,3,hopcount,0,3,17.2709,4,54,136,0.0859713,0.0837793,1.52214,0.564548,4.36686,4.23613,6.41146
circle,3,hopcount,0,4,19.2865,5,43,147,0.0859713,0.0859713,1.52779,0.756611,4.88849,4.66442,7.27727
circle,3,hopcount,0,5,19.4558,5,36,154,0.0848753,0.0859713,1.79153,0.600221,4.63444,5.05615,7.2026
circle,3,hopcount,0,6,16.5123,5,41,149,0.0854233,0.0865193,1.47079,0.514119,4.24158,4.14631,5.96759
circle,3,hopcount,0,7,13.1658,10,81,109,0.0887113,0.0870673,1.91759,0.732707,3.4001,2.57363,4.36596
circle,3,hopcount,0,8,12.7593,6,81,109,0.0848753,0.0865193,1.68936,0.498984,3.01704,3.03736,4.34521
circle,3,hopcount,0,9,18.4794,6,40,150,0.0859713,0.0854233,1.46864,0.574921,4.41578,4.98561,6.86304
circle,3,hopcount,0,10,21.079,5,33,157,0.0854233,0.0859713,1.70977,0.542537,5.09411,5.62867,7.93247
circle,3,hopcount,0,11,21.3343,4,42,148,0.0854233,0.0843273,1.6464,0.518842,4.32692,6.47238,8.19996
circle,3,hopcount,0,12,16.9368,8,61,129,0.0870673,0.0881633,1.87754,0.768041,4.02828,4.06728,6.02038
circle,3,hopcount,0,13,23.1263,2,23,167,0.0859713,0.0854233,1.37626,0.587317,5.78379,6.17734,9.03019
circle,3,hopcount,0,14,19.9104,3,34,156,0.0848753,0.0854233,1.41286,0.544898,5.15787,5.08016,7.5443
circle,3,hopcount,0,15,14.9656,10,71,119,0.0854233,0.0848753,2.01124,0.820832,3.59449,3.32962,5.03908
circle,3,hopcount,0,16,15.6733,8,67,123,0.0859713,0.0859713,1.77841,0.716176,4.20597,3.30657,5.49425
circle,3,hopcount,0,17,14.972,5,62,128,0.0848753,0.0854233,1.72179,0.576017,3.6334,3.58907,5.28144
circle,3,hopcount,0,18,20.1208,6,41,149,0.0843273,0.0859713,1.66461,0.708713,5.12393,4.90058,7.55269
circle,3,hopcount,0,19,14.6507,6,61,129,0.0865193,0.0848753,1.58336,0.618227,3.59861,3.52829,5.15086
circle,3,lqi,0,0,19.9342,4,61,129,0.0848753,0.0865193,1.61558,0.517577,4.48323,5.47064,7.67577
circle,3,lqi,0,1,17.2438,1,41,149,0.0854233,0.0854233,1.43782,0.367763,4.36176,4.48229,6.42335
circle,3,lqi,0,2,19.533,6,27,163,0.0870673,0.0865193,1.53129,0.688345,4.99689,4.84049,7.3024
circle,3,lqi,0,3,17.2709,4,54,136,0.0859713,0.0837793,1.52214,0.564548,4.36686,4.23613,6.41146
circle,3,lqi,0,4,18.5301,6,41,149,0.0859713,0.0859713,1.61086,0.809062,4.82273,4.27267,6.84284
circle,3,lqi,0,5,18.3643,2,45,145,0.0848753,0.0859713,1.46877,0.464786,4.52705,4.74339,6.98941
circle,3,lqi,0,6,16.684,4,39,151,0.0854233,0.0865193,1.5054,0.537057,4.20727,4.25703,6.00529
circle,3,lqi,0,7,17.578,12,63,127,0.0887113,0.0870673,2.1839,0.845622,4.07466,4.14034,6.15767
circle,3,lqi,0,8,20.6456,3,36,154,0.0848753,0.0865193,1.57443,0.585503,5.15082,5.22804,7.93538
circle,3,lqi,0,9,16.1877,5,55,135,0.0859713,0.0854233,1.41197,0.494639,3.79118,4.36198,5.95654
circle,3,lqi,0,10,22.05,5,25,165,0.0854233,0.0859713,1.70977,0.545277,5.32742,5.97709,8.319
circle,3,lqi,0,11,14.8822,6,70,120,0.0854233,0.0843273,1.70977,0.557463,3.54963,3.6408,5.25483
circle,3,lqi,0,12,13.1016,7,78,112,0.0870673,0.0881633,1.80704,0.64825,3.03382,3.07932,4.35795
circle,3,lqi,0,13,23.1263,2,23,167,0.0859713,0.0854233,1.37626,0.587317,5.78379,6.17734,9.03019
circle,3,lqi,0,14,19.2562,3,36,154,0.0848753,0.0854233,1.51869,0.543802,4.87431,4.89715,7.25193
circle,3,lqi,0,15,13.8231,7,68,122,0.0854233,0.0848753,1.57261,0.596933,3.41262,3.31481,4.75577
circle,3,lqi,0,16,17.2594,6,50,140,0.0859713,0.0859713,1.67988,0.665407,4.68239,3.84434,6.21543
circle,3,lqi,0,17,14.972,5,62,128,0.0848753,0.0854233,1.72179,0.576017,3.6334,3.58907,5.28144
circle,3,lqi,0,18,20.6747,5,42,148,0.0843273,0.0859713,1.40358,0.632644,5.34333,5.06709,8.05778
circle,3,lqi,0,19,18.3,5,35,155,0.0865193,0.0848753,1.64492,0.616243,4.79956,4.44697,6.62089
circle,3,leo,0,0,19.9342,4,61,129,0.0848753,0.0865193,1.61558,0.517577,4.48323,5.47064,7.67577
circle,3,leo,0,1,12.9528,7,71,119,0.0854233,0.0854233,1.91468,0.492995,3.08146,3.04694,4.24583
circle,3,leo,0,2,21.3928,5,27,163,0.0870673,0.0865193,1.53639,0.669961,5.52108,5.32221,8.1696
circle,3,leo,0,3,17.2709,4,54,136,0.0859713,0.0837793,1.52214,0.564548,4.36686,4.23613,6.41146
circle,3,leo,0,4,19.2865,5,43,147,0.0859713,0.0859713,1.52779,0.756611,4.88849,4.66442,7.27727
circle,3,leo,0,5,19.4558,5,36,154,0.0848753,0.0859713,1.79153,0.600221,4.63444,5.05615,7.2026
circle,3,leo,0,6,16.5123,5,41,149,0.0854233,0.0865193,1.47079,0.514119,4.24158,4.14631,5.96759
circle,3,leo,0,7,13.1658,10,81,109,0.0887113,0.0870673,1.91759,0.732707,3.4001,2.57363,4.36596
circle,3,leo,0,8,12.7593,6,81,109,0.0848753,0.0865193,1.68936,0.498984,3.01704,3.03736,4.34521
circle,3,leo,0,9,18.4794,6,40,150,0.0859713,0.0854233,1.46864,0.574921,4.41578,4.98561,6.86304
circle,3,leo,0,10,21.079,5,33,157,0.0854233,0.0859713,1.70977,0.542537,5.09411,5.62867,7.93247
circle,3,leo,0,11,21.3343,4,42,148,0.0854233,0.0843273,1.6464,0.518842,4.32692,6.47238,8.19996
circle,3,leo,0,12,16.9368,8,61,129,0.0870673,0.0881633,1.87754,0.768041,4.02828,4.06728,6.02038
circle,3,leo,0,13,23.1263,2,23,167,0.0859713,0.0854233,1.37626,0.587317,5.78379,6.17734,9.03019
circle,3,leo,0,14,19.3076,3,35,155,0.0848753,0.0854233,1.48791,0.549622,4.92552,4.96199,7.21221
circle,3,leo,0,15,9.676,10,105,85,0.0854233,0.0848753,2.08684,0.784572,2.05311,1.84836,2.73283
circle,3,leo,0,16,15.6733,8,67,123,0.0859713,0.0859713,1.77841,0.716176,4.20597,3.30657,5.49425
circle,3,leo,0,17,14.972,5,62,128,0.0848753,0.0854233,1.72179,0.576017,3.6334,3.58907,5.28144
circle,3,leo,0,18,20.1208,6,41,149,0.0843273,0.0859713,1.66461,0.708713,5.12393,4.90058,7.55269
circle,3,leo,0,19,14.6507,6,61,129,0.0865193,0.0848753,1.58336,0.618227,3.59861,3.52829,5.15086
circle,3,lqi-literal,0,0,19.9342,4,61,129,0.0848753,0.0865193,1.61558,0.517577,4.48323,5.47064,7.67577
circle,3,lqi-literal,0,1,12.9528,7,71,119,0.0854233,0.0854233,1.91468,0.492995,3.08146,3.04694,4.24583
circle,3,lqi-literal,0,2,21.3928,5,27,163,0.0870673,0.0865193,1.53639,0.669961,5.52108,5.32221,8.1696
circle,3,lqi-literal,0,3,17.2709,4,54,136,0.0859713,0.0837793,1.52214,0.564548,4.36686,4.23613,6.41146
circle,3,lqi-literal,0,4,19.2865,5,43,147,0.0859713,0.0859713,1.52779,0.756611,4.88849,4.66442,7.27727
circle,3,lqi-literal,0,5,19.4558,5,36,154,0.0848753,0.0859713,1.79153,0.600221,4.63444,5.05615,7.2026
circle,3,lqi-literal,0,6,16.5123,5,41,149,0.0854233,0.0865193,1.47079,0.514119,4.24158,4.14631,5.96759
circle,3,lqi-literal,0,7,13.1658,10,81,109,0.0887113,0.0870673,1.91759,0.732707,3.4001,2.57363,4.36596
circle,3,lqi-literal,0,8,12.7593,6,81,109,0.0848753,0.0865193,1.68936,0.498984,3.01704,3.03736,4.34521
circle,3,lqi-literal,0,9,18.4794,6,40,150,0.0859713,0.0854233,1.46864,0.574921,4.41578,4.98561,6.86304
circle,3,lqi-literal,0,10,21.079,5,33,157,0.0854233,0.0859713,1.70977,0.542537,5.09411,5.62867,7.93247
circle,3,lqi-literal,0,11,21.3343,4,42,148,0.0854233,0.0843273,1.6464,0.518842,4.32692,6.47238,8.19996
circle,3,lqi-literal,0,12,16.9368,8,61,129,0.0870673,0.0881633,1.87754,0.768041,4.02828,4.06728,6.02038
circle,3,lqi-literal,0,13,23.1263,2,23,167,0.0859713,0.0854233,1.37626,0.587317,5.78379,6.17734,9.03019
circle,3,lqi-literal,0,14,19.9104,3,34,156,0.0848753,0.0854233,1.41286,0.544898,5.15787,5.08016,7.5443
circle,3,lqi-literal,0,15,14.9656,10,71,119,0.0854233,0.0848753,2.01124,0.820832,3.59449,3.32962,5.03908
circle,3,lqi-literal,0,16,15.6733,8,67,123,0.0859713,0.0859713,1.77841,0.716176,4.20597,3.30657,5.49425
circle,3,lqi-literal,0,17,14.972,5,62,128,0.0848753,0.0854233,1.72179,0.576017,3.6334,3.58907,5.28144
circle,3,lqi-literal,0,18,20.1208,6,41,149,0.0843273,0.0859713,1.66461,0.708713,5.12393,4.90058,7.55269
circle,3,lqi-literal,0,19,14.6507,6,61,129,0.0865193,0.0848753,1.58336,0.618227,3.59861,3.52829,5.15086
triangle,2,hopcount,0,0,11.5244,0,0,190,0.236671,0.234479,4.47593,0.106181,1.98684,2.57452,1.90982
triangle,2,hopcount,0,1,12.0399,0,0,190,0.230095,0.235575,4.47045,0.114042,2.37556,2.76273,1.85147
triangle,2,hopcount,0,2,11.4307,0,0,190,0.238863,0.238315,4.48799,0.0950798,2.10257,2.46423,1.80364
triangle,2,hopcount,0,3,11.772,0,0,190,0.240507,0.239959,4.47429,0.0911038,2.27335,2.6779,1.77488
triangle,2,hopcount,0,4,11.9643,0,0,190,0.231191,0.233931,4.49511,0.116484,2.30827,2.64145,1.93785
triangle,2,hopcount,0,5,11.5753,0,0,190,0.241055,0.237767,4.4836,0.0939138,2.1977,2.50497,1.8163
triangle,2,hopcount,0,6,11.9297,1,1,189,0.231191,0.241603,4.71425,0.103091,2.21861,2.5893,1.83165
triangle,2,hopcount,0,7,12.3678,0,0,190,0.236123,0.234479,4.50936,0.114152,2.36335,2.92312,1.98726
triangle,2,hopcount,0,8,12.1308,1,1,189,0.238315,0.228451,4.69835,0.114042,2.33185,2.67884,1.84093
triangle,2,hopcount,0,9,12.0337,0,0,190,0.234479,0.231191,4.47867,0.0921998,2.31437,2.79927,1.8835
triangle,2,hopcount,0,10,11.7479,0,0,190,0.240507,0.240507,4.49237,0.0876165,2.09053,2.73137,1.86503
triangle,2,hopcount,0,11,11.6714,0,0,190,0.236123,0.236671,4.46826,0.126029,2.06389,2.58727,1.95318
triangle,2,hopcount,0,12,11.4385,0,0,190,0.238315,0.234479,4.47757,0.100251,2.07049,2.4583,1.85911
triangle,2,hopcount,0,13,11.6679,0,0,190,0.235575,0.236123,4.46661,0.0830226,2.249,2.64443,1.75312
triangle,2,hopcount,0,14,12.5075,1,1,189,0.233931,0.238315,4.70767,0.10884,2.25502,3.06076,1.90301
triangle,2,hopcount,0,15,11.6764,0,0,190,0.236671,0.239411,4.46607,0.112916,2.10471,2.62927,1.88734
triangle,2,hopcount,0,16,12.0319,0,0,190,0.231739,0.238315,4.48141,0.104765,2.4319,2.69685,1.84696
triangle,2,hopcount,0,17,11.9185,0,0,190,0.238315,0.233383,4.49182,0.104835,2.18959,2.78775,1.87282
triangle,2,hopcount,0,18,11.6309,0,0,190,0.236123,0.232835,4.50278,0.102683,2.2594,2.5036,1.79351
triangle,2,hopcount,0,19,11.608,0,0,190,0.236671,0.239959,4.44743,0.122023,2.10254,2.60413,1.8552
triangle,2,hopcount,1,0,10.4876,10,40,150,0.136935,0.140223,3.96445,0.459237,1.92867,2.15212,1.70598
triangle,2,hopcount,1,1,10.6281,5,39,151,0.146799,0.141319,3.3825,0.334145,2.19458,2.51947,1.90927
triangle,2,hopcount,1,2,10.0603,5,37,153,0.140771,0.141867,3.28359,0.302747,2.03342,2.40121,1.75668
triangle,2,hopcount,1,3,12.833,7,25,165,0.136387,0.142415,3.51154,0.381855,2.49498,3.38453,2.78131
triangle,2,hopcount,1,4,11.3405,6,32,158,0.141319,0.148991,3.44076,0.352021,2.32784,2.82545,2.10413
triangle,2,hopcount,1,5,13.1497,7,17,173,0.141867,0.143511,3.57394,0.362394,2.80159,3.36238,2.76406
triangle,2,hopcount,1,6,13.1289,6,18,172,0.138031,0.142963,3.44072,0.398265,2.64417,3.63369,2.73107
triangle,2,hopcount,1,7,10.2945,7,43,147,0.140223,0.142415,3.6207,0.344757,1.98662,2.31962,1.74021
triangle,2,hopcount,1,8,11.3857,3,35,155,0.135839,0.140771,3.02385,0.271121,2.42005,3.04511,2.34894
triangle,2,hopcount,1,9,10.6952,6,38,152,0.144059,0.140223,3.47521,0.281114,2.03486,2.70002,1.91973
triangle,2,hopcount,1,10,14.2146,5,6,184,0.144607,0.144059,3.3067,0.352837,3.20396,3.80863,3.25381
triangle,2,hopcount,1,11,13.2062,4,14,176,0.138031,0.145155,3.19725,0.304332,2.83471,3.57822,3.00848
triangle,2,hopcount,1,12,11.4316,11,38,152,0.138031,0.138579,4.12682,0.502821,2.18869,2.34621,1.99043
triangle,2,hopcount,1,13,13.2755,11,22,168,0.139127,0.137483,4.16034,0.518425,2.76925,3.24024,2.31069
triangle,2,hopcount,1,14,12.5617,7,22,168,0.143511,0.146799,3.59215,0.330139,2.59941,3.31418,2.4355
triangle,2,hopcount,1,15,11.5656,6,33,157,0.141867,0.141319,3.504,0.32169,2.39463,2.96484,2.09724
triangle,2,hopcount,1,16,10.8091,8,37,153,0.142415,0.141867,3.71922,0.342455,2.15826,2.61937,1.68546
triangle,2,hopcount,1,17,12.3433,9,29,161,0.139675,0.144607,3.87281,0.407163,2.49721,3.13775,2.14413
triangle,2,hopcount,1,18,10.453,7,35,155,0.145155,0.137483,3.63516,0.379782,2.07649,2.26574,1.81321
triangle,2,hopcount,1,19,10.0892,5,41,149,0.146251,0.139127,3.33292,0.224517,2.08874,2.47271,1.68491
triangle,2,lqi,0,0,11.5156,0,0,190,0.236671,0.234479,4.47593,0.109201,2.07123,2.40511,1.98297
triangle,2,lqi,0,1,11.7023,0,0,190,0.230095,0.235575,4.47045,0.107855,2.17998,2.55626,1.9221
triangle,2,lqi,0,2,11.5162,0,0,190,0.238863,0.238315,4.48799,0.107785,2.15327,2.28424,2.00577
triangle,2,lqi,0,3,11.5233,0,0,190,0.240507,0.239959,4.47429,0.0971435,2.11041,2.48288,1.87811
triangle,2,lqi,0,4,11.6938,0,0,190,0.231191,0.233931,4.49511,0.096816,2.13302,2.49277,2.01098
triangle,2,lqi,0,5,11.5686,0,0,190,0.241055,0.237767,4.4836,0.0883044,2.16819,2.46167,1.88802
triangle,2,lqi,0,6,11.6764,0,0,190,0.231191,0.241603,4.48031,0.102245,2.09666,2.5966,1.92779
triangle,2,lqi,0,7,11.8105,0,0,190,0.236123,0.234479,4.50936,0.107237,2.28319,2.46716,1.97293
triangle,2,lqi,0,8,11.8445,0,0,190,0.238315,0.228451,4.46387,0.102613,2.26129,2.63696,1.91301
triangle,2,lqi,0,9,11.7972,0,0,190,0.234479,0.231191,4.47867,0.107557,2.31437,2.51647,1.91448
triangle,2,lqi,0,10,11.4783,0,0,190,0.240507,0.240507,4.49237,0.0944141,1.9416,2.52756,1.94129
triangle,2,lqi,0,11,11.2245,0,0,190,0.236123,0.236671,4.46826,0.104507,1.99914,2.25373,1.92606
triangle,2,lqi,0,12,11.6206,0,0,190,0.238315,0.234479,4.47757,0.105813,2.14218,2.41583,2.00636
triangle,2,lqi,0,13,11.3964,0,0,190,0.235575,0.236123,4.46661,0.0861526,2.09124,2.46035,1.82031
triangle,2,lqi,0,14,11.7109,0,0,190,0.233931,0.238315,4.47209,0.0982395,2.23777,2.48747,1.94311
triangle,2,lqi,0,15,11.6389,0,0,190,0.236671,0.239411,4.46607,0.116624,2.17906,2.50689,1.89423
triangle,2,lqi,0,16,11.6905,0,0,190,0.231739,0.238315,4.48141,0.101079,2.22176,2.55473,1.86148
triangle,2,lqi,0,17,11.5212,0,0,190,0.238315,0.233383,4.49182,0.108543,2.20954,2.42675,1.81284
triangle,2,lqi,0,18,11.3241,0,0,190,0.236123,0.232835,4.50278,0.0897905,2.08648,2.3159,1.86017
triangle,2,lqi,0,19,11.6994,0,0,190,0.236671,0.239959,4.44743,0.116734,2.22318,2.46161,1.97384
triangle,2,lqi,1,0,12.3665,6,23,167,0.136935,0.140223,3.41951,0.334085,2.64793,3.04624,2.64158
triangle,2,lqi,1,1,11.1448,5,31,159,0.146799,0.141319,3.32689,0.281154,2.24405,2.6599,2.34466
triangle,2,lqi,1,2,10.0987,3,29,161,0.140771,0.141867,3.02427,0.183863,2.09652,2.3335,2.17794
triangle,2,lqi,1,3,9.74224,5,39,151,0.136387,0.142415,3.25842,0.32436,1.77362,2.21086,1.89618
triangle,2,lqi,1,4,10.8712,8,38,152,0.141319,0.148991,3.75278,0.385752,2.11236,2.37835,1.95166
triangle,2,lqi,1,5,12.2839,9,25,165,0.141867,0.143511,3.83334,0.348854,2.49677,2.87418,2.44542
triangle,2,lqi,1,6,10.9222,4,29,161,0.138031,0.142963,3.14965,0.308955,2.24925,2.67707,2.25625
triangle,2,lqi,1,7,12.5864,6,23,167,0.140223,0.142415,3.46353,0.405132,2.56137,3.13286,2.74083
triangle,2,lqi,1,8,11.0964,4,29,161,0.135839,0.140771,3.15134,0.304202,2.29845,2.5191,2.54672
triangle,2,lqi,1,9,11.2237,6,31,159,0.144059,0.140223,3.4863,0.320704,2.33124,2.59992,2.20123
triangle,2,lqi,1,10,10.7502,8,34,156,0.144607,0.144059,3.65513,0.337025,2.12884,2.3136,2.02698
triangle,2,lqi,1,11,11.1056,7,31,159,0.138031,0.145155,3.63381,0.340085,2.14173,2.54793,2.1589
triangle,2,lqi,1,12,11.6388,6,27,163,0.138031,0.138579,3.4271,0.365344,2.52707,2.65133,2.39139
triangle,2,lqi,1,13,13.4888,8,18,172,0.139127,0.137483,3.77863,0.463393,2.87299,3.29216,2.80503
triangle,2,lqi,1,14,12.2939,7,26,164,0.143511,0.146799,3.60725,0.32745,2.37731,3.18912,2.5025
triangle,2,lqi,1,15,10.058,7,44,146,0.141867,0.141319,3.6532,0.287941,1.8342,2.23212,1.76737
triangle,2,lqi,1,16,10.2168,8,35,155,0.142415,0.141867,3.69085,0.285709,2.00744,2.17235,1.77619
triangle,2,lqi,1,17,10.6241,5,31,159,0.139675,0.144607,3.34991,0.264963,2.24963,2.36575,2.10957
triangle,2,lqi,1,18,12.2903,6,20,170,0.145155,0.137483,3.53044,0.373466,2.68537,2.77452,2.64391
triangle,2,lqi,1,19,11.4417,5,31,159,0.146251,0.139127,3.36336,0.24624,2.34741,2.85591,2.34338
triangle,2,leo,0,0,11.5244,0,0,190,0.236671,0.234479,4.47593,0.106181,1.98684,2.57452,1.90982
triangle,2,leo,0,1,12.0399,0,0,190,0.230095,0.235575,4.47045,0.114042,2.37556,2.76273,1.85147
triangle,2,leo,0,2,11.4307,0,0,190,0.238863,0.238315,4.48799,0.0950798,2.10257,2.46423,1.80364
triangle,2,leo,0,3,11.772,0,0,190,0.240507,0.239959,4.47429,0.0911038,2.27335,2.6779,1.77488
triangle,2,leo,0,4,11.9643,0,0,190,0.231191,0.233931,4.49511,0.116484,2.30827,2.64145,1.93785
triangle,2,leo,0,5,11.5753,0,0,190,0.241055,0.237767,4.4836,0.0939138,2.1977,2.50497,1.8163
triangle,2,leo,0,6,11.9297,1,1,189,0.231191,0.241603,4.71425,0.103091,2.21861,2.5893,1.83165
triangle,2,leo,0,7,12.4709,0,0,190,0.236123,0.234479,4.50936,0.116006,2.40895,2.94166,2.02434
triangle,2,leo,0,8,12.1308,1,1,189,0.238315,0.228451,4.69835,0.114042,2.33185,2.67884,1.84093
triangle,2,leo,0,9,12.0337,0,0,190,0.234479,0.231191,4.47867,0.0921998,2.31437,2.79927,1.8835
triangle,2,leo,0,10,11.7479,0,0,190,0.240507,0.240507,4.49237,0.0876165,2.09053,2.73137,1.86503
triangle,2,leo,0,11,11.6714,0,0,190,0.236123,0.236671,4.46826,0.126029,2.06389,2.58727,1.95318
triangle,2,leo,0,12,11.4385,0,0,190,0.238315,0.234479,4.47757,0.100251,2.07049,2.4583,1.85911
triangle,2,leo,0,13,11.6679,0,0,190,0.235575,0.236123,4.46661,0.0830226,2.249,2.64443,1.75312
triangle,2,leo,0,14,11.851,1,1,189,0.233931,0.238315,4.70767,0.104397,2.12754,2.62542,1.8137
triangle,2,leo,0,15,11.6764,0,0,190,0.236671,0.239411,4.46607,0.112916,2.10471,2.62927,1.88734
triangle,2,leo,0,16,12.0319,0,0,190,0.231739,0.238315,4.48141,0.104765,2.4319,2.69685,1.84696
triangle,2,leo,0,17,11.9185,0,0,190,0.238315,0.233383,4.49182,0.104835,2.18959,2.78775,1.87282
triangle,2,leo,0,18,11.6309,0,0,190,0.236123,0.232835,4.50278,0.102683,2.2594,2.5036,1.79351
triangle,2,leo,0,19,11.608,0,0,190,0.236671,0.239959,4.44743,0.122023,2.10254,2.60413,1.8552
triangle,2,leo,1,0,10.6177,9,39,151,0.136935,0.140223,3.8446,0.447768,1.95171,2.31887,1.77759
triangle,2,leo,1,1,10.6281,5,39,151,0.146799,0.141319,3.3825,0.334145,2.19458,2.51947,1.90927
triangle,2,leo,1,2,10.0603,5,37,153,0.140771,0.141867,3.28359,0.302747,2.03342,2.40121,1.75668
triangle,2,leo,1,3,12.7209,7,25,165,0.136387,0.142415,3.51154,0.383021,2.46709,3.30936,2.77106
triangle,2,leo,1,4,13.3017,8,25,165,0.141319,0.148991,3.76644,0.404882,2.70012,3.60257,2.53734
triangle,2,leo,1,5,13.3436,5,13,177,0.141867,0.143511,3.28308,0.331275,2.86305,3.63907,2.94175
triangle,2,leo,1,6,13.1289,6,18,172,0.138031,0.142963,3.44072,0.398265,2.64417,3.63369,2.73107
triangle,2,leo,1,7,12.4046,9,28,162,0.140223,0.142415,3.90102,0.42785,2.52922,2.97322,2.29069
triangle,2,leo,1,8,11.3857,3,35,155,0.135839,0.140771,3.02385,0.271121,2.42005,3.04511,2.34894
triangle,2,leo,1,9,11.5809,7,41,149,0.144059,0.140223,3.62783,0.464169,2.23872,2.73083,2.23507
triangle,2,leo,1,10,14.2037,5,6,184,0.144607,0.144059,3.3067,0.345374,3.20396,3.80863,3.25036
triangle,2,leo,1,11,13.2062,4,14,176,0.138031,0.145155,3.19725,0.304332,2.83471,3.57822,3.00848
triangle,2,leo,1,12,11.7543,10,37,153,0.138031,0.138579,3.97673,0.492448,2.29111,2.56862,2.14881
triangle,2,leo,1,13,14.0934,8,15,175,0.139127,0.137483,3.77863,0.468274,3.1463,3.58386,2.83971
triangle,2,leo,1,14,11.7867,7,35,155,0.143511,0.146799,3.62293,0.426136,2.22388,3.02878,2.19466
triangle,2,leo,1,15,11.5656,6,33,157,0.141867,0.141319,3.504,0.32169,2.39463,2.96484,2.09724
triangle,2,leo,1,16,12.8454,9,26,164,0.142415,0.141867,3.84579,0.434755,2.61529,3.33333,2.332
triangle,2,leo,1,17,10.1525,4,39,151,0.139675,0.144607,3.16065,0.243449,2.26894,2.41591,1.77929
triangle,2,leo,1,18,10.453,7,35,155,0.145155,0.137483,3.63516,0.379782,2.07649,2.26574,1.81321
triangle,2,leo,1,19,10.2558,5,41,149,0.146251,0.139127,3.33292,0.228522,2.17816,2.50734,1.72349
triangle,2,lqi-literal,0,0,11.5244,0,0,190,0.236671,0.234479,4.47593,0.106181,1.98684,2.57452,1.90982
triangle,2,lqi-literal,0,1,12.0399,0,0,190,0.230095,0.235575,4.47045,0.114042,2.37556,2.76273,1.85147
triangle,2,lqi-literal,0,2,11.4307,0,0,190,0.238863,0.238315,4.48799,0.0950798,2.10257,2.46423,1.80364
triangle,2,lqi-literal,0,3,11.772,0,0,190,0.240507,0.239959,4.47429,0.0911038,2.27335,2.6779,1.77488
triangle,2,lqi-literal,0,4,11.9643,0,0,190,0.231191,0.233931,4.49511,0.116484,2.30827,2.64145,1.93785
triangle,2,lqi-literal,0,5,11.5753,0,0,190,0.241055,0.237767,4.4836,0.0939138,2.1977,2.50497,1.8163
triangle,2,lqi-literal,0,6,11.9297,1,1,189,0.231191,0.241603,4.71425,0.103091,2.21861,2.5893,1.83165
triangle,2,lqi-literal,0,7,12.3678,0,0,190,0.236123,0.234479,4.50936,0.114152,2.36335,2.92312,1.98726
triangle,2,lqi-literal,0,8,12.1308,1,1,189,0.238315,0.228451,4.69835,0.114042,2.33185,2.67884,1.84093
triangle,2,lqi-literal,0,9,12.0337,0,0,190,0.234479,0.231191,4.47867,0.0921998,2.31437,2.79927,1.8835
triangle,2,lqi-literal,0,10,11.7479,0,0,190,0.240507,0.240507,4.49237,0.0876165,2.09053,2.73137,1.86503
triangle,2,lqi-literal,0,11,11.6714,0,0,190,0.236123,0.236671,4.46826,0.126029,2.06389,2.58727,1.95318
triangle,2,lqi-literal,0,12,11.4385,0,0,190,0.238315,0.234479,4.47757,0.100251,2.07049,2.4583,1.85911
triangle,2,lqi-literal,0,13,11.6679,0,0,190,0.235575,0.236123,4.46661,0.0830226,2.249,2.64443,1.75312
triangle,2,lqi-literal,0,14,12.5075,1,1,189,0.233931,0.238315,4.70767,0.10884,2.25502,3.06076,1.90301
triangle,2,lqi-literal,0,15,11.6764,0,0,190,0.236671,0.239411,4.46607,0.112916,2.10471,2.62927,1.88734
triangle,2,lqi-literal,0,16,12.0319,0,0,190,0.231739,0.238315,4.48141,0.104765,2.4319,2.69685,1.84696
triangle,2,lqi-literal,0,17,11.9185,0,0,190,0.238315,0.233383,4.49182,0.104835,2.18959,2.78775,1.87282
triangle,2,lqi-literal,0,18,11.6309,0,0,190,0.236123,0.232835,4.50278,0.102683,2.2594,2.5036,1.79351
triangle,2,lqi-literal,0,19,11.608,0,0,190,0.236671,0.239959,4.44743,0.122023,2.10254,2.60413,1.8552
triangle,2,lqi-literal,1,0,10.4876,10,40,150,0.136935,0.140223,3.96445,0.459237,1.92867,2.15212,1.70598
triangle,2,lqi-literal,1,1,10.6281,5,39,151,0.146799,0.141319,3.3825,0.334145,2.19458,2.51947,1.90927
triangle,2,lqi-literal,1,2,10.0603,5,37,153,0.140771,0.141867,3.28359,0.302747,2.03342,2.40121,1.75668
triangle,2,lqi-literal,1,3,12.833,7,25,165,0.136387,0.142415,3.51154,0.381855,2.49498,3.38453,2.78131
triangle,2,lqi-literal,1,4,11.3405,6,32,158,0.141319,0.148991,3.44076,0.352021,2.32784,2.82545,2.10413
triangle,2,lqi-literal,1,5,13.1497,7,17,173,0.141867,0.143511,3.57394,0.362394,2.80159,3.36238,2.76406
triangle,2,lqi-literal,1,6,13.1289,6,18,172,0.138031,0.142963,3.44072,0.398265,2.64417,3.63369,2.73107
triangle,2,lqi-literal,1,7,10.2945,7,43,147,0.140223,0.142415,3.6207,0.344757,1.98662,2.31962,1.74021
triangle,2,lqi-literal,1,8,11.3857,3,35,155,0.135839,0.140771,3.02385,0.271121,2.42005,3.04511,2.34894
triangle,2,lqi-literal,1,9,10.6952,6,38,152,0.144059,0.140223,3.47521,0.281114,2.03486,2.70002,1.91973
triangle,2,lqi-literal,1,10,14.2146,5,6,184,0.144607,0.144059,3.3067,0.352837,3.20396,3.80863,3.25381
triangle,2,lqi-literal,1,11,13.2062,4,14,176,0.138031,0.145155,3.19725,0.304332,2.83471,3.57822,3.00848
triangle,2,lqi-literal,1,12,11.4316,11,38,152,0.138031,0.138579,4.12682,0.502821,2.18869,2.34621,1.99043
triangle,2,lqi-literal,1,13,13.2755,11,22,168,0.139127,0.137483,4.16034,0.518425,2.76925,3.24024,2.31069
triangle,2,lqi-literal,1,14,12.5617,7,22,168,0.143511,0.146799,3.59215,0.330139,2.59941,3.31418,2.4355
triangle,2,lqi-literal,1,15,11.5656,6,33,157,0.141867,0.141319,3.504,0.32169,2.39463,2.96484,2.09724
triangle,2,lqi-literal,1,16,10.8091,8,37,153,0.142415,0.141867,3.71922,0.342455,2.15826,2.61937,1.68546
triangle,2,lqi-literal,1,17,12.3433,9,29,161,0.139675,0.144607,3.87281,0.407163,2.49721,3.13775,2.14413
triangle,2,lqi-literal,1,18,10.453,7,35,155,0.145155,0.137483,3.63516,0.379782,2.07649,2.26574,1.81321
triangle,2,lqi-literal,1,19,10.0892,5,41,149,0.146251,0.139127,3.33292,0.224517,2.08874,2.47271,1.68491
triangle,2.25,hopcount,0,0,15.4379,12,26,164,0.183515,0.181871,5.62541,0.419514,2.56049,4.2897,2.17738
triangle,2.25,hopcount,0,1,15.6731,6,8,182,0.179679,0.181871,4.55391,0.26364,2.96629,4.79394,2.73375
triangle,2.25,hopcount,0,2,15.7524,7,8,182,0.186803,0.183515,4.73249,0.327738,3.17306,4.37017,2.77865
triangle,2.25,hopcount,0,3,15.6628,8,14,176,0.181871,0.175843,4.8897,0.298503,3.3292,4.11165,2.67604
triangle,2.25,hopcount,0,4,14.7995,6,6,184,0.179679,0.182419,4.56487,0.244708,2.88505,4.01009,2.73269
triangle,2.25,hopcount,0,5,14.0523,4,12,178,0.190639,0.187351,4.16222,0.23839,2.53081,4.12689,2.61597
triangle,2.25,hopcount,0,6,15.6113,7,8,182,0.176939,0.184611,4.72701,0.306804,2.98493,4.53987,2.69118
triangle,2.25,hopcount,0,7,16.6981,7,7,183,0.179131,0.176939,4.72701,0.297478,3.2257,5.3108,2.78105
triangle,2.25,hopcount,0,8,16.4311,11,9,181,0.184611,0.174199,5.44134,0.363863,2.94459,4.66694,2.65552
triangle,2.25,hopcount,0,9,16.9571,10,8,182,0.179131,0.178583,5.28249,0.304821,3.4672,4.82706,2.71782
triangle,2.25,hopcount,0,10,14.977,11,27,163,0.183515,0.181323,5.4797,0.356926,2.6175,3.8938,2.2642
triangle,2.25,hopcount,0,11,15.4215,5,5,185,0.185159,0.183515,4.36381,0.290205,3.06055,4.68221,2.65607
triangle,2.25,hopcount,0,12,15.7236,7,6,184,0.180775,0.183515,4.75441,0.304962,3.26609,4.40467,2.62913
triangle,2.25,hopcount,0,13,15.5584,9,15,175,0.178035,0.183515,5.07267,0.315961,3.12908,4.19728,2.4819
triangle,2.25,hopcount,0,14,16.0075,7,6,184,0.180775,0.185159,4.70728,0.279571,3.15344,4.87273,2.62857
triangle,2.25,hopcount,0,15,16.0518,6,6,184,0.176939,0.186803,4.56213,0.310951,3.11997,5.12464,2.57033
triangle,2.25,hopcount,0,16,15.0313,6,21,169,0.185159,0.178035,4.56267,0.297527,2.84517,4.42572,2.53698
triangle,2.25,hopcount,0,17,14.6767,9,19,171,0.181871,0.177487,5.07102,0.33909,2.76564,3.74408,2.39747
triangle,2.25,hopcount,0,18,15.3098,3,2,188,0.191187,0.180227,3.98528,0.206413,3.50878,4.52969,2.70823
triangle,2.25,hopcount,0,19,15.3282,9,15,175,0.179679,0.182967,5.1039,0.339659,2.70901,4.25221,2.56081
triangle,2.25,hopcount,1,0,10.2481,5,57,133,0.113371,0.113919,2.35445,0.308689,2.28635,3.14564,1.9257
triangle,2.25,hopcount,1,1,9.92511,5,55,135,0.115015,0.115563,2.37873,0.203605,2.24215,2.95892,1.91111
triangle,2.25,hopcount,1,2,10.2257,9,62,128,0.115563,0.115015,2.72739,0.340614,2.10795,2.8622,1.95692
triangle,2.25,hopcount,1,3,10.0737,11,63,127,0.117207,0.109535,2.94971,0.390856,1.91497,2.74127,1.85015
triangle,2.25,hopcount,1,4,9.2897,10,73,117,0.112823,0.110631,2.85805,0.303089,1.94644,2.3665,1.59216
triangle,2.25,hopcount,1,5,11.3422,6,44,146,0.113371,0.110083,2.50437,0.345935,2.46353,3.36879,2.43611
triangle,2.25,hopcount,1,6,10.3626,9,56,134,0.113919,0.112275,2.768,0.317725,2.27468,2.89172,1.88432
triangle,2.25,hopcount,1,7,9.19547,6,65,125,0.110083,0.116111,2.48051,0.317276,1.98303,2.35507,1.83339
triangle,2.25,hopcount,1,8,9.62662,9,68,122,0.113919,0.112275,2.71938,0.351177,1.79842,2.88115,1.6503
triangle,2.25,hopcount,1,9,10.1295,9,64,126,0.113371,0.114467,2.75286,0.293642,2.19872,2.8358,1.82064
triangle,2.25,hopcount,1,10,10.7908,4,52,138,0.114467,0.115563,2.3034,0.214763,2.30499,3.46256,2.27508
triangle,2.25,hopcount,1,11,9.26008,6,63,127,0.113919,0.107891,2.51246,0.314766,1.90859,2.52476,1.77769
triangle,2.25,hopcount,1,12,9.92806,8,59,131,0.112823,0.114467,2.67638,0.245115,2.07826,2.90243,1.79858
triangle,2.25,hopcount,1,13,10.3796,5,54,136,0.112275,0.115015,2.3838,0.26014,2.20454,3.14211,2.16173
triangle,2.25,hopcount,1,14,11.4542,5,47,143,0.112823,0.117755,2.38388,0.295335,2.48155,3.77339,2.28951
triangle,2.25,hopcount,1,15,8.31799,4,70,120,0.115563,0.112823,2.29138,0.237422,1.80162,2.15642,1.60277
triangle,2.25,hopcount,1,16,9.22996,4,62,128,0.115015,0.110631,2.29796,0.205606,1.94181,2.7066,1.85235
triangle,2.25,hopcount,1,17,9.91095,11,67,123,0.115015,0.114467,2.9718,0.428031,1.92837,2.59655,1.75671
triangle,2.25,hopcount,1,18,8.78391,7,71,119,0.114467,0.118303,2.56748,0.243114,1.81147,2.30256,1.62652
triangle,2.25,hopcount,1,19,9.50617,7,68,122,0.111727,0.115015,2.55235,0.293929,1.99526,2.7118,1.72609
triangle,2.25,lqi,0,0,13.9491,4,4,186,0.183515,0.181871,4.15235,0.213996,2.68914,3.6824,2.84579
triangle,2.25,lqi,0,1,13.6474,0,0,190,0.179679,0.181871,3.44459,0.174986,2.81441,3.72433,3.1275
triangle,2.25,lqi,0,2,12.8701,0,0,190,0.186803,0.183515,3.46158,0.170599,2.84291,3.04635,2.97839
triangle,2.25,lqi,0,3,12.9996,0,0,190,0.181871,0.175843,3.4424,0.162039,2.81178,3.20748,3.0182
triangle,2.25,lqi,0,4,13.6669,4,4,186,0.179679,0.182419,4.19948,0.206462,2.76691,3.29934,2.83265
triangle,2.25,lqi,0,5,13.1565,0,0,190,0.190639,0.187351,3.43363,0.154576,2.94291,3.22595,3.0214
triangle,2.25,lqi,0,6,13.1815,0,0,190,0.176939,0.184611,3.45501,0.158582,2.99843,3.18861,3.01933
triangle,2.25,lqi,0,7,13.7145,0,0,190,0.179131,0.176939,3.45336,0.166165,3.11558,3.61401,3.00935
triangle,2.25,lqi,0,8,13.777,1,1,189,0.184611,0.174199,3.62208,0.189722,2.87862,3.70983,3.01795
triangle,2.25,lqi,0,9,13.5529,0,0,190,0.179131,0.178583,3.47638,0.161491,2.89382,3.55155,3.11197
triangle,2.25,lqi,0,10,14.3754,4,4,186,0.183515,0.181323,4.19784,0.200402,2.81976,3.97788,2.81471
triangle,2.25,lqi,0,11,12.9699,0,0,190,0.185159,0.183515,3.44405,0.179278,2.83367,3.11561,3.0286
triangle,2.25,lqi,0,12,12.8465,0,0,190,0.180775,0.183515,3.47473,0.185168,2.63213,3.22179,2.96842
triangle,2.25,lqi,0,13,12.9749,0,0,190,0.178035,0.183515,3.43528,0.135096,2.80869,3.24743,2.98683
triangle,2.25,lqi,0,14,13.0659,0,0,190,0.180775,0.185159,3.44898,0.154696,2.84776,3.30884,2.93969
triangle,2.25,lqi,0,15,13.3364,0,0,190,0.176939,0.186803,3.45665,0.193657,2.87005,3.33036,3.12198
triangle,2.25,lqi,0,16,13.4091,0,0,190,0.185159,0.178035,3.46487,0.183404,3.01628,3.28639,3.09497
triangle,2.25,lqi,0,17,14.9654,6,6,184,0.181871,0.177487,4.55281,0.256223,2.965,3.98491,2.84709
triangle,2.25,lqi,0,18,13.2112,0,0,190,0.191187,0.180227,3.45501,0.154647,2.8773,3.31509,3.03769
triangle,2.25,lqi,0,19,14.4368,4,4,186,0.179679,0.182967,4.16989,0.228612,2.81647,3.92227,2.93692
triangle,2.25,lqi,1,0,10.2706,1,47,143,0.113371,0.113919,1.9616,0.189343,2.26773,3.16242,2.46218
triangle,2.25,lqi,1,1,9.195,4,55,135,0.115015,0.115563,2.2705,0.246738,2.01414,2.33371,2.09933
triangle,2.25,lqi,1,2,10.4763,5,48,142,0.115563,0.115015,2.31954,0.24602,2.3457,2.82199,2.51253
triangle,2.25,lqi,1,3,8.84938,2,58,132,0.117207,0.109535,2.06316,0.178472,1.92737,2.31343,2.1402
triangle,2.25,lqi,1,4,7.92878,1,66,124,0.112823,0.110631,1.97062,0.137698,1.67728,2.05171,1.86803
triangle,2.25,lqi,1,5,10.9106,5,42,148,0.113371,0.110083,2.39037,0.300554,2.45335,3.00399,2.53887
triangle,2.25,lqi,1,6,9.84833,2,49,141,0.113919,0.112275,2.09103,0.163305,2.26059,2.69848,2.40873
triangle,2.25,lqi,1,7,9.81903,3,49,141,0.110083,0.116111,2.1977,0.204868,2.24095,2.66477,2.28455
triangle,2.25,lqi,1,8,8.97659,3,54,136,0.113919,0.112275,2.13977,0.198691,1.99214,2.26812,2.15168
triangle,2.25,lqi,1,9,8.71912,5,64,126,0.113371,0.114467,2.39007,0.227448,1.82767,2.1383,1.90779
triangle,2.25,lqi,1,10,8.178,3,66,124,0.114467,0.115563,2.23139,0.200363,1.7958,1.92502,1.7954
triangle,2.25,lqi,1,11,8.53044,2,58,132,0.113919,0.107891,2.11241,0.163425,1.92665,2.1607,1.94545
triangle,2.25,lqi,1,12,8.81938,3,60,130,0.112823,0.114467,2.17826,0.203651,1.86365,2.34991,1.99663
triangle,2.25,lqi,1,13,9.69332,3,53,137,0.112275,0.115015,2.19585,0.182976,2.1214,2.71891,2.24691
triangle,2.25,lqi,1,14,9.24749,2,54,136,0.112823,0.117755,2.09292,0.231313,2.03507,2.50741,2.15019
triangle,2.25,lqi,1,15,10.494,6,55,135,0.115563,0.112823,2.48636,0.314077,2.26511,2.96381,2.23628
triangle,2.25,lqi,1,16,8.25525,2,67,123,0.115015,0.110631,2.12274,0.195212,1.75599,2.16745,1.78821
triangle,2.25,lqi,1,17,8.87664,3,60,130,0.115015,0.114467,2.21191,0.176538,1.90013,2.38657,1.97202
triangle,2.25,lqi,1,18,8.66615,1,58,132,0.114467,0.118303,1.93942,0.139939,1.96539,2.38711,2.00153
triangle,2.25,lqi,1,19,8.87716,4,62,128,0.111727,0.115015,2.259,0.200194,1.9281,2.34354,1.91958
triangle,2.25,leo,0,0,14.5761,4,12,178,0.183515,0.181871,4.18085,0.270676,2.60719,4.56147,2.59052
triangle,2.25,leo,0,1,15.462,8,8,182,0.179679,0.181871,4.90504,0.279663,3.06131,4.04092,2.81354
triangle,2.25,leo,0,2,15.2892,8,8,182,0.186803,0.183515,4.90504,0.307731,2.92513,4.14182,2.63912
triangle,2.25,leo,0,3,15.4234,11,20,170,0.181871,0.175843,5.43422,0.328667,2.99974,3.90009,2.40293
triangle,2.25,leo,0,4,14.6834,5,4,186,0.179679,0.182419,4.37587,0.265026,3.01609,4.03421,2.63011
triangle,2.25,leo,0,5,14.5809,5,5,185,0.190639,0.187351,4.33422,0.273416,2.60211,4.22876,2.76444
triangle,2.25,leo,0,6,15.5506,8,15,175,0.176939,0.184611,4.91272,0.328098,3.16835,4.36292,2.417
triangle,2.25,leo,0,7,16.5091,10,17,173,0.179131,0.176939,5.28578,0.334437,3.22382,4.71037,2.59862
triangle,2.25,leo,0,8,15.9153,11,11,179,0.184611,0.174199,5.44792,0.372422,3.03339,4.03131,2.67146
triangle,2.25,leo,0,9,16.9431,11,19,171,0.179131,0.178583,5.47258,0.359475,3.3204,4.85758,2.57536
triangle,2.25,leo,0,10,15.8953,10,16,174,0.183515,0.181323,5.31811,0.341901,2.88426,4.54226,2.44396
triangle,2.25,leo,0,11,15.5543,8,8,182,0.185159,0.183515,4.90559,0.33384,3.17837,4.27062,2.49722
triangle,2.25,leo,0,12,14.4409,4,12,178,0.180775,0.183515,4.20112,0.276375,2.93092,4.10429,2.56391
triangle,2.25,leo,0,13,15.2817,10,15,175,0.178035,0.183515,5.24796,0.317319,2.73118,4.27181,2.35189
triangle,2.25,leo,0,14,16.9095,12,12,178,0.180775,0.185159,5.63034,0.386033,3.07087,4.83854,2.61781
triangle,2.25,leo,0,15,15.7076,7,7,183,0.176939,0.186803,4.73687,0.32528,3.02906,4.52977,2.72288
triangle,2.25,leo,0,16,15.8474,11,16,174,0.185159,0.178035,5.49066,0.365814,2.84134,4.21293,2.57345
triangle,2.25,leo,0,17,15.8936,10,9,181,0.181871,0.177487,5.25892,0.394911,3.26416,4.04995,2.56634
triangle,2.25,leo,0,18,15.208,3,3,187,0.191187,0.180227,3.99021,0.214544,3.37055,4.48646,2.77478
triangle,2.25,leo,0,19,14.7072,8,23,167,0.179679,0.182967,4.90614,0.318344,2.86527,3.82866,2.42613
triangle,2.25,leo,1,0,10.2481,5,57,133,0.113371,0.113919,2.35445,0.308689,2.28635,3.14564,1.9257
triangle,2.25,leo,1,1,9.96535,5,55,135,0.115015,0.115563,2.37873,0.205847,2.2511,2.9613,1.93779
triangle,2.25,leo,1,2,10.1585,9,66,124,0.115563,0.115015,2.70476,0.348006,2.07129,2.93647,1.86742
triangle,2.25,leo,1,3,9.85266,7,62,128,0.117207,0.109535,2.56757,0.358383,1.94144,2.8295,1.92903
triangle,2.25,leo,1,4,8.90239,8,73,117,0.112823,0.110631,2.66445,0.26918,1.91057,2.25493,1.57981
triangle,2.25,leo,1,5,11.3422,6,44,146,0.113371,0.110083,2.50437,0.345935,2.46353,3.36879,2.43611
triangle,2.25,leo,1,6,10.3626,9,56,134,0.113919,0.112275,2.768,0.317725,2.27468,2.89172,1.88432
triangle,2.25,leo,1,7,9.70015,5,52,138,0.110083,0.116111,2.36874,0.218889,2.12731,2.70168,2.05733
triangle,2.25,leo,1,8,10.3152,7,58,132,0.113919,0.112275,2.48055,0.332415,2.21047,3.139,1.92653
triangle,2.25,leo,1,9,11.6422,10,53,137,0.113371,0.114467,2.861,0.357902,2.72891,3.17724,2.28929
triangle,2.25,leo,1,10,10.0275,4,61,129,0.114467,0.115563,2.31179,0.221728,2.13656,3.16329,1.96406
triangle,2.25,leo,1,11,8.06116,3,71,119,0.113919,0.107891,2.20431,0.209591,1.6846,2.20407,1.53678
triangle,2.25,leo,1,12,8.36527,6,76,114,0.112823,0.114467,2.46794,0.246479,1.71389,2.3012,1.40847
triangle,2.25,leo,1,13,10.5285,5,53,137,0.112275,0.115015,2.43481,0.263669,2.27938,3.18284,2.14055
triangle,2.25,leo,1,14,10.8824,6,54,136,0.112823,0.117755,2.48835,0.314865,2.33453,3.42439,2.08968
triangle,2.25,leo,1,15,9.70424,8,60,130,0.115563,0.112823,2.6497,0.343813,2.13464,2.42434,1.92337
triangle,2.25,leo,1,16,9.07701,6,64,126,0.115015,0.110631,2.51272,0.2413,1.86677,2.43849,1.79209
triangle,2.25,leo,1,17,9.41555,5,69,121,0.115015,0.114467,2.42739,0.298843,1.83343,2.92345,1.70295
triangle,2.25,leo,1,18,9.35917,7,68,122,0.114467,0.118303,2.51811,0.238369,1.95925,2.71227,1.6984
triangle,2.25,leo,1,19,11.6154,7,58,132,0.111727,0.115015,2.51773,0.290163,2.72476,3.78255,2.07343
triangle,2.25,lqi-literal,0,0,15.4379,12,26,164,0.183515,0.181871,5.62541,0.419514,2.56049,4.2897,2.17738
triangle,2.25,lqi-literal,0,1,15.6731,6,8,182,0.179679,0.181871,4.55391,0.26364,2.96629,4.79394,2.73375
triangle,2.25,lqi-literal,0,2,15.7524,7,8,182,0.186803,0.183515,4.73249,0.327738,3.17306,4.37017,2.77865
triangle,2.25,lqi-literal,0,3,15.6628,8,14,176,0.181871,0.175843,4.8897,0.298503,3.3292,4.11165,2.67604
triangle,2.25,lqi-literal,0,4,14.7995,6,6,184,0.179679,0.182419,4.56487,0.244708,2.88505,4.01009,2.73269
triangle,2.25,lqi-literal,0,5,14.0523,4,12,178,0.190639,0.187351,4.16222,0.23839,2.53081,4.12689,2.61597
triangle,2.25,lqi-literal,0,6,15.6113,7,8,182,0.176939,0.184611,4.72701,0.306804,2.98493,4.53987,2.69118
triangle,2.25,lqi-literal,0,7,16.6981,7,7,183,0.179131,0.176939,4.72701,0.297478,3.2257,5.3108,2.78105
triangle,2.25,lqi-literal,0,8,16.4311,11,9,181,0.184611,0.174199,5.44134,0.363863,2.94459,4.66694,2.65552
triangle,2.25,lqi-literal,0,9,16.9571,10,8,182,0.179131,0.178583,5.28249,0.304821,3.4672,4.82706,2.71782
triangle,2.25,lqi-literal,0,10,14.977,11,27,163,0.183515,0.181323,5.4797,0.356926,2.6175,3.8938,2.2642
triangle,2.25,lqi-literal,0,11,15.4215,5,5,185,0.185159,0.183515,4.36381,0.290205,3.06055,4.68221,2.65607
triangle,2.25,lqi-literal,0,12,15.7236,7,6,184,0.180775,0.183515,4.75441,0.304962,3.26609,4.40467,2.62913
triangle,2.25,lqi-literal,0,13,15.5584,9,15,175,0.178035,0.183515,5.07267,0.315961,3.12908,4.19728,2.4819
triangle,2.25,lqi-literal,0,14,16.0075,7,6,184,0.180775,0.185159,4.70728,0.279571,3.15344,4.87273,2.62857
triangle,2.25,lqi-literal,0,15,16.0518,6,6,184,0.176939,0.186803,4.56213,0.310951,3.11997,5.12464,2.57033
triangle,2.25,lqi-literal,0,16,15.0313,6,21,169,0.185159,0.178035,4.56267,0.297527,2.84517,4.42572,2.53698
triangle,2.25,lqi-literal,0,17,14.6767,9,19,171,0.181871,0.177487,5.07102,0.33909,2.76564,3.74408,2.39747
triangle,2.25,lqi-literal,0,18,15.3098,3,2,188,0.191187,0.180227,3.98528,0.206413,3.50878,4.52969,2.70823
triangle,2.25,lqi-literal,0,19,15.3282,9,15,175,0.179679,0.182967,5.1039,0.339659,2.70901,4.25221,2.56081
triangle,2.25,lqi-literal,1,0,10.2481,5,57,133,0.113371,0.113919,2.35445,0.308689,2.28635,3.14564,1.9257
triangle,2.25,lqi-literal,1,1,9.92511,5,55,135,0.115015,0.115563,2.37873,0.203605,2.24215,2.95892,1.91111
triangle,2.25,lqi-literal,1,2,10.2257,9,62,128,0.115563,0.115015,2.72739,0.340614,2.10795,2.8622,1.95692
triangle,2.25,lqi-literal,1,3,10.0737,11,63,127,0.117207,0.109535,2.94971,0.390856,1.91497,2.74127,1.85015
triangle,2.25,lqi-literal,1,4,9.2897,10,73,117,0.112823,0.110631,2.85805,0.303089,1.94644,2.3665,1.59216
triangle,2.25,lqi-literal,1,5,11.3422,6,44,146,0.113371,0.110083,2.50437,0.345935,2.46353,3.36879,2.43611
triangle,2.25,lqi-literal,1,6,10.3626,9,56,134,0.113919,0.112275,2.768,0.317725,2.27468,2.89172,1.88432
triangle,2.25,lqi-literal,1,7,9.19547,6,65,125,0.110083,0.116111,2.48051,0.317276,1.98303,2.35507,1.83339
triangle,2.25,lqi-literal,1,8,9.62662,9,68,122,0.113919,0.112275,2.71938,0.351177,1.79842,2.88115,1.6503
triangle,2.25,lqi-literal,1,9,10.1295,9,64,126,0.113371,0.114467,2.75286,0.293642,2.19872,2.8358,1.82064
triangle,2.25,lqi-literal,1,10,10.7908,4,52,138,0.114467,0.115563,2.3034,0.214763,2.30499,3.46256,2.27508
triangle,2.25,lqi-literal,1,11,9.26008,6,63,127,0.113919,0.107891,2.51246,0.314766,1.90859,2.52476,1.77769
triangle,2.25,lqi-literal,1,12,9.92806,8,59,131,0.112823,0.114467,2.67638,0.245115,2.07826,2.90243,1.79858
triangle,2.25,lqi-literal,1,13,10.3796,5,54,136,0.112275,0.115015,2.3838,0.26014,2.20454,3.14211,2.16173
triangle,2.25,lqi-literal,1,14,11.4542,5,47,143,0.112823,0.117755,2.38388,0.295335,2.48155,3.77339,2.28951
triangle,2.25,lqi-literal,1,15,8.31799,4,70,120,0.115563,0.112823,2.29138,0.237422,1.80162,2.15642,1.60277
triangle,2.25,lqi-literal,1,16,9.22996,4,62,128,0.115015,0.110631,2.29796,0.205606,1.94181,2.7066,1.85235
triangle,2.25,lqi-literal,1,17,9.91095,11,67,123,0.115015,0.114467,2.9718,0.428031,1.92837,2.59655,1.75671
triangle,2.25,lqi-literal,1,18,8.78391,7,71,119,0.114467,0.118303,2.56748,0.243114,1.81147,2.30256,1.62652
triangle,2.25,lqi-literal,1,19,9.50617,7,68,122,0.111727,0.115015,2.55235,0.293929,1.99526,2.7118,1.72609
triangle,2.5,hopcount,0,0,14.6183,13,49,141,0.130907,0.126523,4.22739,0.472859,2.81745,4.19114,2.65201
triangle,2.5,hopcount,0,1,15.9102,16,33,157,0.134743,0.130907,4.62833,0.60427,3.49009,3.89953,3.02232
triangle,2.5,hopcount,0,2,17.7775,18,27,163,0.140223,0.134743,4.90111,0.607608,3.79808,5.03138,3.16437
triangle,2.5,hopcount,0,3,15.4711,18,41,149,0.129263,0.135291,4.89125,0.590331,3.48774,3.65722,2.58003
triangle,2.5,hopcount,0,4,15.6301,18,42,148,0.133099,0.134743,4.92248,0.55073,3.32152,3.82336,2.74414
triangle,2.5,hopcount,0,5,17.0681,18,30,160,0.136387,0.135291,4.93344,0.640654,3.79002,4.33263,3.09962
triangle,2.5,hopcount,0,6,16.8359,19,32,158,0.132551,0.129811,5.04407,0.631685,3.39581,4.49274,3.00923
triangle,2.5,hopcount,0,7,18.6309,17,17,173,0.136935,0.135291,4.79377,0.607502,3.86123,5.44684,3.64929
triangle,2.5,hopcount,0,8,15.4646,21,44,146,0.133647,0.135839,5.3037,0.686102,2.9982,3.43531,2.77184
triangle,2.5,hopcount,0,9,17.4244,17,20,170,0.132551,0.133647,4.76691,0.661255,3.76248,4.54639,3.42112
triangle,2.5,hopcount,0,10,17.4959,18,24,166,0.131455,0.138031,4.94769,0.561531,3.89679,4.43064,3.38975
triangle,2.5,hopcount,0,11,14.9376,17,45,145,0.134195,0.130907,4.78171,0.604786,2.8894,3.62996,2.76667
triangle,2.5,hopcount,0,12,16.2733,22,38,152,0.131455,0.135291,5.43131,0.743333,3.02614,3.85261,2.95313
triangle,2.5,hopcount,0,13,16.1083,14,29,161,0.135839,0.133099,4.372,0.5625,3.53886,4.28321,3.08279
triangle,2.5,hopcount,0,14,16.3766,13,33,157,0.136935,0.133647,4.24548,0.534284,3.50998,4.62982,3.18644
triangle,2.5,hopcount,0,15,16.0823,10,25,165,0.134195,0.132551,3.84673,0.43905,3.60343,4.73244,3.19386
triangle,2.5,hopcount,0,16,18.1164,22,25,165,0.132003,0.133647,5.44282,0.627636,3.77255,4.85371,3.15401
triangle,2.5,hopcount,0,17,15.7771,14,37,153,0.132551,0.132551,4.38132,0.59556,3.34832,4.29267,2.89409
triangle,2.5,hopcount,0,18,16.019,17,43,147,0.136935,0.134743,4.80199,0.590521,2.98828,4.50155,2.86498
triangle,2.5,hopcount,0,19,15.9965,18,38,152,0.131455,0.134743,4.91317,0.701311,3.42861,3.87113,2.81608
triangle,2.5,hopcount,1,0,8.99314,8,76,114,0.0941913,0.0941913,1.99618,0.319468,2.11112,2.43551,1.94249
triangle,2.5,hopcount,1,1,9.45103,10,75,115,0.0974793,0.0974793,2.19316,0.354026,2.25583,2.43957,2.01349
triangle,2.5,hopcount,1,2,9.52557,12,82,108,0.0980273,0.0958353,2.3279,0.368939,2.36361,2.54587,1.72538
triangle,2.5,hopcount,1,3,8.39243,8,95,95,0.0925473,0.0947393,2.05993,0.301455,1.80275,2.62814,1.41287
triangle,2.5,hopcount,1,4,10.855,14,69,121,0.0963833,0.0930953,2.43812,0.46471,2.33695,3.11887,2.3069
triangle,2.5,hopcount,1,5,9.76528,7,72,118,0.0958353,0.0914513,1.93728,0.31402,2.35734,2.87764,2.09171
triangle,2.5,hopcount,1,6,9.7985,10,71,119,0.0947393,0.0930953,2.16259,0.317686,2.16503,2.81346,2.1519
triangle,2.5,hopcount,1,7,9.39347,7,71,119,0.0925473,0.0963833,1.93269,0.253974,2.13021,2.72423,2.16343
triangle,2.5,hopcount,1,8,8.89175,8,78,112,0.0958353,0.0952873,2.01258,0.332814,2.03072,2.44719,1.87733
triangle,2.5,hopcount,1,9,9.40184,9,80,110,0.0952873,0.0969313,2.09842,0.348974,1.97302,2.87647,1.91275
triangle,2.5,hopcount,1,10,9.72192,7,72,118,0.0941913,0.0963833,1.94112,0.29944,2.294,2.83011,2.16668
triangle,2.5,hopcount,1,11,8.37654,6,86,104,0.0936433,0.0952873,1.86624,0.269038,2.04012,2.23394,1.77827
triangle,2.5,hopcount,1,12,10.4765,10,71,119,0.0941913,0.0952873,2.1717,0.362119,2.36525,3.23687,2.1511
triangle,2.5,hopcount,1,13,9.16465,6,78,112,0.0930953,0.0903553,1.85819,0.286843,2.08872,2.70361,2.04384
triangle,2.5,hopcount,1,14,10.4919,14,80,110,0.100219,0.0969313,2.45236,0.436985,2.3562,3.02577,2.02345
triangle,2.5,hopcount,1,15,9.62857,8,69,121,0.0930953,0.0941913,2.00604,0.33583,2.40306,2.49036,2.206
triangle,2.5,hopcount,1,16,11.5977,14,67,123,0.0963833,0.0941913,2.48698,0.497271,2.68012,3.36812,2.37463
triangle,2.5,hopcount,1,17,10.379,13,79,111,0.0947393,0.0925473,2.37142,0.495828,2.43496,2.85599,2.03348
triangle,2.5,hopcount,1,18,10.1688,9,68,122,0.0969313,0.0914513,2.11605,0.312489,2.59297,2.80899,2.14993
triangle,2.5,hopcount,1,19,8.87565,8,80,110,0.0963833,0.0947393,2.01452,0.317276,2.15891,2.32763,1.86619
triangle,2.5,lqi,0,0,15.2581,8,12,178,0.130359,0.126523,3.58108,0.411328,3.20912,4.0582,3.74146
triangle,2.5,lqi,0,1,15.3585,11,24,166,0.134743,0.130907,3.96832,0.502468,3.18834,4.06152,3.37217
triangle,2.5,lqi,0,2,16.4446,14,22,168,0.140223,0.135839,4.37967,0.490419,3.29411,4.63059,3.37372
triangle,2.5,lqi,0,3,14.2266,10,25,165,0.129263,0.135291,3.85111,0.473174,3.14685,3.23316,3.25772
triangle,2.5,lqi,0,4,15.7194,11,18,172,0.133099,0.134743,4.00284,0.464151,3.20744,4.24433,3.53276
triangle,2.5,lqi,0,5,15.689,9,16,174,0.138031,0.134743,3.73281,0.40518,3.45773,4.29333,3.52718
triangle,2.5,lqi,0,6,16.6198,13,15,175,0.133099,0.130359,4.25972,0.52385,3.13135,4.81834,3.62308
triangle,2.5,lqi,0,7,17.258,11,10,180,0.136935,0.135291,3.9727,0.449804,3.72576,4.97768,3.85983
triangle,2.5,lqi,0,8,17.5104,12,14,176,0.133099,0.135839,4.10799,0.4583,3.42126,5.39309,3.86082
triangle,2.5,lqi,0,9,16.1373,18,23,167,0.132551,0.133647,4.87152,0.599157,3.09542,3.82547,3.47953
triangle,2.5,lqi,0,10,15.6142,13,29,161,0.132003,0.138031,4.27562,0.456857,3.33671,4.01688,3.25808
triangle,2.5,lqi,0,11,14.8613,8,23,167,0.134195,0.130907,3.5893,0.402272,3.06921,4.12142,3.41398
triangle,2.5,lqi,0,12,15.5405,15,27,163,0.131455,0.135291,4.52044,0.543276,2.97938,4.02373,3.2069
triangle,2.5,lqi,0,13,15.7743,10,18,172,0.135839,0.133099,3.86646,0.443498,3.38499,4.20157,3.60889
triangle,2.5,lqi,0,14,15.2197,12,31,159,0.136935,0.133647,4.11073,0.492201,3.12193,4.02507,3.19919
triangle,2.5,lqi,0,15,16.1444,7,15,175,0.134195,0.132551,3.44688,0.373885,3.53476,4.77177,3.75033
triangle,2.5,lqi,0,16,15.8094,4,4,186,0.130907,0.134195,3.06348,0.310898,3.55025,4.59604,4.0236
triangle,2.5,lqi,0,17,15.3335,9,23,167,0.133647,0.132003,3.7202,0.463791,3.13796,4.2995,3.44639
triangle,2.5,lqi,0,18,14.2951,11,39,151,0.136935,0.134743,3.99901,0.480563,2.87852,3.64583,3.01956
triangle,2.5,lqi,0,19,16.3385,14,14,176,0.130907,0.135839,4.39666,0.545762,3.34453,3.85383,3.93098
triangle,2.5,lqi,1,0,7.59692,1,79,111,0.0941913,0.0941913,1.51027,0.139737,1.78301,2.11199,1.86353
triangle,2.5,lqi,1,1,8.49706,3,73,117,0.0974793,0.0974793,1.66517,0.187554,1.84378,2.45624,2.14935
triangle,2.5,lqi,1,2,9.38282,5,65,125,0.0980273,0.0958353,1.79954,0.213168,2.20539,2.62436,2.34649
triangle,2.5,lqi,1,3,8.13683,5,83,107,0.0925473,0.0947393,1.82829,0.213684,1.7668,2.20417,1.93659
triangle,2.5,lqi,1,4,8.74908,3,66,124,0.0963833,0.0930953,1.64076,0.197725,2.01621,2.35793,2.34698
triangle,2.5,lqi,1,5,9.03088,5,73,117,0.0958353,0.0914513,1.78149,0.328165,2.09706,2.47305,2.16383
triangle,2.5,lqi,1,6,8.99696,3,66,124,0.0947393,0.0930953,1.67685,0.179076,2.20981,2.33836,2.40503
triangle,2.5,lqi,1,7,8.84934,3,69,121,0.0925473,0.0963833,1.65028,0.232132,2.11711,2.325,2.33588
triangle,2.5,lqi,1,8,8.8718,6,74,116,0.0958353,0.0952873,1.89191,0.263862,1.91151,2.52281,2.09058
triangle,2.5,lqi,1,9,8.18861,7,82,108,0.0952873,0.0969313,1.97354,0.317477,1.75378,2.16085,1.79074
triangle,2.5,lqi,1,10,9.27721,3,65,125,0.0941913,0.0963833,1.67524,0.190747,2.10809,2.76568,2.34688
triangle,2.5,lqi,1,11,10.2746,5,64,126,0.0936433,0.0952873,1.77365,0.2574,2.26736,3.19665,2.59056
triangle,2.5,lqi,1,12,8.40366,7,77,113,0.0941913,0.0952873,1.95229,0.285641,1.86831,2.14057,1.96737
triangle,2.5,lqi,1,13,9.63754,4,68,122,0.0930953,0.0903553,1.72715,0.202827,2.13294,3.05769,2.33348
triangle,2.5,lqi,1,14,9.58347,11,75,115,0.100219,0.0969313,2.22655,0.411919,2.22046,2.41973,2.10767
triangle,2.5,lqi,1,15,9.02907,6,72,118,0.0930953,0.0941913,1.85565,0.245446,1.93248,2.64607,2.16214
triangle,2.5,lqi,1,16,9.89913,4,64,126,0.0963833,0.0941913,1.72475,0.213748,2.34783,2.87509,2.54715
triangle,2.5,lqi,1,17,9.12645,5,69,121,0.0947393,0.0930953,1.79149,0.272075,1.9556,2.60402,2.31543
triangle,2.5,lqi,1,18,8.61637,4,73,117,0.0969313,0.0914513,1.76067,0.23169,1.89764,2.49729,2.04071
triangle,2.5,lqi,1,19,8.90214,7,75,115,0.0963833,0.0947393,1.92725,0.267257,1.82989,2.66414,2.02249
triangle,2.5,leo,0,0,15.2127,15,37,153,0.130907,0.126523,4.50565,0.557462,2.98057,3.97086,2.94074
triangle,2.5,leo,0,1,14.7071,17,44,146,0.134743,0.130907,4.76637,0.655491,2.91873,3.39665,2.70417
triangle,2.5,leo,0,2,15.5886,15,43,147,0.140223,0.134743,4.50948,0.607198,3.11753,4.14105,2.93835
triangle,2.5,leo,0,3,15.9368,17,30,160,0.129263,0.135291,4.7565,0.614525,3.33494,3.84066,3.1256
triangle,2.5,leo,0,4,14.9627,19,48,142,0.133099,0.134743,5.04462,0.659318,2.90523,3.41893,2.66677
triangle,2.5,leo,0,5,17.6453,18,22,168,0.136387,0.135291,4.92851,0.650525,3.98407,4.40456,3.40591
triangle,2.5,leo,0,6,16.8666,16,27,163,0.132551,0.129811,4.63984,0.608843,3.70515,4.23879,3.41162
triangle,2.5,leo,0,7,13.9688,18,61,129,0.136935,0.135291,4.92248,0.668202,2.73727,2.88657,2.48208
triangle,2.5,leo,0,8,17.0313,19,28,162,0.133647,0.135839,5.0353,0.660696,3.44039,4.31472,3.31071
triangle,2.5,leo,0,9,16.0555,14,24,166,0.132551,0.133647,4.35337,0.520958,3.50696,4.07069,3.33737
triangle,2.5,leo,0,10,16.3866,13,25,165,0.131455,0.138031,4.27397,0.50912,3.82631,4.14793,3.35975
triangle,2.5,leo,0,11,17.0177,21,36,154,0.134195,0.130907,5.3163,0.725327,3.50248,4.12861,3.07989
triangle,2.5,leo,0,12,15.1394,17,40,150,0.131455,0.135291,4.79377,0.65587,3.02888,3.53829,2.85582
triangle,2.5,leo,0,13,16.8959,18,30,160,0.135839,0.133099,4.91426,0.606247,3.5877,4.31745,3.20132
triangle,2.5,leo,0,14,16.561,14,31,159,0.136935,0.133647,4.36378,0.587559,3.57556,4.53529,3.22827
triangle,2.5,leo,0,15,15.4234,14,35,155,0.134195,0.132551,4.38625,0.595433,3.28553,3.99088,2.89857
triangle,2.5,leo,0,16,15.5379,13,35,155,0.132003,0.133647,4.25096,0.490904,3.34345,4.04774,3.13916
triangle,2.5,leo,0,17,15.2444,15,37,153,0.132551,0.132551,4.50729,0.615241,3.21336,3.7448,2.89859
triangle,2.5,leo,0,18,16.0522,16,32,158,0.136935,0.134743,4.66341,0.616199,3.51527,3.81817,3.16747
triangle,2.5,leo,0,19,16.0671,13,30,160,0.131455,0.134743,4.26411,0.573201,3.68091,4.22447,3.05816
triangle,2.5,leo,1,0,9.00337,8,75,115,0.0941913,0.0941913,1.99947,0.32341,2.1731,2.32054,1.99847
triangle,2.5,leo,1,1,9.11516,10,79,111,0.0974793,0.0974793,2.16693,0.339414,2.20695,2.35905,1.84787
triangle,2.5,leo,1,2,9.74095,8,75,115,0.0980273,0.0958353,2.03045,0.256852,2.4734,2.85077,1.93562
triangle,2.5,leo,1,3,9.23359,9,85,105,0.0925473,0.0947393,2.09876,0.286906,2.14902,2.7776,1.73402
triangle,2.5,leo,1,4,9.03215,11,79,111,0.0963833,0.0930953,2.22672,0.371378,1.87431,2.47128,1.89899
triangle,2.5,leo,1,5,9.12436,6,74,116,0.0958353,0.0914513,1.87349,0.271432,2.28961,2.53604,1.9665
triangle,2.5,leo,1,6,10.4863,6,64,126,0.0947393,0.0930953,1.89499,0.292934,2.60555,2.98351,2.52152
triangle,2.5,leo,1,7,9.45019,8,77,113,0.0925473,0.0963833,2.01621,0.291492,2.20483,2.75355,1.99519
triangle,2.5,leo,1,8,9.02646,8,75,115,0.0958353,0.0952873,2.02734,0.332266,2.18796,2.35895,1.92883
triangle,2.5,leo,1,9,8.61384,6,74,116,0.0952873,0.0969313,1.89668,0.281868,1.97716,2.29242,1.9735
triangle,2.5,leo,1,10,8.43119,7,86,104,0.0941913,0.0963833,1.9479,0.300938,1.74595,2.52792,1.7179
triangle,2.5,leo,1,11,8.37654,6,86,104,0.0936433,0.0952873,1.86624,0.269038,2.04012,2.23394,1.77827
triangle,2.5,leo,1,12,8.80735,8,72,118,0.0941913,0.0952873,2.01848,0.271778,2.02752,2.23706,2.06304
triangle,2.5,leo,1,13,9.22976,11,80,110,0.0930953,0.0903553,2.25041,0.386259,2.18172,2.2461,1.98181
triangle,2.5,leo,1,14,11.0145,11,70,120,0.100219,0.0969313,2.23275,0.40826,2.7868,3.01533,2.37417
triangle,2.5,leo,1,15,9.62857,8,69,121,0.0930953,0.0941913,2.00604,0.33583,2.40306,2.49036,2.206
triangle,2.5,leo,1,16,9.76025,9,73,117,0.0963833,0.0941913,2.0964,0.341373,2.25395,2.72437,2.15358
triangle,2.5,leo,1,17,9.06725,10,87,103,0.0947393,0.0925473,2.15542,0.392092,2.22512,2.26261,1.84472
triangle,2.5,leo,1,18,8.91883,12,86,104,0.0969313,0.0914513,2.34974,0.386323,1.88559,2.38583,1.72296
triangle,2.5,leo,1,19,9.46504,9,77,113,0.0963833,0.0947393,2.08143,0.344767,2.08353,2.7344,2.02979
triangle,2.5,lqi-literal,0,0,14.6183,13,49,141,0.130907,0.126523,4.22739,0.472859,2.81745,4.19114,2.65201
triangle,2.5,lqi-literal,0,1,15.9102,16,33,157,0.134743,0.130907,4.62833,0.60427,3.49009,3.89953,3.02232
triangle,2.5,lqi-literal,0,2,17.7775,18,27,163,0.140223,0.134743,4.90111,0.607608,3.79808,5.03138,3.16437
triangle,2.5,lqi-literal,0,3,15.4711,18,41,149,0.129263,0.135291,4.89125,0.590331,3.48774,3.65722,2.58003
triangle,2.5,lqi-literal,0,4,15.6301,18,42,148,0.133099,0.134743,4.92248,0.55073,3.32152,3.82336,2.74414
triangle,2.5,lqi-literal,0,5,17.0681,18,30,160,0.136387,0.135291,4.93344,0.640654,3.79002,4.33263,3.09962
triangle,2.5,lqi-literal,0,6,16.8359,19,32,158,0.132551,0.129811,5.04407,0.631685,3.39581,4.49274,3.00923
triangle,2.5,lqi-literal,0,7,18.6309,17,17,173,0.136935,0.135291,4.79377,0.607502,3.86123,5.44684,3.64929
triangle,2.5,lqi-literal,0,8,15.4646,21,44,146,0.133647,0.135839,5.3037,0.686102,2.9982,3.43531,2.77184
triangle,2.5,lqi-literal,0,9,17.4244,17,20,170,0.132551,0.133647,4.76691,0.661255,3.76248,4.54639,3.42112
triangle,2.5,lqi-literal,0,10,17.4959,18,24,166,0.131455,0.138031,4.94769,0.561531,3.89679,4.43064,3.38975
triangle,2.5,lqi-literal,0,11,14.9376,17,45,145,0.134195,0.130907,4.78171,0.604786,2.8894,3.62996,2.76667
triangle,2.5,lqi-literal,0,12,16.2733,22,38,152,0.131455,0.135291,5.43131,0.743333,3.02614,3.85261,2.95313
triangle,2.5,lqi-literal,0,13,16.1083,14,29,161,0.135839,0.133099,4.372,0.5625,3.53886,4.28321,3.08279
triangle,2.5,lqi-literal,0,14,16.3766,13,33,157,0.136935,0.133647,4.24548,0.534284,3.50998,4.62982,3.18644
triangle,2.5,lqi-literal,0,15,16.0823,10,25,165,0.134195,0.132551,3.84673,0.43905,3.60343,4.73244,3.19386
triangle,2.5,lqi-literal,0,16,18.1164,22,25,165,0.132003,0.133647,5.44282,0.627636,3.77255,4.85371,3.15401
triangle,2.5,lqi-literal,0,17,15.7771,14,37,153,0.132551,0.132551,4.38132,0.59556,3.34832,4.29267,2.89409
triangle,2.5,lqi-literal,0,18,16.019,17,43,147,0.136935,0.134743,4.80199,0.590521,2.98828,4.50155,2.86498
triangle,2.5,lqi-literal,0,19,15.9965,18,38,152,0.131455,0.134743,4.91317,0.701311,3.42861,3.87113,2.81608
triangle,2.5,lqi-literal,1,0,8.99314,8,76,114,0.0941913,0.0941913,1.99618,0.319468,2.11112,2.43551,1.94249
triangle,2.5,lqi-literal,1,1,9.45103,10,75,115,0.0974793,0.0974793,2.19316,0.354026,2.25583,2.43957,2.01349
triangle,2.5,lqi-literal,1,2,9.52557,12,82,108,0.0980273,0.0958353,2.3279,0.368939,2.36361,2.54587,1.72538
triangle,2.5,lqi-literal,1,3,8.39243,8,95,95,0.0925473,0.0947393,2.05993,0.301455,1.80275,2.62814,1.41287
triangle,2.5,lqi-literal,1,4,10.855,14,69,121,0.0963833,0.0930953,2.43812,0.46471,2.33695,3.11887,2.3069
triangle,2.5,lqi-literal,1,5,9.76528,7,72,118,0.0958353,0.0914513,1.93728,0.31402,2.35734,2.87764,2.09171
triangle,2.5,lqi-literal,1,6,9.7985,10,71,119,0.0947393,0.0930953,2.16259,0.317686,2.16503,2.81346,2.1519
triangle,2.5,lqi-literal,1,7,9.39347,7,71,119,0.0925473,0.0963833,1.93269,0.253974,2.13021,2.72423,2.16343
triangle,2.5,lqi-literal,1,8,8.89175,8,78,112,0.0958353,0.0952873,2.01258,0.332814,2.03072,2.44719,1.87733
triangle,2.5,lqi-literal,1,9,9.40184,9,80,110,0.0952873,0.0969313,2.09842,0.348974,1.97302,2.87647,1.91275
triangle,2.5,lqi-literal,1,10,9.72192,7,72,118,0.0941913,0.0963833,1.94112,0.29944,2.294,2.83011,2.16668
triangle,2.5,lqi-literal,1,11,8.37654,6,86,104,0.0936433,0.0952873,1.86624,0.269038,2.04012,2.23394,1.77827
triangle,2.5,lqi-literal,1,12,10.4765,10,71,119,0.0941913,0.0952873,2.1717,0.362119,2.36525,3.23687,2.1511
triangle,2.5,lqi-literal,1,13,9.16465,6,78,112,0.0930953,0.0903553,1.85819,0.286843,2.08872,2.70361,2.04384
triangle,2.5,lqi-literal,1,14,10.4919,14,80,110,0.100219,0.0969313,2.45236,0.436985,2.3562,3.02577,2.02345
triangle,2.5,lqi-literal,1,15,9.62857,8,69,121,0.0930953,0.0941913,2.00604,0.33583,2.40306,2.49036,2.206
triangle,2.5,lqi-literal,1,16,11.5977,14,67,123,0.0963833,0.0941913,2.48698,0.497271,2.68012,3.36812,2.37463
triangle,2.5,lqi-literal,1,17,10.379,13,79,111,0.0947393,0.0925473,2.37142,0.495828,2.43496,2.85599,2.03348
triangle,2.5,lqi-literal,1,18,10.1688,9,68,122,0.0969313,0.0914513,2.11605,0.312489,2.59297,2.80899,2.14993
triangle,2.5,lqi-literal,1,19,8.87565,8,80,110,0.0963833,0.0947393,2.01452,0.317276,2.15891,2.32763,1.86619
triangle,2.625,hopcount,0,0,18.7951,14,19,171,0.112823,0.116659,3.824,0.703058,4.59666,4.85086,4.59105
triangle,2.625,hopcount,0,1,16.7352,8,30,160,0.118851,0.117207,3.16788,0.545711,3.88501,4.8351,4.06546
triangle,2.625,hopcount,0,2,15.8725,14,44,146,0.120495,0.122139,3.89305,0.643869,3.59286,3.77683,3.72329
triangle,2.625,hopcount,0,3,15.9121,16,54,136,0.113919,0.118851,4.09294,0.711238,3.51497,3.98034,3.37989
triangle,2.625,hopcount,0,4,17.6855,12,24,166,0.115563,0.116111,3.63781,0.6741,4.06561,4.87258,4.2037
triangle,2.625,hopcount,0,5,16.7785,8,30,160,0.117755,0.116659,3.17008,0.490458,3.93566,4.89748,4.05043
triangle,2.625,hopcount,0,6,16.4744,9,29,161,0.116111,0.118851,3.25166,0.541018,3.8504,4.41766,4.17874
triangle,2.625,hopcount,0,7,17.4644,9,22,168,0.122687,0.119399,3.25824,0.501157,4.20508,4.78298,4.47487
triangle,2.625,hopcount,0,8,16.7971,16,37,153,0.119947,0.116659,4.09294,0.681341,3.52876,4.24593,4.01155
triangle,2.625,hopcount,0,9,18.9505,15,23,167,0.118851,0.119947,3.99546,0.733907,4.29405,5.3771,4.31116
triangle,2.625,hopcount,0,10,17.337,11,20,170,0.115563,0.120495,3.5217,0.561603,4.02704,4.89294,4.09767
triangle,2.625,hopcount,0,11,17.3005,21,43,147,0.116659,0.117755,4.70692,0.85207,3.76862,4.03781,3.70069
triangle,2.625,hopcount,0,12,16.5379,17,42,148,0.114467,0.121591,4.22001,0.78087,3.57717,4.13269,3.5911
triangle,2.625,hopcount,0,13,17.3561,14,38,152,0.117207,0.118303,3.84811,0.598001,3.94956,4.64588,4.07899
triangle,2.625,hopcount,0,14,16.9174,13,26,164,0.120495,0.117755,3.72816,0.652506,3.89657,4.3023,4.09959
triangle,2.625,hopcount,0,15,15.3164,12,45,145,0.118303,0.117755,3.65699,0.611506,3.33152,4.05918,3.42113
triangle,2.625,hopcount,0,16,16.202,13,39,151,0.115563,0.119399,3.72214,0.664893,3.69101,4.10079,3.78819
triangle,2.625,hopcount,0,17,16.9534,12,35,155,0.117207,0.116659,3.64055,0.550412,3.83392,4.73229,3.96232
triangle,2.625,hopcount,0,18,15.9891,13,42,148,0.116111,0.117755,3.76652,0.623432,3.62194,4.03605,3.70725
triangle,2.625,hopcount,0,19,17.4023,16,30,160,0.115015,0.117755,4.10719,0.684151,3.96402,4.42356,3.99064
triangle,2.625,hopcount,1,0,10.3146,4,74,116,0.0892593,0.0865193,1.5791,0.243426,2.69624,3.12044,2.49964
triangle,2.625,hopcount,1,1,10.2118,2,71,119,0.0881633,0.0909033,1.44785,0.22803,2.50154,3.08987,2.76544
triangle,2.625,hopcount,1,2,9.41932,10,82,108,0.0887113,0.0919993,1.93697,0.381171,2.40634,2.40182,2.1123
triangle,2.625,hopcount,1,3,10.2272,4,74,116,0.0865193,0.0881633,1.55907,0.315197,2.67138,2.81554,2.69129
triangle,2.625,hopcount,1,4,8.29466,5,89,101,0.0887113,0.0876153,1.63281,0.338374,1.89773,2.17771,2.07171
triangle,2.625,hopcount,1,5,9.84343,4,74,116,0.0881633,0.0892593,1.55797,0.262606,2.56618,2.69934,2.57991
triangle,2.625,hopcount,1,6,10.6311,7,76,114,0.0919993,0.0876153,1.80159,0.289828,2.60629,3.12601,2.62777
triangle,2.625,hopcount,1,7,10.0431,0,70,120,0.0859713,0.0887113,1.32651,0.170716,2.7221,2.93734,2.71171
triangle,2.625,hopcount,1,8,8.85773,10,96,94,0.0914513,0.0892593,1.94738,0.363435,1.94291,2.49031,1.93298
triangle,2.625,hopcount,1,9,10.3629,2,70,120,0.0887113,0.0909033,1.44337,0.191362,2.77546,2.87539,2.89774
triangle,2.625,hopcount,1,10,10.0065,6,82,108,0.0876153,0.0898073,1.68551,0.333011,2.35839,2.88058,2.57159
triangle,2.625,hopcount,1,11,10.2099,3,77,113,0.0903553,0.0865193,1.45771,0.257805,2.55879,3.11004,2.64865
triangle,2.625,hopcount,1,12,9.74612,2,72,118,0.0876153,0.0876153,1.44878,0.20263,2.54789,2.67685,2.69475
triangle,2.625,hopcount,1,13,9.86946,3,73,117,0.0887113,0.0898073,1.45535,0.22766,2.60249,2.7317,2.67374
triangle,2.625,hopcount,1,14,10.0009,3,74,116,0.0898073,0.0925473,1.49418,0.232884,2.72888,2.76651,2.5961
triangle,2.625,hopcount,1,15,10.5993,6,76,114,0.0887113,0.0865193,1.69736,0.315445,2.54071,3.16357,2.70702
triangle,2.625,hopcount,1,16,10.8974,7,74,116,0.0876153,0.0876153,1.75563,0.37583,2.69167,3.19432,2.70466
triangle,2.625,hopcount,1,17,9.68802,3,81,109,0.0909033,0.0881633,1.48487,0.224594,2.53736,2.87894,2.38318
triangle,2.625,hopcount,1,18,10.597,9,79,111,0.0909033,0.0848753,1.93823,0.365805,2.29052,3.29841,2.52822
triangle,2.625,hopcount,1,19,10.3681,6,72,118,0.0898073,0.0881633,1.67442,0.329306,2.62175,2.8884,2.67628
triangle,2.625,lqi,0,0,17.6802,7,14,176,0.112275,0.116659,3.01561,0.450283,4.02418,4.8989,5.06234
triangle,2.625,lqi,0,1,17.5036,16,27,163,0.117755,0.116111,4.06663,0.763388,3.79846,4.33492,4.30633
triangle,2.625,lqi,0,2,18.0379,12,19,171,0.122139,0.121043,3.64165,0.572674,3.91896,4.98077,4.68065
triangle,2.625,lqi,0,3,15.9216,11,36,154,0.114467,0.118303,3.50142,0.578346,3.39182,4.11776,4.09944
triangle,2.625,lqi,0,4,17.4198,9,17,173,0.115563,0.116111,3.27632,0.556482,4.01252,4.69831,4.64447
triangle,2.625,lqi,0,5,17.5852,16,30,160,0.116111,0.115563,4.08307,0.7462,3.71633,4.35636,4.45155
triangle,2.625,lqi,0,6,18.4503,13,22,168,0.115563,0.119947,3.72652,0.687959,4.02177,5.023,4.75551
triangle,2.625,lqi,0,7,17.6854,12,20,170,0.122687,0.119399,3.60274,0.588453,4.03554,4.42783,4.78879
triangle,2.625,lqi,0,8,16.6243,13,32,158,0.119947,0.116659,3.75721,0.656985,3.74228,3.85402,4.37716
triangle,2.625,lqi,0,9,18.471,9,17,173,0.118851,0.118851,3.28345,0.552477,4.07766,5.35207,4.96761
triangle,2.625,lqi,0,10,16.759,11,30,160,0.115563,0.120495,3.52773,0.597874,3.63329,4.48357,4.28045
triangle,2.625,lqi,0,11,17.4099,12,24,166,0.116659,0.117755,3.64548,0.646982,3.84224,4.63441,4.40638
triangle,2.625,lqi,0,12,17.0656,10,26,164,0.115563,0.122139,3.38476,0.565859,3.81043,4.54906,4.51776
triangle,2.625,lqi,0,13,16.0418,11,37,153,0.115015,0.117755,3.49485,0.57732,3.69995,3.97035,4.06657
triangle,2.625,lqi,0,14,16.7147,11,31,159,0.120495,0.116659,3.51293,0.56014,3.51323,4.56674,4.32446
triangle,2.625,lqi,0,15,18.2111,6,6,184,0.117207,0.117755,2.94224,0.477374,4.24509,4.99773,5.31369
triangle,2.625,lqi,0,16,16.3016,14,36,154,0.115563,0.119947,3.84356,0.661956,3.52951,4.02833,4.00272
triangle,2.625,lqi,0,17,18.3919,12,19,171,0.116111,0.117755,3.64329,0.631911,4.03164,5.0412,4.81
triangle,2.625,lqi,0,18,15.854,19,47,143,0.116111,0.117755,4.43237,0.759721,3.18672,3.66383,3.57743
triangle,2.625,lqi,0,19,15.5818,8,32,158,0.115015,0.117755,3.17884,0.561954,3.54314,3.8855,4.17963
triangle,2.625,lqi,1,0,9.0011,2,80,110,0.0892593,0.0865193,1.41964,0.207348,2.03698,2.4975,2.66384
triangle,2.625,lqi,1,1,10.0905,5,75,115,0.0881633,0.0909033,1.63412,0.307759,2.41125,2.74904,2.80924
triangle,2.625,lqi,1,2,9.92133,8,82,108,0.0892593,0.0919993,1.82781,0.373532,2.12235,2.83198,2.5844
triangle,2.625,lqi,1,3,9.84072,2,72,118,0.0865193,0.0881633,1.42858,0.208475,2.35019,2.75451,2.92428
triangle,2.625,lqi,1,4,9.77076,5,75,115,0.0887113,0.0876153,1.64268,0.288279,2.33533,2.6096,2.71855
triangle,2.625,lqi,1,5,9.84364,4,74,116,0.0881633,0.0892593,1.56982,0.278924,2.35485,2.73073,2.73189
triangle,2.625,lqi,1,6,10.3476,4,73,117,0.0914513,0.0881633,1.6057,0.26318,2.33689,3.10071,2.86154
triangle,2.625,lqi,1,7,9.90068,2,72,118,0.0859713,0.0887113,1.45299,0.206761,2.3628,2.81953,2.88392
triangle,2.625,lqi,1,8,10.37,2,72,118,0.0914513,0.0892593,1.43895,0.220414,2.41325,3.30433,2.81238
triangle,2.625,lqi,1,9,9.75806,5,76,114,0.0892593,0.0909033,1.64929,0.34087,2.25544,2.6638,2.66848
triangle,2.625,lqi,1,10,10.0995,5,73,117,0.0876153,0.0898073,1.61025,0.286713,2.36565,2.83156,2.82786
triangle,2.625,lqi,1,11,10.3219,2,70,120,0.0909033,0.0865193,1.38831,0.250145,2.40308,3.00991,3.09304
triangle,2.625,lqi,1,12,10.1231,4,72,118,0.0876153,0.0876153,1.58492,0.246017,2.42468,2.67783,3.01438
triangle,2.625,lqi,1,13,10.4616,1,68,122,0.0887113,0.0898073,1.34455,0.216138,2.47107,3.15097,3.10031
triangle,2.625,lqi,1,14,9.63003,3,73,117,0.0898073,0.0930953,1.48946,0.236684,2.24712,2.78854,2.68533
triangle,2.625,lqi,1,15,10.6344,4,72,118,0.0887113,0.0870673,1.57872,0.271839,2.4316,3.04915,3.12732
triangle,2.625,lqi,1,16,10.206,6,74,116,0.0881633,0.0881633,1.6689,0.310121,2.38239,2.9154,2.75289
triangle,2.625,lqi,1,17,10.2328,0,70,120,0.0909033,0.0881633,1.31668,0.180388,2.39457,3.13485,3.02723
triangle,2.625,lqi,1,18,10.0268,4,72,118,0.0909033,0.0848753,1.59238,0.259174,2.36546,2.75596,2.87808
triangle,2.625,lqi,1,19,9.6974,6,79,111,0.0903553,0.0881633,1.68771,0.307359,2.24016,2.58689,2.69677
triangle,2.625,leo,0,0,17.5777,11,25,165,0.112823,0.116659,3.47731,0.545063,4.31927,4.52666,4.4799
triangle,2.625,leo,0,1,17.6867,9,23,167,0.118851,0.117207,3.27523,0.573403,4.21445,5.08608,4.30147
triangle,2.625,leo,0,2,16.7332,17,42,148,0.120495,0.122139,4.22987,0.723851,3.6743,4.08442,3.77813
triangle,2.625,leo,0,3,15.5094,16,59,131,0.113919,0.118851,4.08088,0.743701,3.35417,3.87567,3.22218
triangle,2.625,leo,0,4,16.7308,14,35,155,0.115563,0.116111,3.87332,0.650745,3.86792,4.18933,3.91784
triangle,2.625,leo,0,5,18.1126,10,17,173,0.117755,0.116659,3.3875,0.566682,4.17756,5.27031,4.47617
triangle,2.625,leo,0,6,17.3489,8,21,169,0.116111,0.118851,3.1372,0.525891,4.06706,4.73408,4.64974
triangle,2.625,leo,0,7,17.4682,9,22,168,0.122687,0.119399,3.25824,0.517179,4.15794,4.81148,4.48124
triangle,2.625,leo,0,8,17.5582,16,35,155,0.119947,0.116659,4.07321,0.74655,3.77532,4.53128,4.19524
triangle,2.625,leo,0,9,17.7516,13,29,161,0.118851,0.119947,3.75556,0.658378,3.97859,5.09313,4.0271
triangle,2.625,leo,0,10,16.9358,13,26,164,0.115563,0.120495,3.76543,0.630016,3.84856,4.49604,3.95968
triangle,2.625,leo,0,11,16.47,16,41,149,0.116659,0.117755,4.11212,0.742783,3.56224,4.16529,3.65318
triangle,2.625,leo,0,12,16.4542,11,34,156,0.114467,0.121591,3.52389,0.617256,3.83507,4.35853,3.88335
triangle,2.625,leo,0,13,15.6099,15,55,135,0.117207,0.118303,3.9582,0.595192,3.46274,3.86332,3.49491
triangle,2.625,leo,0,14,16.3545,13,41,149,0.120495,0.117755,3.74789,0.667207,3.52093,4.47419,3.70606
triangle,2.625,leo,0,15,16.5478,16,43,147,0.118303,0.117755,4.1165,0.730897,3.70736,4.13978,3.61718
triangle,2.625,leo,0,16,16.2502,13,35,155,0.115563,0.119399,3.74296,0.624519,3.56657,4.0949,3.98632
triangle,2.625,leo,0,17,15.2575,14,55,135,0.117207,0.116659,3.86894,0.668103,3.33204,3.83274,3.32186
triangle,2.625,leo,0,18,17.9584,18,27,163,0.116111,0.117755,4.34982,0.821213,4.08702,4.29339,4.17309
triangle,2.625,leo,0,19,14.0192,15,68,122,0.115015,0.117755,3.97573,0.705019,2.9673,3.21254,2.9258
triangle,2.625,leo,1,0,10.3146,4,74,116,0.0892593,0.0865193,1.5791,0.243426,2.69624,3.12044,2.49964
triangle,2.625,leo,1,1,10.214,2,71,119,0.0881633,0.0909033,1.44785,0.222211,2.50154,3.08987,2.77345
triangle,2.625,leo,1,2,9.98558,13,88,102,0.0887113,0.0919993,2.13365,0.476728,2.45278,2.49289,2.24882
triangle,2.625,leo,1,3,9.68594,5,79,111,0.0865193,0.0881633,1.63559,0.311739,2.46022,2.6392,2.4645
triangle,2.625,leo,1,4,8.34022,5,91,99,0.0887113,0.0876153,1.6372,0.313823,1.9615,2.135,2.11636
triangle,2.625,leo,1,5,9.84343,4,74,116,0.0881633,0.0892593,1.55797,0.262606,2.56618,2.69934,2.57991
triangle,2.625,leo,1,6,10.6295,7,76,114,0.0919993,0.0876153,1.80159,0.293734,2.6052,3.12521,2.62411
triangle,2.625,leo,1,7,10.0431,0,70,120,0.0859713,0.0887113,1.32651,0.170716,2.7221,2.93734,2.71171
triangle,2.625,leo,1,8,8.68497,8,93,97,0.0914513,0.0892593,1.83203,0.291294,1.98861,2.42669,1.96563
triangle,2.625,leo,1,9,10.3629,2,70,120,0.0887113,0.0909033,1.44337,0.191362,2.77546,2.87539,2.89774
triangle,2.625,leo,1,10,10.0065,6,82,108,0.0876153,0.0898073,1.68551,0.333011,2.35839,2.88058,2.57159
triangle,2.625,leo,1,11,10.0047,4,77,113,0.0903553,0.0865193,1.52842,0.255891,2.50853,3.01766,2.51737
triangle,2.625,leo,1,12,9.74612,2,72,118,0.0876153,0.0876153,1.44878,0.20263,2.54789,2.67685,2.69475
triangle,2.625,leo,1,13,9.86946,3,73,117,0.0887113,0.0898073,1.45535,0.22766,2.60249,2.7317,2.67374
triangle,2.625,leo,1,14,10.0009,3,74,116,0.0898073,0.0925473,1.49418,0.232884,2.72888,2.76651,2.5961
triangle,2.625,leo,1,15,8.41715,4,96,94,0.0887113,0.0865193,1.5729,0.298101,1.95557,2.48091,1.93444
triangle,2.625,leo,1,16,9.46707,6,90,100,0.0876153,0.0876153,1.6875,0.383563,2.25774,2.53321,2.42983
triangle,2.625,leo,1,17,9.68802,3,81,109,0.0909033,0.0881633,1.48487,0.224594,2.53736,2.87894,2.38318
triangle,2.625,leo,1,18,9.11053,5,90,100,0.0909033,0.0848753,1.65634,0.29219,2.05852,2.67656,2.25114
triangle,2.625,leo,1,19,9.38518,5,81,109,0.0898073,0.0881633,1.6046,0.282982,2.32814,2.60447,2.38701
triangle,2.625,lqi-literal,0,0,18.7951,14,19,171,0.112823,0.116659,3.824,0.703058,4.59666,4.85086,4.59105
triangle,2.625,lqi-literal,0,1,16.7352,8,30,160,0.118851,0.117207,3.16788,0.545711,3.88501,4.8351,4.06546
triangle,2.625,lqi-literal,0,2,15.8725,14,44,146,0.120495,0.122139,3.89305,0.643869,3.59286,3.77683,3.72329
triangle,2.625,lqi-literal,0,3,15.9121,16,54,136,0.113919,0.118851,4.09294,0.711238,3.51497,3.98034,3.37989
triangle,2.625,lqi-literal,0,4,17.6855,12,24,166,0.115563,0.116111,3.63781,0.6741,4.06561,4.87258,4.2037
triangle,2.625,lqi-literal,0,5,16.7785,8,30,160,0.117755,0.116659,3.17008,0.490458,3.93566,4.89748,4.05043
triangle,2.625,lqi-literal,0,6,16.4744,9,29,161,0.116111,0.118851,3.25166,0.541018,3.8504,4.41766,4.17874
triangle,2.625,lqi-literal,0,7,17.4644,9,22,168,0.122687,0.119399,3.25824,0.501157,4.20508,4.78298,4.47487
triangle,2.625,lqi-literal,0,8,16.7971,16,37,153,0.119947,0.116659,4.09294,0.681341,3.52876,4.24593,4.01155
triangle,2.625,lqi-literal,0,9,18.9505,15,23,167,0.118851,0.119947,3.99546,0.733907,4.29405,5.3771,4.31116
triangle,2.625,lqi-literal,0,10,17.337,11,20,170,0.115563,0.120495,3.5217,0.561603,4.02704,4.89294,4.09767
triangle,2.625,lqi-literal,0,11,17.3005,21,43,147,0.116659,0.117755,4.70692,0.85207,3.76862,4.03781,3.70069
triangle,2.625,lqi-literal,0,12,16.5379,17,42,148,0.114467,0.121591,4.22001,0.78087,3.57717,4.13269,3.5911
triangle,2.625,lqi-literal,0,13,17.3561,14,38,152,0.117207,0.118303,3.84811,0.598001,3.94956,4.64588,4.07899
triangle,2.625,lqi-literal,0,14,16.9174,13,26,164,0.120495,0.117755,3.72816,0.652506,3.89657,4.3023,4.09959
triangle,2.625,lqi-literal,0,15,15.3164,12,45,145,0.118303,0.117755,3.65699,0.611506,3.33152,4.05918,3.42113
triangle,2.625,lqi-literal,0,16,16.202,13,39,151,0.115563,0.119399,3.72214,0.664893,3.69101,4.10079,3.78819
triangle,2.625,lqi-literal,0,17,16.9534,12,35,155,0.117207,0.116659,3.64055,0.550412,3.83392,4.73229,3.96232
triangle,2.625,lqi-literal,0,18,15.9891,13,42,148,0.116111,0.117755,3.76652,0.623432,3.62194,4.03605,3.70725
triangle,2.625,lqi-literal,0,19,17.4023,16,30,160,0.115015,0.117755,4.10719,0.684151,3.96402,4.42356,3.99064
triangle,2.625,lqi-literal,1,0,10.3146,4,74,116,0.0892593,0.0865193,1.5791,0.243426,2.69624,3.12044,2.49964
triangle,2.625,lqi-literal,1,1,10.2118,2,71,119,0.0881633,0.0909033,1.44785,0.22803,2.50154,3.08987,2.76544
triangle,2.625,lqi-literal,1,2,9.41932,10,82,108,0.0887113,0.0919993,1.93697,0.381171,2.40634,2.40182,2.1123
triangle,2.625,lqi-literal,1,3,10.2272,4,74,116,0.0865193,0.0881633,1.55907,0.315197,2.67138,2.81554,2.69129
triangle,2.625,lqi-literal,1,4,8.29466,5,89,101,0.0887113,0.0876153,1.63281,0.338374,1.89773,2.17771,2.07171
triangle,2.625,lqi-literal,1,5,9.84343,4,74,116,0.0881633,0.0892593,1.55797,0.262606,2.56618,2.69934,2.57991
triangle,2.625,lqi-literal,1,6,10.6311,7,76,114,0.0919993,0.0876153,1.80159,0.289828,2.60629,3.12601,2.62777
triangle,2.625,lqi-literal,1,7,10.0431,0,70,120,0.0859713,0.0887113,1.32651,0.170716,2.7221,2.93734,2.71171
triangle,2.625,lqi-literal,1,8,8.85773,10,96,94,0.0914513,0.0892593,1.94738,0.363435,1.94291,2.49031,1.93298
triangle,2.625,lqi-literal,1,9,10.3629,2,70,120,0.0887113,0.0909033,1.44337,0.191362,2.77546,2.87539,2.89774
triangle,2.625,lqi-literal,1,10,10.0065,6,82,108,0.0876153,0.0898073,1.68551,0.333011,2.35839,2.88058,2.57159
triangle,2.625,lqi-literal,1,11,10.2099,3,77,113,0.0903553,0.0865193,1.45771,0.257805,2.55879,3.11004,2.64865
triangle,2.625,lqi-literal,1,12,9.74612,2,72,118,0.0876153,0.0876153,1.44878,0.20263,2.54789,2.67685,2.69475
triangle,2.625,lqi-literal,1,13,9.86946,3,73,117,0.0887113,0.0898073,1.45535,0.22766,2.60249,2.7317,2.67374
triangle,2.625,lqi-literal,1,14,10.0009,3,74,116,0.0898073,0.0925473,1.49418,0.232884,2.72888,2.76651,2.5961
triangle,2.625,lqi-literal,1,15,10.5993,6,76,114,0.0887113,0.0865193,1.69736,0.315445,2.54071,3.16357,2.70702
triangle,2.625,lqi-literal,1,16,10.8974,7,74,116,0.0876153,0.0876153,1.75563,0.37583,2.69167,3.19432,2.70466
triangle,2.625,lqi-literal,1,17,9.68802,3,81,109,0.0909033,0.0881633,1.48487,0.224594,2.53736,2.87894,2.38318
triangle,2.625,lqi-literal,1,18,10.597,9,79,111,0.0909033,0.0848753,1.93823,0.365805,2.29052,3.29841,2.52822
triangle,2.625,lqi-literal,1,19,10.3681,6,72,118,0.0898073,0.0881633,1.67442,0.329306,2.62175,2.8884,2.67628
triangle,3,hopcount,0,0,16.848,12,59,131,0.0909033,0.0941913,2.58016,0.74856,3.9351,4.17055,5.22853
triangle,3,hopcount,0,1,22.8475,12,22,168,0.0947393,0.0914513,2.71748,0.900605,5.10313,6.31617,7.62388
triangle,3,hopcount,0,2,21.2876,10,39,151,0.0909033,0.0909033,2.46004,0.791905,4.69423,6.05264,7.10698
triangle,3,hopcount,0,3,17.5264,13,66,124,0.0930953,0.0941913,2.49558,0.900945,4.07956,4.11236,5.75066
triangle,3,hopcount,0,4,19.0095,13,46,144,0.0898073,0.0892593,2.68632,0.923882,4.35357,4.84964,6.01698
triangle,3,hopcount,0,5,20.1466,17,45,145,0.0914513,0.0952873,2.8142,0.964109,4.53942,5.17132,6.47084
triangle,3,hopcount,0,6,20.0547,10,38,152,0.0919993,0.0909033,2.38571,0.881295,4.8228,4.97367,6.80832
triangle,3,hopcount,0,7,21.68,16,43,147,0.0909033,0.0925473,2.83187,0.933198,4.89147,5.46828,7.37173
triangle,3,hopcount,0,8,20.8119,12,43,147,0.0941913,0.0919993,2.45915,0.813955,4.94754,5.48413,6.92095
triangle,3,hopcount,0,9,17.6459,13,61,129,0.0903553,0.0930953,2.63329,0.770781,3.87473,4.48358,5.70002
triangle,3,hopcount,0,10,17.6167,9,40,150,0.0914513,0.0941913,2.33456,0.6843,4.23766,4.5478,5.62669
triangle,3,hopcount,0,11,16.0331,9,46,144,0.0919993,0.0925473,2.4005,0.638594,3.82268,3.86564,5.12117
triangle,3,hopcount,0,12,19.1975,6,27,163,0.0941913,0.0898073,2.1899,0.587656,4.65668,5.30934,6.26992
triangle,3,hopcount,0,13,18.9317,8,43,147,0.0903553,0.0903553,2.19681,0.671057,4.6863,4.60846,6.58839
triangle,3,hopcount,0,14,21.1037,10,42,148,0.0914513,0.0925473,2.42036,0.841786,4.69891,5.8209,7.13776
triangle,3,hopcount,0,15,15.0117,11,71,119,0.0930953,0.0914513,2.34147,0.798272,3.65422,3.278,4.75519
triangle,3,hopcount,0,16,15.775,10,61,129,0.0941913,0.0909033,2.51531,0.69012,3.65751,3.85261,4.87439
triangle,3,hopcount,0,17,21.3282,10,38,152,0.0919993,0.0930953,2.24619,0.785198,4.84983,6.02591,7.23596
triangle,3,hopcount,0,18,16.521,15,59,131,0.0941913,0.0925473,2.5732,0.758555,3.86976,3.9725,5.16026
triangle,3,hopcount,0,19,21.4776,8,17,173,0.0941913,0.0914513,2.32233,0.690707,5.0928,6.08181,7.10428
triangle,3,hopcount,1,0,11.013,1,73,117,0.0777513,0.0782993,0.90812,0.22048,2.85473,2.9789,3.89477
triangle,3,hopcount,1,1,10.7198,0,83,107,0.0766553,0.0761073,0.934346,0.211921,2.59891,3.09358,3.7283
triangle,3,hopcount,1,2,9.14072,4,93,97,0.0799433,0.0766553,1.04072,0.27926,2.37545,2.31535,2.97334
triangle,3,hopcount,1,3,8.88959,4,93,97,0.0777513,0.0793953,1.07644,0.285458,2.18735,2.25995,2.92325
triangle,3,hopcount,1,4,9.46359,3,82,108,0.0772033,0.0782993,0.976425,0.310588,2.34482,2.43361,3.24264
triangle,3,hopcount,1,5,8.71792,1,91,99,0.0788473,0.0788473,0.996661,0.166593,2.21486,2.32511,2.857
triangle,3,hopcount,1,6,9.03479,2,91,99,0.0766553,0.0777513,0.851284,0.219554,2.32897,2.36501,3.11556
triangle,3,hopcount,1,7,10.3837,3,83,107,0.0782993,0.0782993,1.00594,0.252695,2.68954,2.69496,3.58397
triangle,3,hopcount,1,8,8.78827,2,91,99,0.0777513,0.0777513,0.881346,0.225751,2.20151,2.33207,2.9921
triangle,3,hopcount,1,9,8.95641,2,94,96,0.0788473,0.0788473,1.0777,0.232119,2.26352,2.24529,2.98008
triangle,3,hopcount,1,10,8.2776,1,90,100,0.0777513,0.0782993,0.903227,0.196616,2.0655,2.21899,2.73721
triangle,3,hopcount,1,11,9.02309,4,92,98,0.0793953,0.0772033,0.94708,0.251977,2.25004,2.37688,3.04051
triangle,3,hopcount,1,12,7.74986,3,105,85,0.0788473,0.0782993,1.00375,0.219006,1.83575,2.05517,2.47904
triangle,3,hopcount,1,13,9.38837,1,83,107,0.0782993,0.0782993,0.868611,0.191893,2.41377,2.51923,3.23826
triangle,3,hopcount,1,14,9.35627,0,81,109,0.0788473,0.0782993,0.847109,0.167141,2.44332,2.51165,3.22991
triangle,3,hopcount,1,15,9.05004,2,94,96,0.0782993,0.0782993,0.928526,0.232119,2.17516,2.492,3.06564
triangle,3,hopcount,1,16,7.93032,2,101,89,0.0793953,0.0782993,0.909216,0.201718,2.0051,2.00443,2.65217
triangle,3,hopcount,1,17,8.66641,1,89,101,0.0777513,0.0788473,0.922707,0.200622,2.13878,2.38104,2.86666
triangle,3,hopcount,1,18,9.40181,2,90,100,0.0766553,0.0772033,0.884804,0.25995,2.23356,2.72629,3.14335
triangle,3,hopcount,1,19,11.0528,0,83,107,0.0772033,0.0777513,0.843821,0.267074,2.85987,3.04216,3.8849
triangle,3,lqi,0,0,16.9895,12,59,131,0.0909033,0.0941913,2.64264,0.806453,3.9351,4.15219,5.26804
triangle,3,lqi,0,1,20.2839,9,33,157,0.0947393,0.0914513,2.44422,0.756611,4.55489,5.81652,6.52549
triangle,3,lqi,0,2,21.1434,8,34,156,0.0909033,0.0909033,2.40742,0.899509,4.87689,5.50871,7.2691
triangle,3,lqi,0,3,20.4049,12,50,140,0.0930953,0.0941913,2.54988,1.02074,4.81538,4.90984,6.92174
triangle,3,lqi,0,4,21.3727,9,27,163,0.0898073,0.0892593,2.33144,0.768249,5.22264,5.5035,7.36777
triangle,3,lqi,0,5,19.5089,15,46,144,0.0914513,0.0952873,2.92994,0.955419,4.27577,4.95448,6.20651
triangle,3,lqi,0,6,18.1793,7,42,148,0.0919993,0.0909033,2.0188,0.612068,4.29412,4.74816,6.3233
triangle,3,lqi,0,7,21.68,16,43,147,0.0909033,0.0925473,2.83187,0.933198,4.89147,5.46828,7.37173
triangle,3,lqi,0,8,25.1725,4,14,176,0.0941913,0.0919993,2.02158,0.567458,5.80927,7.65679,8.93125
triangle,3,lqi,0,9,19.5855,9,32,158,0.0903553,0.0930953,2.35147,0.627543,4.78705,4.99679,6.63916
triangle,3,lqi,0,10,21.1001,9,18,172,0.0914513,0.0941913,2.37592,0.74261,5.07354,5.45502,7.26733
triangle,3,lqi,0,11,17.7303,8,35,155,0.0919993,0.0925473,2.26571,0.621136,4.36846,4.41062,5.87981
triangle,3,lqi,0,12,17.1572,8,42,148,0.0941913,0.0898073,2.28409,0.556537,4.13865,4.28819,5.70575
triangle,3,lqi,0,13,21.3859,8,26,164,0.0903553,0.0903553,2.14744,0.694373,5.37113,5.43253,7.5597
triangle,3,lqi,0,14,18.0161,13,48,142,0.0914513,0.0925473,2.73713,0.909504,4.22964,4.35517,5.60064
triangle,3,lqi,0,15,23.9528,5,29,161,0.0941913,0.0919993,1.96437,0.767362,6.47632,5.92714,8.63141
triangle,3,lqi,0,16,20.3607,6,25,165,0.0941913,0.0909033,2.08879,0.645379,5.08018,5.21981,7.14147
triangle,3,lqi,0,17,20.9654,11,39,151,0.0919993,0.0930953,2.28481,0.77065,4.70617,5.879,7.13965
triangle,3,lqi,0,18,20.1778,8,23,167,0.0941913,0.0925473,2.05455,0.658283,4.98932,5.57167,6.71721
triangle,3,lqi,0,19,17.7841,10,41,149,0.0941913,0.0914513,2.50705,0.659758,4.0681,4.7081,5.65545
triangle,3,lqi,1,0,11.013,1,73,117,0.0777513,0.0782993,0.90812,0.22048,2.85473,2.9789,3.89477
triangle,3,lqi,1,1,10.7198,0,83,107,0.0766553,0.0761073,0.934346,0.211921,2.59891,3.09358,3.7283
triangle,3,lqi,1,2,8.68594,2,90,100,0.0799433,0.0766553,0.898634,0.236124,2.10429,2.37755,2.91274
triangle,3,lqi,1,3,10.352,3,76,114,0.0777513,0.0793953,1.04292,0.276181,2.61146,2.71161,3.55268
triangle,3,lqi,1,4,9.46359,3,82,108,0.0772033,0.0782993,0.976425,0.310588,2.34482,2.43361,3.24264
triangle,3,lqi,1,5,8.71792,1,91,99,0.0788473,0.0788473,0.996661,0.166593,2.21486,2.32511,2.857
triangle,3,lqi,1,6,9.03479,2,91,99,0.0766553,0.0777513,0.851284,0.219554,2.32897,2.36501,3.11556
triangle,3,lqi,1,7,10.3837,3,83,107,0.0782993,0.0782993,1.00594,0.252695,2.68954,2.69496,3.58397
triangle,3,lqi,1,8,11.2585,1,73,117,0.0777513,0.0777513,0.88847,0.233593,2.71663,3.29198,3.97231
triangle,3,lqi,1,9,8.95641,2,94,96,0.0788473,0.0788473,1.0777,0.232119,2.26352,2.24529,2.98008
triangle,3,lqi,1,10,9.58455,0,81,109,0.0777513,0.0782993,0.872617,0.17861,2.45714,2.59848,3.32166
triangle,3,lqi,1,11,9.02309,4,92,98,0.0793953,0.0772033,0.94708,0.251977,2.25004,2.37688,3.04051
triangle,3,lqi,1,12,8.28739,3,97,93,0.0788473,0.0782993,0.974781,0.21774,2.02724,2.24592,2.66456
triangle,3,lqi,1,13,9.38837,1,83,107,0.0782993,0.0782993,0.868611,0.191893,2.41377,2.51923,3.23826
triangle,3,lqi,1,14,9.35627,0,81,109,0.0788473,0.0782993,0.847109,0.167141,2.44332,2.51165,3.22991
triangle,3,lqi,1,15,9.45986,0,83,107,0.0782993,0.0782993,0.852928,0.190079,2.41177,2.54087,3.30762
triangle,3,lqi,1,16,7.93032,2,101,89,0.0793953,0.0782993,0.909216,0.201718,2.0051,2.00443,2.65217
triangle,3,lqi,1,17,10.7158,0,71,119,0.0777513,0.0788473,0.865702,0.201548,2.71129,2.99344,3.7872
triangle,3,lqi,1,18,10.1959,1,80,110,0.0766553,0.0772033,0.870595,0.210277,2.73196,2.68726,3.54193
triangle,3,lqi,1,19,11.0528,0,83,107,0.0772033,0.0777513,0.843821,0.267074,2.85987,3.04216,3.8849
triangle,3,leo,0,0,16.848,12,59,131,0.0909033,0.0941913,2.58016,0.74856,3.9351,4.17055,5.22853
triangle,3,leo,0,1,18.1379,12,62,128,0.0947393,0.0914513,2.73388,0.877459,3.58154,5.25771,5.50114
triangle,3,leo,0,2,21.4145,8,37,153,0.0909033,0.0909033,2.27659,0.684679,4.79938,6.19794,7.27412
triangle,3,leo,0,3,17.5344,13,66,124,0.0930953,0.0941913,2.49558,0.90495,4.07956,4.11236,5.75467
triangle,3,leo,0,4,16.7293,10,54,136,0.0898073,0.0892593,2.47045,0.761125,3.8162,4.16573,5.33668
triangle,3,leo,0,5,21.049,8,37,153,0.0914513,0.0952873,2.28464,0.649006,4.80771,5.99808,7.1228
triangle,3,leo,0,6,20.0547,10,38,152,0.0919993,0.0909033,2.38571,0.881295,4.8228,4.97367,6.80832
triangle,3,leo,0,7,21.68,16,43,147,0.0909033,0.0925473,2.83187,0.933198,4.89147,5.46828,7.37173
triangle,3,leo,0,8,22.0981,12,35,155,0.0941913,0.0919993,2.45751,0.833057,5.44971,5.71029,7.46133
triangle,3,leo,0,9,19.9749,14,43,147,0.0903553,0.0930953,2.91164,0.92734,4.56423,5.07486,6.3134
triangle,3,leo,0,10,17.6167,9,40,150,0.0914513,0.0941913,2.33456,0.6843,4.23766,4.5478,5.62669
triangle,3,leo,0,11,16.0331,9,46,144,0.0919993,0.0925473,2.4005,0.638594,3.82268,3.86564,5.12117
triangle,3,leo,0,12,19.1975,6,27,163,0.0941913,0.0898073,2.1899,0.587656,4.65668,5.30934,6.26992
triangle,3,leo,0,13,19.2714,10,41,149,0.0903553,0.0903553,2.30247,0.702932,4.6701,4.74992,6.66521
triangle,3,leo,0,14,21.2647,13,45,145,0.0914513,0.0925473,2.6714,0.875306,4.60878,5.76869,7.15653
triangle,3,leo,0,15,19.5225,17,51,139,0.0930953,0.0914513,3.06199,1.12724,4.27686,4.95029,5.9216
triangle,3,leo,0,16,16.0115,9,60,130,0.0941913,0.0909033,2.42529,0.681939,3.75173,3.89949,5.06797
triangle,3,leo,0,17,22.286,14,33,157,0.0919993,0.0930953,2.54731,0.878254,5.05406,6.12789,7.49338
triangle,3,leo,0,18,18.9637,14,45,145,0.0941913,0.0925473,2.67085,0.861227,4.43212,4.76912,6.04362
triangle,3,leo,0,19,21.2205,8,17,173,0.0941913,0.0914513,2.32233,0.680334,5.08785,5.81068,7.13363
triangle,3,leo,1,0,11.013,1,73,117,0.0777513,0.0782993,0.90812,0.22048,2.85473,2.9789,3.89477
triangle,3,leo,1,1,10.7198,0,83,107,0.0766553,0.0761073,0.934346,0.211921,2.59891,3.09358,3.7283
triangle,3,leo,1,2,9.14072,4,93,97,0.0799433,0.0766553,1.04072,0.27926,2.37545,2.31535,2.97334
triangle,3,leo,1,3,8.88959,4,93,97,0.0777513,0.0793953,1.07644,0.285458,2.18735,2.25995,2.92325
triangle,3,leo,1,4,9.46359,3,82,108,0.0772033,0.0782993,0.976425,0.310588,2.34482,2.43361,3.24264
triangle,3,leo,1,5,8.71792,1,91,99,0.0788473,0.0788473,0.996661,0.166593,2.21486,2.32511,2.857
triangle,3,leo,1,6,9.03479,2,91,99,0.0766553,0.0777513,0.851284,0.219554,2.32897,2.36501,3.11556
triangle,3,leo,1,7,10.3837,3,83,107,0.0782993,0.0782993,1.00594,0.252695,2.68954,2.69496,3.58397
triangle,3,leo,1,8,8.78827,2,91,99,0.0777513,0.0777513,0.881346,0.225751,2.20151,2.33207,2.9921
triangle,3,leo,1,9,8.95641,2,94,96,0.0788473,0.0788473,1.0777,0.232119,2.26352,2.24529,2.98008
triangle,3,leo,1,10,8.2776,1,90,100,0.0777513,0.0782993,0.903227,0.196616,2.0655,2.21899,2.73721
triangle,3,leo,1,11,9.02309,4,92,98,0.0793953,0.0772033,0.94708,0.251977,2.25004,2.37688,3.04051
triangle,3,leo,1,12,7.71725,4,104,86,0.0788473,0.0782993,0.983888,0.224107,1.93054,2.01846,2.4031
triangle,3,leo,1,13,9.38837,1,83,107,0.0782993,0.0782993,0.868611,0.191893,2.41377,2.51923,3.23826
triangle,3,leo,1,14,9.35627,0,81,109,0.0788473,0.0782993,0.847109,0.167141,2.44332,2.51165,3.22991
triangle,3,leo,1,15,9.05004,2,94,96,0.0782993,0.0782993,0.928526,0.232119,2.17516,2.492,3.06564
triangle,3,leo,1,16,7.93032,2,101,89,0.0793953,0.0782993,0.909216,0.201718,2.0051,2.00443,2.65217
triangle,3,leo,1,17,8.66641,1,89,101,0.0777513,0.0788473,0.922707,0.200622,2.13878,2.38104,2.86666
triangle,3,leo,1,18,9.40181,2,90,100,0.0766553,0.0772033,0.884804,0.25995,2.23356,2.72629,3.14335
triangle,3,leo,1,19,11.0528,0,83,107,0.0772033,0.0777513,0.843821,0.267074,2.85987,3.04216,3.8849
triangle,3,lqi-literal,0,0,16.848,12,59,131,0.0909033,0.0941913,2.58016,0.74856,3.9351,4.17055,5.22853
triangle,3,lqi-literal,0,1,22.8475,12,22,168,0.0947393,0.0914513,2.71748,0.900605,5.10313,6.31617,7.62388
triangle,3,lqi-literal,0,2,21.2876,10,39,151,0.0909033,0.0909033,2.46004,0.791905,4.69423,6.05264,7.10698
triangle,3,lqi-literal,0,3,17.5264,13,66,124,0.0930953,0.0941913,2.49558,0.900945,4.07956,4.11236,5.75066
triangle,3,lqi-literal,0,4,19.0095,13,46,144,0.0898073,0.0892593,2.68632,0.923882,4.35357,4.84964,6.01698
triangle,3,lqi-literal,0,5,20.1466,17,45,145,0.0914513,0.0952873,2.8142,0.964109,4.53942,5.17132,6.47084
triangle,3,lqi-literal,0,6,20.0547,10,38,152,0.0919993,0.0909033,2.38571,0.881295,4.8228,4.97367,6.80832
triangle,3,lqi-literal,0,7,21.68,16,43,147,0.0909033,0.0925473,2.83187,0.933198,4.89147,5.46828,7.37173
triangle,3,lqi-literal,0,8,20.8119,12,43,147,0.0941913,0.0919993,2.45915,0.813955,4.94754,5.48413,6.92095
triangle,3,lqi-literal,0,9,17.6459,13,61,129,0.0903553,0.0930953,2.63329,0.770781,3.87473,4.48358,5.70002
triangle,3,lqi-literal,0,10,17.6167,9,40,150,0.0914513,0.0941913,2.33456,0.6843,4.23766,4.5478,5.62669
triangle,3,lqi-literal,0,11,16.0331,9,46,144,0.0919993,0.0925473,2.4005,0.638594,3.82268,3.86564,5.12117
triangle,3,lqi-literal,0,12,19.1975,6,27,163,0.0941913,0.0898073,2.1899,0.587656,4.65668,5.30934,6.26992
triangle,3,lqi-literal,0,13,18.9317,8,43,147,0.0903553,0.0903553,2.19681,0.671057,4.6863,4.60846,6.58839
triangle,3,lqi-literal,0,14,21.1037,10,42,148,0.0914513,0.0925473,2.42036,0.841786,4.69891,5.8209,7.13776
triangle,3,lqi-literal,0,15,15.0117,11,71,119,0.0930953,0.0914513,2.34147,0.798272,3.65422,3.278,4.75519
triangle,3,lqi-literal,0,16,15.775,10,61,129,0.0941913,0.0909033,2.51531,0.69012,3.65751,3.85261,4.87439
triangle,3,lqi-literal,0,17,21.3282,10,38,152,0.0919993,0.0930953,2.24619,0.785198,4.84983,6.02591,7.23596
triangle,3,lqi-literal,0,18,16.521,15,59,131,0.0941913,0.0925473,2.5732,0.758555,3.86976,3.9725,5.16026
triangle,3,lqi-literal,0,19,21.4776,8,17,173,0.0941913,0.0914513,2.32233,0.690707,5.0928,6.08181,7.10428
triangle,3,lqi-literal,1,0,11.013,1,73,117,0.0777513,0.0782993,0.90812,0.22048,2.85473,2.9789,3.89477
triangle,3,lqi-literal,1,1,10.7198,0,83,107,0.0766553,0.0761073,0.934346,0.211921,2.59891,3.09358,3.7283
triangle,3,lqi-literal,1,2,9.14072,4,93,97,0.0799433,0.0766553,1.04072,0.27926,2.37545,2.31535,2.97334
triangle,3,lqi-literal,1,3,8.88959,4,93,97,0.0777513,0.0793953,1.07644,0.285458,2.18735,2.25995,2.92325
triangle,3,lqi-literal,1,4,9.46359,3,82,108,0.0772033,0.0782993,0.976425,0.310588,2.34482,2.43361,3.24264
triangle,3,lqi-literal,1,5,8.71792,1,91,99,0.0788473,0.0788473,0.996661,0.166593,2.21486,2.32511,2.857
triangle,3,lqi-literal,1,6,9.03479,2,91,99,0.0766553,0.0777513,0.851284,0.219554,2.32897,2.36501,3.11556
triangle,3,lqi-literal,1,7,10.3837,3,83,107,0.0782993,0.0782993,1.00594,0.252695,2.68954,2.69496,3.58397
triangle,3,lqi-literal,1,8,8.78827,2,91,99,0.0777513,0.0777513,0.881346,0.225751,2.20151,2.33207,2.9921
triangle,3,lqi-literal,1,9,8.95641,2,94,96,0.0788473,0.0788473,1.0777,0.232119,2.26352,2.24529,2.98008
triangle,3,lqi-literal,1,10,8.2776,1,90,100,0.0777513,0.0782993,0.903227,0.196616,2.0655,2.21899,2.73721
triangle,3,lqi-literal,1,11,9.02309,4,92,98,0.0793953,0.0772033,0.94708,0.251977,2.25004,2.37688,3.04051
triangle,3,lqi-literal,1,12,7.74986,3,105,85,0.0788473,0.0782993,1.00375,0.219006,1.83575,2.05517,2.47904
triangle,3,lqi-literal,1,13,9.38837,1,83,107,0.0782993,0.0782993,0.868611,0.191893,2.41377,2.51923,3.23826
triangle,3,lqi-literal,1,14,9.35627,0,81,109,0.0788473,0.0782993,0.847109,0.167141,2.44332,2.51165,3.22991
triangle,3,lqi-literal,1,15,9.05004,2,94,96,0.0782993,0.0782993,0.928526,0.232119,2.17516,2.492,3.06564
triangle,3,lqi-literal,1,16,7.93032,2,101,89,0.0793953,0.0782993,0.909216,0.201718,2.0051,2.00443,2.65217
triangle,3,lqi-literal,1,17,8.66641,1,89,101,0.0777513,0.0788473,0.922707,0.200622,2.13878,2.38104,2.86666
triangle,3,lqi-literal,1,18,9.40181,2,90,100,0.0766553,0.0772033,0.884804,0.25995,2.23356,2.72629,3.14335
triangle,3,lqi-literal,1,19,11.0528,0,83,107,0.0772033,0.0777513,0.843821,0.267074,2.85987,3.04216,3.8849
